id,name,age,address,cell phone,hobby
1,한춘자,70,경기도 평택시 287-5,010-9282-3412,캘리그라피
2,최연희,79,강원도 태백시 73-23,010-1776-6430,독서
3,오채원,23,경상북도 포항시 737-72,010-3580-9254,스트리트 댄스
4,송정호,41,제주시 아라동 381-4,010-4222-4850,스트리밍
5,박숙자,23,경상북도 경주시 265-24,010-6921-5676,모바일 촬영
6,황하람,74,경상남도 양산시 438-16,010-8596-5782,콜라주 아트
7,장수빈,66,제주시 이도이동 19-76,010-5707-9966,콜라주 아트
8,송만수,33,경상남도 창원시 602-90,010-2328-5958,카페 투어
9,정영수,54,경기도 오산시 92-65,010-5067-4775,디지털 일러스트
10,박정숙,57,경기도 평택시 767-75,010-7052-3327,집콕 놀이
11,이명숙,48,서울특별시 성동구 915-88,010-5265-7569,디지털 일러스트
12,윤하진,65,경기도 안산시 단원구 740-66,010-3934-5114,마인드맵 만들기
13,전하윤,63,서울특별시 관악구 807-58,010-8418-5971,미술관 관람
14,신미영,62,울산광역시 동구 193-28,010-8216-8969,요가
15,한지우,47,서울특별시 동대문구 774-38,010-7713-7529,게임
16,임도윤,35,전라남도 순천시 708-2,010-4967-6056,코딩
17,조영희,75,인천광역시 중구 359-38,010-7669-9525,펜팔
18,박말순,53,경상북도 구미시 277-18,010-8984-6092,요가
19,신정순,65,대전광역시 유성구 247-19,010-4794-2042,독서
20,안지한,74,경상남도 사천시 298-95,010-9176-8494,사진편집
21,정윤호,74,강원도 홍천군 308-47,010-8175-1713,DIY
22,한명자,66,서울특별시 마포구 582-75,010-5234-2254,낚시
23,정현철,64,광주광역시 광산구 36-4,010-9961-1430,배우기
24,서민준,54,부산광역시 연제구 203-45,010-9937-9990,자원봉사
25,윤숙자,71,인천광역시 미추홀구 438-7,010-1672-3372,드로잉
26,오성호,40,서울특별시 성동구 275-44,010-5965-2650,게임
27,강종수,29,인천광역시 남동구 23-52,010-3290-3454,캠핑
28,박정순,30,인천광역시 남동구 948-54,010-3425-6114,디지털 일러스트
29,안시우,61,경기도 안산시 상록구 948-67,010-5355-4999,수채화 그리기
30,홍정자,76,경기도 시흥시 765-1,010-9158-3537,사진편집
31,한창수,24,충청남도 천안시 920-20,010-6040-8630,자전거 타기
32,신종순,59,광주광역시 남구 908-13,010-2746-7259,웹서핑
33,권명숙,72,경상남도 밀양시 781-95,010-5329-2261,사진촬영
34,안진숙,21,인천광역시 동구 624-23,010-1202-3820,테니스
35,임영희,36,부산광역시 수영구 753-71,010-3163-2745,카페 투어
36,권하윤,54,대구광역시 동구 267-52,010-2870-8594,드로잉
37,서윤호,73,충청북도 진천군 399-6,010-7885-8263,디지털 콘텐츠 제작
38,최도윤,58,부산광역시 부산진구 792-40,010-7109-4593,자원봉사
39,조재영,61,강원도 삼척시 908-24,010-8467-4503,배우기
40,황순영,54,충청남도 논산시 737-20,010-9956-3075,웹툰 그리기
41,이철수,34,부산광역시 수영구 935-4,010-5392-7663,요리
42,송순영,37,서울특별시 강동구 109-34,010-4089-2948,여행
43,송종수,33,강원도 강릉시 79-13,010-7828-8099,배드민턴
44,박다은,35,충청남도 천안시 56-79,010-1365-2821,도예
45,박말순,25,서울특별시 도봉구 856-33,010-6255-3810,게임 방송
46,장연희,35,대구광역시 수성구 986-19,010-7057-6586,운동
47,황말순,43,인천광역시 서구 409-2,010-4058-8225,플라워 아트
48,오주영,65,충청남도 천안시 295-58,010-7747-2574,스트리트 댄스
49,황건우,34,경기도 고양시 일산동구 834-20,010-2650-6803,디지털 아트
50,장순영,40,강원도 삼척시 458-48,010-6616-1929,영화감상
51,서성자,44,서울특별시 종로구 790-28,010-4286-6494,피크닉
52,안우진,29,광주광역시 동구 199-82,010-5307-6750,스트리트 댄스
53,조지후,47,경상북도 포항시 986-67,010-7952-5821,헬로윈 파티 준비
54,한다빈,24,광주광역시 동구 218-12,010-5780-3139,펜팔
55,홍채원,60,서울특별시 양천구 821-32,010-1560-1041,미술관 관람
56,오선자,53,인천광역시 계양구 783-89,010-4665-6281,음악감상
57,오예린,79,인천광역시 미추홀구 384-34,010-8257-4216,디지털 일러스트
58,이말옥,38,충청북도 충주시 480-43,010-8401-7860,마인드맵 만들기
59,이연희,49,인천광역시 서구 344-18,010-8878-8290,모바일 촬영
60,송철수,79,서울특별시 양천구 817-76,010-2243-8066,코딩
61,김나윤,35,전라남도 나주시는 563-24,010-1450-8608,자원봉사
62,강유하,64,강원도 태백시 486-17,010-8666-3505,패션
63,황만수,22,경기도 고양시 덕양구 110-28,010-5613-5777,배드민턴
64,임미영,68,전라남도 광양시 607-75,010-4074-9669,VR 게임
65,김기영,61,경기도 안양시 동안구 760-32,010-5615-8937,캠핑
66,김은채,23,울산광역시 남구 483-52,010-9593-8187,플라워 아트
67,장진숙,23,경상남도 통영시 273-69,010-7295-3594,스트리트 댄스
68,최민준,29,강원도 삼척시 921-95,010-3254-3413,보드게임
69,오은우,37,충청남도 아산시 10-61,010-2069-2046,게임 방송
70,신시우,56,대구광역시 중구 393-83,010-1483-6522,보드게임
71,김수아,67,경상남도 양산시 659-59,010-5645-7526,VR 게임
72,전순자,54,부산광역시 금정구 469-48,010-7632-2886,미술관 관람
73,박준호,21,경기도 안산시 단원구 996-76,010-2438-6170,콜라주 아트
74,윤서아,43,부산광역시 영도구 407-58,010-9493-2550,사진촬영
75,조유하,66,부산광역시 수영구 508-64,010-8517-5340,독서
76,장영희,25,강원도 속초시 362-78,010-2437-4316,플로리스트
77,김형민,32,경상남도 통영시 39-96,010-2922-7487,여행
78,박하율,23,광주광역시 북구 924-69,010-5378-8211,코딩
79,한복희,28,제주시 이도이동 47-58,010-8790-7889,드로잉
80,서시윤,33,대전광역시 대덕구 780-16,010-1401-2973,낚시
81,안순자,79,전라남도 나주시는 471-77,010-9131-6679,웹툰 그리기
82,임시헌,34,부천시 상동 256-23,010-6248-4124,플로리스트
83,이춘식,54,대구광역시 중구 388-92,010-8482-2316,음악감상
84,안옥희,55,서울특별시 도봉구 284-91,010-6953-7532,헬로윈 파티 준비
85,윤민수,66,서울특별시 중구 395-25,010-8433-5617,로봇 공학
86,정하윤,23,울산광역시 중구 530-33,010-1449-1227,비즈 공예
87,이우진,35,전라남도 광양시 906-20,010-4909-4623,헬로윈 파티 준비
88,장민준,76,서울특별시 영등포구 761-2,010-9276-7783,등산
89,김경수,28,광주광역시 광산구 502-50,010-3966-7950,VR 게임
90,송영일,29,울산광역시 남구 217-45,010-1135-7654,게임 방송
91,김진숙,65,전라남도 순천시 783-36,010-4685-6506,생활 해킹
92,홍상민,29,서울특별시 성북구 84-94,010-4004-5930,캔들 만들기
93,한수빈,41,경상북도 포항시 493-24,010-8244-9395,스키
94,이하은,70,부산광역시 금정구 496-73,010-1786-5413,영화감상
95,장순영,78,강원도 평창군 94-92,010-7697-1464,캘리그라피
96,임복희,31,경상남도 거제시 645-34,010-3064-6156,수영
97,전경수,76,경상남도 거제시 236-58,010-9660-3535,수영
98,김서준,44,김해시 장유동 896-70,010-7838-2219,여행
99,송춘희,65,인천광역시 계양구 503-54,010-2638-5999,캔들 만들기
100,서영희,43,부산광역시 영도구 656-40,010-4837-5569,코딩
101,전태현,33,경기도 안산시 단원구 760-37,010-3457-1496,사진촬영
102,김명자,74,강원도 원주시 829-0,010-5311-7378,퍼즐 맞추기
103,박주영,45,경기도 광주시 951-42,010-2734-6812,필라테스
104,황복희,57,경상남도 진주시 379-53,010-4029-3728,퍼즐 맞추기
105,신말순,45,서울특별시 강동구 840-49,010-3742-7811,디지털 일러스트
106,최숙자,62,서울특별시 노원구 444-30,010-8831-1459,독서
107,신정희,36,대구광역시 달서구 15-43,010-6595-8996,디지털 일러스트
108,김지호,55,경상남도 거제시 152-8,010-5847-7632,패션
109,서민서,64,충청북도 진천군 475-48,010-8132-2522,수영
110,안창수,78,성남시 분당구 정자동 829-38,010-1779-8237,등산
111,이형민,75,울산광역시 북구 877-19,010-1412-9969,봉사활동
112,이태수,33,전라북도 익산시 428-77,010-6929-7838,등산
113,김도윤,45,대구광역시 중구 193-70,010-9087-1506,코딩
114,윤현우,69,경기도 화성시 381-16,010-1250-6604,독서
115,장수아,30,경기도 용인시 처인구 458-0,010-2134-7444,비즈 공예
116,송지후,63,경상북도 김천시 629-80,010-8002-7136,도예
117,신형민,24,서울특별시 마포구 110-54,010-2018-5093,비즈 공예
118,강로운,55,대구광역시 달서구 571-81,010-9199-6685,플로리스트
119,신재호,62,세종특별자치시 한솔동 185-5,010-5478-9950,스트리트 댄스
120,윤도윤,30,세종특별자치시 조치원읍 279-90,010-4828-4288,디지털 사진 전시
121,윤세호,73,강원도 태백시 869-82,010-6713-8260,코딩
122,한유진,79,서울특별시 동작구 130-95,010-8992-5216,마인드맵 만들기
123,한승호,50,서울특별시 성북구 566-56,010-4445-5461,책 클럽
124,윤지민,30,부산광역시 동구 5-55,010-5977-5690,집콕 놀이
125,권은우,64,대전광역시 대덕구 371-5,010-5783-5943,집콕 놀이
126,황시윤,75,경기도 수원시 장안구 881-70,010-3638-1631,캘리그라피
127,오순영,70,전라남도 순천시 875-46,010-2923-7524,애니메이션 제작
128,장승호,36,충청남도 논산시 847-73,010-3716-5144,보드게임
129,오병호,77,대전광역시 중구 241-45,010-4968-1505,배우기
130,신경자,61,경기도 고양시 일산동구 841-71,010-2478-9781,펜팔
131,오재호,65,대구광역시 남구 74-11,010-8032-5939,자전거 타기
132,강종순,23,대전광역시 유성구 711-97,010-4931-1087,봉사활동
133,조영일,64,서울특별시 중구 339-50,010-6633-9823,헬로윈 파티 준비
134,최예린,54,대구광역시 달서구 618-19,010-4761-4689,사진편집
135,오로운,23,강원도 평창군 497-79,010-1184-4367,등산
136,권하윤,36,전라남도 나주시는 170-72,010-7282-1618,VR 게임
137,한정숙,72,충청남도 아산시 857-8,010-1590-3984,수영
138,정수아,32,서울특별시 종로구 725-63,010-5721-9948,골프
139,서연희,50,서울특별시 마포구 435-47,010-1431-8620,애니메이션 제작
140,권춘자,50,경상남도 창녕군 249-22,010-2370-6167,스크래치 프로그램 만들기
141,전나윤,24,부산광역시 강서구 909-65,010-8963-2403,스크래치 프로그램 만들기
142,장상호,55,경상북도 안동시 447-66,010-1596-2079,운동
143,송주아,76,경상북도 경주시 916-40,010-1685-3306,플로리스트
144,임만수,51,세종특별자치시 한솔동 221-10,010-5563-2503,시뮬레이션 게임
145,안준서,78,전라북도 전주시 945-79,010-5246-2828,책 클럽
146,서재영,71,경기도 시흥시 72-39,010-2340-3402,자전거 타기
147,서다은,32,서울특별시 구로구 44-34,010-8633-1661,자전거 타기
148,박지호,65,부산광역시 서구 635-19,010-6655-1155,필라테스
149,최유진,50,강원도 강릉시 732-57,010-6707-3440,음악감상
150,임성민,43,강원도 홍천군 719-80,010-9567-9474,플라워 아트
151,임춘식,56,세종특별자치시 도담동 780-64,010-7763-2728,웹서핑
152,홍예린,56,제주시 아라동 4-21,010-2768-3108,수채화 그리기
153,오하은,33,광주광역시 동구 191-77,010-1857-3955,수채화 그리기
154,권영일,70,전라북도 전주시 587-79,010-4683-9602,사진촬영
155,정진호,24,충청북도 진천군 740-24,010-4694-4595,여행
156,강준서,52,서울특별시 강서구 364-20,010-4676-3626,스트리트 댄스
157,신예준,49,강원도 양양군 854-75,010-3644-8646,마인드맵 만들기
158,장예준,79,부산광역시 해운대구 450-91,010-6542-6084,자전거 타기
159,한희정,25,부천시 원미구 중동 482-67,010-6716-3876,사진편집
160,최태현,49,강원도 원주시 560-37,010-1191-8809,콜라주 아트
161,김하람,63,경상남도 통영시 836-83,010-9492-5413,콜라주 아트
162,신찬우,22,대구광역시 북구 819-84,010-2644-3376,캘리그라피
163,김정희,52,부산광역시 금정구 839-23,010-6422-3699,헬스
164,이수빈,73,경상북도 안동시 252-93,010-5856-3432,코딩
165,이복자,62,경기도 안산시 단원구 861-94,010-2245-4201,배드민턴
166,정유진,41,부산광역시 연제구 801-57,010-2433-2078,웹툰 그리기
167,윤은숙,20,서울특별시 중구 29-24,010-2771-5594,모바일 촬영
168,강예린,50,서울특별시 서초구 475-3,010-1223-6858,벽화 그리기
169,오춘희,76,충청남도 논산시 67-65,010-3951-9211,스트리트 댄스
170,안정숙,23,대전광역시 유성구 483-9,010-2433-5624,유튜브 보기
171,오하람,57,경기도 광명시 432-69,010-6568-4539,요리
172,오현철,49,전라남도 광양시 797-84,010-5095-4850,도예
173,윤우진,42,경기도 의정부시 711-92,010-6560-3585,명상
174,최민준,40,전라북도 전주시 451-78,010-1436-7410,펜팔
175,조영일,42,경기도 안양시 만안구 804-26,010-9160-8971,도예
176,신예은,47,경기도 광명시 872-37,010-8928-5986,테니스
177,윤로운,25,경상남도 양산시 105-7,010-6320-1005,일기 쓰기
178,한서진,44,제주시 아라동 492-38,010-8055-2725,스트리트 댄스
179,윤찬우,74,서울특별시 용산구 12-75,010-9012-8991,책 클럽
180,김윤서,77,성남시 분당구 정자동 630-85,010-8655-4315,미술관 관람
181,권하람,46,세종특별자치시 조치원읍 487-14,010-9564-3355,사진편집
182,전혜숙,73,경상남도 진주시 678-41,010-8521-7041,게임
183,윤은숙,46,광주광역시 남구 38-27,010-5053-8052,자원봉사
184,임말옥,21,서울특별시 금천구 526-20,010-1777-6699,여행
185,김지민,54,경기도 오산시 197-10,010-7742-4730,시뮬레이션 게임
186,서지호,23,경상북도 경주시 884-13,010-2042-2275,일기 쓰기
187,전하람,34,서울특별시 영등포구 982-80,010-6449-1893,명상
188,오옥희,27,서울특별시 용산구 69-54,010-3460-6851,수영
189,한나윤,50,충청남도 공주시 26-20,010-9308-5094,도예
190,김현서,34,대전광역시 대덕구 739-5,010-3089-3494,헬로윈 파티 준비
191,윤정호,69,경상남도 양산시 367-84,010-5988-2672,봉사활동
192,전준서,32,서울특별시 영등포구 459-27,010-2343-1543,일기 쓰기
193,서광호,68,대구광역시 달서구 707-85,010-2166-4948,수영
194,권말순,55,제주시 오라동 654-72,010-1350-5685,유튜브 보기
195,한다온,74,부산광역시 수영구 83-69,010-3928-1345,자원봉사
196,정하윤,54,충청북도 진천군 165-59,010-2013-8058,웹툰 그리기
197,서민준,43,서울특별시 서대문구 263-32,010-6541-3847,카페 투어
198,박광호,70,강원도 태백시 744-19,010-4431-2353,모바일 촬영
199,한순영,72,제주시 오라동 105-79,010-4527-7050,보드게임
200,황주아,40,대전광역시 동구 446-98,010-9077-4362,낚시
201,전하진,36,강원도 원주시 109-49,010-1010-7826,벽화 그리기
202,강민수,20,인천광역시 중구 273-48,010-6360-4039,모바일 촬영
203,박소율,60,서울특별시 강서구 293-1,010-5422-7857,펜팔
204,홍희정,29,부산광역시 영도구 667-67,010-7652-9745,영화감상
205,권지호,69,충청남도 논산시 478-49,010-6436-8566,시뮬레이션 게임
206,전나윤,31,서울특별시 강북구 38-85,010-2109-3694,스키
207,홍옥희,46,서울특별시 동작구 405-24,010-6413-6428,디지털 사진 전시
208,안현철,23,인천광역시 중구 418-40,010-4343-1517,낚시
209,박예린,34,경기도 성남시 분당구 66-76,010-9701-6285,사진촬영
210,오유하,78,대전광역시 동구 128-94,010-9123-5726,사진촬영
211,홍태윤,25,서울특별시 동작구 855-2,010-7478-3074,스트리트 댄스
212,황순자,28,서울특별시 마포구 267-68,010-6058-3642,영화 제작
213,신현우,50,경기도 수원시 장안구 826-71,010-7789-2038,스키
214,홍서준,31,경기도 성남시 분당구 677-56,010-3300-9395,등산
215,김유하,59,용인시 수지구 풍덕천동 728-66,010-1356-5483,명상
216,이춘희,49,서울특별시 양천구 566-73,010-7157-5501,테니스
217,홍소율,35,부산광역시 중구 240-66,010-1160-1635,수영
218,김철수,50,울산광역시 울주군 438-46,010-5251-5875,패션
219,서다온,57,서울특별시 금천구 590-65,010-7597-6114,테니스
220,홍종수,69,경상남도 진주시 353-38,010-1001-8843,캠핑
221,신경수,69,부산광역시 북구 590-92,010-2549-7616,벽화 그리기
222,최말순,48,서울특별시 송파구 805-60,010-1608-1533,플라워 아트
223,안예준,46,서울특별시 구로구 207-70,010-3442-1456,웹툰 그리기
224,정동수,48,경기도 파주시 143-10,010-1958-7186,봉사활동
225,오명숙,27,경상남도 사천시 365-89,010-4608-1382,로봇 공학
226,한세아,79,경상남도 통영시 295-32,010-5734-3492,비즈 공예
227,박민수,38,경기도 성남시 수정구 308-27,010-9309-7788,음악감상
228,서광호,37,강원도 원주시 867-39,010-1113-5791,필라테스
229,송성민,79,서울특별시 용산구 908-96,010-4137-8409,유튜브 보기
230,신옥희,64,서울특별시 강동구 736-86,010-2362-2187,퍼즐 맞추기
231,홍경자,37,경상남도 밀양시 909-90,010-4507-1529,캘리그라피
232,오형민,49,경기도 안양시 만안구 165-76,010-2763-8097,플로리스트
233,강찬우,55,부산광역시 중구 647-15,010-6933-9822,일기 쓰기
234,전미영,66,전라북도 군산시 377-4,010-3013-5387,펜팔
235,조동수,68,대전광역시 중구 128-32,010-7123-9527,마인드맵 만들기
236,신채원,73,부산광역시 강서구 255-54,010-5451-4981,영화감상
237,김세호,66,전라남도 목포시 25-26,010-7629-6040,애니메이션 제작
238,황다온,41,부산광역시 동래구 730-81,010-4693-1650,모바일 촬영
239,이재호,55,인천광역시 부평구 810-34,010-7278-4838,디지털 사진 전시
240,오상호,45,경기도 수원시 장안구 20-64,010-3056-5314,수영
241,장창수,77,충청남도 공주시 454-34,010-7229-1267,캔들 만들기
242,조영호,28,인천광역시 연수구 792-22,010-2088-5357,헬스
243,신서준,36,경기도 고양시 덕양구 94-89,010-5112-4327,배드민턴
244,한기석,37,강원도 동해시 319-63,010-1697-5990,디지털 사진 전시
245,서복희,64,대구광역시 중구 627-49,010-1111-9889,코딩
246,조수빈,58,부산광역시 강서구 468-2,010-1113-3799,수채화 그리기
247,정은숙,28,서울특별시 서대문구 449-6,010-3543-7508,여행
248,박세아,60,강원도 원주시 165-26,010-5679-1706,피크닉
249,박경자,71,강원도 평창군 700-65,010-4119-5604,요가
250,전다빈,31,부산광역시 남구 195-66,010-5615-1379,생활 해킹
251,박서준,72,제주시 노형동 288-18,010-2899-2634,시뮬레이션 게임
252,박하진,52,경상남도 밀양시 174-58,010-3516-8147,책 클럽
253,홍지민,36,강원도 춘천시 282-19,010-4209-5044,시뮬레이션 게임
254,송선자,36,경기도 성남시 분당구 35-97,010-2395-1736,로봇 공학
255,임병호,42,경기도 오산시 304-46,010-8574-3005,도예
256,박준서,26,경기도 파주시 134-7,010-6516-4794,드로잉
257,임영희,44,서울특별시 강북구 345-50,010-2648-6179,헬스
258,홍서준,76,대전광역시 서구 818-93,010-4282-6756,로봇 공학
259,서은채,53,인천광역시 계양구 47-67,010-9502-3484,게임
260,신말옥,30,인천광역시 미추홀구 496-83,010-6180-9821,헬로윈 파티 준비
261,신준서,46,경기도 수원시 장안구 388-94,010-9178-2343,마인드맵 만들기
262,이다빈,70,대구광역시 달성군 795-34,010-9339-3204,도예
263,윤경수,76,서울특별시 노원구 651-55,010-1791-8982,디지털 사진 전시
264,윤명자,61,경상남도 통영시 835-12,010-5129-9174,책 클럽
265,정남수,51,강원도 춘천시 579-36,010-6570-9079,수영
266,서영호,67,대구광역시 수성구 603-24,010-1722-6730,게임
267,정기석,41,서울특별시 종로구 76-45,010-9365-8044,애니메이션 제작
268,한영자,57,충청북도 청주시 281-36,010-6516-9284,봉사활동
269,안채원,63,서울특별시 중구 601-82,010-7085-2976,퍼즐 맞추기
270,안지민,58,인천광역시 연수구 773-46,010-2237-9790,마인드맵 만들기
271,안서아,38,서울특별시 용산구 333-97,010-5377-4519,비즈 공예
272,임다빈,40,경기도 수원시 장안구 763-10,010-7475-7504,펜팔
273,송은우,22,경기도 안산시 상록구 716-48,010-2496-6440,모바일 게임 개발
274,홍재훈,29,울산광역시 중구 424-67,010-3381-8049,마인드맵 만들기
275,송기석,45,서울특별시 중구 471-9,010-5634-4709,웹툰 그리기
276,전서연,69,서울특별시 양천구 691-79,010-5251-4585,도예
277,안진호,26,전라남도 광양시 788-43,010-2624-1579,웹서핑
278,이성민,74,서울특별시 양천구 129-44,010-6209-2310,피크닉
279,윤태윤,41,서울특별시 구로구 621-11,010-8671-5543,디지털 콘텐츠 제작
280,서우진,27,부산광역시 사하구 490-82,010-8036-4882,스트리트 댄스
281,김종수,68,경기도 수원시 팔달구 981-40,010-2843-6390,스포츠 카드 수집
282,권영일,49,부천시 상동 821-92,010-5326-7707,비즈 공예
283,김춘식,64,서울특별시 도봉구 826-68,010-7059-6302,스트리밍
284,오복자,59,경상북도 김천시 815-9,010-6764-5140,요가
285,오철수,49,서울특별시 중랑구 859-95,010-6030-7714,여행
286,박준서,28,울산광역시 동구 935-37,010-2786-4824,카페 투어
287,안유진,26,경기도 성남시 수정구 388-77,010-8138-7718,생활 해킹
288,윤태수,65,경기도 광명시 81-98,010-2120-3871,유튜브 보기
289,오나윤,60,부산광역시 남구 207-45,010-9336-7083,드로잉
290,서하윤,72,강원도 춘천시 224-26,010-8603-6846,디지털 사진 전시
291,김준서,42,인천광역시 부평구 454-62,010-6314-9898,생활 해킹
292,전태현,54,부산광역시 강서구 717-54,010-7247-5638,생활 해킹
293,권정숙,53,전라북도 군산시 512-5,010-4174-7072,시뮬레이션 게임
294,박소율,62,경기도 용인시 기흥구 860-13,010-6674-1587,플라워 아트
295,박지율,56,경기도 성남시 수정구 964-11,010-5484-7753,수채화 그리기
296,전지호,36,강원도 양양군 988-37,010-5720-4691,헬로윈 파티 준비
297,홍성자,79,경상남도 창원시 817-10,010-2984-5292,피크닉
298,장시헌,45,경기도 성남시 수정구 280-0,010-4005-7076,카페 투어
299,권영일,54,서울특별시 서초구 498-22,010-2788-9448,음악감상
300,신경수,41,전라북도 전주시 789-14,010-9110-1447,자전거 타기
301,한명자,69,서울특별시 동대문구 74-53,010-4274-1541,스트리트 댄스
302,윤민준,58,대구광역시 달서구 542-43,010-6061-4883,콜라주 아트
303,서정호,75,부산광역시 연제구 714-7,010-4358-8490,보드게임
304,홍세호,41,경상남도 김해시 658-40,010-7241-9966,비즈 공예
305,신영자,25,경상남도 통영시 923-7,010-5774-5644,영화감상
306,김현우,38,서울특별시 강서구 285-17,010-1788-2338,독서
307,황윤호,20,서울특별시 노원구 154-27,010-2475-6260,봉사활동
308,박정숙,30,울산광역시 동구 609-28,010-1176-6714,로봇 공학
309,김유진,71,경기도 안산시 상록구 635-14,010-6025-6054,헬로윈 파티 준비
310,전춘자,78,경기도 성남시 수정구 665-28,010-3266-9704,미술관 관람
311,김세아,29,경상북도 안동시 690-96,010-8355-9165,스트리트 댄스
312,조말자,77,부산광역시 북구 634-7,010-3854-8654,여행
313,권연희,65,경상북도 김천시 112-48,010-5004-3937,코딩
314,장태현,25,강원도 평창군 712-77,010-9160-1418,스트리트 댄스
315,임명숙,20,전라북도 전주시 378-48,010-4652-2116,일기 쓰기
316,최광호,51,경기도 안산시 단원구 85-96,010-1817-4564,디지털 아트
317,조상민,43,전라남도 순천시 701-94,010-5518-5698,보드게임
318,전정자,54,세종특별자치시 도담동 944-83,010-4317-5381,웹툰 그리기
319,윤남수,77,대구광역시 북구 608-79,010-7907-6459,자원봉사
320,정정순,25,부산광역시 영도구 559-27,010-3874-1906,보드게임
321,서시헌,61,울산광역시 북구 736-77,010-7703-5261,요리
322,신복희,36,부산광역시 남구 437-28,010-8425-4233,영화감상
323,강지민,61,부산광역시 금정구 910-77,010-4194-3877,디지털 아트
324,황동수,76,경기도 안산시 상록구 119-20,010-1192-4329,모바일 촬영
325,황종순,30,광주광역시 서구 921-76,010-3702-3221,헬스
326,안지호,58,서울특별시 성동구 798-65,010-2951-6777,콜라주 아트
327,김서진,71,서울특별시 관악구 707-49,010-7714-5187,애니메이션 제작
328,전수아,39,부산광역시 수영구 277-46,010-6471-6727,플로리스트
329,황형민,67,제주시 연동 904-55,010-1990-9046,웹툰 그리기
330,한상호,58,강원도 평창군 465-49,010-8199-2306,스크래치 프로그램 만들기
331,조세아,68,인천광역시 서구 580-42,010-1905-2860,웹툰 그리기
332,윤준호,74,강원도 동해시 753-96,010-9345-7095,뜨개질
333,한승호,76,경기도 평택시 138-46,010-8806-6713,모바일 촬영
334,박예은,60,전라남도 목포시 930-18,010-4684-9721,보드게임
335,이정우,29,서울특별시 금천구 919-98,010-8894-4460,독서
336,조동수,78,부산광역시 부산진구 842-73,010-7618-5798,DIY
337,조도윤,71,경기도 수원시 장안구 376-24,010-9551-5839,플로리스트
338,박정자,27,경상남도 김해시 763-85,010-2747-5705,디지털 일러스트
339,강상호,38,경상북도 김천시 935-11,010-7868-9565,테니스
340,오서연,50,경상남도 거제시 224-38,010-2009-9265,음악감상
341,서정우,63,서울특별시 광진구 322-0,010-1771-2456,웹서핑
342,황성민,24,강원도 동해시 204-83,010-1004-4084,디지털 일러스트
343,안희정,37,울산광역시 남구 529-26,010-1004-9413,뜨개질
344,박주원,55,경기도 군포시 214-22,010-6684-1788,콜라주 아트
345,한로운,38,강원도 원주시 747-70,010-3722-7237,뜨개질
346,안도윤,75,충청남도 아산시 187-13,010-5781-3481,모바일 촬영
347,전태윤,61,충청북도 충주시 145-84,010-9895-7783,모바일 촬영
348,이시윤,51,울산광역시 동구 316-36,010-2060-7229,퍼즐 맞추기
349,전민준,42,경상남도 사천시 418-56,010-1311-4803,로봇 공학
350,조상호,39,세종특별자치시 조치원읍 220-27,010-6260-6174,캔들 만들기
351,서예준,68,부산광역시 부산진구 146-14,010-5684-5021,드로잉
352,안광호,42,강원도 양양군 65-92,010-6506-3065,마인드맵 만들기
353,임숙자,60,강원도 강릉시 742-68,010-5461-7002,생활 해킹
354,한은우,72,충청북도 진천군 708-35,010-7595-1334,스크래치 프로그램 만들기
355,송기영,36,충청남도 아산시 22-77,010-6997-6509,낚시
356,신말순,76,부산광역시 사상구 616-63,010-4674-9814,캘리그라피
357,서채원,30,서울특별시 서대문구 279-34,010-5475-1223,모바일 게임 개발
358,김순영,70,성남시 분당구 정자동 201-12,010-1258-4774,웹서핑
359,임채원,61,경기도 안양시 동안구 965-4,010-1632-9483,요가
360,홍민서,29,강원도 동해시 284-93,010-5550-1274,게임 방송
361,김상민,67,부산광역시 금정구 8-11,010-4550-5814,스트리트 댄스
362,전예준,48,울산광역시 북구 740-30,010-5528-8939,수채화 그리기
363,최복희,54,충청북도 청주시 935-81,010-1940-9407,수채화 그리기
364,안세호,63,서울특별시 성동구 466-7,010-1877-7986,디지털 아트
365,임재호,37,서울특별시 용산구 513-37,010-5816-3898,디지털 아트
366,김하율,38,강원도 평창군 963-4,010-1668-8887,사진촬영
367,홍기석,56,인천광역시 계양구 138-57,010-4145-1535,스포츠 카드 수집
368,한시우,42,부산광역시 동래구 576-92,010-4332-3775,디지털 콘텐츠 제작
369,서말순,26,성남시 분당구 정자동 796-31,010-3300-4337,VR 게임
370,안지율,67,경상북도 포항시 971-28,010-8515-2966,패션
371,윤주아,75,인천광역시 중구 234-23,010-8292-1519,뜨개질
372,장상호,21,제주시 신제주 13-43,010-4061-5189,퍼즐 맞추기
373,송주영,45,경상남도 창녕군 622-9,010-4524-3666,VR 게임
374,한민준,62,부산광역시 동래구 197-29,010-3345-9579,디지털 사진 전시
375,홍지호,64,부산광역시 동구 32-8,010-1514-3951,헬로윈 파티 준비
376,전시헌,55,부산광역시 동래구 772-11,010-6470-9269,수영
377,최연희,39,서울특별시 중랑구 366-7,010-3870-5937,수채화 그리기
378,전혜숙,55,경기도 화성시 690-19,010-6972-1503,드로잉
379,윤유진,55,서울특별시 성북구 948-1,010-9411-2156,운동
380,박희정,39,서울특별시 노원구 565-53,010-4652-1005,로봇 공학
381,송기영,62,경상북도 구미시 240-94,010-2883-2806,미술관 관람
382,최세아,54,인천광역시 남동구 446-42,010-1694-7067,미술관 관람
383,신영자,26,경상남도 창녕군 799-86,010-9290-3587,모바일 촬영
384,김희정,65,부산광역시 중구 24-55,010-4209-8501,생활 해킹
385,장춘희,65,인천광역시 동구 662-62,010-7305-6410,퍼즐 맞추기
386,오윤호,67,대전광역시 유성구 412-15,010-6082-3205,스키
387,강서준,37,강원도 평창군 618-21,010-8988-3963,유튜브 보기
388,김춘식,22,부천시 상동 847-71,010-5194-9845,수채화 그리기
389,박로운,58,광주광역시 북구 272-70,010-6499-6708,수채화 그리기
390,안호철,48,경기도 광명시 182-60,010-5650-1297,벽화 그리기
391,조지호,27,강원도 동해시 245-56,010-8415-3841,도예
392,권주아,38,서울특별시 중랑구 911-90,010-7749-9844,로봇 공학
393,오세호,35,대구광역시 달성군 317-42,010-2143-7418,테니스
394,장영일,51,경기도 용인시 수지구 211-32,010-1336-6905,도예
395,신하은,25,서울특별시 동작구 801-11,010-7916-3065,사진편집
396,윤정자,40,강원도 삼척시 548-70,010-3674-6410,게임
397,한다은,66,부산광역시 기장군 945-75,010-5343-5777,보드게임
398,임태수,42,경상남도 사천시 586-19,010-7307-5990,카페 투어
399,신숙자,66,부산광역시 사상구 785-15,010-5830-8282,퍼즐 맞추기
400,황숙자,50,강원도 속초시 247-36,010-5505-9657,시뮬레이션 게임
401,홍춘자,67,강원도 춘천시 931-84,010-4403-6105,사진편집
402,강지민,52,부산광역시 서구 347-28,010-2003-7880,시뮬레이션 게임
403,윤말옥,34,경상남도 거제시 94-21,010-5795-6794,시뮬레이션 게임
404,한성민,37,경기도 용인시 수지구 577-85,010-7956-9808,스트리트 댄스
405,송성자,67,경상북도 김천시 937-20,010-8406-4836,웹툰 그리기
406,한하람,21,강원도 동해시 825-62,010-5479-3804,헬스
407,조영자,43,서울특별시 성북구 521-96,010-4572-1443,스트리밍
408,박유하,79,부천시 원미구 중동 976-14,010-9925-4834,유튜브 보기
409,권나윤,32,서울특별시 성북구 871-83,010-4766-3807,보드게임
410,한예린,45,부산광역시 수영구 388-54,010-2638-1197,디지털 콘텐츠 제작
411,정시헌,69,대전광역시 대덕구 840-18,010-7233-2565,디지털 아트
412,이명훈,67,전라남도 여수시 817-81,010-4601-5134,필라테스
413,박정호,71,인천광역시 계양구 824-94,010-6769-9292,자원봉사
414,조다은,21,충청남도 천안시 33-87,010-6596-6413,일기 쓰기
415,전순자,49,서울특별시 은평구 400-54,010-6344-4341,사진편집
416,오정우,25,부산광역시 북구 183-36,010-6102-4815,헬스
417,김주원,25,대전광역시 대덕구 156-26,010-6613-2013,캠핑
418,안건우,55,부산광역시 서구 649-71,010-3207-8541,캔들 만들기
419,이혜숙,56,세종특별자치시 한솔동 557-69,010-7071-4717,필라테스
420,오민서,59,경상남도 통영시 578-44,010-1034-8774,게임
421,안영희,48,인천광역시 부평구 616-51,010-8848-1812,요가
422,임도윤,79,서울특별시 도봉구 982-5,010-8921-2394,DIY
423,황정호,73,서울특별시 용산구 480-38,010-5262-8318,보드게임
424,최영수,55,광주광역시 광산구 590-9,010-5093-4093,배우기
425,홍하연,71,부산광역시 강서구 850-31,010-5161-7034,콜라주 아트
426,송재영,53,제주시 노형동 111-81,010-3551-2537,스포츠 카드 수집
427,권수아,28,부산광역시 강서구 239-2,010-2337-4586,비즈 공예
428,송순희,70,서울특별시 서초구 146-29,010-6481-9022,퍼즐 맞추기
429,임성자,68,경기도 고양시 일산동구 4-82,010-1957-7998,사진편집
430,김은채,69,대구광역시 남구 870-60,010-3330-3126,배우기
431,이지원,56,경상북도 안동시 900-50,010-9461-6430,벽화 그리기
432,황다온,44,서울특별시 강남구 564-2,010-6488-5652,도예
433,서서준,75,대전광역시 유성구 753-61,010-5997-6464,스포츠 카드 수집
434,안서아,76,광주광역시 서구 452-7,010-4709-9848,헬로윈 파티 준비
435,홍재훈,64,대전광역시 중구 981-61,010-4371-2910,마인드맵 만들기
436,송순영,28,충청남도 공주시 445-21,010-9630-7505,도예
437,윤민수,48,인천광역시 미추홀구 694-86,010-7975-7854,디지털 아트
438,홍채원,77,부산광역시 수영구 391-68,010-6104-1400,디지털 콘텐츠 제작
439,권형민,33,서울특별시 노원구 743-95,010-5890-4946,봉사활동
440,신혜숙,35,제주시 오라동 619-36,010-9848-4897,코딩
441,송지호,37,부산광역시 사상구 592-43,010-3412-7197,낚시
442,신나윤,45,경기도 용인시 수지구 577-11,010-3267-9522,유튜브 보기
443,신명숙,47,대구광역시 수성구 894-53,010-6801-6185,배드민턴
444,홍서아,64,경기도 의정부시 979-62,010-1924-7919,코딩
445,신말순,29,서울특별시 동대문구 654-15,010-4873-8506,디지털 콘텐츠 제작
446,신하진,26,부천시 원미구 중동 714-4,010-6286-3588,뜨개질
447,신세아,21,서울특별시 관악구 997-18,010-4180-1324,카페 투어
448,한정숙,35,경기도 평택시 817-11,010-6697-8358,VR 게임
449,권성호,62,전라남도 순천시 308-47,010-5976-3923,디지털 아트
450,조영자,22,서울특별시 광진구 445-43,010-9176-9678,필라테스
451,권예준,46,광주광역시 동구 717-72,010-6557-1030,사진촬영
452,오말자,54,서울특별시 용산구 695-89,010-1249-3785,필라테스
453,한서아,78,세종특별자치시 조치원읍 448-14,010-3497-2409,펜팔
454,김순영,46,전라북도 전주시 370-22,010-4133-6834,모바일 게임 개발
455,안현진,34,김해시 장유동 232-23,010-6398-8969,카페 투어
456,조복자,51,부산광역시 남구 76-79,010-1997-5965,배드민턴
457,이다빈,32,세종특별자치시 한솔동 649-83,010-8748-8728,봉사활동
458,오다온,53,강원도 양양군 394-34,010-6524-8045,패션
459,안상호,40,대전광역시 대덕구 734-17,010-3813-5571,시뮬레이션 게임
460,신다빈,40,경상남도 사천시 330-27,010-3122-6310,테니스
461,홍지원,44,제주시 노형동 882-53,010-3593-3249,수영
462,황성민,38,전라북도 익산시 215-17,010-7041-5950,벽화 그리기
463,조서준,65,경기도 수원시 장안구 151-85,010-6504-7401,코딩
464,홍은숙,59,경기도 고양시 일산동구 165-51,010-6026-1184,독서
465,송복희,48,경기도 수원시 장안구 663-60,010-1435-3318,디지털 아트
466,강태수,21,경기도 광명시 575-21,010-4015-9909,골프
467,강채은,32,서울특별시 강남구 191-96,010-1650-5164,음악감상
468,서옥희,22,경기도 평택시 666-12,010-3564-5728,로봇 공학
469,장말옥,56,경기도 안양시 만안구 743-30,010-6089-3343,요가
470,송유진,30,부산광역시 기장군 322-16,010-8114-8334,테니스
471,권민서,43,광주광역시 동구 469-53,010-2205-5443,스트리밍
472,조지우,61,광주광역시 서구 17-35,010-4271-8092,수영
473,황승호,23,광주광역시 광산구 286-52,010-2790-3116,모바일 촬영
474,신유진,70,인천광역시 남동구 875-15,010-9003-1471,수채화 그리기
475,이상민,59,서울특별시 관악구 609-23,010-2658-8737,영화 제작
476,홍준호,41,부산광역시 동래구 684-49,010-9252-2032,스포츠 카드 수집
477,최민수,44,경상남도 거제시 436-82,010-9627-5507,웹서핑
478,정지우,30,충청남도 천안시 751-21,010-8980-7991,미술관 관람
479,송하은,35,강원도 원주시 471-26,010-1462-2807,여행
480,임준서,69,부산광역시 북구 724-19,010-5739-3625,피크닉
481,장경자,34,대구광역시 달서구 829-36,010-7506-9371,책 클럽
482,박상호,25,서울특별시 중랑구 349-2,010-6549-1594,헬스
483,신상호,67,경기도 시흥시 605-84,010-6398-1003,피크닉
484,황준호,68,부산광역시 연제구 815-24,010-3744-2894,요가
485,신정호,78,세종특별자치시 조치원읍 332-69,010-5181-9873,비즈 공예
486,윤종순,70,부산광역시 해운대구 633-70,010-3319-2177,펜팔
487,장희정,31,울산광역시 북구 281-34,010-6534-7474,골프
488,임명숙,34,서울특별시 서대문구 47-92,010-5574-8780,운동
489,서민수,72,대전광역시 대덕구 180-28,010-5728-6914,책 클럽
490,서주영,74,서울특별시 서초구 343-84,010-1424-1581,배우기
491,조영희,32,충청북도 충주시 600-23,010-9125-5859,헬스
492,최형민,50,제주시 오라동 695-24,010-8731-2825,플라워 아트
493,오명훈,29,부산광역시 기장군 2-50,010-2019-9650,스트리트 댄스
494,이영일,47,울산광역시 동구 341-54,010-3943-6374,뜨개질
495,강종순,38,강원도 동해시 424-95,010-9284-8013,생활 해킹
496,전숙자,63,부산광역시 연제구 11-0,010-5557-9125,게임
497,전희정,36,서울특별시 종로구 681-4,010-8747-2227,애니메이션 제작
498,조말자,72,전라남도 여수시 130-58,010-7195-2744,스트리트 댄스
499,최순희,35,경기도 평택시 40-77,010-1136-9395,도예
500,윤지원,25,경상북도 구미시 219-27,010-3317-9829,유튜브 보기
501,한우진,76,경상남도 진주시 360-47,010-4899-6664,요가
502,서경수,51,세종특별자치시 한솔동 372-58,010-2446-8527,뜨개질
503,장춘자,73,대전광역시 서구 895-66,010-9277-3078,코딩
504,박하윤,59,경기도 안산시 상록구 14-30,010-9387-4266,헬스
505,임태윤,72,울산광역시 동구 527-2,010-6102-4924,비즈 공예
506,김정호,41,부산광역시 중구 827-26,010-1342-4052,코딩
507,이세호,46,경상남도 거제시 910-35,010-9292-7019,스트리밍
508,한지후,75,세종특별자치시 한솔동 91-5,010-2457-6440,웹서핑
509,홍유진,72,전라북도 전주시 504-0,010-4367-6318,등산
510,홍기영,49,광주광역시 남구 528-51,010-7701-8815,도예
511,신은숙,35,서울특별시 중구 923-74,010-1111-2454,캔들 만들기
512,오서준,21,부산광역시 연제구 429-57,010-6363-4866,플로리스트
513,임하윤,67,울산광역시 동구 455-25,010-2691-8479,영화감상
514,오예준,32,경상남도 사천시 437-55,010-4240-4974,모바일 촬영
515,신시윤,78,강원도 평창군 352-52,010-8188-8750,플라워 아트
516,정건우,79,서울특별시 도봉구 77-73,010-1734-3717,봉사활동
517,김현서,34,부천시 상동 57-97,010-2774-2085,사진편집
518,안태수,59,대구광역시 수성구 989-97,010-4015-6542,웹서핑
519,윤정숙,63,인천광역시 부평구 838-41,010-6479-4978,필라테스
520,권지원,21,서울특별시 송파구 909-97,010-5095-5378,펜팔
521,서하윤,60,부산광역시 기장군 334-17,010-3909-6898,명상
522,한지후,53,부산광역시 기장군 564-61,010-8308-6401,낚시
523,한말옥,49,대전광역시 서구 374-77,010-2932-3138,요리
524,임예린,25,경상남도 사천시 364-86,010-4222-1721,테니스
525,이다빈,34,울산광역시 중구 606-12,010-3067-6360,애니메이션 제작
526,전순희,38,경기도 안산시 단원구 695-30,010-7510-6335,필라테스
527,윤기영,74,경상남도 김해시 836-97,010-2316-1314,게임
528,임종수,69,경상남도 진주시 386-25,010-6683-9100,드로잉
529,임영자,73,경기도 시흥시 655-33,010-6951-8103,마인드맵 만들기
530,홍민서,24,강원도 동해시 651-43,010-9335-2977,낚시
531,이채원,52,경기도 광주시 73-50,010-5046-9292,패션
532,최승호,59,용인시 수지구 풍덕천동 206-52,010-6226-3921,자원봉사
533,장명숙,58,충청남도 천안시 445-7,010-4461-3913,요리
534,안수빈,26,경기도 안산시 단원구 20-34,010-5467-4227,웹툰 그리기
535,이하연,26,대구광역시 달서구 642-77,010-2121-3228,애니메이션 제작
536,조로운,76,부산광역시 사하구 574-4,010-2315-4714,사진편집
537,이태현,37,부산광역시 강서구 523-2,010-1994-7332,명상
538,안재호,58,서울특별시 관악구 701-39,010-2899-3304,일기 쓰기
539,신예준,43,서울특별시 관악구 747-1,010-2064-2841,게임
540,안민서,48,서울특별시 강동구 880-98,010-3491-5249,골프
541,박정순,53,부산광역시 부산진구 812-40,010-7725-8930,드로잉
542,임진숙,75,서울특별시 마포구 553-87,010-5443-2740,애니메이션 제작
543,한춘식,76,울산광역시 남구 81-4,010-3839-2394,영화감상
544,조윤서,39,전라남도 여수시 779-83,010-5401-2776,모바일 게임 개발
545,임동수,67,서울특별시 노원구 946-66,010-9539-8717,미술관 관람
546,장윤호,27,인천광역시 계양구 309-42,010-6583-2076,자원봉사
547,오기영,36,경기도 시흥시 112-22,010-3924-8230,플로리스트
548,강종수,50,서울특별시 성북구 944-76,010-2443-6398,도예
549,최수아,52,인천광역시 연수구 834-53,010-4979-6125,음악감상
550,송재훈,77,서울특별시 중구 778-32,010-1492-9538,배우기
551,정민준,43,서울특별시 중구 737-61,010-8761-8551,디지털 사진 전시
552,송기석,47,경상북도 구미시 393-5,010-7296-1047,디지털 사진 전시
553,조하윤,53,경기도 안양시 동안구 828-18,010-2315-4334,필라테스
554,홍현우,38,충청북도 진천군 189-26,010-7349-5935,애니메이션 제작
555,오승호,27,강원도 속초시 616-37,010-2064-5177,디지털 사진 전시
556,조윤호,47,경상남도 거제시 579-90,010-7586-1517,웹서핑
557,전서아,41,서울특별시 중구 366-47,010-2169-9508,배우기
558,강다은,44,광주광역시 남구 50-80,010-1252-5561,벽화 그리기
559,전다은,67,부산광역시 중구 727-59,010-3206-4975,모바일 게임 개발
560,최하람,36,대구광역시 동구 104-62,010-1468-8643,코딩
561,안은숙,33,서울특별시 금천구 658-13,010-5510-3977,비즈 공예
562,신말옥,52,부산광역시 서구 804-33,010-4179-1567,영화감상
563,송춘자,76,경기도 안산시 단원구 57-58,010-9932-3550,필라테스
564,장다빈,39,경기도 고양시 덕양구 52-75,010-1705-3482,스트리트 댄스
565,한광호,59,세종특별자치시 조치원읍 525-46,010-9894-8458,일기 쓰기
566,송현우,45,강원도 홍천군 867-62,010-9355-5169,테니스
567,임말옥,30,경기도 의정부시 158-78,010-4314-2428,요리
568,강서진,49,강원도 속초시 593-93,010-4639-2950,봉사활동
569,박찬우,67,서울특별시 중구 301-85,010-6332-6942,수영
570,윤태현,21,부산광역시 서구 691-86,010-8643-4516,피크닉
571,이병호,52,부산광역시 기장군 693-25,010-9742-8091,보드게임
572,정도윤,67,경기도 안양시 만안구 664-14,010-8387-6322,스트리트 댄스
573,권주아,75,서울특별시 관악구 746-47,010-4165-2608,드로잉
574,임말옥,44,부산광역시 금정구 462-14,010-2932-4773,시뮬레이션 게임
575,정도윤,35,서울특별시 강동구 696-5,010-6309-4914,디지털 콘텐츠 제작
576,전태수,49,제주시 신제주 948-14,010-5613-3034,게임
577,장지우,69,대구광역시 달성군 487-38,010-7739-7910,여행
578,권명훈,69,강원도 강릉시 690-40,010-5732-7332,미술관 관람
579,정진호,20,부산광역시 중구 268-34,010-3017-6412,자전거 타기
580,장하은,70,대전광역시 동구 806-77,010-5175-5753,모바일 게임 개발
581,황철수,62,경상북도 안동시 106-60,010-7564-4345,자원봉사
582,서예은,55,김해시 장유동 68-88,010-3528-5028,비즈 공예
583,안지한,38,경기도 시흥시 237-56,010-4699-7428,책 클럽
584,조만수,52,인천광역시 남동구 352-82,010-4305-1292,자전거 타기
585,정상민,77,강원도 삼척시 205-27,010-6650-3230,콜라주 아트
586,임수빈,56,강원도 양양군 274-75,010-1846-7490,모바일 게임 개발
587,장말옥,69,전라남도 목포시 315-56,010-2225-4215,도예
588,윤영일,71,제주시 아라동 711-19,010-8360-9029,드로잉
589,이소율,57,부산광역시 남구 375-37,010-8125-2726,여행
590,권남수,33,서울특별시 용산구 502-28,010-5650-2267,미술관 관람
591,송숙자,61,부산광역시 사상구 861-90,010-1050-2668,마인드맵 만들기
592,강시헌,72,서울특별시 동작구 98-10,010-3367-3275,보드게임
593,박말옥,59,대전광역시 동구 189-31,010-5103-5003,디지털 사진 전시
594,오현우,47,서울특별시 성동구 176-22,010-8593-6186,유튜브 보기
595,최재영,51,경기도 용인시 기흥구 784-41,010-2753-6713,책 클럽
596,권경자,74,전라남도 순천시 308-97,010-7948-1361,책 클럽
597,송하람,35,제주시 신제주 153-77,010-4384-7635,책 클럽
598,황연희,25,인천광역시 연수구 845-52,010-1484-6649,DIY
599,김재호,43,서울특별시 강동구 711-3,010-5152-9607,테니스
600,안예은,69,부산광역시 연제구 88-97,010-5335-1701,수영
601,서다온,32,서울특별시 강북구 317-6,010-4963-8704,캠핑
602,최영희,78,경기도 광명시 116-27,010-6430-7311,비즈 공예
603,조영희,45,충청남도 논산시 348-8,010-9733-2968,배드민턴
604,최영일,65,강원도 삼척시 771-38,010-5952-3195,요리
605,임순희,74,경기도 오산시 310-37,010-6287-4584,수채화 그리기
606,임태수,47,인천광역시 남동구 814-91,010-1169-7874,게임 방송
607,윤민준,43,대구광역시 서구 548-13,010-4818-9230,뜨개질
608,황주아,49,경상남도 창녕군 235-23,010-6688-3234,영화 제작
609,홍창수,40,전라남도 여수시 888-35,010-4193-2537,피크닉
610,오춘자,55,경기도 고양시 일산동구 30-58,010-7957-1118,자전거 타기
611,송기석,55,대전광역시 서구 23-28,010-2745-4878,디지털 콘텐츠 제작
612,박영일,25,대전광역시 중구 378-30,010-1315-4895,디지털 사진 전시
613,오말자,63,서울특별시 서초구 532-17,010-1665-3833,스키
614,김경자,30,전라남도 목포시 846-64,010-9865-8437,캔들 만들기
615,정서연,73,대구광역시 달성군 20-38,010-7869-2534,보드게임
616,홍기석,65,인천광역시 서구 767-58,010-2483-6063,스트리밍
617,김예린,46,전라남도 목포시 629-59,010-4835-3020,배드민턴
618,한창수,25,경상북도 김천시 400-39,010-6678-5544,낚시
619,임채원,60,서울특별시 성동구 882-85,010-7528-1877,모바일 게임 개발
620,서춘식,50,충청북도 청주시 59-69,010-3623-2673,스트리트 댄스
621,강준서,74,울산광역시 울주군 552-33,010-5264-3382,스키
622,김수아,25,경기도 평택시 475-80,010-2920-7230,모바일 촬영
623,신지원,30,제주시 신제주 230-52,010-3969-5921,수채화 그리기
624,최채은,38,서울특별시 금천구 233-21,010-1532-6733,VR 게임
625,장승호,43,서울특별시 강동구 371-94,010-9860-4451,콜라주 아트
626,강도윤,38,경기도 고양시 덕양구 279-36,010-9255-4075,헬로윈 파티 준비
627,윤진호,72,제주시 연동 75-36,010-2645-5565,게임 방송
628,최채은,79,대전광역시 대덕구 454-29,010-2459-1934,자원봉사
629,장혜숙,47,경기도 광주시 301-83,010-8946-1284,필라테스
630,한지율,45,서울특별시 중구 605-91,010-8735-5685,디지털 콘텐츠 제작
631,조광호,34,충청남도 천안시 401-36,010-3257-2923,게임
632,정춘희,48,서울특별시 강동구 600-72,010-8308-3911,캔들 만들기
633,김남수,26,강원도 춘천시 48-40,010-2647-4691,뜨개질
634,권서진,40,경상남도 창원시 20-61,010-1468-1722,캔들 만들기
635,장주영,51,세종특별자치시 도담동 536-51,010-2622-5448,디지털 사진 전시
636,장지율,56,울산광역시 동구 862-71,010-1539-4164,사진편집
637,윤현서,31,경상남도 김해시 938-2,010-5452-2130,플라워 아트
638,안주원,45,강원도 강릉시 95-72,010-2122-2100,봉사활동
639,박서진,45,서울특별시 은평구 438-11,010-7077-8254,자전거 타기
640,황시헌,71,세종특별자치시 도담동 863-46,010-5242-6255,헬스
641,강정우,22,충청북도 충주시 985-78,010-8558-3896,콜라주 아트
642,송말순,34,경상남도 진주시 704-39,010-3418-6377,수채화 그리기
643,임지호,48,충청남도 공주시 210-39,010-5564-4454,VR 게임
644,강말옥,26,경기도 오산시 898-1,010-5254-6230,수채화 그리기
645,홍민수,47,경기도 용인시 수지구 403-92,010-7946-6180,생활 해킹
646,안윤서,35,전라남도 여수시 232-43,010-5752-3445,생활 해킹
647,강은우,44,경기도 수원시 팔달구 996-63,010-2641-9727,모바일 촬영
648,홍준호,44,경기도 고양시 덕양구 742-19,010-5813-6530,요가
649,조다빈,42,울산광역시 동구 693-52,010-8772-6415,로봇 공학
650,임재호,63,광주광역시 북구 274-84,010-5148-6218,사진촬영
651,신서진,51,서울특별시 도봉구 755-71,010-9261-4793,헬로윈 파티 준비
652,정하윤,26,경상남도 사천시 440-44,010-9535-1930,캠핑
653,임유하,51,광주광역시 북구 844-59,010-9280-8580,시뮬레이션 게임
654,송형민,20,전라북도 익산시 714-29,010-2550-8481,마인드맵 만들기
655,박준서,23,경상남도 거제시 49-50,010-3107-4495,카페 투어
656,안순영,25,서울특별시 송파구 891-11,010-5811-9199,캘리그라피
657,임성자,20,강원도 춘천시 349-34,010-2892-7178,음악감상
658,정명훈,61,경기도 의정부시 151-36,010-3039-4954,등산
659,이채원,40,서울특별시 광진구 171-78,010-7618-2043,게임
660,강나윤,78,강원도 강릉시 489-87,010-8821-4946,사진편집
661,장예준,69,전라남도 순천시 772-19,010-9732-1748,낚시
662,황서진,63,부산광역시 해운대구 125-58,010-1724-8618,집콕 놀이
663,강태현,22,제주시 신제주 147-10,010-4744-5698,스트리트 댄스
664,임명훈,63,세종특별자치시 도담동 596-36,010-7925-3740,뜨개질
665,임정숙,43,경기도 용인시 처인구 399-87,010-1127-6863,마인드맵 만들기
666,홍태현,36,대전광역시 대덕구 172-22,010-6621-6724,카페 투어
667,서지원,34,경기도 군포시 308-48,010-3865-1123,등산
668,장승호,63,광주광역시 서구 320-23,010-1579-6430,뜨개질
669,윤말옥,72,경상남도 김해시 488-97,010-8922-4717,자원봉사
670,송나윤,58,경기도 용인시 수지구 711-88,010-5494-6227,요가
671,권말옥,61,울산광역시 동구 793-29,010-5663-4059,스트리트 댄스
672,홍채원,25,부산광역시 수영구 581-78,010-3817-4353,패션
673,오경수,54,전라북도 익산시 839-10,010-1867-9705,골프
674,전주원,51,울산광역시 북구 15-63,010-5397-8765,스포츠 카드 수집
675,홍승호,32,광주광역시 서구 482-1,010-7571-3812,요가
676,이유하,53,인천광역시 부평구 730-60,010-5464-1071,VR 게임
677,최재호,26,용인시 수지구 풍덕천동 231-27,010-5743-4947,스트리트 댄스
678,전기석,24,부천시 상동 863-91,010-3709-7523,비즈 공예
679,권하연,50,대전광역시 동구 98-35,010-4636-9022,테니스
680,서준호,56,경상남도 거제시 709-12,010-2975-6307,드로잉
681,김지민,43,강원도 평창군 414-64,010-3582-8318,디지털 일러스트
682,신상호,67,성남시 분당구 정자동 727-9,010-1145-9271,낚시
683,신은채,39,충청남도 공주시 993-58,010-2047-2677,도예
684,전동수,42,광주광역시 남구 600-59,010-8032-3646,스트리밍
685,최주원,54,울산광역시 울주군 221-15,010-7470-4159,스크래치 프로그램 만들기
686,송현철,69,경기도 고양시 덕양구 892-50,010-9227-4077,웹서핑
687,정세아,58,서울특별시 양천구 755-39,010-5399-9540,디지털 콘텐츠 제작
688,임유하,65,대구광역시 수성구 388-54,010-2445-1075,미술관 관람
689,신예준,60,충청북도 청주시 699-3,010-3527-4463,게임
690,황세아,20,경상남도 창녕군 554-18,010-4863-3879,등산
691,김춘식,58,전라북도 익산시 541-97,010-2854-3786,스포츠 카드 수집
692,송정호,67,경기도 평택시 342-2,010-4162-2971,등산
693,윤하진,46,대구광역시 동구 192-11,010-1190-1804,영화 제작
694,서영일,61,부산광역시 수영구 309-9,010-5339-2283,플라워 아트
695,송지원,37,세종특별자치시 도담동 296-0,010-7747-8643,게임 방송
696,김말자,52,서울특별시 강남구 671-66,010-5179-5260,일기 쓰기
697,오상호,69,충청남도 아산시 299-67,010-4901-2764,요리
698,조진호,22,광주광역시 광산구 864-76,010-2033-8630,펜팔
699,오지율,37,전라남도 여수시 537-92,010-4557-5057,명상
700,전유진,30,서울특별시 노원구 651-12,010-2048-9719,디지털 아트
701,신영희,71,경기도 성남시 분당구 839-59,010-8490-4786,자원봉사
702,전진호,26,세종특별자치시 도담동 0-59,010-5495-9822,자원봉사
703,안형민,34,전라남도 나주시는 667-44,010-7104-4644,패션
704,황도윤,57,강원도 양양군 663-73,010-7655-1536,스트리밍
705,서종순,44,김해시 장유동 335-91,010-3206-2269,집콕 놀이
706,서경자,69,전라남도 나주시는 185-43,010-2757-5579,피크닉
707,박서준,43,경기도 안양시 동안구 323-42,010-7502-3399,비즈 공예
708,권서준,23,전라북도 익산시 964-94,010-6962-3795,미술관 관람
709,정말순,56,서울특별시 종로구 755-33,010-1384-2967,마인드맵 만들기
710,임재호,69,경상북도 경주시 707-62,010-2455-6399,벽화 그리기
711,강복자,55,충청남도 공주시 686-4,010-6041-1131,패션
712,윤채원,34,경상남도 통영시 220-42,010-3346-2764,디지털 콘텐츠 제작
713,최기영,24,전라북도 익산시 632-78,010-2298-2986,자전거 타기
714,정민서,69,경기도 성남시 수정구 916-47,010-6909-8103,영화감상
715,임도윤,48,경기도 고양시 일산동구 487-88,010-6223-1785,집콕 놀이
716,박말순,71,인천광역시 연수구 411-34,010-5899-9734,배드민턴
717,황혜숙,54,부산광역시 서구 875-65,010-4427-9000,낚시
718,송선자,41,경상북도 구미시 606-3,010-6681-2098,영화 제작
719,강상호,47,경기도 용인시 수지구 615-17,010-4038-4675,로봇 공학
720,조호철,38,성남시 분당구 정자동 156-84,010-9905-8975,영화 제작
721,조건우,30,부산광역시 연제구 18-74,010-1773-2404,요가
722,전다은,51,대구광역시 중구 377-13,010-7072-3616,스키
723,이로운,27,서울특별시 도봉구 279-22,010-6409-4050,패션
724,서영희,55,서울특별시 관악구 63-10,010-6618-5187,카페 투어
725,윤영호,71,전라남도 순천시 412-59,010-6601-2804,드로잉
726,강명숙,45,경상북도 구미시 186-88,010-3667-7301,VR 게임
727,최도윤,67,강원도 삼척시 419-30,010-4963-4471,게임
728,조준호,70,서울특별시 서초구 739-95,010-3061-8831,게임 방송
729,전종순,43,강원도 속초시 703-22,010-4608-5593,유튜브 보기
730,강명자,54,서울특별시 양천구 320-24,010-1807-7928,헬스
731,강형민,24,경기도 파주시 722-73,010-9970-8931,콜라주 아트
732,최경수,77,충청남도 천안시 90-62,010-9002-9128,보드게임
733,이민서,30,경기도 수원시 장안구 901-90,010-2853-3354,뜨개질
734,한영호,61,전라남도 광양시 20-86,010-3067-3478,게임 방송
735,한하진,52,세종특별자치시 아름동 137-79,010-3487-8474,플로리스트
736,박소율,30,경기도 화성시 507-43,010-4155-7796,플로리스트
737,안재영,68,경기도 고양시 일산동구 982-8,010-8809-8244,카페 투어
738,신유하,55,대전광역시 서구 564-25,010-4249-3219,스트리밍
739,홍지민,60,경기도 안산시 상록구 836-87,010-3500-4743,펜팔
740,한윤서,26,경기도 오산시 415-93,010-6843-1072,드로잉
741,신하연,41,광주광역시 남구 141-96,010-8101-4037,DIY
742,임상호,40,경상남도 거제시 55-89,010-4216-8058,사진편집
743,신하은,41,경상남도 창녕군 943-69,010-9758-7463,수영
744,홍예준,44,강원도 양양군 557-76,010-7461-6411,배드민턴
745,조하윤,76,서울특별시 용산구 17-95,010-5238-8491,스트리밍
746,조명자,73,울산광역시 울주군 323-68,010-6336-1292,사진촬영
747,임춘희,73,부산광역시 서구 746-97,010-2996-3683,마인드맵 만들기
748,박예린,71,서울특별시 도봉구 267-3,010-9159-2706,골프
749,강예린,44,세종특별자치시 조치원읍 828-52,010-5877-4415,웹서핑
750,오종순,73,경기도 고양시 일산동구 779-31,010-4070-2647,헬로윈 파티 준비
751,박주원,50,경기도 안산시 단원구 120-33,010-2239-6441,책 클럽
752,신나윤,73,경상남도 사천시 956-92,010-5055-8965,뜨개질
753,최남수,78,경기도 성남시 분당구 928-44,010-5854-5751,플라워 아트
754,정현철,21,서울특별시 강북구 32-84,010-4593-4504,생활 해킹
755,김세아,22,세종특별자치시 한솔동 301-77,010-8748-3636,게임 방송
756,신미영,73,대전광역시 유성구 28-58,010-7710-2065,여행
757,장성호,39,광주광역시 동구 109-33,010-2843-4532,보드게임
758,강태현,29,서울특별시 성북구 907-26,010-2302-9323,플로리스트
759,서진호,69,강원도 홍천군 513-72,010-5575-7285,테니스
760,황시헌,30,서울특별시 성동구 645-22,010-2187-6725,수채화 그리기
761,오상민,65,강원도 원주시 190-15,010-2640-4136,콜라주 아트
762,신재호,68,서울특별시 중랑구 679-0,010-4632-4513,게임
763,신복희,57,강원도 원주시 988-77,010-1017-6201,시뮬레이션 게임
764,황주아,57,서울특별시 용산구 593-15,010-6506-1586,스트리트 댄스
765,오채원,67,경기도 안양시 만안구 207-66,010-5465-3099,플라워 아트
766,조채원,22,경기도 수원시 팔달구 955-56,010-8427-2578,시뮬레이션 게임
767,서민준,24,경상북도 경주시 905-4,010-2692-8403,마인드맵 만들기
768,조정자,73,전라남도 광양시 438-59,010-4645-3806,수영
769,서종순,30,부천시 상동 317-66,010-2890-2174,DIY
770,홍시우,76,강원도 속초시 29-91,010-5746-1028,드로잉
771,전영수,67,경기도 성남시 분당구 154-62,010-5350-7916,필라테스
772,장기석,61,경기도 화성시 622-61,010-3979-7712,운동
773,윤상호,41,경상남도 창원시 573-72,010-4959-9696,수영
774,전성자,55,대구광역시 서구 121-95,010-5718-6044,배우기
775,강종순,45,경기도 파주시 279-74,010-1019-4585,벽화 그리기
776,신은숙,41,경기도 용인시 처인구 923-39,010-6320-6050,독서
777,윤선자,33,경상남도 창녕군 57-42,010-5332-8097,보드게임
778,안하연,31,경기도 오산시 553-73,010-7137-8052,낚시
779,송성호,78,부산광역시 영도구 508-24,010-3215-2717,자전거 타기
780,안재훈,52,경상남도 거제시 90-6,010-3684-8675,콜라주 아트
781,홍다은,66,제주시 아라동 325-86,010-2078-7988,책 클럽
782,송찬우,26,서울특별시 강동구 256-65,010-4363-1084,요리
783,강시윤,54,세종특별자치시 한솔동 983-77,010-4243-2008,필라테스
784,신종수,26,경상남도 창원시 478-32,010-9920-4324,캠핑
785,한숙자,60,대구광역시 동구 876-31,010-8746-3841,플로리스트
786,윤희정,56,경기도 안산시 단원구 857-30,010-6476-2357,봉사활동
787,신현서,40,광주광역시 광산구 951-83,010-2974-1887,비즈 공예
788,신은채,54,서울특별시 동작구 541-3,010-3964-3212,DIY
789,안찬우,61,경기도 용인시 처인구 581-74,010-1397-1275,모바일 촬영
790,강우진,57,경상남도 사천시 753-32,010-7106-1483,카페 투어
791,윤광호,47,경기도 오산시 798-45,010-7560-4349,생활 해킹
792,전춘식,30,경기도 용인시 기흥구 356-97,010-2637-3663,음악감상
793,권하진,43,경상남도 밀양시 562-32,010-4838-4527,생활 해킹
794,한종순,31,전라북도 전주시 412-75,010-8548-9921,수채화 그리기
795,최세호,46,서울특별시 서대문구 686-88,010-6250-3633,수영
796,임정우,74,경기도 고양시 일산동구 45-15,010-6703-9619,캘리그라피
797,정지후,25,울산광역시 남구 111-36,010-3920-1205,비즈 공예
798,황은숙,54,서울특별시 금천구 518-40,010-3223-2995,테니스
799,김수아,22,경기도 성남시 분당구 300-36,010-2088-8985,피크닉
800,오예린,41,서울특별시 영등포구 302-55,010-5150-3916,디지털 일러스트
801,박복자,70,서울특별시 중구 699-96,010-5883-2259,운동
802,송희정,73,충청남도 천안시 380-57,010-5008-4223,캘리그라피
803,윤승호,46,서울특별시 서대문구 830-85,010-4243-8303,여행
804,한말옥,73,경기도 용인시 처인구 49-8,010-7323-4354,유튜브 보기
805,이시헌,32,제주시 신제주 467-90,010-9548-3751,로봇 공학
806,장진호,68,경기도 화성시 647-83,010-4658-7156,퍼즐 맞추기
807,강승호,50,경기도 용인시 수지구 127-13,010-2777-1994,모바일 게임 개발
808,안옥희,57,전라북도 군산시 51-13,010-6548-3624,스포츠 카드 수집
809,최현철,26,부산광역시 서구 270-64,010-3330-5651,골프
810,조윤호,22,경상남도 밀양시 537-3,010-3450-5239,디지털 일러스트
811,정미영,68,부산광역시 사상구 734-95,010-8135-5846,헬로윈 파티 준비
812,안주원,70,부산광역시 동래구 523-95,010-3427-8047,디지털 일러스트
813,전만수,73,경기도 의정부시 433-52,010-2420-8039,피크닉
814,전하람,63,제주시 오라동 810-19,010-5728-2099,캔들 만들기
815,오남수,75,부산광역시 해운대구 747-95,010-6314-7543,보드게임
816,정말자,59,부산광역시 북구 929-15,010-6754-4315,웹툰 그리기
817,최춘식,77,대구광역시 중구 539-74,010-7569-2666,헬스
818,전로운,46,부산광역시 부산진구 515-86,010-8887-2095,펜팔
819,안준호,61,전라북도 익산시 199-59,010-5368-2459,보드게임
820,윤지원,72,인천광역시 계양구 428-12,010-8455-8534,명상
821,신현서,23,대구광역시 중구 356-0,010-9808-2363,집콕 놀이
822,김종순,59,부산광역시 남구 926-5,010-1144-1013,캠핑
823,한영호,24,경상남도 창녕군 921-13,010-7381-6160,요가
824,윤성민,29,경상남도 통영시 364-38,010-7884-7115,게임 방송
825,이민서,28,경기도 용인시 기흥구 850-82,010-2488-5095,뜨개질
826,신하람,49,부산광역시 부산진구 913-55,010-7715-2330,카페 투어
827,신서연,43,대구광역시 수성구 388-84,010-2860-3309,펜팔
828,권춘자,22,강원도 삼척시 54-16,010-2281-4284,집콕 놀이
829,장주영,23,인천광역시 동구 997-19,010-5640-6666,헬스
830,신유하,65,인천광역시 계양구 139-92,010-2142-7392,낚시
831,정영수,37,전라북도 군산시 72-41,010-3299-2700,헬로윈 파티 준비
832,조복자,30,경상북도 구미시 875-24,010-7621-6535,모바일 촬영
833,안정숙,44,대전광역시 유성구 315-49,010-8898-2978,낚시
834,홍하윤,78,대전광역시 유성구 741-75,010-5611-1963,음악감상
835,신태윤,46,경기도 안양시 만안구 846-74,010-3012-3063,디지털 사진 전시
836,서하진,52,경기도 용인시 처인구 683-53,010-3834-6934,스트리밍
837,윤세호,71,대구광역시 동구 461-49,010-1365-3745,일기 쓰기
838,오호철,57,경기도 안산시 단원구 499-43,010-8004-1219,골프
839,조경자,42,전라남도 여수시 544-21,010-2312-6112,디지털 콘텐츠 제작
840,송우진,49,인천광역시 중구 793-44,010-1999-3829,코딩
841,안하진,79,광주광역시 북구 996-30,010-7362-7586,책 클럽
842,장준서,47,경상남도 진주시 334-24,010-9993-2582,등산
843,서예린,23,경기도 고양시 덕양구 612-44,010-9421-4503,자전거 타기
844,홍지민,48,서울특별시 중구 139-32,010-3579-6832,낚시
845,황재훈,45,부산광역시 수영구 249-6,010-6593-8624,수채화 그리기
846,임영희,79,부산광역시 동래구 939-87,010-9836-6329,캔들 만들기
847,임연희,34,부산광역시 수영구 773-71,010-5739-6607,음악감상
848,권은채,74,서울특별시 동대문구 249-12,010-4976-1116,게임 방송
849,안복희,63,전라남도 목포시 411-35,010-7963-5034,플라워 아트
850,조유진,36,경상남도 창녕군 193-17,010-9883-2279,벽화 그리기
851,안희정,28,부산광역시 기장군 635-22,010-2082-4321,낚시
852,서주아,21,강원도 춘천시 240-57,010-8332-7534,영화 제작
853,박미영,56,충청북도 청주시 585-92,010-4682-4018,수영
854,윤우진,57,서울특별시 강서구 555-25,010-6984-3099,배우기
855,오미영,72,전라북도 군산시 354-88,010-1831-2837,집콕 놀이
856,전예린,39,강원도 원주시 85-16,010-2863-1002,필라테스
857,권호철,30,광주광역시 광산구 908-92,010-1863-7447,배우기
858,최서진,52,경기도 고양시 덕양구 701-76,010-1412-4321,명상
859,안서진,45,충청남도 공주시 895-46,010-3448-2620,스키
860,신유하,35,경상남도 사천시 351-85,010-1777-8542,콜라주 아트
861,조태현,31,전라북도 전주시 472-6,010-5115-6368,패션
862,임정자,43,경기도 안양시 동안구 981-54,010-8610-1458,모바일 촬영
863,박기석,30,경상북도 구미시 801-28,010-5044-5954,수채화 그리기
864,한춘희,60,부산광역시 북구 855-13,010-5171-5911,보드게임
865,박정우,29,울산광역시 북구 373-95,010-2569-9004,게임 방송
866,조하진,79,세종특별자치시 조치원읍 763-28,010-9786-4745,책 클럽
867,한성자,74,서울특별시 광진구 9-43,010-7128-5204,시뮬레이션 게임
868,장민서,25,서울특별시 성북구 841-27,010-2088-5523,벽화 그리기
869,송지민,32,김해시 장유동 20-23,010-4203-4423,스크래치 프로그램 만들기
870,정서진,22,경기도 평택시 668-47,010-2460-6081,웹서핑
871,박정숙,77,세종특별자치시 조치원읍 416-83,010-3391-8061,플로리스트
872,안현서,68,서울특별시 구로구 929-33,010-7924-5809,헬로윈 파티 준비
873,오소율,44,인천광역시 연수구 206-31,010-4539-6759,도예
874,신윤서,54,부산광역시 해운대구 324-44,010-1607-5289,미술관 관람
875,오경자,74,서울특별시 성북구 753-92,010-4609-8503,낚시
876,서예준,26,경상북도 안동시 633-84,010-6180-6404,로봇 공학
877,홍춘희,75,대구광역시 북구 92-74,010-6420-5070,게임 방송
878,장수빈,49,충청남도 천안시 265-54,010-7097-5745,패션
879,안채원,75,서울특별시 도봉구 655-41,010-6598-3455,영화 제작
880,장성호,30,서울특별시 강동구 895-51,010-8391-4422,책 클럽
881,김정순,55,강원도 홍천군 815-96,010-4249-3409,봉사활동
882,안은우,33,강원도 강릉시 203-27,010-4336-3413,미술관 관람
883,최재훈,41,세종특별자치시 조치원읍 680-79,010-5675-2448,유튜브 보기
884,오찬우,29,부산광역시 북구 854-26,010-4061-9548,디지털 사진 전시
885,정은우,56,경기도 안산시 상록구 45-14,010-5533-7809,자원봉사
886,오창수,29,전라남도 나주시는 293-58,010-2465-9714,DIY
887,오다온,45,전라남도 목포시 393-28,010-7421-5196,배우기
888,한시윤,41,강원도 강릉시 63-63,010-5438-2925,요리
889,정건우,53,부천시 상동 216-17,010-6219-8617,필라테스
890,권우진,65,대구광역시 달서구 219-13,010-5577-5121,DIY
891,전영호,51,세종특별자치시 한솔동 630-44,010-4557-3967,스포츠 카드 수집
892,황태현,44,인천광역시 연수구 796-96,010-3966-5416,골프
893,이영자,60,강원도 양양군 769-62,010-1200-8009,음악감상
894,정명자,64,경기도 안산시 단원구 327-49,010-5785-7905,펜팔
895,김재훈,37,경기도 성남시 분당구 688-56,010-1996-5085,헬스
896,오형민,76,충청북도 청주시 865-32,010-8374-4117,애니메이션 제작
897,오지율,79,제주시 오라동 910-32,010-5439-3825,뜨개질
898,홍철수,36,경상북도 구미시 221-34,010-1118-1241,캔들 만들기
899,안호철,60,인천광역시 서구 946-2,010-9240-2510,등산
900,윤희정,33,서울특별시 중랑구 962-69,010-6669-1723,음악감상
901,김하율,36,경상남도 창녕군 430-54,010-4452-3337,필라테스
902,송주원,29,전라북도 전주시 669-53,010-2697-4613,자전거 타기
903,황숙자,24,서울특별시 도봉구 451-34,010-5039-8121,테니스
904,장소율,62,김해시 장유동 565-44,010-3032-3156,보드게임
905,윤말옥,53,인천광역시 동구 886-78,010-2725-1840,캔들 만들기
906,이우진,75,부산광역시 강서구 213-5,010-9019-1367,뜨개질
907,강복자,66,부천시 원미구 중동 795-64,010-5410-5670,등산
908,정지한,76,서울특별시 은평구 25-32,010-2815-1669,일기 쓰기
909,송종수,77,대구광역시 달서구 307-57,010-5252-5906,마인드맵 만들기
910,권로운,74,광주광역시 광산구 933-86,010-9421-8801,디지털 사진 전시
911,윤시헌,73,김해시 장유동 206-84,010-8228-8271,보드게임
912,전민준,51,경기도 화성시 57-24,010-4809-3609,낚시
913,홍창수,61,제주시 노형동 501-66,010-5729-4374,모바일 게임 개발
914,오유진,55,경상북도 김천시 584-51,010-9542-3568,코딩
915,홍춘식,62,경기도 오산시 577-45,010-4348-1200,애니메이션 제작
916,권동수,74,서울특별시 동대문구 473-11,010-1113-1279,뜨개질
917,강윤서,31,전라북도 익산시 134-90,010-7399-4736,생활 해킹
918,황하연,21,충청남도 논산시 518-54,010-2397-2629,사진편집
919,권서아,64,경기도 용인시 처인구 958-39,010-4992-2285,웹툰 그리기
920,안복자,30,경상북도 구미시 964-73,010-9866-3002,배드민턴
921,안복희,79,서울특별시 서대문구 276-28,010-8189-4987,일기 쓰기
922,홍호철,59,경기도 수원시 팔달구 437-72,010-5960-8127,웹툰 그리기
923,오순자,58,충청남도 공주시 44-51,010-3532-4365,뜨개질
924,홍경자,38,광주광역시 광산구 171-34,010-5472-9993,도예
925,황주영,30,부산광역시 중구 544-22,010-1047-8019,스트리밍
926,한지한,36,서울특별시 노원구 586-86,010-1564-5468,스포츠 카드 수집
927,박창수,57,서울특별시 광진구 163-30,010-1387-1357,펜팔
928,홍순희,73,경기도 용인시 기흥구 654-52,010-4200-7367,봉사활동
929,황순희,43,대구광역시 남구 188-71,010-6036-2353,로봇 공학
930,신다온,28,인천광역시 계양구 615-48,010-4312-3298,집콕 놀이
931,김다빈,60,경기도 성남시 수정구 117-57,010-4636-5078,생활 해킹
932,오서진,71,전라북도 전주시 810-29,010-5242-4037,캠핑
933,오시우,24,광주광역시 광산구 6-59,010-5106-5471,벽화 그리기
934,황현철,65,부산광역시 중구 144-5,010-8892-1943,봉사활동
935,한숙자,67,세종특별자치시 아름동 184-51,010-6607-6034,자원봉사
936,송기영,52,경기도 용인시 기흥구 331-97,010-5429-1214,스트리밍
937,안은채,46,경기도 안산시 상록구 258-7,010-4928-4925,운동
938,한성민,22,경기도 안산시 상록구 632-80,010-2543-1304,음악감상
939,장철수,50,강원도 양양군 199-78,010-8177-6140,자원봉사
940,최복희,35,충청북도 진천군 60-62,010-1611-6666,벽화 그리기
941,신채은,28,경상남도 통영시 863-27,010-1811-1932,디지털 사진 전시
942,홍유진,50,부산광역시 중구 617-33,010-8457-3745,집콕 놀이
943,오유진,69,부산광역시 강서구 266-31,010-5221-4399,수영
944,최순희,58,경상남도 사천시 642-79,010-6661-3733,필라테스
945,한창수,62,강원도 춘천시 40-68,010-4621-8099,웹서핑
946,강나윤,64,대구광역시 달서구 498-59,010-6149-2065,유튜브 보기
947,송우진,68,서울특별시 종로구 591-24,010-6940-9946,디지털 아트
948,신명훈,22,경기도 성남시 수정구 422-16,010-5345-7961,등산
949,정현진,69,강원도 동해시 281-27,010-3922-7303,코딩
950,임정희,50,경상북도 김천시 733-49,010-1322-6401,캠핑
951,서순자,76,인천광역시 부평구 197-75,010-4104-5241,디지털 일러스트
952,안기영,38,제주시 노형동 982-96,010-3402-4499,보드게임
953,김정희,41,서울특별시 구로구 818-21,010-2459-4527,DIY
954,한춘자,40,부산광역시 서구 648-95,010-2434-2078,미술관 관람
955,조민수,74,경상북도 포항시 610-34,010-7965-2606,로봇 공학
956,박하은,59,부산광역시 동래구 784-89,010-4696-8963,낚시
957,장재호,61,경기도 군포시 281-92,010-7176-7031,배우기
958,정지호,58,서울특별시 동대문구 294-59,010-1579-4140,플로리스트
959,강하진,66,인천광역시 미추홀구 75-0,010-2472-7728,디지털 일러스트
960,윤유하,39,강원도 삼척시 97-1,010-9313-4095,디지털 일러스트
961,강주아,34,서울특별시 마포구 489-55,010-8568-7316,영화감상
962,윤세아,40,경기도 오산시 372-59,010-4190-8100,벽화 그리기
963,권서연,31,경기도 용인시 처인구 599-14,010-3475-3548,배우기
964,서정우,43,대구광역시 달성군 74-63,010-2014-2265,필라테스
965,강하율,58,전라남도 나주시는 686-26,010-8452-3848,스크래치 프로그램 만들기
966,황영호,53,인천광역시 미추홀구 656-28,010-3494-3528,모바일 촬영
967,정수아,29,경기도 수원시 장안구 771-60,010-5936-2402,플로리스트
968,김주아,73,서울특별시 양천구 781-74,010-2450-6239,모바일 게임 개발
969,한예준,39,경기도 광주시 559-73,010-4676-6928,배드민턴
970,송은채,42,서울특별시 광진구 939-77,010-2610-9925,스포츠 카드 수집
971,오나윤,43,부산광역시 강서구 52-52,010-6133-6362,집콕 놀이
972,장하연,25,제주시 오라동 409-75,010-2776-1266,스트리밍
973,김수빈,45,전라남도 여수시 556-25,010-2416-8684,생활 해킹
974,최경자,65,충청남도 논산시 115-32,010-2589-3618,게임 방송
975,장하연,50,부산광역시 부산진구 900-55,010-7960-4880,DIY
976,장병호,46,성남시 분당구 정자동 91-27,010-2076-9370,VR 게임
977,장종순,68,경기도 의정부시 830-54,010-1659-4406,펜팔
978,송지민,65,제주시 이도이동 633-58,010-7620-1560,피크닉
979,김예은,38,서울특별시 관악구 419-17,010-6236-9597,퍼즐 맞추기
980,신승호,77,서울특별시 성동구 753-51,010-1316-5193,디지털 아트
981,전기석,62,대전광역시 서구 335-95,010-8572-4517,캘리그라피
982,정현진,31,경상남도 사천시 767-59,010-6289-5545,스크래치 프로그램 만들기
983,안정자,23,대전광역시 동구 680-32,010-3108-5967,비즈 공예
984,송정자,22,인천광역시 중구 635-44,010-4390-1198,수채화 그리기
985,권성자,39,대구광역시 서구 596-11,010-5863-7395,수영
986,서지호,70,전라남도 순천시 871-59,010-5759-7188,캘리그라피
987,최동수,42,서울특별시 도봉구 428-57,010-5015-5026,뜨개질
988,최현진,66,충청북도 청주시 868-66,010-1117-5613,봉사활동
989,황건우,41,제주시 이도이동 685-54,010-9170-2716,펜팔
990,장진숙,27,서울특별시 송파구 510-44,010-8502-8472,필라테스
991,오혜숙,49,서울특별시 성북구 103-65,010-2995-1320,요리
992,황영희,67,경기도 고양시 일산동구 390-68,010-1303-6716,수채화 그리기
993,이종순,22,서울특별시 은평구 125-42,010-1995-5329,사진촬영
994,임춘식,72,서울특별시 금천구 839-88,010-8696-2544,마인드맵 만들기
995,임민준,29,경기도 고양시 일산동구 501-74,010-3093-1870,수채화 그리기
996,한남수,41,서울특별시 관악구 967-39,010-5506-9271,디지털 콘텐츠 제작
997,강준서,40,부산광역시 사하구 433-14,010-3145-1462,패션
998,윤유진,58,대전광역시 중구 500-32,010-9149-1776,사진촬영
999,임정우,27,광주광역시 광산구 399-34,010-1889-2360,자전거 타기
1000,임하진,25,서울특별시 은평구 995-15,010-9288-3471,퍼즐 맞추기
1001,한지한,29,인천광역시 계양구 857-55,010-5409-6415,펜팔
1002,윤병호,21,서울특별시 광진구 216-41,010-1307-1230,독서
1003,송수빈,45,강원도 삼척시 67-96,010-9215-1327,일기 쓰기
1004,장현철,33,광주광역시 북구 868-76,010-8295-9639,배드민턴
1005,임시우,46,강원도 평창군 205-68,010-3683-3433,스트리트 댄스
1006,한태현,30,서울특별시 강동구 146-0,010-5936-5179,배우기
1007,강유하,65,울산광역시 중구 398-80,010-9854-1681,디지털 콘텐츠 제작
1008,임서아,24,대구광역시 서구 760-32,010-8876-8008,웹툰 그리기
1009,이말옥,21,강원도 평창군 895-93,010-1029-3703,배우기
1010,장민준,78,대전광역시 유성구 3-87,010-7380-7347,디지털 콘텐츠 제작
1011,박유하,69,제주시 오라동 776-25,010-4124-3377,보드게임
1012,강은우,69,서울특별시 금천구 45-43,010-9970-8944,캘리그라피
1013,신진숙,50,부산광역시 연제구 573-42,010-3191-4355,게임 방송
1014,안채원,74,전라북도 군산시 974-89,010-7314-2899,로봇 공학
1015,서춘자,29,성남시 분당구 정자동 803-59,010-3917-6223,음악감상
1016,오유진,65,대전광역시 중구 563-84,010-2943-5797,스크래치 프로그램 만들기
1017,권말옥,25,대구광역시 북구 388-40,010-1983-4799,디지털 사진 전시
1018,윤형민,74,충청북도 충주시 852-74,010-4814-2009,자원봉사
1019,김하연,39,세종특별자치시 조치원읍 23-81,010-4322-4274,로봇 공학
1020,황재호,24,경상북도 경주시 982-76,010-7527-5063,스트리밍
1021,장민서,26,강원도 평창군 290-56,010-4215-2716,스포츠 카드 수집
1022,김현철,23,경상남도 사천시 218-2,010-8669-3505,수영
1023,장준서,66,대구광역시 북구 550-73,010-4261-6948,모바일 촬영
1024,한은채,60,광주광역시 남구 659-0,010-2228-4093,등산
1025,황순희,21,울산광역시 동구 630-14,010-8957-9361,애니메이션 제작
1026,황소율,44,강원도 태백시 494-90,010-3896-9630,모바일 촬영
1027,최소율,25,부산광역시 중구 351-36,010-3468-5078,영화감상
1028,홍유진,66,서울특별시 서초구 32-34,010-4781-8823,스키
1029,박순희,36,제주시 신제주 36-55,010-9907-8039,명상
1030,신정순,60,충청남도 공주시 90-15,010-3777-1654,드로잉
1031,송현철,20,제주시 이도이동 674-93,010-3355-6133,보드게임
1032,오호철,25,경기도 용인시 수지구 780-21,010-7133-2134,스크래치 프로그램 만들기
1033,최정우,42,부산광역시 서구 246-52,010-7551-7772,책 클럽
1034,한민준,77,충청남도 논산시 67-50,010-2307-8395,디지털 일러스트
1035,오수아,79,인천광역시 연수구 179-22,010-6926-5108,드로잉
1036,권시우,36,충청남도 공주시 557-83,010-3230-3088,테니스
1037,안미영,41,용인시 수지구 풍덕천동 455-41,010-6596-6189,생활 해킹
1038,장미영,31,서울특별시 성동구 358-41,010-2660-5518,보드게임
1039,이준서,49,인천광역시 미추홀구 476-74,010-2102-1699,스트리트 댄스
1040,임정우,30,경상북도 안동시 339-22,010-3280-4656,사진편집
1041,강진숙,55,부산광역시 북구 682-80,010-4593-3520,콜라주 아트
1042,오서준,63,부산광역시 사하구 343-19,010-2133-8669,헬로윈 파티 준비
1043,임유진,36,경기도 고양시 일산동구 808-44,010-7667-4590,스트리트 댄스
1044,오혜숙,24,강원도 삼척시 397-21,010-5795-4940,책 클럽
1045,안동수,49,서울특별시 성북구 894-83,010-8146-9297,책 클럽
1046,신정자,57,강원도 속초시 430-25,010-9452-2327,집콕 놀이
1047,박주영,47,부천시 상동 789-48,010-6930-4002,영화 제작
1048,최윤서,39,서울특별시 성동구 935-50,010-1564-6743,독서
1049,황만수,52,울산광역시 남구 601-67,010-8085-7837,캔들 만들기
1050,조정자,44,서울특별시 구로구 856-86,010-2601-3039,낚시
1051,신혜숙,76,서울특별시 송파구 743-66,010-7327-6309,수채화 그리기
1052,전종순,31,서울특별시 성북구 409-42,010-5726-2729,독서
1053,최정희,36,경상북도 경주시 453-23,010-6095-5941,요리
1054,한승호,34,제주시 노형동 328-79,010-9223-2302,명상
1055,한정자,64,강원도 동해시 944-13,010-5366-4589,집콕 놀이
1056,신서진,43,강원도 태백시 551-3,010-7999-6540,시뮬레이션 게임
1057,서시윤,66,제주시 연동 167-75,010-4078-4037,캔들 만들기
1058,임나윤,40,울산광역시 남구 336-60,010-5436-3533,유튜브 보기
1059,박윤호,76,서울특별시 성북구 905-92,010-7213-1979,봉사활동
1060,박나윤,65,울산광역시 남구 130-35,010-2215-8450,운동
1061,박말순,64,경상북도 경주시 309-52,010-5593-6580,자전거 타기
1062,윤지민,51,부산광역시 부산진구 565-54,010-2268-5923,운동
1063,오주영,21,강원도 태백시 432-4,010-8014-4408,벽화 그리기
1064,최로운,76,강원도 평창군 862-49,010-1803-6596,스포츠 카드 수집
1065,신영자,79,서울특별시 서대문구 41-85,010-8510-1805,도예
1066,서태윤,74,경기도 용인시 기흥구 624-16,010-5402-4931,스키
1067,송정희,33,경상북도 김천시 551-36,010-5483-6551,유튜브 보기
1068,홍진숙,64,전라남도 목포시 722-20,010-7192-6213,배우기
1069,전말순,57,울산광역시 북구 774-5,010-4971-4462,운동
1070,이남수,70,서울특별시 강서구 724-45,010-2351-3440,봉사활동
1071,안채원,67,대구광역시 중구 873-52,010-1393-5524,퍼즐 맞추기
1072,서창수,58,서울특별시 영등포구 238-85,010-5965-2696,배우기
1073,전하진,48,성남시 분당구 정자동 465-28,010-5433-9040,스포츠 카드 수집
1074,권정순,20,대구광역시 달서구 317-63,010-2007-9636,모바일 게임 개발
1075,한승호,29,경상북도 구미시 881-69,010-6033-7085,보드게임
1076,송명훈,33,서울특별시 관악구 38-24,010-4288-3814,봉사활동
1077,정시윤,51,인천광역시 부평구 827-11,010-5709-4095,VR 게임
1078,황명숙,77,서울특별시 영등포구 941-40,010-3961-2950,골프
1079,오종수,37,서울특별시 중구 484-39,010-7804-6455,콜라주 아트
1080,이정호,49,전라북도 전주시 443-28,010-6149-2395,게임
1081,송순희,22,서울특별시 영등포구 63-76,010-2415-2491,코딩
1082,정말순,56,경상남도 창녕군 281-72,010-4702-3107,게임
1083,박준서,58,부산광역시 강서구 564-66,010-7718-3403,필라테스
1084,최병호,46,서울특별시 강남구 355-91,010-2363-9931,콜라주 아트
1085,송세호,20,서울특별시 송파구 554-47,010-9888-3968,스키
1086,안복자,51,전라남도 광양시 76-9,010-9277-3488,보드게임
1087,이태현,28,경기도 화성시 237-26,010-1357-3914,영화감상
1088,오태수,50,서울특별시 금천구 241-43,010-1761-9120,음악감상
1089,이찬우,60,경상북도 경주시 119-50,010-1430-6794,요리
1090,정순영,72,경기도 화성시 690-21,010-6390-6070,골프
1091,최순희,41,경기도 안산시 단원구 147-39,010-4123-6925,미술관 관람
1092,이윤호,74,서울특별시 종로구 250-35,010-4496-7814,보드게임
1093,홍채원,31,부천시 원미구 중동 290-80,010-8819-5517,웹서핑
1094,윤명훈,78,서울특별시 성북구 193-15,010-5012-6830,DIY
1095,임시윤,33,충청북도 청주시 730-77,010-3033-8569,운동
1096,임은숙,38,서울특별시 관악구 899-19,010-1114-8514,애니메이션 제작
1097,조명훈,69,전라북도 군산시 781-2,010-6606-5674,운동
1098,황남수,54,전라남도 광양시 346-82,010-3271-8062,벽화 그리기
1099,홍경수,60,경기도 평택시 970-42,010-7973-7818,요가
1100,최말자,72,제주시 아라동 533-24,010-2330-6214,모바일 촬영
1101,한복자,70,세종특별자치시 조치원읍 461-90,010-6689-1501,봉사활동
1102,이경수,24,대전광역시 중구 142-82,010-9106-3851,벽화 그리기
1103,송나윤,63,부산광역시 중구 955-77,010-7439-8142,배우기
1104,윤하은,48,세종특별자치시 조치원읍 593-65,010-7541-1801,헬로윈 파티 준비
1105,임진숙,35,충청북도 충주시 939-73,010-8380-4262,코딩
1106,전재영,24,대전광역시 동구 513-60,010-1714-8001,헬스
1107,신명자,56,대구광역시 북구 790-89,010-5103-6485,헬로윈 파티 준비
1108,오채원,37,경상북도 포항시 516-5,010-9792-3262,퍼즐 맞추기
1109,오형민,24,경상북도 경주시 922-84,010-7680-4701,스키
1110,홍순희,62,서울특별시 용산구 234-90,010-9367-4912,보드게임
1111,최현진,70,경기도 용인시 수지구 757-18,010-5754-8663,카페 투어
1112,김순영,77,서울특별시 강동구 703-65,010-6595-5403,디지털 콘텐츠 제작
1113,김영수,45,경기도 파주시 825-70,010-8439-4331,자원봉사
1114,권시헌,58,강원도 양양군 844-47,010-9590-2760,테니스
1115,전주원,65,전라남도 나주시는 684-34,010-2518-7605,벽화 그리기
1116,황하진,29,경상남도 통영시 155-66,010-8397-4517,웹서핑
1117,임지원,52,대전광역시 대덕구 603-98,010-6043-2717,디지털 아트
1118,이세아,44,전라남도 여수시 219-3,010-5679-7407,마인드맵 만들기
1119,신동수,25,부산광역시 동구 406-96,010-5611-2523,골프
1120,임춘희,39,충청북도 충주시 825-47,010-5353-7809,필라테스
1121,안춘희,37,부산광역시 동래구 897-87,010-6302-6731,플라워 아트
1122,한지율,39,전라북도 군산시 406-31,010-5644-5696,스트리밍
1123,권명훈,45,서울특별시 구로구 677-61,010-7860-8349,펜팔
1124,신상민,34,세종특별자치시 도담동 507-42,010-2089-8412,테니스
1125,윤다빈,69,서울특별시 노원구 642-87,010-3337-3857,배드민턴
1126,장나윤,70,경상남도 창원시 963-45,010-1138-3416,헬로윈 파티 준비
1127,이나윤,41,강원도 평창군 54-77,010-2909-3161,보드게임
1128,김태수,64,경상남도 김해시 870-8,010-7969-3686,배드민턴
1129,한지원,74,강원도 강릉시 436-61,010-2911-3125,게임 방송
1130,조상민,40,인천광역시 중구 811-33,010-9180-2349,골프
1131,신정숙,48,서울특별시 강남구 48-40,010-2125-3149,웹툰 그리기
1132,임창수,65,강원도 춘천시 686-39,010-7878-6891,피크닉
1133,정순자,43,강원도 강릉시 31-0,010-5996-4058,도예
1134,서주원,65,광주광역시 남구 432-14,010-6061-7607,스키
1135,강진호,32,경기도 고양시 덕양구 112-58,010-2279-4001,골프
1136,한찬우,42,경기도 안산시 상록구 464-70,010-2007-5092,드로잉
1137,장명숙,76,서울특별시 중랑구 430-77,010-1177-4611,명상
1138,이은숙,32,경기도 파주시 244-88,010-1085-9923,캠핑
1139,한서준,47,세종특별자치시 아름동 551-91,010-5093-5263,게임
1140,권종수,51,경기도 안양시 만안구 712-22,010-7196-6045,캠핑
1141,홍상민,25,경기도 광주시 354-36,010-3227-3570,음악감상
1142,오민서,72,부산광역시 강서구 163-16,010-3399-6148,골프
1143,임춘희,55,충청북도 충주시 108-20,010-7485-2632,필라테스
1144,조하윤,34,경상북도 안동시 261-72,010-8420-5558,디지털 일러스트
1145,이현서,79,충청북도 진천군 570-75,010-2300-3811,로봇 공학
1146,권서아,61,강원도 평창군 190-59,010-8625-8411,마인드맵 만들기
1147,최은숙,68,대구광역시 남구 329-19,010-6160-1810,등산
1148,신진숙,73,서울특별시 강서구 466-17,010-7029-4703,수영
1149,황은채,41,세종특별자치시 한솔동 631-14,010-4840-6540,운동
1150,장예은,59,경기도 시흥시 243-60,010-2013-2498,생활 해킹
1151,송상호,72,세종특별자치시 조치원읍 853-58,010-5527-3944,디지털 일러스트
1152,강현철,29,울산광역시 남구 731-98,010-5471-4567,골프
1153,장채원,76,강원도 홍천군 937-57,010-9428-1295,요리
1154,안진숙,30,인천광역시 중구 460-86,010-3975-8276,등산
1155,오정자,75,울산광역시 중구 130-45,010-7728-7994,헬스
1156,신호철,60,경기도 오산시 941-67,010-1305-7805,비즈 공예
1157,이옥희,54,서울특별시 영등포구 854-92,010-1731-2274,낚시
1158,임희정,56,부천시 상동 593-77,010-1279-7977,애니메이션 제작
1159,정지후,49,울산광역시 울주군 111-8,010-5857-8886,피크닉
1160,서하연,49,경상북도 김천시 280-54,010-9272-2201,DIY
1161,정하율,20,충청북도 청주시 398-56,010-1946-6789,비즈 공예
1162,이지원,35,서울특별시 서초구 927-82,010-2279-3832,배우기
1163,한상민,44,대구광역시 수성구 622-28,010-4611-4022,독서
1164,이숙자,26,제주시 연동 401-19,010-8843-8108,독서
1165,안서준,26,경기도 광명시 31-5,010-5437-7620,사진편집
1166,박세호,32,경기도 수원시 팔달구 143-76,010-1784-1124,집콕 놀이
1167,정정순,63,전라남도 나주시는 158-53,010-3137-2475,유튜브 보기
1168,안채원,78,서울특별시 노원구 840-62,010-3363-1831,사진편집
1169,전시헌,30,강원도 속초시 285-16,010-1322-1791,보드게임
1170,신재호,32,경상남도 사천시 946-59,010-4377-8739,코딩
1171,이정희,67,대구광역시 달성군 409-59,010-8162-7665,운동
1172,박재호,43,전라남도 순천시 826-44,010-6930-4521,보드게임
1173,서지호,68,제주시 신제주 325-73,010-1350-2432,캔들 만들기
1174,정정희,75,충청북도 충주시 504-41,010-5825-3083,미술관 관람
1175,홍기영,71,울산광역시 울주군 55-25,010-2029-1068,뜨개질
1176,홍현철,41,부산광역시 남구 579-14,010-7611-1868,애니메이션 제작
1177,강미영,22,강원도 태백시 2-42,010-7894-8740,일기 쓰기
1178,오유하,70,전라북도 익산시 885-90,010-4751-2119,등산
1179,최연희,35,인천광역시 계양구 347-65,010-5483-9922,자원봉사
1180,박종순,77,제주시 노형동 271-0,010-8842-3537,집콕 놀이
1181,안로운,60,서울특별시 영등포구 296-5,010-3623-5292,자원봉사
1182,최호철,21,울산광역시 남구 557-67,010-7903-3385,퍼즐 맞추기
1183,오민수,56,대전광역시 중구 208-91,010-1762-2866,자전거 타기
1184,최기영,49,제주시 아라동 504-43,010-5580-1570,골프
1185,강춘자,73,대전광역시 유성구 899-49,010-7529-2053,스포츠 카드 수집
1186,오지율,53,서울특별시 성북구 752-15,010-4046-4314,자원봉사
1187,이우진,32,충청남도 논산시 960-75,010-7208-3613,펜팔
1188,조채은,76,경기도 성남시 수정구 917-37,010-4464-5383,드로잉
1189,강영자,46,부산광역시 동구 640-86,010-6185-7478,테니스
1190,서정우,46,부산광역시 사하구 124-31,010-1568-9368,캠핑
1191,박성민,40,인천광역시 미추홀구 834-25,010-7886-6683,디지털 아트
1192,강예린,61,경상남도 창원시 957-53,010-1087-3524,웹툰 그리기
1193,안미영,50,서울특별시 강남구 280-94,010-2677-4185,영화감상
1194,강수빈,60,부산광역시 동구 726-81,010-6073-2350,애니메이션 제작
1195,오광호,65,서울특별시 양천구 553-0,010-2670-1071,뜨개질
1196,정춘식,71,경기도 수원시 팔달구 25-28,010-3545-5098,봉사활동
1197,황상민,54,경상남도 밀양시 830-56,010-8692-5413,음악감상
1198,서재영,27,경상남도 창원시 945-98,010-5114-7841,봉사활동
1199,강성호,39,부산광역시 사하구 933-62,010-3103-7334,디지털 사진 전시
1200,박병호,47,서울특별시 노원구 429-66,010-8466-1340,자원봉사
1201,홍재영,31,경상북도 경주시 76-94,010-2758-9234,자전거 타기
1202,김서진,44,경상남도 김해시 984-18,010-4358-1120,카페 투어
1203,조남수,55,제주시 연동 631-76,010-1111-7485,디지털 콘텐츠 제작
1204,한윤호,21,대전광역시 대덕구 586-49,010-2508-4419,벽화 그리기
1205,김성호,59,서울특별시 관악구 60-70,010-3881-1445,테니스
1206,한도윤,50,서울특별시 노원구 563-76,010-1381-4700,캘리그라피
1207,최예준,43,인천광역시 중구 346-60,010-7137-2066,피크닉
1208,황서아,60,충청남도 논산시 455-17,010-9309-8325,독서
1209,전나윤,25,인천광역시 남동구 247-40,010-5029-7581,비즈 공예
1210,윤진숙,37,대구광역시 수성구 226-57,010-6031-1346,보드게임
1211,황준호,59,경기도 화성시 614-15,010-7968-2926,스크래치 프로그램 만들기
1212,임정숙,49,서울특별시 중랑구 879-84,010-2428-2363,헬스
1213,황남수,27,제주시 신제주 678-52,010-4105-4567,수채화 그리기
1214,이예준,70,서울특별시 동작구 297-89,010-4404-3790,낚시
1215,조은채,62,서울특별시 관악구 321-23,010-4996-5672,웹서핑
1216,장정순,66,경기도 파주시 19-84,010-6766-1210,낚시
1217,장채은,36,서울특별시 마포구 70-77,010-4006-1926,웹서핑
1218,한선자,64,부산광역시 수영구 907-81,010-5339-1721,로봇 공학
1219,권복자,76,경기도 안산시 단원구 847-29,010-3420-5572,뜨개질
1220,오희정,55,부산광역시 동래구 323-81,010-2735-1675,모바일 촬영
1221,김명자,45,충청남도 공주시 337-31,010-6643-5918,자전거 타기
1222,안상호,56,서울특별시 관악구 319-4,010-2344-3933,헬스
1223,한성자,34,세종특별자치시 아름동 385-28,010-2795-7877,골프
1224,전세호,48,서울특별시 동작구 858-62,010-3406-9869,애니메이션 제작
1225,임영호,31,제주시 오라동 327-6,010-4290-9186,스포츠 카드 수집
1226,한은숙,23,부산광역시 부산진구 764-12,010-6722-1224,마인드맵 만들기
1227,안춘식,55,서울특별시 강북구 929-45,010-6023-8632,음악감상
1228,박정순,32,경기도 시흥시 26-39,010-3617-4619,디지털 사진 전시
1229,장동수,51,경상북도 경주시 224-69,010-9738-6395,스트리밍
1230,정지율,48,용인시 수지구 풍덕천동 237-90,010-4629-1454,플로리스트
1231,한춘자,33,경기도 시흥시 104-38,010-5982-9578,배드민턴
1232,윤민수,22,경상남도 거제시 469-65,010-4635-8081,VR 게임
1233,윤수빈,54,서울특별시 양천구 401-38,010-9341-7651,디지털 일러스트
1234,정하율,20,서울특별시 성동구 644-46,010-9756-9451,벽화 그리기
1235,오다은,76,경기도 용인시 기흥구 511-17,010-3611-5363,배드민턴
1236,한말순,42,대구광역시 수성구 641-26,010-3986-4996,도예
1237,송서아,32,경상남도 사천시 11-76,010-8716-6810,뜨개질
1238,강수빈,58,인천광역시 미추홀구 967-16,010-5306-3008,모바일 촬영
1239,한지한,51,경상남도 밀양시 351-0,010-8121-5723,음악감상
1240,안주아,70,대구광역시 달성군 203-67,010-3356-3137,책 클럽
1241,전준호,23,대구광역시 동구 61-59,010-6497-3616,명상
1242,임연희,22,전라남도 나주시는 431-12,010-1187-1732,골프
1243,윤하진,56,경기도 안산시 상록구 627-10,010-8271-1117,여행
1244,홍재영,38,서울특별시 강서구 921-48,010-7691-6198,캔들 만들기
1245,김동수,28,서울특별시 강북구 88-10,010-4060-4459,헬스
1246,박정우,73,김해시 장유동 721-79,010-3077-1686,낚시
1247,정윤서,38,경기도 용인시 기흥구 670-25,010-8932-9211,패션
1248,김순희,76,광주광역시 북구 674-84,010-3815-3559,필라테스
1249,임진호,37,부산광역시 해운대구 356-75,010-5009-4722,도예
1250,안채원,26,서울특별시 은평구 476-78,010-2756-7818,헬로윈 파티 준비
1251,안철수,54,서울특별시 종로구 899-82,010-1891-2249,등산
1252,조경자,76,울산광역시 북구 572-46,010-3829-8738,퍼즐 맞추기
1253,전하진,79,부산광역시 강서구 509-60,010-2489-8778,생활 해킹
1254,송은채,20,제주시 연동 871-84,010-9981-7041,독서
1255,권영호,77,강원도 태백시 345-65,010-9873-8494,디지털 사진 전시
1256,최정호,55,광주광역시 동구 264-97,010-9382-2438,뜨개질
1257,윤윤서,45,인천광역시 계양구 804-43,010-2951-2248,배드민턴
1258,장서진,52,부산광역시 서구 123-92,010-1970-3877,수영
1259,신영희,73,대구광역시 수성구 61-54,010-9725-5423,운동
1260,권재호,70,경상남도 창원시 200-34,010-3770-5568,자원봉사
1261,안윤호,73,부산광역시 사하구 432-36,010-1149-1799,낚시
1262,장지후,48,제주시 오라동 539-46,010-4639-7452,여행
1263,권옥희,20,경기도 안양시 만안구 159-78,010-4377-3597,보드게임
1264,안주아,66,서울특별시 광진구 521-3,010-3118-5504,뜨개질
1265,황은숙,79,강원도 강릉시 882-88,010-3215-6644,펜팔
1266,정성민,71,대전광역시 중구 739-55,010-4883-7987,모바일 게임 개발
1267,안하연,25,전라북도 군산시 767-58,010-4511-3713,드로잉
1268,오재훈,37,제주시 연동 570-70,010-5194-3411,책 클럽
1269,오민수,45,부산광역시 해운대구 453-14,010-9119-4463,피크닉
1270,전연희,67,인천광역시 중구 71-37,010-6810-9734,등산
1271,정미영,78,부산광역시 수영구 268-66,010-1015-7222,음악감상
1272,오민수,52,경상북도 경주시 466-10,010-6751-7193,모바일 게임 개발
1273,서미영,78,부산광역시 동래구 424-16,010-4074-7779,마인드맵 만들기
1274,조도윤,77,전라북도 전주시 644-40,010-2753-2254,시뮬레이션 게임
1275,오정희,21,대구광역시 중구 712-85,010-1151-8567,음악감상
1276,정민준,35,강원도 속초시 159-76,010-3848-2048,독서
1277,김은우,45,경상남도 김해시 855-6,010-8866-2801,로봇 공학
1278,박현철,76,세종특별자치시 한솔동 814-76,010-3522-2540,DIY
1279,황병호,75,부산광역시 기장군 360-18,010-5066-7953,DIY
1280,서영희,76,강원도 강릉시 993-66,010-6439-2441,DIY
1281,권민서,52,서울특별시 용산구 896-4,010-5372-1369,보드게임
1282,홍지한,73,울산광역시 남구 133-43,010-6018-3028,요리
1283,장다온,30,경기도 시흥시 46-11,010-8254-4332,배드민턴
1284,최형민,43,부산광역시 사상구 406-80,010-2466-1227,여행
1285,이채원,32,울산광역시 동구 746-84,010-4635-1210,시뮬레이션 게임
1286,윤만수,44,인천광역시 미추홀구 195-42,010-8057-4852,웹서핑
1287,장정우,74,강원도 강릉시 723-32,010-1199-7949,영화 제작
1288,한예준,49,경상북도 포항시 976-31,010-2631-5110,도예
1289,윤춘자,39,전라남도 나주시는 602-83,010-7278-1019,스트리트 댄스
1290,안형민,26,강원도 태백시 8-76,010-6912-4142,코딩
1291,전희정,79,부산광역시 부산진구 886-11,010-1777-5406,게임
1292,이민서,52,서울특별시 구로구 868-4,010-6957-5442,플라워 아트
1293,전정자,41,부산광역시 중구 697-17,010-4335-5057,요가
1294,한하람,67,경기도 광명시 100-43,010-9729-4811,모바일 게임 개발
1295,안지우,21,강원도 홍천군 813-25,010-4141-4481,스크래치 프로그램 만들기
1296,장현서,47,대구광역시 중구 869-80,010-8860-1040,일기 쓰기
1297,권성자,79,인천광역시 동구 770-17,010-9204-5467,웹툰 그리기
1298,최종수,79,부산광역시 기장군 208-95,010-9402-3857,웹서핑
1299,신선자,36,제주시 신제주 142-71,010-4299-3497,독서
1300,신다빈,31,서울특별시 서대문구 274-89,010-1046-2583,웹서핑
1301,안지후,41,대구광역시 중구 887-74,010-9187-8307,코딩
1302,안현서,49,세종특별자치시 도담동 751-2,010-4371-6703,배우기
1303,김윤서,48,부천시 상동 916-25,010-2712-9515,VR 게임
1304,서순영,36,서울특별시 강동구 811-49,010-3190-8131,시뮬레이션 게임
1305,오민서,77,경상남도 밀양시 338-45,010-5216-6591,드로잉
1306,황수빈,53,대구광역시 서구 134-59,010-7154-9600,DIY
1307,최남수,43,경기도 용인시 기흥구 19-74,010-4545-3429,스크래치 프로그램 만들기
1308,윤선자,64,울산광역시 남구 72-68,010-1426-5058,스포츠 카드 수집
1309,강정순,48,부산광역시 금정구 737-37,010-1961-9929,유튜브 보기
1310,조호철,29,서울특별시 마포구 885-96,010-9539-3142,디지털 아트
1311,장태윤,78,서울특별시 중랑구 515-71,010-1383-8069,사진촬영
1312,황주영,36,대구광역시 중구 625-11,010-6509-1592,모바일 촬영
1313,한경자,29,전라북도 익산시 649-37,010-3374-5914,스크래치 프로그램 만들기
1314,권재영,71,서울특별시 은평구 478-38,010-5501-5720,배드민턴
1315,조지후,34,대전광역시 대덕구 441-81,010-3084-5587,테니스
1316,한주원,57,충청남도 아산시 287-46,010-5983-3165,시뮬레이션 게임
1317,오정숙,40,인천광역시 미추홀구 860-77,010-2058-1405,유튜브 보기
1318,강명훈,34,경상남도 양산시 32-32,010-1650-2549,사진편집
1319,이순자,28,제주시 아라동 354-70,010-6414-7658,사진편집
1320,박정희,58,광주광역시 광산구 128-98,010-8695-9213,로봇 공학
1321,서숙자,45,경기도 고양시 일산동구 640-22,010-5565-5194,운동
1322,전재영,39,부산광역시 부산진구 551-52,010-5070-4258,게임
1323,한진숙,38,대전광역시 서구 967-96,010-8819-8156,애니메이션 제작
1324,권건우,47,경상남도 통영시 477-49,010-1744-7495,웹툰 그리기
1325,강혜숙,21,경상북도 포항시 92-46,010-3302-2873,로봇 공학
1326,김정희,20,서울특별시 은평구 91-46,010-1683-5602,유튜브 보기
1327,한명훈,55,충청북도 진천군 208-68,010-3157-3013,음악감상
1328,안서준,57,경상남도 양산시 928-59,010-3195-6264,플로리스트
1329,조윤서,36,부산광역시 동래구 136-12,010-4812-9193,웹툰 그리기
1330,윤기영,66,강원도 강릉시 511-51,010-3099-6133,일기 쓰기
1331,이정자,69,충청북도 충주시 804-24,010-2870-3523,봉사활동
1332,홍춘식,50,대구광역시 중구 180-1,010-5533-6570,골프
1333,한건우,35,충청남도 아산시 440-21,010-5846-5520,생활 해킹
1334,홍성자,64,경기도 평택시 12-58,010-9670-7691,스트리밍
1335,장지한,66,용인시 수지구 풍덕천동 344-93,010-5527-7411,일기 쓰기
1336,강말순,48,강원도 원주시 931-49,010-9298-3504,자전거 타기
1337,정은숙,76,경기도 광주시 834-5,010-5363-6460,헬스
1338,윤하윤,52,인천광역시 부평구 894-25,010-3702-6793,헬스
1339,박도윤,58,인천광역시 동구 121-8,010-8796-4166,수채화 그리기
1340,서예준,25,제주시 연동 269-28,010-3729-1973,필라테스
1341,박정호,32,대구광역시 중구 518-72,010-1387-4378,골프
1342,오민수,33,강원도 속초시 371-49,010-4664-2004,독서
1343,신진숙,78,부산광역시 수영구 89-95,010-3659-9420,코딩
1344,박유진,67,경기도 시흥시 343-61,010-1129-4269,요리
1345,임건우,68,서울특별시 종로구 201-78,010-9046-2223,플로리스트
1346,송지민,73,대전광역시 동구 637-63,010-8933-9901,수영
1347,이서연,67,서울특별시 영등포구 68-63,010-5598-7328,헬로윈 파티 준비
1348,박세호,49,충청남도 논산시 6-13,010-5491-1874,명상
1349,권다빈,59,서울특별시 중랑구 290-92,010-8636-1524,캘리그라피
1350,전호철,24,경상북도 포항시 249-92,010-5113-6341,골프
1351,임종순,41,대구광역시 달성군 696-66,010-9342-9894,영화감상
1352,김복희,35,강원도 원주시 772-93,010-5744-8826,뜨개질
1353,한희정,75,서울특별시 광진구 58-78,010-6862-1591,애니메이션 제작
1354,권지한,25,강원도 평창군 608-38,010-1242-5874,봉사활동
1355,오희정,74,강원도 춘천시 91-89,010-3594-9258,낚시
1356,한정희,41,서울특별시 강남구 596-81,010-2245-9657,시뮬레이션 게임
1357,정상호,66,경기도 수원시 팔달구 510-29,010-5124-3454,벽화 그리기
1358,장춘식,65,경기도 용인시 수지구 410-3,010-7556-3082,디지털 일러스트
1359,서기석,55,부산광역시 사상구 307-46,010-2863-5602,콜라주 아트
1360,김현우,69,대전광역시 대덕구 232-61,010-6158-2042,배우기
1361,한영호,55,경상북도 포항시 277-85,010-3064-3550,도예
1362,오진호,65,경기도 시흥시 838-38,010-6180-8526,마인드맵 만들기
1363,홍채원,29,서울특별시 용산구 346-80,010-5993-1837,웹툰 그리기
1364,한주영,60,인천광역시 서구 40-26,010-4888-3259,게임
1365,이희정,73,서울특별시 영등포구 62-90,010-1089-8012,패션
1366,강세아,63,서울특별시 도봉구 981-36,010-1195-5569,등산
1367,한재호,56,부산광역시 부산진구 621-33,010-4634-4181,배드민턴
1368,권나윤,36,대구광역시 중구 645-34,010-2626-8384,사진편집
1369,전준호,27,경상남도 밀양시 965-73,010-6635-9914,코딩
1370,송복자,68,인천광역시 중구 645-27,010-2292-2570,애니메이션 제작
1371,송지민,65,경기도 파주시 18-12,010-1121-4018,스크래치 프로그램 만들기
1372,송예린,63,부산광역시 남구 482-69,010-6142-5831,유튜브 보기
1373,임소율,29,강원도 양양군 203-54,010-5783-3494,디지털 아트
1374,김다빈,72,서울특별시 은평구 628-24,010-2936-1199,콜라주 아트
1375,정찬우,56,경기도 안산시 단원구 261-55,010-3229-8800,디지털 사진 전시
1376,안동수,54,강원도 홍천군 48-16,010-3027-8870,웹툰 그리기
1377,황희정,69,인천광역시 중구 961-48,010-3102-5582,자전거 타기
1378,홍정호,55,대구광역시 서구 860-56,010-5393-3220,영화감상
1379,박영희,48,제주시 신제주 730-18,010-1651-3643,사진촬영
1380,한수빈,67,인천광역시 부평구 76-61,010-2182-7041,벽화 그리기
1381,한태수,22,울산광역시 울주군 99-51,010-4779-3695,디지털 일러스트
1382,장병호,63,서울특별시 중랑구 634-48,010-6765-2924,사진촬영
1383,장채원,37,전라남도 여수시 433-56,010-5670-4160,골프
1384,서윤호,43,부산광역시 기장군 889-69,010-6713-4711,로봇 공학
1385,이유진,37,인천광역시 중구 822-91,010-5664-5216,디지털 일러스트
1386,안만수,57,부산광역시 북구 962-93,010-3957-1742,캠핑
1387,최서준,54,서울특별시 용산구 467-66,010-8326-5375,모바일 촬영
1388,임동수,64,부산광역시 사하구 920-21,010-9580-3382,게임
1389,조성자,76,울산광역시 울주군 670-44,010-6472-1210,게임 방송
1390,장형민,28,부천시 원미구 중동 278-45,010-7142-8834,미술관 관람
1391,장영수,41,울산광역시 중구 101-45,010-3187-5887,테니스
1392,윤춘희,30,부산광역시 중구 41-66,010-4474-2917,책 클럽
1393,윤기석,64,경기도 화성시 116-71,010-3126-3849,웹툰 그리기
1394,홍시윤,27,서울특별시 중구 302-9,010-9366-4852,디지털 콘텐츠 제작
1395,전주원,56,서울특별시 노원구 387-7,010-6611-3337,피크닉
1396,조명자,41,부산광역시 기장군 729-3,010-6958-3602,사진촬영
1397,최성호,78,제주시 이도이동 530-91,010-1277-7432,생활 해킹
1398,오정희,27,대전광역시 중구 512-51,010-9865-9698,디지털 사진 전시
1399,윤하진,77,대구광역시 수성구 445-51,010-5929-2561,음악감상
1400,홍춘희,42,경기도 의정부시 492-84,010-5887-5988,수채화 그리기
1401,임찬우,58,제주시 아라동 810-53,010-4905-6601,수영
1402,임태현,70,경기도 광명시 429-88,010-5710-2538,일기 쓰기
1403,김주아,60,경기도 수원시 팔달구 933-11,010-4143-9537,유튜브 보기
1404,최찬우,37,경기도 파주시 173-19,010-2592-4506,스크래치 프로그램 만들기
1405,권종순,47,인천광역시 계양구 25-96,010-9852-1819,보드게임
1406,이기영,46,경기도 수원시 팔달구 743-94,010-3901-7055,보드게임
1407,황기영,43,서울특별시 강동구 830-57,010-5382-3160,도예
1408,박말자,67,서울특별시 동대문구 959-36,010-6396-4316,캔들 만들기
1409,송수빈,33,경기도 수원시 팔달구 966-93,010-5005-3632,낚시
1410,강나윤,32,서울특별시 서초구 522-83,010-6387-2964,헬스
1411,박성호,55,강원도 춘천시 260-9,010-6740-4466,스크래치 프로그램 만들기
1412,강도윤,71,서울특별시 영등포구 935-81,010-5489-6418,낚시
1413,임수빈,43,서울특별시 금천구 575-46,010-2261-7086,스포츠 카드 수집
1414,박지원,62,대전광역시 유성구 305-6,010-4896-9552,배우기
1415,신정순,69,경기도 광주시 674-22,010-1807-1352,패션
1416,조정순,79,경기도 용인시 기흥구 384-37,010-1627-3611,캔들 만들기
1417,박하연,75,경상남도 김해시 925-25,010-8915-1590,영화감상
1418,신나윤,35,울산광역시 동구 719-6,010-1255-4557,등산
1419,홍명훈,51,부천시 원미구 중동 935-0,010-1040-6483,디지털 아트
1420,강지후,20,부산광역시 연제구 671-94,010-4715-5728,골프
1421,정찬우,32,충청북도 청주시 518-41,010-5850-3051,사진편집
1422,최춘희,30,인천광역시 연수구 642-88,010-4967-8467,사진촬영
1423,신지율,56,서울특별시 동대문구 205-93,010-1851-3436,유튜브 보기
1424,강명자,61,제주시 노형동 742-14,010-8801-3113,사진촬영
1425,김도윤,68,서울특별시 관악구 203-24,010-9455-9292,스트리트 댄스
1426,윤정순,26,대구광역시 달서구 339-50,010-7105-5641,VR 게임
1427,홍복자,61,서울특별시 영등포구 968-58,010-9309-8231,헬스
1428,신명훈,59,대구광역시 동구 651-72,010-3367-4919,영화 제작
1429,전기영,30,서울특별시 종로구 44-4,010-8832-5396,마인드맵 만들기
1430,이민준,68,경상북도 안동시 784-5,010-3874-9925,패션
1431,최하진,62,부산광역시 기장군 537-4,010-4101-6143,스트리트 댄스
1432,박동수,68,강원도 춘천시 942-44,010-8487-9282,운동
1433,조형민,21,서울특별시 서대문구 275-68,010-5955-6752,시뮬레이션 게임
1434,안성민,77,충청남도 아산시 816-64,010-7090-9178,봉사활동
1435,홍기석,36,서울특별시 관악구 919-26,010-3895-4588,캘리그라피
1436,임영일,68,세종특별자치시 조치원읍 720-9,010-9319-1773,플로리스트
1437,신세호,69,경기도 평택시 641-83,010-1132-6402,플라워 아트
1438,안정숙,30,광주광역시 서구 925-18,010-4837-5691,패션
1439,최유진,28,인천광역시 동구 628-54,010-6734-1148,필라테스
1440,최정자,45,서울특별시 송파구 428-40,010-8819-4208,독서
1441,한지율,34,성남시 분당구 정자동 676-79,010-5595-1365,피크닉
1442,신소율,38,서울특별시 서대문구 524-50,010-8697-7830,디지털 사진 전시
1443,윤다은,20,인천광역시 중구 911-91,010-5537-3511,도예
1444,서지율,78,충청남도 논산시 152-71,010-3994-7589,스포츠 카드 수집
1445,신영수,51,제주시 신제주 33-45,010-8924-6065,요가
1446,송남수,35,대구광역시 수성구 104-58,010-3832-8508,도예
1447,신재호,25,충청북도 청주시 153-93,010-1952-8599,자전거 타기
1448,오정희,45,부산광역시 기장군 287-69,010-6277-9950,퍼즐 맞추기
1449,안유진,57,인천광역시 동구 982-64,010-2543-1192,여행
1450,황주영,70,대구광역시 달성군 310-2,010-9367-5887,캠핑
1451,한주아,44,경기도 광명시 557-57,010-6008-3798,생활 해킹
1452,조종수,31,대구광역시 중구 394-42,010-8932-2118,모바일 게임 개발
1453,임명훈,32,제주시 이도이동 423-40,010-3593-3930,드로잉
1454,임명숙,23,대구광역시 북구 376-34,010-6528-9844,디지털 사진 전시
1455,박춘희,33,서울특별시 서초구 459-71,010-4060-1209,스트리트 댄스
1456,서유진,32,부산광역시 동래구 648-2,010-6186-5374,보드게임
1457,정주원,41,서울특별시 중구 507-22,010-6884-6197,게임 방송
1458,홍순희,28,부산광역시 연제구 313-82,010-6124-3522,영화감상
1459,한복자,21,서울특별시 서대문구 361-91,010-3310-6269,스트리트 댄스
1460,권재영,28,서울특별시 서초구 333-90,010-2284-3826,음악감상
1461,송서아,45,경기도 수원시 팔달구 630-78,010-6780-9559,패션
1462,장예준,78,부산광역시 금정구 100-80,010-3148-2195,플로리스트
1463,전재영,70,세종특별자치시 한솔동 242-93,010-3862-8984,테니스
1464,권지한,74,부산광역시 사상구 187-13,010-2532-4452,사진편집
1465,최서아,40,경기도 의정부시 687-61,010-9323-1256,웹툰 그리기
1466,장주아,47,광주광역시 남구 699-49,010-1457-3145,스크래치 프로그램 만들기
1467,강지호,65,충청남도 아산시 448-74,010-7048-1114,카페 투어
1468,조하은,67,인천광역시 부평구 36-83,010-5108-7167,일기 쓰기
1469,전영수,33,충청북도 청주시 334-74,010-4294-1491,사진편집
1470,박진호,26,인천광역시 부평구 309-38,010-9761-5484,마인드맵 만들기
1471,황혜숙,51,서울특별시 서초구 705-50,010-8156-2572,보드게임
1472,안광호,32,울산광역시 남구 728-9,010-9880-1128,요가
1473,전수아,69,충청남도 논산시 176-93,010-3536-2429,캘리그라피
1474,정상민,43,서울특별시 강서구 891-93,010-4532-6922,모바일 게임 개발
1475,송재훈,68,경상남도 김해시 967-22,010-6585-4569,시뮬레이션 게임
1476,임진호,23,경기도 용인시 기흥구 611-40,010-9988-4506,디지털 아트
1477,박태현,27,제주시 노형동 810-84,010-4206-4272,일기 쓰기
1478,권준서,52,경기도 용인시 수지구 193-80,010-8870-4326,자전거 타기
1479,임명숙,24,부산광역시 수영구 27-46,010-2330-3652,스트리트 댄스
1480,김재훈,43,전라북도 군산시 752-95,010-1311-1368,피크닉
1481,안춘자,71,경기도 고양시 일산동구 437-12,010-6156-2320,코딩
1482,황하윤,52,대구광역시 동구 291-37,010-5343-5710,디지털 일러스트
1483,박남수,70,대구광역시 서구 18-7,010-9069-3689,모바일 촬영
1484,장순희,55,인천광역시 계양구 759-13,010-9286-7503,비즈 공예
1485,송지원,70,경상남도 김해시 580-36,010-4407-6230,일기 쓰기
1486,권춘희,23,전라남도 목포시 74-68,010-2129-3854,사진편집
1487,서복희,75,경기도 고양시 덕양구 727-5,010-6353-1631,요가
1488,권춘식,58,대전광역시 중구 992-89,010-6910-7588,스트리밍
1489,홍재영,68,충청남도 아산시 630-62,010-3531-7237,디지털 일러스트
1490,오은채,42,제주시 신제주 110-60,010-8576-8538,벽화 그리기
1491,오혜숙,35,서울특별시 노원구 57-61,010-7479-6981,여행
1492,최순자,36,강원도 태백시 24-18,010-9723-1307,스크래치 프로그램 만들기
1493,임성자,55,서울특별시 동작구 340-42,010-3744-4779,수채화 그리기
1494,서세호,29,울산광역시 남구 886-47,010-1584-2171,독서
1495,홍남수,50,경기도 오산시 732-70,010-1947-4603,음악감상
1496,서정우,34,서울특별시 구로구 343-52,010-7286-8129,비즈 공예
1497,강종수,23,대전광역시 동구 400-3,010-8991-7353,콜라주 아트
1498,한말옥,38,경상북도 포항시 298-67,010-1187-6272,스키
1499,김정순,34,성남시 분당구 정자동 818-70,010-1683-1300,플라워 아트
1500,오현진,54,제주시 연동 350-93,010-5822-7594,영화 제작
1501,권복희,71,대전광역시 대덕구 10-96,010-8002-3677,카페 투어
1502,김예은,28,제주시 아라동 553-83,010-2425-6833,스키
1503,송승호,39,경상남도 양산시 738-93,010-5776-6705,보드게임
1504,송명숙,65,울산광역시 중구 657-77,010-4252-3342,도예
1505,전도윤,63,경상북도 경주시 976-47,010-8100-7287,요리
1506,김영호,60,부산광역시 기장군 572-85,010-5987-6751,테니스
1507,강성호,27,광주광역시 서구 132-48,010-5605-1673,퍼즐 맞추기
1508,안주아,27,서울특별시 강서구 329-2,010-9140-8417,도예
1509,박민수,74,경기도 안산시 상록구 71-74,010-5381-6314,코딩
1510,오혜숙,54,부산광역시 해운대구 466-35,010-5042-8335,뜨개질
1511,박기석,67,대전광역시 서구 482-2,010-5956-2959,자원봉사
1512,이서연,29,부산광역시 사상구 460-10,010-8609-9025,여행
1513,김태윤,34,서울특별시 구로구 155-98,010-2882-2620,보드게임
1514,박소율,55,대구광역시 남구 144-8,010-6653-9175,미술관 관람
1515,조세아,49,대전광역시 서구 430-10,010-7008-2763,비즈 공예
1516,김만수,71,경기도 안양시 만안구 761-60,010-6146-1973,스크래치 프로그램 만들기
1517,황은숙,60,제주시 이도이동 409-92,010-9755-3609,미술관 관람
1518,강혜숙,22,서울특별시 양천구 261-59,010-7505-6177,모바일 촬영
1519,최창수,55,인천광역시 남동구 701-62,010-3751-7285,웹툰 그리기
1520,최재영,28,경기도 안산시 단원구 538-95,010-6643-7163,생활 해킹
1521,조연희,70,부산광역시 부산진구 591-68,010-2662-3204,미술관 관람
1522,황윤호,24,광주광역시 동구 744-74,010-1198-3135,요리
1523,조정순,72,김해시 장유동 173-16,010-6623-8742,책 클럽
1524,임정자,37,경기도 성남시 분당구 304-28,010-9710-9178,스포츠 카드 수집
1525,장지우,52,부천시 상동 249-86,010-1875-8950,운동
1526,신상호,40,충청남도 천안시 899-57,010-4886-8542,캘리그라피
1527,서호철,62,인천광역시 계양구 803-29,010-8348-2144,자전거 타기
1528,장종순,66,전라북도 익산시 253-81,010-8707-1160,배우기
1529,황다은,63,대구광역시 달성군 195-79,010-8161-2403,로봇 공학
1530,윤시윤,32,제주시 신제주 956-80,010-5775-1959,스키
1531,박수빈,68,광주광역시 서구 956-26,010-2984-1945,플로리스트
1532,서다빈,53,경상북도 구미시 420-3,010-2101-9789,시뮬레이션 게임
1533,장진호,61,부산광역시 북구 2-53,010-1360-1682,스포츠 카드 수집
1534,서서준,61,강원도 홍천군 644-65,010-2852-7931,요리
1535,윤지한,57,울산광역시 북구 431-77,010-8283-3979,미술관 관람
1536,임상민,51,대구광역시 북구 541-45,010-3374-1329,DIY
1537,송지원,67,대구광역시 동구 13-71,010-1079-6060,패션
1538,최다은,49,대구광역시 수성구 244-33,010-7208-8166,보드게임
1539,조지원,36,부산광역시 수영구 535-22,010-7420-4006,VR 게임
1540,홍하율,60,경기도 고양시 덕양구 245-85,010-1132-2170,플로리스트
1541,홍정자,31,광주광역시 서구 204-95,010-1320-2304,웹툰 그리기
1542,권세호,77,서울특별시 강동구 737-67,010-7884-3350,영화감상
1543,윤형민,49,서울특별시 용산구 925-31,010-2799-1897,수채화 그리기
1544,신현우,61,광주광역시 북구 415-58,010-2676-2690,애니메이션 제작
1545,강복희,52,대전광역시 서구 627-74,010-1225-4166,영화감상
1546,권정호,68,인천광역시 서구 475-43,010-7050-6773,스포츠 카드 수집
1547,정진숙,24,부산광역시 부산진구 331-26,010-8248-7709,마인드맵 만들기
1548,정희정,56,용인시 수지구 풍덕천동 322-55,010-9959-6679,디지털 일러스트
1549,최경자,76,서울특별시 중랑구 354-47,010-6773-5457,캘리그라피
1550,조로운,31,서울특별시 송파구 583-60,010-2666-3980,캔들 만들기
1551,전서연,32,충청남도 천안시 695-66,010-1305-5451,뜨개질
1552,정정숙,32,부산광역시 동구 171-95,010-6988-4956,애니메이션 제작
1553,윤말순,22,서울특별시 동작구 42-80,010-7059-4777,디지털 사진 전시
1554,윤춘희,50,부산광역시 사하구 752-47,010-8612-8401,펜팔
1555,조서연,75,경상북도 안동시 454-1,010-6887-2705,웹서핑
1556,황경수,29,충청북도 충주시 871-1,010-5349-5087,드로잉
1557,이유하,56,대전광역시 서구 457-80,010-1231-2401,영화감상
1558,오춘희,41,용인시 수지구 풍덕천동 416-49,010-2422-2324,DIY
1559,홍춘희,69,인천광역시 서구 79-14,010-9619-6984,게임
1560,송현철,62,서울특별시 광진구 684-82,010-5149-7075,수채화 그리기
1561,장정자,70,부산광역시 부산진구 474-3,010-7711-4886,로봇 공학
1562,송복자,74,경상남도 진주시 543-81,010-5071-5085,자전거 타기
1563,정미영,70,경기도 고양시 덕양구 811-49,010-3614-1625,스크래치 프로그램 만들기
1564,장정순,53,충청남도 천안시 532-82,010-1129-1088,보드게임
1565,임재훈,72,경기도 파주시 68-15,010-6232-5032,테니스
1566,서지후,65,경상남도 통영시 290-77,010-8267-5457,영화 제작
1567,한광호,40,부산광역시 금정구 711-47,010-4853-8752,골프
1568,임민준,54,제주시 아라동 825-68,010-7310-9553,피크닉
1569,황수빈,68,경기도 오산시 45-21,010-3713-6220,스포츠 카드 수집
1570,권시윤,61,충청북도 진천군 705-77,010-6761-7494,보드게임
1571,신태수,44,인천광역시 남동구 335-87,010-9799-1992,낚시
1572,전정우,41,강원도 춘천시 622-27,010-7955-8981,마인드맵 만들기
1573,송세호,40,경상북도 경주시 820-4,010-7191-9626,운동
1574,신지우,33,경상남도 진주시 749-6,010-3668-8516,카페 투어
1575,오영일,39,강원도 원주시 592-50,010-3691-1072,생활 해킹
1576,박재훈,73,경상남도 밀양시 946-50,010-5015-4953,배우기
1577,한주원,62,대전광역시 중구 770-10,010-5977-2612,스트리트 댄스
1578,임태윤,35,부산광역시 북구 416-2,010-4014-8934,헬스
1579,황수아,43,울산광역시 중구 483-13,010-5854-8989,플로리스트
1580,신윤호,33,세종특별자치시 한솔동 487-70,010-9181-5373,영화 제작
1581,강현우,29,울산광역시 중구 884-9,010-8893-4136,자전거 타기
1582,최명자,59,대전광역시 중구 810-12,010-1354-5991,콜라주 아트
1583,홍순희,59,경기도 광주시 849-79,010-1853-7338,애니메이션 제작
1584,신철수,73,강원도 춘천시 301-27,010-5774-8501,자전거 타기
1585,최순영,35,대구광역시 수성구 852-65,010-8188-3990,낚시
1586,서진호,64,경기도 안양시 동안구 798-38,010-6562-5601,명상
1587,김승호,73,경상남도 거제시 865-60,010-7359-8100,콜라주 아트
1588,전민수,27,인천광역시 부평구 556-29,010-7287-7746,수채화 그리기
1589,송선자,39,경상남도 김해시 93-64,010-4395-1732,미술관 관람
1590,강기영,78,서울특별시 중랑구 239-44,010-4367-5484,스크래치 프로그램 만들기
1591,송은숙,20,서울특별시 관악구 401-15,010-3029-4122,VR 게임
1592,안하연,60,경기도 용인시 수지구 731-91,010-3427-3921,모바일 게임 개발
1593,최서연,74,전라남도 광양시 667-5,010-2275-8865,로봇 공학
1594,강상민,67,전라남도 목포시 852-2,010-5577-3635,마인드맵 만들기
1595,한선자,61,세종특별자치시 조치원읍 757-44,010-8574-3228,디지털 아트
1596,권춘희,53,서울특별시 중랑구 492-12,010-4707-4123,펜팔
1597,윤정자,56,경상남도 사천시 987-28,010-3850-2992,도예
1598,최도윤,79,인천광역시 연수구 325-4,010-1399-5420,운동
1599,강준호,45,대구광역시 수성구 930-89,010-6221-8546,DIY
1600,안하람,79,서울특별시 중구 85-64,010-4052-6693,보드게임
1601,송채원,28,광주광역시 동구 259-69,010-1458-5591,웹서핑
1602,임영호,30,경기도 용인시 처인구 483-93,010-2568-4400,디지털 일러스트
1603,최윤서,78,서울특별시 은평구 110-83,010-7381-8367,플라워 아트
1604,한현진,51,제주시 오라동 51-72,010-4449-9594,스포츠 카드 수집
1605,권춘식,72,부산광역시 부산진구 162-22,010-3298-8096,낚시
1606,전하연,73,경기도 평택시 965-65,010-5937-8696,필라테스
1607,임진호,60,제주시 노형동 141-22,010-3183-5183,미술관 관람
1608,정창수,64,서울특별시 강남구 311-56,010-4523-4015,코딩
1609,강형민,49,부천시 원미구 중동 327-98,010-8074-1967,디지털 아트
1610,조기석,36,인천광역시 부평구 223-80,010-1537-1730,책 클럽
1611,한영일,32,울산광역시 북구 672-24,010-4530-3918,집콕 놀이
1612,권옥희,30,부산광역시 서구 26-92,010-8116-8103,VR 게임
1613,홍로운,63,충청남도 천안시 97-58,010-4380-3812,캔들 만들기
1614,정지민,30,부산광역시 강서구 842-34,010-9282-3964,코딩
1615,장도윤,76,충청남도 천안시 129-17,010-6723-3081,필라테스
1616,임주원,27,대구광역시 남구 464-85,010-4923-4319,스크래치 프로그램 만들기
1617,안지우,75,부산광역시 연제구 921-9,010-6728-4457,운동
1618,서예린,77,인천광역시 연수구 469-38,010-3610-6335,명상
1619,장광호,78,경기도 의정부시 604-36,010-9766-4170,요가
1620,임상민,48,서울특별시 금천구 307-11,010-3484-4235,영화 제작
1621,전세호,42,서울특별시 영등포구 505-47,010-2855-5815,DIY
1622,강호철,68,서울특별시 성동구 297-48,010-1330-7550,보드게임
1623,신다빈,50,강원도 홍천군 645-67,010-9949-5023,여행
1624,김병호,42,경기도 화성시 409-8,010-7286-9890,보드게임
1625,정은우,57,제주시 노형동 828-42,010-7932-3829,스트리트 댄스
1626,안은우,30,경기도 평택시 403-5,010-1614-3000,시뮬레이션 게임
1627,김경수,64,울산광역시 북구 593-16,010-4271-8187,음악감상
1628,황유하,33,서울특별시 중랑구 235-81,010-8106-3430,콜라주 아트
1629,김시우,33,세종특별자치시 도담동 371-9,010-1046-3794,퍼즐 맞추기
1630,안복자,77,서울특별시 종로구 110-7,010-7014-9779,책 클럽
1631,오찬우,75,전라북도 전주시 866-43,010-3612-5112,DIY
1632,오지우,61,대전광역시 유성구 19-6,010-8057-2575,카페 투어
1633,한철수,42,서울특별시 서초구 265-15,010-1218-3885,책 클럽
1634,송미영,38,용인시 수지구 풍덕천동 225-90,010-4131-9491,헬로윈 파티 준비
1635,황형민,43,광주광역시 북구 667-53,010-3215-9948,게임
1636,윤예준,20,서울특별시 용산구 46-75,010-3927-3890,VR 게임
1637,장주아,66,경기도 군포시 690-48,010-5241-1570,생활 해킹
1638,정수아,23,인천광역시 남동구 180-43,010-2900-4547,자전거 타기
1639,권복자,77,서울특별시 노원구 454-58,010-2620-2923,봉사활동
1640,정경자,47,경기도 용인시 기흥구 887-4,010-2486-5597,여행
1641,김호철,71,강원도 평창군 263-57,010-3740-8126,스크래치 프로그램 만들기
1642,서하람,54,전라북도 군산시 878-12,010-4802-6642,배우기
1643,조순자,52,대구광역시 수성구 511-10,010-8387-3813,디지털 콘텐츠 제작
1644,조태현,40,인천광역시 부평구 835-16,010-9613-4821,게임 방송
1645,박순희,49,부산광역시 부산진구 909-48,010-1328-7085,카페 투어
1646,서지호,76,경기도 광주시 101-36,010-2202-9368,웹서핑
1647,전도윤,38,부산광역시 기장군 323-36,010-8572-4208,스크래치 프로그램 만들기
1648,정민서,55,서울특별시 서대문구 724-27,010-1890-6147,디지털 일러스트
1649,오시우,25,경상북도 안동시 372-19,010-6807-1987,도예
1650,조지호,50,세종특별자치시 한솔동 477-75,010-9507-2914,애니메이션 제작
1651,송혜숙,73,대전광역시 대덕구 887-63,010-9477-6536,등산
1652,신기영,23,경상북도 포항시 404-57,010-7444-1467,패션
1653,윤하은,55,경기도 평택시 671-15,010-2859-2953,책 클럽
1654,최경수,75,대전광역시 중구 244-53,010-7959-8075,보드게임
1655,이현우,63,경기도 용인시 처인구 106-56,010-2697-3309,요리
1656,전광호,39,인천광역시 연수구 459-89,010-8397-3461,명상
1657,이미영,61,경기도 성남시 분당구 437-86,010-8209-3082,VR 게임
1658,임상민,22,서울특별시 성북구 838-87,010-9926-7981,집콕 놀이
1659,조민준,40,서울특별시 중랑구 144-59,010-3522-1013,스크래치 프로그램 만들기
1660,박주원,22,서울특별시 마포구 16-91,010-1215-7305,여행
1661,안상호,36,세종특별자치시 도담동 649-44,010-3949-6942,요리
1662,조정자,41,충청북도 충주시 128-36,010-3312-2824,게임
1663,안소율,23,제주시 노형동 922-87,010-4041-3595,모바일 게임 개발
1664,임세아,24,경기도 오산시 451-30,010-6941-5846,펜팔
1665,한태현,73,대구광역시 동구 297-78,010-4346-5933,자전거 타기
1666,안말옥,58,인천광역시 중구 308-14,010-4147-3248,플로리스트
1667,조말자,78,제주시 연동 435-30,010-8756-7558,시뮬레이션 게임
1668,장로운,23,경기도 안양시 만안구 245-1,010-2084-5811,플로리스트
1669,전하진,76,부산광역시 강서구 94-52,010-5988-7103,미술관 관람
1670,전재훈,57,광주광역시 북구 704-24,010-6109-9284,영화감상
1671,강윤호,38,경기도 용인시 기흥구 641-14,010-7601-4382,스트리트 댄스
1672,조채은,49,울산광역시 울주군 581-79,010-2194-9865,생활 해킹
1673,장창수,66,대전광역시 유성구 970-23,010-2344-5107,애니메이션 제작
1674,송수빈,75,강원도 동해시 686-60,010-3578-6022,집콕 놀이
1675,최호철,46,대전광역시 중구 237-18,010-8713-8844,헬로윈 파티 준비
1676,강순자,58,부산광역시 사상구 134-45,010-9295-9239,자원봉사
1677,윤춘희,53,경기도 안산시 상록구 268-2,010-6434-2061,등산
1678,장현철,24,서울특별시 양천구 732-8,010-5066-3774,사진편집
1679,조주원,22,부산광역시 강서구 47-45,010-7544-6248,로봇 공학
1680,윤성민,75,충청북도 진천군 265-64,010-7219-4167,독서
1681,박세아,57,경상북도 안동시 152-27,010-6304-1436,등산
1682,이수아,35,강원도 평창군 660-11,010-9588-5755,수영
1683,신태수,63,경기도 수원시 장안구 757-78,010-4499-9528,수영
1684,송예준,20,경기도 수원시 장안구 846-86,010-9984-5648,낚시
1685,서지율,55,서울특별시 금천구 191-21,010-2791-5492,사진촬영
1686,강성민,70,경기도 안산시 단원구 857-32,010-3870-7635,플라워 아트
1687,윤수아,41,대구광역시 북구 504-12,010-2153-6838,플로리스트
1688,조혜숙,52,세종특별자치시 조치원읍 752-52,010-7592-6492,모바일 게임 개발
1689,장동수,28,부산광역시 동래구 797-42,010-4852-6352,집콕 놀이
1690,장상호,45,전라남도 광양시 529-83,010-4841-8017,드로잉
1691,윤지호,21,충청남도 천안시 459-73,010-3782-3994,게임
1692,정남수,35,세종특별자치시 조치원읍 819-50,010-5232-7180,보드게임
1693,박기영,63,대구광역시 북구 80-96,010-5053-3908,일기 쓰기
1694,신하람,28,부산광역시 강서구 790-26,010-7999-9096,요리
1695,윤소율,28,대전광역시 유성구 725-55,010-9781-9297,요리
1696,윤기석,61,서울특별시 광진구 329-31,010-3246-2994,요리
1697,이소율,59,경기도 오산시 217-1,010-2712-3689,뜨개질
1698,서정순,42,충청남도 논산시 33-41,010-7591-4791,자전거 타기
1699,서나윤,44,부산광역시 서구 273-45,010-5333-5638,배우기
1700,권지율,32,경기도 평택시 612-22,010-5392-7367,모바일 게임 개발
1701,임지율,61,김해시 장유동 486-73,010-3571-8560,패션
1702,권만수,56,부산광역시 동래구 982-73,010-5012-1844,골프
1703,신민준,42,인천광역시 서구 237-94,010-3519-4343,디지털 일러스트
1704,신하윤,74,경기도 고양시 일산동구 220-30,010-7095-4973,펜팔
1705,서다빈,37,인천광역시 남동구 865-53,010-1236-9044,스포츠 카드 수집
1706,안주원,69,제주시 노형동 282-25,010-4986-8629,패션
1707,이선자,67,서울특별시 강북구 909-91,010-2670-2954,디지털 콘텐츠 제작
1708,윤수빈,68,부산광역시 수영구 469-93,010-3867-9205,명상
1709,윤정희,34,경상북도 안동시 341-17,010-6994-1578,로봇 공학
1710,박정호,40,부산광역시 금정구 809-26,010-1329-6468,펜팔
1711,송재영,27,경기도 용인시 기흥구 341-96,010-8038-2352,디지털 아트
1712,한정숙,46,서울특별시 강남구 797-72,010-6455-6781,캘리그라피
1713,서말자,50,대구광역시 서구 34-84,010-7245-3084,디지털 일러스트
1714,권민서,48,경기도 고양시 덕양구 781-39,010-9774-9217,자전거 타기
1715,전말옥,47,광주광역시 동구 82-10,010-1249-7857,수채화 그리기
1716,전윤호,59,경기도 평택시 563-27,010-2999-2892,독서
1717,전정자,31,경기도 안양시 만안구 91-91,010-2867-5510,명상
1718,이수아,30,충청북도 청주시 441-47,010-2415-2061,책 클럽
1719,조성자,50,대구광역시 북구 586-11,010-3222-6321,헬스
1720,박도윤,44,부산광역시 서구 478-72,010-8399-1127,디지털 사진 전시
1721,이복자,40,대구광역시 서구 238-25,010-5588-4415,로봇 공학
1722,신우진,69,부산광역시 북구 967-59,010-5038-9957,피크닉
1723,서지후,50,서울특별시 은평구 413-49,010-7684-4499,헬로윈 파티 준비
1724,안병호,68,강원도 강릉시 153-73,010-7832-8552,사진편집
1725,전채은,48,경기도 수원시 팔달구 145-97,010-1919-7667,카페 투어
1726,장지민,54,경상북도 안동시 430-93,010-6282-5933,골프
1727,강선자,35,전라북도 익산시 328-20,010-8664-2525,음악감상
1728,신정희,75,전라남도 여수시 326-61,010-2214-3795,수영
1729,김하은,35,서울특별시 성동구 909-44,010-1334-9687,수영
1730,윤영희,46,경기도 성남시 분당구 424-85,010-2633-2415,게임
1731,신기석,29,경상남도 밀양시 458-30,010-9682-7866,유튜브 보기
1732,김예린,24,대전광역시 서구 239-23,010-4100-7468,캘리그라피
1733,장서아,77,부산광역시 부산진구 6-24,010-1086-9469,VR 게임
1734,오민서,47,전라남도 목포시 979-44,010-6633-3955,디지털 콘텐츠 제작
1735,황하은,69,제주시 노형동 199-50,010-3789-9286,콜라주 아트
1736,임지후,74,전라남도 목포시 562-61,010-6027-1215,보드게임
1737,강남수,51,경기도 수원시 팔달구 590-31,010-6986-8426,요가
1738,서형민,61,서울특별시 은평구 817-41,010-2568-4632,캘리그라피
1739,최동수,74,서울특별시 중랑구 618-72,010-2287-1399,디지털 사진 전시
1740,신성호,42,김해시 장유동 710-82,010-3344-3400,보드게임
1741,이수빈,60,경기도 용인시 처인구 323-61,010-7601-6518,디지털 일러스트
1742,오승호,58,인천광역시 연수구 328-50,010-4953-7530,캔들 만들기
1743,강윤호,78,충청남도 아산시 271-89,010-9015-6368,헬스
1744,이민서,33,경기도 용인시 기흥구 160-85,010-9765-4603,헬로윈 파티 준비
1745,권윤서,54,인천광역시 연수구 216-65,010-2173-7259,수채화 그리기
1746,한동수,37,서울특별시 노원구 529-92,010-2409-1997,사진촬영
1747,박현철,38,경기도 평택시 554-86,010-2318-3779,스포츠 카드 수집
1748,서유진,65,대전광역시 유성구 803-17,010-4625-8837,집콕 놀이
1749,김하은,45,부산광역시 해운대구 821-26,010-8367-8288,마인드맵 만들기
1750,신복희,72,전라북도 군산시 624-39,010-4986-8746,콜라주 아트
1751,이성자,26,경기도 안산시 단원구 524-78,010-5064-6703,디지털 사진 전시
1752,안지우,51,경기도 용인시 기흥구 155-87,010-8043-9652,자원봉사
1753,강서준,52,인천광역시 남동구 113-80,010-6825-4702,캘리그라피
1754,장채은,66,대구광역시 서구 373-13,010-9855-2753,뜨개질
1755,이세아,32,부산광역시 북구 504-75,010-5732-9671,캠핑
1756,황민준,78,서울특별시 중구 451-93,010-2836-6515,시뮬레이션 게임
1757,정세아,61,인천광역시 서구 950-53,010-8708-1932,독서
1758,전하윤,26,서울특별시 광진구 908-42,010-1640-5159,모바일 촬영
1759,강하연,64,서울특별시 강서구 807-9,010-5009-3668,디지털 사진 전시
1760,전나윤,66,대구광역시 북구 43-36,010-3476-9241,시뮬레이션 게임
1761,박다빈,53,부산광역시 해운대구 486-93,010-2210-2352,콜라주 아트
1762,윤춘식,54,세종특별자치시 도담동 31-94,010-1255-5056,낚시
1763,장지후,20,경기도 용인시 수지구 497-11,010-7714-3540,로봇 공학
1764,최찬우,73,서울특별시 중구 338-93,010-7535-1788,낚시
1765,윤나윤,20,서울특별시 강남구 617-90,010-5301-1398,생활 해킹
1766,신시우,64,인천광역시 동구 186-71,010-7427-2368,웹서핑
1767,최성자,25,강원도 동해시 311-79,010-8084-2084,필라테스
1768,안만수,22,서울특별시 마포구 685-39,010-8528-5177,플로리스트
1769,신복자,66,부산광역시 강서구 10-59,010-2608-5861,펜팔
1770,홍예은,47,인천광역시 남동구 578-76,010-4684-1606,플로리스트
1771,송현진,61,충청북도 진천군 873-97,010-3543-5747,웹서핑
1772,오정순,53,전라북도 군산시 53-46,010-4054-4566,수채화 그리기
1773,한은숙,35,경상북도 구미시 835-76,010-8213-3959,필라테스
1774,정기석,27,광주광역시 광산구 211-26,010-6400-7065,디지털 일러스트
1775,홍준서,70,전라남도 광양시 925-71,010-1458-2073,책 클럽
1776,권서준,38,강원도 동해시 711-95,010-3013-6467,유튜브 보기
1777,최태윤,29,충청북도 충주시 720-67,010-5080-9712,운동
1778,최민서,57,대구광역시 동구 714-34,010-6188-4270,도예
1779,윤찬우,51,제주시 오라동 294-33,010-1403-4559,펜팔
1780,한지후,25,부산광역시 북구 745-2,010-6383-7493,모바일 게임 개발
1781,박순희,31,광주광역시 동구 660-94,010-5172-3914,명상
1782,홍주원,54,경상북도 안동시 758-37,010-5638-1802,스키
1783,황다온,54,서울특별시 강동구 713-86,010-7862-4087,애니메이션 제작
1784,서은채,65,충청남도 아산시 25-90,010-1371-8876,디지털 사진 전시
1785,조하연,43,인천광역시 동구 202-68,010-5187-7535,디지털 콘텐츠 제작
1786,조순자,58,대전광역시 대덕구 289-85,010-3210-6836,사진편집
1787,임수아,26,서울특별시 강서구 857-41,010-3301-9734,패션
1788,이다은,28,강원도 태백시 669-44,010-7078-6998,자전거 타기
1789,서소율,40,울산광역시 동구 30-36,010-2178-6687,스포츠 카드 수집
1790,최재호,70,서울특별시 관악구 808-57,010-8218-1621,애니메이션 제작
1791,박민수,30,경기도 수원시 장안구 867-89,010-4160-4888,영화 제작
1792,황정자,79,부산광역시 강서구 601-26,010-2896-6469,배드민턴
1793,김시헌,33,경상남도 사천시 281-58,010-4326-3764,뜨개질
1794,홍기석,65,서울특별시 관악구 728-49,010-2562-9524,유튜브 보기
1795,신세호,61,용인시 수지구 풍덕천동 921-10,010-3446-4964,패션
1796,한승호,30,서울특별시 관악구 248-38,010-8105-8365,영화감상
1797,권철수,63,경상남도 창녕군 507-29,010-8208-6419,유튜브 보기
1798,안시우,45,전라남도 여수시 418-75,010-4123-8628,낚시
1799,전만수,67,서울특별시 용산구 982-26,010-8100-1072,펜팔
1800,홍복희,77,서울특별시 영등포구 195-87,010-2365-3122,독서
1801,강서아,25,울산광역시 중구 19-61,010-9872-9077,스포츠 카드 수집
1802,안재영,46,서울특별시 강남구 767-33,010-6816-4000,스트리밍
1803,윤춘식,52,충청북도 진천군 14-5,010-5051-7111,헬스
1804,전서연,48,강원도 평창군 818-27,010-1565-2816,웹툰 그리기
1805,송수빈,48,전라북도 군산시 322-72,010-1624-8950,스트리트 댄스
1806,최성자,51,강원도 양양군 305-79,010-3567-2969,코딩
1807,조나윤,44,충청북도 충주시 622-36,010-5072-8706,스트리밍
1808,장정자,60,광주광역시 북구 739-54,010-4296-4116,생활 해킹
1809,황예은,25,전라남도 목포시 795-7,010-9639-5548,사진촬영
1810,서지민,54,서울특별시 서대문구 676-62,010-6393-6781,수영
1811,한민준,31,서울특별시 종로구 642-70,010-9607-6308,봉사활동
1812,송하윤,44,제주시 아라동 889-39,010-2264-5930,필라테스
1813,임윤호,40,강원도 양양군 906-41,010-7992-7907,여행
1814,신민수,57,제주시 노형동 124-54,010-1236-9668,애니메이션 제작
1815,신윤서,54,경기도 화성시 975-51,010-6361-9505,필라테스
1816,강태윤,47,부산광역시 부산진구 855-37,010-9000-9287,집콕 놀이
1817,신영일,43,부산광역시 부산진구 707-78,010-6514-1048,퍼즐 맞추기
1818,안병호,56,전라남도 순천시 985-43,010-6912-4206,자원봉사
1819,전서아,65,인천광역시 동구 823-28,010-1247-2457,스포츠 카드 수집
1820,임하진,22,서울특별시 강서구 293-70,010-5701-2994,로봇 공학
1821,황재호,60,경상남도 진주시 540-96,010-3387-4348,생활 해킹
1822,오유진,20,광주광역시 동구 839-11,010-3736-5264,요리
1823,서현진,74,울산광역시 남구 34-79,010-6022-4968,캔들 만들기
1824,최영희,52,부천시 원미구 중동 51-63,010-2963-5901,DIY
1825,신기석,47,인천광역시 연수구 55-63,010-7576-9050,등산
1826,오다빈,28,세종특별자치시 조치원읍 319-65,010-1082-5568,요리
1827,장정호,65,서울특별시 도봉구 87-48,010-2837-7520,스포츠 카드 수집
1828,강채은,56,서울특별시 강동구 235-67,010-8995-7841,배드민턴
1829,권성민,76,대구광역시 동구 691-68,010-8704-5803,미술관 관람
1830,정현서,72,경상남도 창원시 816-60,010-3417-5766,미술관 관람
1831,서정우,66,경상북도 포항시 647-82,010-8092-6747,웹툰 그리기
1832,조시윤,32,대전광역시 중구 419-92,010-6395-5993,미술관 관람
1833,장호철,24,부산광역시 북구 930-86,010-9688-3921,영화 제작
1834,오명훈,36,울산광역시 북구 519-48,010-6330-6669,플라워 아트
1835,김소율,68,경기도 의정부시 399-22,010-2302-9915,유튜브 보기
1836,송창수,31,강원도 동해시 452-72,010-6598-5559,필라테스
1837,권남수,41,강원도 평창군 852-33,010-9457-3346,요리
1838,박주영,66,제주시 신제주 183-27,010-2926-9625,플라워 아트
1839,안서연,24,서울특별시 동대문구 98-25,010-6424-7131,명상
1840,임태윤,52,광주광역시 남구 454-74,010-8796-9349,피크닉
1841,한정순,67,강원도 강릉시 315-23,010-3272-3991,독서
1842,안다빈,38,인천광역시 연수구 876-11,010-8190-2218,VR 게임
1843,전만수,62,대구광역시 달성군 368-19,010-7212-6914,디지털 사진 전시
1844,서남수,24,부산광역시 동구 665-95,010-4644-9822,명상
1845,서지원,31,강원도 동해시 286-78,010-6372-5829,패션
1846,신기석,24,서울특별시 중구 721-86,010-4380-8504,뜨개질
1847,권민준,21,경기도 고양시 덕양구 957-39,010-2792-3918,도예
1848,이지호,76,제주시 노형동 140-41,010-1632-6821,영화감상
1849,윤말옥,35,경상북도 김천시 62-15,010-4631-8034,카페 투어
1850,이종수,43,전라남도 광양시 456-90,010-2888-2577,스키
1851,권선자,20,서울특별시 강남구 775-15,010-6996-7918,게임
1852,홍상호,77,제주시 연동 728-31,010-3625-6629,로봇 공학
1853,임현서,68,대구광역시 남구 264-53,010-1758-1370,스키
1854,한로운,25,경기도 용인시 처인구 38-57,010-6113-1448,도예
1855,윤채은,43,세종특별자치시 한솔동 659-45,010-8987-5388,디지털 일러스트
1856,황로운,60,서울특별시 도봉구 963-39,010-2396-4106,스트리트 댄스
1857,이지민,72,인천광역시 미추홀구 193-62,010-2378-2996,모바일 촬영
1858,권태현,27,인천광역시 연수구 726-94,010-9391-1047,로봇 공학
1859,신철수,40,경기도 시흥시 773-40,010-2952-1906,운동
1860,황시헌,21,경기도 의정부시 486-1,010-6164-3919,운동
1861,한현서,56,울산광역시 울주군 605-7,010-4283-2328,시뮬레이션 게임
1862,송지우,71,경상남도 창원시 246-17,010-9045-7375,시뮬레이션 게임
1863,송현철,60,서울특별시 노원구 364-84,010-5036-1763,요리
1864,장세아,65,경기도 오산시 816-95,010-2241-6256,캘리그라피
1865,홍다온,63,부천시 원미구 중동 489-0,010-9490-2595,비즈 공예
1866,김정자,51,충청남도 공주시 289-94,010-5715-3878,미술관 관람
1867,강정숙,57,서울특별시 송파구 217-81,010-4958-8125,스크래치 프로그램 만들기
1868,권지우,47,경기도 고양시 덕양구 324-44,010-8576-9801,캠핑
1869,조경자,79,대구광역시 중구 921-15,010-4399-3437,모바일 촬영
1870,김지민,71,부산광역시 부산진구 342-64,010-3612-3210,영화 제작
1871,서하진,33,대구광역시 달성군 518-25,010-3499-7908,디지털 아트
1872,이재영,57,대전광역시 중구 192-25,010-4700-8576,자전거 타기
1873,임나윤,47,세종특별자치시 아름동 774-78,010-3852-4617,로봇 공학
1874,송명자,54,부산광역시 북구 503-48,010-3868-7140,비즈 공예
1875,임상호,43,강원도 원주시 67-90,010-7367-2114,봉사활동
1876,서경수,31,세종특별자치시 도담동 22-45,010-3908-5440,도예
1877,윤민준,62,부천시 상동 752-92,010-6457-5438,헬로윈 파티 준비
1878,박기석,33,울산광역시 북구 81-16,010-4870-1799,스크래치 프로그램 만들기
1879,송정순,55,대전광역시 유성구 529-60,010-9412-6981,모바일 게임 개발
1880,박명훈,52,경기도 군포시 94-75,010-9205-9167,플로리스트
1881,권다은,35,대전광역시 동구 116-11,010-9040-5637,스트리트 댄스
1882,정정순,28,경기도 수원시 장안구 819-67,010-2652-3994,코딩
1883,오기석,68,인천광역시 미추홀구 113-81,010-6145-2976,도예
1884,송서진,76,서울특별시 광진구 710-89,010-9387-5561,자전거 타기
1885,장상민,34,대구광역시 달서구 209-98,010-6546-1947,자원봉사
1886,장영호,21,경기도 안양시 동안구 961-37,010-7239-8628,피크닉
1887,권민수,34,부산광역시 북구 723-95,010-3470-4557,퍼즐 맞추기
1888,강서진,76,대전광역시 동구 442-4,010-3308-6172,게임
1889,서재영,70,서울특별시 금천구 705-27,010-3827-5736,자원봉사
1890,전만수,58,경기도 안양시 만안구 800-21,010-5952-5759,스트리트 댄스
1891,황태윤,26,경상남도 밀양시 187-2,010-2798-1826,요리
1892,김예은,28,광주광역시 광산구 317-68,010-4956-7903,모바일 게임 개발
1893,최경자,51,부산광역시 부산진구 315-18,010-7202-8040,영화감상
1894,황정우,79,울산광역시 남구 499-17,010-5175-4302,플라워 아트
1895,이영자,53,광주광역시 광산구 217-21,010-5237-6778,캠핑
1896,안기영,66,울산광역시 중구 164-0,010-5151-6286,스트리트 댄스
1897,장윤호,62,부산광역시 서구 59-95,010-5389-6953,마인드맵 만들기
1898,서현철,48,부산광역시 강서구 657-76,010-1043-1531,퍼즐 맞추기
1899,황하율,62,경기도 오산시 879-6,010-1555-5791,생활 해킹
1900,임태윤,67,경상남도 창원시 529-14,010-3075-7920,패션
1901,홍세아,42,서울특별시 강남구 249-46,010-8508-4549,캘리그라피
1902,김승호,44,부산광역시 동래구 602-75,010-1803-2691,로봇 공학
1903,신태현,59,강원도 춘천시 675-71,010-6145-3062,캠핑
1904,전시우,27,부산광역시 금정구 814-38,010-1581-2492,명상
1905,오현서,45,울산광역시 동구 898-56,010-5699-3121,모바일 촬영
1906,권준호,49,경기도 광주시 868-74,010-5603-4052,카페 투어
1907,이말순,58,전라남도 나주시는 552-2,010-7866-7419,일기 쓰기
1908,장성자,65,경기도 군포시 637-73,010-3750-8584,코딩
1909,한현우,36,대전광역시 동구 278-44,010-7221-5767,집콕 놀이
1910,장우진,58,부산광역시 동래구 656-8,010-5010-3761,테니스
1911,윤혜숙,42,제주시 연동 588-74,010-9269-2510,스크래치 프로그램 만들기
1912,안재영,76,경상남도 사천시 462-72,010-7815-6923,비즈 공예
1913,강태수,47,제주시 신제주 150-16,010-5694-3120,스포츠 카드 수집
1914,조지우,71,강원도 태백시 519-46,010-7370-9220,테니스
1915,최찬우,21,인천광역시 중구 460-1,010-1705-7332,모바일 촬영
1916,정성호,35,경기도 평택시 894-21,010-9530-4044,사진촬영
1917,권지후,73,제주시 신제주 205-95,010-1841-2237,게임
1918,송도윤,68,인천광역시 동구 497-74,010-1808-4516,테니스
1919,한준호,38,부산광역시 해운대구 27-88,010-1448-3578,낚시
1920,이태윤,38,부산광역시 기장군 505-68,010-1505-9100,스트리밍
1921,윤주아,38,제주시 연동 828-50,010-3467-3295,카페 투어
1922,전말순,65,대구광역시 중구 117-63,010-7119-2608,게임
1923,윤종순,29,전라북도 익산시 757-44,010-4720-6598,캠핑
1924,임민준,42,충청남도 천안시 967-11,010-7420-5928,보드게임
1925,홍종수,62,부산광역시 영도구 908-47,010-6390-3188,코딩
1926,오로운,63,전라북도 군산시 91-19,010-3247-9652,플라워 아트
1927,홍로운,34,강원도 춘천시 912-22,010-7719-1536,영화 제작
1928,강소율,27,서울특별시 성동구 567-69,010-6070-5443,코딩
1929,임병호,49,경상남도 사천시 234-84,010-5945-3436,여행
1930,조예준,59,대구광역시 북구 930-35,010-1810-4939,낚시
1931,오서진,40,제주시 아라동 224-18,010-9575-8736,유튜브 보기
1932,윤준서,43,대구광역시 달성군 689-58,010-6144-6355,모바일 게임 개발
1933,오춘식,51,대구광역시 달서구 379-25,010-9671-6211,테니스
1934,안태현,31,강원도 삼척시 113-24,010-6177-1757,운동
1935,한준호,75,경기도 성남시 분당구 383-44,010-4697-6008,요가
1936,이정숙,78,경상북도 안동시 106-3,010-8481-1705,유튜브 보기
1937,김세아,78,강원도 평창군 435-61,010-6582-2857,미술관 관람
1938,윤정순,33,경상북도 경주시 12-27,010-1155-2561,도예
1939,윤재호,24,경기도 고양시 덕양구 871-58,010-8445-9885,모바일 게임 개발
1940,임로운,60,광주광역시 서구 713-71,010-6413-2726,미술관 관람
1941,박춘자,21,제주시 아라동 67-60,010-9474-6816,디지털 콘텐츠 제작
1942,박지민,36,서울특별시 광진구 624-12,010-4143-1925,코딩
1943,안성자,20,서울특별시 노원구 456-87,010-7666-4017,요가
1944,김영자,75,충청남도 천안시 909-26,010-9021-2443,코딩
1945,오순자,47,부산광역시 연제구 68-3,010-7066-5869,캘리그라피
1946,정정숙,48,서울특별시 종로구 724-33,010-8564-1117,자전거 타기
1947,권정희,62,세종특별자치시 아름동 667-42,010-5090-3236,배우기
1948,윤성호,38,경기도 군포시 666-8,010-3910-7472,게임
1949,한현진,69,전라남도 여수시 512-81,010-9562-7673,보드게임
1950,박시윤,21,광주광역시 서구 251-79,010-9949-7081,펜팔
1951,홍종순,76,광주광역시 북구 398-30,010-7617-1179,게임 방송
1952,홍나윤,61,서울특별시 강남구 703-2,010-7725-6872,사진편집
1953,이우진,57,부산광역시 남구 22-50,010-7825-4817,생활 해킹
1954,전정숙,23,대구광역시 북구 376-75,010-1594-9907,코딩
1955,송수아,56,서울특별시 강북구 942-72,010-6542-5784,스크래치 프로그램 만들기
1956,서말순,74,경상북도 구미시 600-74,010-3754-7196,보드게임
1957,장현진,27,서울특별시 강동구 898-8,010-8070-1060,VR 게임
1958,최유진,57,울산광역시 북구 861-65,010-5972-7321,피크닉
1959,신하율,59,대구광역시 달성군 587-66,010-6065-3779,집콕 놀이
1960,강시우,42,경기도 광주시 657-24,010-1868-3303,명상
1961,임현철,60,세종특별자치시 한솔동 628-0,010-4470-4836,일기 쓰기
1962,서시우,63,강원도 춘천시 142-43,010-2792-7286,낚시
1963,김재영,27,서울특별시 동대문구 312-37,010-1599-9097,등산
1964,안우진,68,제주시 연동 149-67,010-1446-1841,수영
1965,송복희,72,경기도 용인시 기흥구 284-24,010-9840-8223,모바일 게임 개발
1966,황민준,41,서울특별시 금천구 346-61,010-9079-6655,독서
1967,서시윤,77,서울특별시 중구 81-72,010-2748-5859,책 클럽
1968,정지율,27,울산광역시 동구 580-67,010-1831-4807,자원봉사
1969,이채은,72,전라북도 전주시 156-22,010-3787-7223,음악감상
1970,정상민,44,경상남도 거제시 94-76,010-1404-2684,캘리그라피
1971,홍춘자,33,경기도 시흥시 891-66,010-8943-9881,뜨개질
1972,윤영호,62,서울특별시 성동구 576-46,010-2982-4098,집콕 놀이
1973,전은우,45,서울특별시 서초구 742-44,010-1086-5624,캔들 만들기
1974,권준서,35,강원도 원주시 490-63,010-5814-3548,스트리밍
1975,황영희,69,경기도 용인시 처인구 877-51,010-1931-3943,펜팔
1976,이수빈,37,경상남도 진주시 430-83,010-4007-1525,골프
1977,강채원,36,대구광역시 달서구 200-67,010-2770-6386,비즈 공예
1978,조하진,66,강원도 춘천시 530-72,010-2872-3725,DIY
1979,박하람,27,서울특별시 은평구 407-75,010-6588-4943,사진촬영
1980,장혜숙,78,용인시 수지구 풍덕천동 532-44,010-5695-5764,로봇 공학
1981,조성호,66,강원도 강릉시 811-60,010-8461-3423,드로잉
1982,이옥희,42,경상남도 양산시 760-43,010-7062-1851,자원봉사
1983,김영자,36,서울특별시 관악구 289-70,010-3231-3857,디지털 콘텐츠 제작
1984,신만수,21,제주시 연동 712-32,010-2632-8458,VR 게임
1985,박유하,57,경기도 안산시 상록구 171-65,010-8879-7261,디지털 일러스트
1986,권남수,29,강원도 동해시 4-45,010-1202-2912,유튜브 보기
1987,송하율,37,서울특별시 은평구 20-93,010-9423-7327,스포츠 카드 수집
1988,오지율,64,제주시 아라동 306-19,010-1401-7274,명상
1989,권준서,28,인천광역시 남동구 424-88,010-5529-4375,영화 제작
1990,임주영,51,부산광역시 중구 978-81,010-5495-5996,영화감상
1991,송예준,71,경상남도 밀양시 799-80,010-1348-4413,펜팔
1992,윤광호,29,경상남도 창원시 387-45,010-1116-6122,수영
1993,임만수,59,부산광역시 중구 285-0,010-6724-1368,플라워 아트
1994,조복자,74,서울특별시 서초구 247-13,010-2492-6934,콜라주 아트
1995,임경수,53,김해시 장유동 630-80,010-3621-3320,필라테스
1996,홍찬우,69,서울특별시 서대문구 779-38,010-1421-7020,로봇 공학
1997,한복희,51,서울특별시 영등포구 953-84,010-9566-8121,디지털 사진 전시
1998,이하람,41,인천광역시 계양구 496-26,010-8197-3426,로봇 공학
1999,황복자,36,충청남도 아산시 434-31,010-7449-9886,수채화 그리기
2000,윤지원,33,부산광역시 남구 872-41,010-2528-1606,배우기
2001,신세호,33,제주시 연동 659-86,010-4516-2812,자전거 타기
2002,임병호,71,서울특별시 송파구 4-28,010-1117-3844,헬로윈 파티 준비
2003,신태현,60,강원도 원주시 904-31,010-8609-3085,패션
2004,이정희,27,부산광역시 해운대구 477-8,010-1787-3068,캠핑
2005,홍시헌,52,대구광역시 수성구 957-67,010-7067-6665,애니메이션 제작
2006,홍유하,30,경상남도 진주시 480-78,010-2303-7214,도예
2007,한다빈,58,대구광역시 서구 426-65,010-5185-7119,유튜브 보기
2008,김준서,23,경기도 안산시 상록구 939-59,010-7189-4419,뜨개질
2009,박광호,52,강원도 삼척시 299-27,010-8944-8760,배드민턴
2010,신하윤,79,부산광역시 해운대구 155-38,010-4286-5189,디지털 아트
2011,이호철,26,충청북도 청주시 581-63,010-8128-3325,생활 해킹
2012,홍선자,58,서울특별시 서초구 525-32,010-8598-2208,VR 게임
2013,권은채,72,경상북도 김천시 609-14,010-2890-2623,스포츠 카드 수집
2014,정시우,25,경상남도 창녕군 285-42,010-2283-8841,테니스
2015,윤순자,73,대구광역시 달서구 577-8,010-6573-4195,피크닉
2016,최은채,71,강원도 속초시 327-46,010-8816-5737,자원봉사
2017,홍정희,28,대전광역시 중구 785-54,010-7820-8781,헬로윈 파티 준비
2018,권도윤,39,대구광역시 달서구 348-93,010-4887-8446,플로리스트
2019,윤예린,53,대전광역시 대덕구 697-8,010-4932-9412,웹툰 그리기
2020,한순영,68,용인시 수지구 풍덕천동 897-10,010-8878-3562,스트리트 댄스
2021,홍주아,59,인천광역시 서구 48-49,010-5425-9663,애니메이션 제작
2022,오복희,50,대전광역시 중구 331-80,010-3232-9622,퍼즐 맞추기
2023,김기석,75,강원도 원주시 531-37,010-9736-3501,비즈 공예
2024,강태윤,52,충청남도 천안시 239-73,010-6771-4908,VR 게임
2025,홍진호,42,서울특별시 도봉구 71-60,010-7147-1298,등산
2026,임창수,50,강원도 원주시 526-84,010-5927-1648,도예
2027,조은숙,53,서울특별시 송파구 891-60,010-5041-1167,요가
2028,신시윤,30,경기도 성남시 수정구 975-78,010-2285-1059,스크래치 프로그램 만들기
2029,임정순,70,서울특별시 구로구 13-25,010-8003-1177,음악감상
2030,강시헌,21,부산광역시 기장군 688-33,010-2882-9366,피크닉
2031,윤현서,25,대구광역시 달서구 134-42,010-3209-6825,도예
2032,한시우,68,김해시 장유동 143-91,010-7858-6590,영화감상
2033,임서준,71,부산광역시 사상구 969-26,010-1415-3264,마인드맵 만들기
2034,윤하진,22,서울특별시 구로구 552-20,010-3415-8106,여행
2035,장재호,34,충청북도 충주시 29-49,010-6099-7492,일기 쓰기
2036,황채은,33,부산광역시 기장군 795-80,010-5771-7300,스키
2037,장태현,38,경상북도 구미시 188-78,010-6720-2449,DIY
2038,임하윤,71,경상남도 통영시 749-63,010-4162-4225,패션
2039,홍말옥,58,경기도 광주시 695-75,010-7804-2377,보드게임
2040,송도윤,56,경기도 성남시 수정구 882-23,010-6143-2587,디지털 콘텐츠 제작
2041,서연희,48,대구광역시 달성군 145-21,010-6634-3503,사진촬영
2042,전지후,69,인천광역시 연수구 341-42,010-1688-1365,영화감상
2043,임윤서,20,전라남도 광양시 314-68,010-7814-5799,헬로윈 파티 준비
2044,이종순,42,인천광역시 미추홀구 205-84,010-7411-5155,VR 게임
2045,이영자,47,강원도 홍천군 838-91,010-2265-3912,스트리밍
2046,조예린,51,광주광역시 북구 606-39,010-2484-9860,유튜브 보기
2047,강시윤,67,경상북도 경주시 765-90,010-7409-5777,카페 투어
2048,김성자,54,강원도 속초시 75-94,010-6567-2340,스트리밍
2049,윤은우,76,경기도 안산시 상록구 401-97,010-6056-7575,책 클럽
2050,윤정희,61,세종특별자치시 도담동 686-79,010-1944-3814,뜨개질
2051,강경수,51,전라북도 익산시 904-12,010-2044-5534,디지털 콘텐츠 제작
2052,강진숙,71,경기도 안양시 만안구 715-26,010-3019-7525,음악감상
2053,이재영,26,제주시 아라동 759-21,010-7245-2882,낚시
2054,최창수,34,부산광역시 사상구 735-54,010-7335-2630,유튜브 보기
2055,한희정,22,충청남도 천안시 394-55,010-1580-3804,벽화 그리기
2056,박지우,61,대전광역시 유성구 614-9,010-3259-6349,생활 해킹
2057,권정순,38,서울특별시 중랑구 477-82,010-2931-5080,뜨개질
2058,박선자,36,세종특별자치시 조치원읍 787-38,010-4537-1535,사진편집
2059,이지후,57,성남시 분당구 정자동 831-85,010-6899-1942,캘리그라피
2060,송윤호,60,제주시 이도이동 458-4,010-9639-6030,스키
2061,권말옥,79,경상북도 포항시 104-28,010-3598-7398,스키
2062,전다은,39,경기도 오산시 968-88,010-4296-4258,카페 투어
2063,정옥희,76,강원도 동해시 492-73,010-8923-3572,미술관 관람
2064,김하율,73,경상북도 구미시 278-45,010-5576-6767,등산
2065,오호철,32,부산광역시 금정구 932-34,010-7886-2875,피크닉
2066,김영자,37,부산광역시 남구 479-27,010-7538-7942,DIY
2067,박성민,43,전라북도 군산시 208-19,010-2708-6867,디지털 사진 전시
2068,한말옥,30,서울특별시 도봉구 629-93,010-1655-7594,코딩
2069,신옥희,71,경상남도 통영시 133-93,010-4949-7689,플로리스트
2070,김성민,44,인천광역시 미추홀구 175-5,010-4911-7448,DIY
2071,홍윤호,30,경기도 오산시 908-74,010-1187-3174,등산
2072,황은채,76,충청남도 공주시 424-1,010-9838-2479,골프
2073,박시우,76,충청남도 공주시 341-9,010-9874-1710,모바일 촬영
2074,박윤호,21,서울특별시 노원구 959-29,010-1309-6212,모바일 게임 개발
2075,장광호,24,세종특별자치시 도담동 752-48,010-3157-6788,VR 게임
2076,강병호,39,서울특별시 마포구 52-21,010-4468-6791,헬로윈 파티 준비
2077,강서연,31,경기도 군포시 657-18,010-8138-2971,디지털 사진 전시
2078,강태윤,47,전라북도 군산시 437-81,010-5808-5740,자원봉사
2079,전영자,72,경상남도 통영시 182-8,010-4836-3347,캠핑
2080,임정호,30,경기도 안산시 단원구 801-81,010-3332-2813,웹툰 그리기
2081,한만수,75,부산광역시 사상구 979-4,010-8444-9500,운동
2082,황혜숙,31,경기도 안양시 만안구 218-91,010-4791-2423,운동
2083,김지한,59,경기도 성남시 분당구 199-2,010-5912-5037,헬스
2084,강미영,36,울산광역시 울주군 424-54,010-1663-2225,배우기
2085,홍민서,48,인천광역시 동구 371-8,010-3309-3033,웹툰 그리기
2086,윤영희,39,서울특별시 마포구 732-85,010-8227-2549,피크닉
2087,강철수,53,전라북도 군산시 219-3,010-1560-1777,미술관 관람
2088,서세호,54,인천광역시 중구 645-11,010-2163-8350,디지털 일러스트
2089,박옥희,61,부산광역시 수영구 820-87,010-6948-7451,사진촬영
2090,전영호,40,경상남도 진주시 761-83,010-9650-8945,낚시
2091,신도윤,66,강원도 춘천시 812-64,010-9642-3492,보드게임
2092,장춘희,66,부산광역시 강서구 872-41,010-4554-4765,헬로윈 파티 준비
2093,전광호,69,강원도 원주시 695-56,010-1704-2065,웹서핑
2094,이명숙,64,경상남도 밀양시 308-80,010-7261-4215,여행
2095,신세호,28,서울특별시 도봉구 852-41,010-4584-3952,웹서핑
2096,임주아,79,인천광역시 중구 689-88,010-7359-2290,비즈 공예
2097,송시헌,38,경상남도 거제시 422-24,010-4775-1060,스크래치 프로그램 만들기
2098,송지호,56,대구광역시 동구 447-58,010-8846-7463,여행
2099,송은채,30,경상북도 경주시 11-33,010-4908-9828,보드게임
2100,권춘자,65,경기도 군포시 408-89,010-1701-6278,마인드맵 만들기
2101,한나윤,76,부산광역시 사하구 520-3,010-2721-1369,배드민턴
2102,장재훈,38,제주시 오라동 760-73,010-4805-7001,펜팔
2103,권지민,38,경기도 용인시 수지구 110-4,010-1527-7661,캠핑
2104,박복희,76,강원도 강릉시 59-85,010-2242-8222,스트리밍
2105,한철수,33,제주시 노형동 916-73,010-9142-4831,수채화 그리기
2106,오태수,62,광주광역시 남구 803-76,010-5500-6098,사진편집
2107,오시우,60,서울특별시 종로구 273-57,010-6542-4333,운동
2108,이춘자,44,경상북도 포항시 276-73,010-7115-3667,스크래치 프로그램 만들기
2109,권은숙,65,경상남도 진주시 47-86,010-9821-9377,낚시
2110,신시헌,67,서울특별시 동대문구 410-97,010-5600-4800,낚시
2111,홍철수,33,전라남도 광양시 777-98,010-5437-4042,명상
2112,이순희,76,부산광역시 해운대구 681-75,010-6720-7987,헬로윈 파티 준비
2113,송윤호,39,인천광역시 연수구 304-93,010-2054-7532,수영
2114,오지원,64,대구광역시 서구 268-57,010-6498-2322,스트리트 댄스
2115,윤세호,79,경기도 성남시 수정구 758-70,010-3791-7505,퍼즐 맞추기
2116,윤연희,43,서울특별시 중구 211-86,010-5034-5327,운동
2117,전태윤,56,광주광역시 동구 922-84,010-2536-6316,영화감상
2118,임윤호,24,서울특별시 도봉구 388-37,010-6302-4858,퍼즐 맞추기
2119,송은채,51,경기도 용인시 기흥구 466-90,010-8381-6268,생활 해킹
2120,황만수,62,광주광역시 광산구 388-97,010-5531-5797,피크닉
2121,정말자,77,대구광역시 남구 242-20,010-2054-1107,펜팔
2122,홍수빈,70,강원도 동해시 105-69,010-5642-9030,패션
2123,이선자,59,울산광역시 동구 422-0,010-4126-4745,요가
2124,이연희,56,서울특별시 용산구 189-25,010-1951-2464,미술관 관람
2125,장우진,52,경기도 성남시 분당구 284-39,010-7663-9658,수영
2126,황나윤,68,전라남도 여수시 405-80,010-9410-5836,캘리그라피
2127,서지민,57,서울특별시 성북구 579-10,010-7904-8716,플라워 아트
2128,한현서,62,광주광역시 동구 513-68,010-1281-8293,여행
2129,한서준,51,성남시 분당구 정자동 135-33,010-9148-5589,디지털 일러스트
2130,권영일,26,부산광역시 금정구 42-54,010-2051-1189,웹툰 그리기
2131,전호철,47,서울특별시 관악구 829-83,010-4508-8766,테니스
2132,윤준호,71,제주시 연동 283-18,010-1255-1048,디지털 사진 전시
2133,정영자,27,서울특별시 강동구 701-66,010-5374-5209,생활 해킹
2134,신나윤,33,강원도 동해시 433-26,010-1142-3029,스크래치 프로그램 만들기
2135,장주아,41,세종특별자치시 한솔동 574-49,010-5503-7687,스크래치 프로그램 만들기
2136,장기영,23,경상남도 사천시 602-25,010-9945-6160,생활 해킹
2137,서기석,25,경상남도 창원시 326-20,010-6672-3968,카페 투어
2138,황말자,54,부산광역시 금정구 591-0,010-9502-4801,헬스
2139,송태현,28,부천시 원미구 중동 75-50,010-5992-4712,게임
2140,최선자,26,용인시 수지구 풍덕천동 10-82,010-5079-3167,보드게임
2141,김하율,27,전라남도 순천시 614-64,010-3530-2047,캠핑
2142,서현철,25,제주시 이도이동 87-4,010-7708-3456,뜨개질
2143,송은우,73,경상북도 포항시 531-51,010-2053-7997,자전거 타기
2144,이주영,47,울산광역시 북구 14-98,010-8338-4838,디지털 일러스트
2145,홍선자,62,제주시 노형동 387-19,010-1175-6231,유튜브 보기
2146,장희정,62,세종특별자치시 도담동 486-36,010-9186-6734,봉사활동
2147,오말옥,33,경상북도 구미시 990-5,010-3578-7139,스트리밍
2148,조다은,41,경상남도 진주시 991-31,010-6829-3559,패션
2149,신유진,48,대전광역시 유성구 276-98,010-7376-5970,플라워 아트
2150,황윤호,67,경기도 안산시 상록구 693-57,010-6150-5366,마인드맵 만들기
2151,정정자,53,부산광역시 부산진구 820-81,010-1235-1822,퍼즐 맞추기
2152,김다빈,74,서울특별시 은평구 619-46,010-4036-6027,피크닉
2153,황남수,36,인천광역시 서구 909-44,010-1553-5791,미술관 관람
2154,황정숙,61,서울특별시 동작구 599-75,010-8312-6887,보드게임
2155,신정호,28,경상북도 포항시 271-91,010-8312-9637,자원봉사
2156,신명훈,34,서울특별시 구로구 904-2,010-3061-2927,수채화 그리기
2157,서복희,67,충청남도 아산시 189-78,010-3492-9929,디지털 아트
2158,이다은,59,경기도 성남시 분당구 281-49,010-3575-6746,시뮬레이션 게임
2159,오영희,48,경상북도 김천시 261-86,010-7386-6544,뜨개질
2160,최승호,75,부산광역시 동래구 410-89,010-7645-6666,VR 게임
2161,홍경수,78,경상남도 거제시 395-21,010-2980-2348,디지털 아트
2162,정상민,40,서울특별시 동대문구 777-93,010-1752-7513,요리
2163,임유진,23,제주시 노형동 83-55,010-1028-3617,캔들 만들기
2164,황소율,63,전라북도 전주시 529-37,010-3205-6201,요리
2165,한재영,33,서울특별시 광진구 850-17,010-2075-8432,피크닉
2166,장광호,53,서울특별시 서초구 649-4,010-7648-2467,자원봉사
2167,신하연,76,성남시 분당구 정자동 395-44,010-4356-7490,캠핑
2168,한명숙,65,울산광역시 남구 798-24,010-8237-6621,캠핑
2169,한혜숙,30,부천시 원미구 중동 648-75,010-8839-1810,뜨개질
2170,송민준,44,인천광역시 동구 768-48,010-2139-2966,카페 투어
2171,서하진,21,서울특별시 관악구 781-73,010-3708-5591,수영
2172,황찬우,23,서울특별시 성동구 111-94,010-2097-2972,게임
2173,장철수,66,인천광역시 계양구 993-90,010-6009-6568,도예
2174,권지율,67,제주시 오라동 949-97,010-3484-3077,자전거 타기
2175,홍현우,26,인천광역시 남동구 645-97,010-5851-7205,VR 게임
2176,안영희,55,전라남도 목포시 23-39,010-3882-7558,배우기
2177,서태수,67,경상남도 양산시 62-45,010-2311-5580,자원봉사
2178,서서준,59,인천광역시 남동구 49-21,010-7167-6756,캔들 만들기
2179,박순희,57,서울특별시 동대문구 126-90,010-2880-8914,디지털 콘텐츠 제작
2180,최영희,25,울산광역시 북구 205-98,010-4359-3482,웹서핑
2181,정은숙,71,경기도 성남시 수정구 720-69,010-5948-8437,테니스
2182,윤춘식,38,강원도 삼척시 564-79,010-2940-1600,골프
2183,이태수,71,울산광역시 울주군 788-81,010-2105-2677,시뮬레이션 게임
2184,홍예린,45,경기도 용인시 기흥구 846-94,010-2581-5057,펜팔
2185,홍서준,52,강원도 평창군 413-48,010-4198-7137,요리
2186,송예준,54,부산광역시 중구 551-16,010-9046-3788,자원봉사
2187,김하율,47,충청북도 청주시 398-39,010-6104-4489,스키
2188,장형민,53,서울특별시 중구 637-23,010-1892-2786,보드게임
2189,박명숙,28,서울특별시 노원구 954-49,010-6503-7366,캠핑
2190,이지민,57,경상남도 통영시 284-23,010-6628-4896,유튜브 보기
2191,최서아,73,대전광역시 서구 713-29,010-4790-6813,스포츠 카드 수집
2192,홍지한,33,충청북도 청주시 167-17,010-5147-1439,카페 투어
2193,최지한,39,충청북도 청주시 551-65,010-6303-6114,모바일 게임 개발
2194,조서준,78,세종특별자치시 아름동 891-87,010-9670-1771,일기 쓰기
2195,송영자,26,부산광역시 강서구 414-34,010-5627-7630,골프
2196,송채은,77,울산광역시 동구 351-17,010-8981-5095,벽화 그리기
2197,서영호,75,강원도 동해시 370-60,010-1824-4464,미술관 관람
2198,오유하,42,강원도 평창군 185-31,010-2324-7508,수영
2199,안우진,34,대전광역시 중구 694-69,010-8350-1776,요가
2200,홍찬우,34,경상북도 구미시 514-52,010-7869-5381,명상
2201,박지율,47,전라남도 순천시 588-87,010-3539-2933,자전거 타기
2202,김찬우,35,서울특별시 관악구 902-2,010-1123-3188,보드게임
2203,강순자,59,울산광역시 동구 43-73,010-1297-3874,디지털 사진 전시
2204,전수아,49,대구광역시 서구 362-72,010-6215-5128,사진촬영
2205,황윤서,31,서울특별시 은평구 39-74,010-4907-3795,배우기
2206,황지원,79,광주광역시 북구 409-65,010-5784-5359,배드민턴
2207,윤남수,20,세종특별자치시 아름동 147-17,010-2720-2121,스크래치 프로그램 만들기
2208,홍은숙,61,대구광역시 서구 255-41,010-5817-6091,디지털 일러스트
2209,서다빈,30,경기도 군포시 590-65,010-5415-5613,수채화 그리기
2210,이동수,64,대전광역시 유성구 855-41,010-3800-4428,생활 해킹
2211,윤하진,68,부산광역시 해운대구 619-13,010-8410-7351,헬스
2212,강재훈,31,서울특별시 강남구 16-17,010-8945-7022,패션
2213,서하람,29,인천광역시 부평구 770-86,010-6900-5659,피크닉
2214,정주영,54,세종특별자치시 도담동 840-21,010-5040-6185,자전거 타기
2215,정준서,72,인천광역시 중구 705-45,010-9536-2004,수채화 그리기
2216,윤민서,35,강원도 양양군 99-39,010-9462-1653,마인드맵 만들기
2217,조순자,71,광주광역시 북구 970-42,010-2491-1663,마인드맵 만들기
2218,이윤호,78,인천광역시 부평구 591-42,010-6882-4340,드로잉
2219,최순희,54,경기도 오산시 264-34,010-5277-5092,스키
2220,임정순,48,서울특별시 용산구 534-53,010-5764-3737,드로잉
2221,윤성민,46,제주시 아라동 951-97,010-5609-4192,생활 해킹
2222,정영호,41,세종특별자치시 아름동 285-30,010-3640-6423,VR 게임
2223,정주원,23,대구광역시 달서구 776-39,010-5437-6826,로봇 공학
2224,윤민서,68,경상남도 진주시 494-73,010-2180-8398,디지털 콘텐츠 제작
2225,강만수,58,인천광역시 연수구 573-71,010-4757-7246,게임
2226,황병호,32,인천광역시 계양구 747-81,010-8877-4402,자원봉사
2227,정세아,51,서울특별시 노원구 291-98,010-2570-4900,요가
2228,황연희,53,성남시 분당구 정자동 273-36,010-6329-4156,디지털 사진 전시
2229,황채원,23,부산광역시 영도구 484-73,010-9686-1767,애니메이션 제작
2230,윤재훈,55,서울특별시 강북구 744-17,010-2673-3367,미술관 관람
2231,한로운,72,광주광역시 북구 618-52,010-2468-3408,시뮬레이션 게임
2232,신정자,63,부천시 원미구 중동 141-34,010-2450-4896,요리
2233,장미영,55,경기도 성남시 분당구 273-25,010-9116-2265,테니스
2234,강기영,48,제주시 이도이동 289-77,010-2285-4929,디지털 아트
2235,서창수,69,서울특별시 강서구 733-92,010-3704-6543,집콕 놀이
2236,홍명숙,44,강원도 평창군 273-80,010-6027-4516,수채화 그리기
2237,장지후,64,강원도 양양군 834-98,010-8398-5087,영화감상
2238,오말순,21,전라남도 목포시 600-72,010-4663-4717,보드게임
2239,황태윤,64,울산광역시 북구 688-37,010-3339-1665,콜라주 아트
2240,권종순,76,강원도 강릉시 386-6,010-6229-6061,코딩
2241,장명자,43,경기도 고양시 덕양구 657-92,010-1653-1784,웹툰 그리기
2242,신서아,77,경상남도 거제시 332-58,010-6871-5125,DIY
2243,신말순,45,인천광역시 미추홀구 153-47,010-2520-1280,뜨개질
2244,송명자,40,경상남도 사천시 913-15,010-8521-6405,음악감상
2245,홍주영,26,대구광역시 동구 763-14,010-2713-7853,보드게임
2246,강성민,27,서울특별시 영등포구 290-81,010-3785-6465,패션
2247,홍지우,40,전라남도 순천시 328-71,010-9023-5360,코딩
2248,신영희,44,부산광역시 북구 130-37,010-5440-3801,스크래치 프로그램 만들기
2249,안정호,39,서울특별시 성동구 23-54,010-4618-6474,등산
2250,박춘자,46,전라북도 전주시 77-37,010-3445-6096,테니스
2251,권민수,45,부천시 상동 554-68,010-6552-7086,퍼즐 맞추기
2252,이정자,24,대전광역시 대덕구 66-66,010-5078-6077,벽화 그리기
2253,전하진,37,부산광역시 남구 173-43,010-7016-9368,모바일 촬영
2254,홍지후,56,전라남도 나주시는 680-80,010-1189-5558,음악감상
2255,송하람,47,세종특별자치시 조치원읍 717-67,010-4135-4047,뜨개질
2256,강병호,73,제주시 연동 428-43,010-7295-7541,게임
2257,신은우,75,광주광역시 광산구 462-60,010-1502-1226,요리
2258,조정우,42,서울특별시 종로구 631-53,010-8797-8255,벽화 그리기
2259,김도윤,47,경상남도 사천시 606-31,010-8297-5764,사진촬영
2260,송예준,56,서울특별시 구로구 748-82,010-5305-1942,스트리트 댄스
2261,한서연,51,경기도 평택시 446-5,010-2323-4006,캠핑
2262,신유진,25,서울특별시 양천구 554-55,010-9169-3285,등산
2263,최경수,46,서울특별시 도봉구 137-66,010-4791-9947,웹툰 그리기
2264,안유하,79,세종특별자치시 도담동 796-56,010-2354-7142,영화 제작
2265,박하윤,52,인천광역시 서구 259-83,010-8826-5621,로봇 공학
2266,권영일,23,울산광역시 북구 543-28,010-6578-4525,헬로윈 파티 준비
2267,권영희,79,부천시 상동 353-70,010-2353-4360,스트리트 댄스
2268,최기영,70,대구광역시 수성구 274-0,010-3437-3616,수채화 그리기
2269,홍성자,71,강원도 삼척시 687-18,010-5259-1541,사진편집
2270,임병호,39,충청남도 천안시 781-71,010-5218-8128,요리
2271,안유진,70,경기도 파주시 748-31,010-3949-6613,디지털 콘텐츠 제작
2272,안재훈,52,인천광역시 부평구 413-97,010-3137-4308,집콕 놀이
2273,안호철,58,경기도 고양시 일산동구 573-62,010-3643-1134,플라워 아트
2274,전로운,77,서울특별시 금천구 228-71,010-8746-7167,도예
2275,임영수,78,전라북도 군산시 431-74,010-2969-5383,테니스
2276,송기영,79,대구광역시 달성군 910-39,010-2497-7221,요리
2277,정지한,30,서울특별시 강서구 663-85,010-5001-5667,패션
2278,임재영,44,울산광역시 남구 800-48,010-8785-3039,퍼즐 맞추기
2279,김영수,65,경상남도 밀양시 643-11,010-4391-5539,뜨개질
2280,서영일,73,전라북도 군산시 221-2,010-4898-2396,요리
2281,안로운,27,부산광역시 해운대구 236-41,010-4209-7794,보드게임
2282,강하윤,73,서울특별시 동대문구 88-20,010-8711-9247,피크닉
2283,임준서,45,서울특별시 금천구 183-31,010-8216-4656,배우기
2284,오승호,28,전라북도 전주시 827-43,010-4241-8700,캠핑
2285,김민서,57,서울특별시 강동구 640-74,010-9069-5127,책 클럽
2286,김연희,70,부산광역시 강서구 793-70,010-3585-7254,드로잉
2287,안시우,36,세종특별자치시 도담동 422-11,010-5715-1869,필라테스
2288,이서준,50,경기도 화성시 330-69,010-4740-3550,자전거 타기
2289,강은채,38,충청남도 천안시 39-81,010-8914-9188,비즈 공예
2290,한하연,39,부산광역시 사하구 357-20,010-8510-8122,골프
2291,권주아,34,경기도 파주시 79-1,010-2655-3636,뜨개질
2292,송윤호,61,인천광역시 연수구 753-51,010-5507-2079,뜨개질
2293,이나윤,41,전라남도 목포시 730-75,010-9000-8653,웹서핑
2294,최진호,40,광주광역시 서구 170-25,010-7786-3525,등산
2295,홍창수,43,전라남도 목포시 649-34,010-8118-1112,디지털 일러스트
2296,임은채,71,강원도 평창군 124-64,010-9816-2775,게임 방송
2297,한시윤,29,경상남도 진주시 524-73,010-9213-3402,퍼즐 맞추기
2298,서춘자,63,대전광역시 동구 413-37,010-2770-9257,애니메이션 제작
2299,안나윤,71,경기도 안양시 동안구 225-45,010-4235-6469,게임 방송
2300,강정순,53,서울특별시 관악구 126-14,010-1428-4205,캠핑
2301,신동수,42,강원도 태백시 730-58,010-6635-3221,도예
2302,홍건우,20,경기도 안산시 상록구 938-1,010-7745-5591,수영
2303,전지원,61,서울특별시 마포구 428-18,010-2510-1742,헬스
2304,권춘자,37,광주광역시 남구 62-40,010-6250-6888,게임
2305,강성민,43,충청남도 아산시 73-31,010-8751-3590,미술관 관람
2306,홍하진,61,강원도 삼척시 417-11,010-6914-2515,스트리밍
2307,최다은,32,충청남도 논산시 384-62,010-5694-9812,사진촬영
2308,송예린,28,경기도 평택시 747-38,010-5432-2128,골프
2309,안춘희,37,서울특별시 영등포구 57-8,010-6677-1556,명상
2310,조정호,51,대구광역시 북구 590-92,010-6150-2604,책 클럽
2311,조숙자,60,경기도 광주시 59-55,010-6952-1956,캘리그라피
2312,신기영,21,대구광역시 달서구 576-10,010-6220-9085,책 클럽
2313,신나윤,51,서울특별시 도봉구 703-74,010-9882-5271,도예
2314,서유하,46,강원도 평창군 833-43,010-1079-7626,스트리트 댄스
2315,정지율,58,서울특별시 노원구 286-7,010-7270-2064,필라테스
2316,정지한,48,광주광역시 동구 739-75,010-5509-9799,비즈 공예
2317,서상호,27,부산광역시 강서구 596-53,010-6177-4898,마인드맵 만들기
2318,임민서,55,부산광역시 서구 871-75,010-6413-4559,웹툰 그리기
2319,윤채원,79,경기도 용인시 기흥구 608-15,010-9570-8914,VR 게임
2320,오현진,50,서울특별시 동작구 285-54,010-5228-7087,보드게임
2321,황상호,71,세종특별자치시 조치원읍 752-0,010-1049-4085,디지털 콘텐츠 제작
2322,서예준,25,부산광역시 중구 62-31,010-6448-5362,스트리밍
2323,한영호,78,부산광역시 영도구 652-82,010-9900-2014,VR 게임
2324,정민수,49,경상북도 김천시 189-51,010-7617-1021,디지털 콘텐츠 제작
2325,이춘식,43,서울특별시 동작구 638-76,010-1045-5843,모바일 게임 개발
2326,윤현우,72,부산광역시 해운대구 669-87,010-6005-7144,수영
2327,강영일,63,서울특별시 용산구 776-23,010-3042-1087,스키
2328,서은숙,54,서울특별시 강남구 490-61,010-2761-7131,배드민턴
2329,홍말순,62,경기도 안양시 동안구 472-32,010-2965-8432,드로잉
2330,안성자,30,울산광역시 남구 167-26,010-7821-5277,디지털 아트
2331,이명자,43,부산광역시 중구 101-47,010-2822-3948,미술관 관람
2332,황시헌,76,경상북도 김천시 709-22,010-4760-3425,플로리스트
2333,송유진,59,서울특별시 성동구 918-17,010-8197-8231,게임 방송
2334,조예린,27,광주광역시 북구 381-78,010-3812-9363,미술관 관람
2335,장혜숙,53,대구광역시 중구 855-65,010-3773-5451,도예
2336,오현진,20,광주광역시 북구 777-14,010-6746-5305,피크닉
2337,서서진,66,대구광역시 수성구 718-77,010-6259-2666,집콕 놀이
2338,홍시윤,42,서울특별시 도봉구 902-43,010-9751-3769,자전거 타기
2339,황지후,29,대구광역시 달서구 767-85,010-3502-5101,웹툰 그리기
2340,전정순,72,경기도 용인시 처인구 90-72,010-1591-3613,일기 쓰기
2341,임상민,27,경상남도 사천시 360-60,010-2485-5410,배우기
2342,권재영,70,부산광역시 동구 399-68,010-9961-7807,헬로윈 파티 준비
2343,장동수,28,서울특별시 동작구 8-49,010-1345-8259,웹툰 그리기
2344,윤태현,37,세종특별자치시 조치원읍 726-93,010-2183-2966,집콕 놀이
2345,안남수,67,경기도 성남시 수정구 940-53,010-3467-1832,캔들 만들기
2346,서서준,72,경기도 성남시 분당구 243-92,010-6534-6704,필라테스
2347,강진숙,47,경상남도 김해시 226-75,010-3353-5353,배우기
2348,황은우,24,대전광역시 서구 448-65,010-9683-8703,배우기
2349,권지후,73,울산광역시 남구 113-16,010-9347-1156,캔들 만들기
2350,장우진,63,경상북도 안동시 286-60,010-3689-7704,게임
2351,최현진,32,전라남도 목포시 416-67,010-4580-1897,수영
2352,이준호,42,경상북도 경주시 906-58,010-5557-2034,영화감상
2353,안다온,66,대구광역시 수성구 475-6,010-6179-8293,스트리밍
2354,강찬우,22,서울특별시 중구 808-66,010-3626-5815,로봇 공학
2355,홍도윤,74,서울특별시 중구 493-44,010-9393-6170,스트리트 댄스
2356,조하진,46,세종특별자치시 한솔동 84-97,010-8323-6058,음악감상
2357,송정자,20,인천광역시 미추홀구 296-73,010-8155-3986,보드게임
2358,정유하,69,경기도 고양시 일산동구 454-91,010-6506-6686,봉사활동
2359,윤승호,75,인천광역시 동구 961-48,010-8178-1449,독서
2360,서희정,52,대구광역시 서구 987-14,010-9351-8067,봉사활동
2361,권지민,27,경상북도 안동시 732-16,010-9290-6583,독서
2362,한민수,22,강원도 양양군 796-49,010-8507-1912,영화 제작
2363,최정우,35,제주시 이도이동 352-9,010-3923-8799,명상
2364,강시우,40,부산광역시 영도구 234-26,010-4505-9254,캘리그라피
2365,홍혜숙,73,부산광역시 남구 37-64,010-6752-4107,필라테스
2366,조수아,41,울산광역시 북구 742-14,010-9723-5723,스키
2367,서상민,36,인천광역시 서구 784-88,010-4515-8604,보드게임
2368,안재훈,76,울산광역시 동구 736-59,010-5656-6048,게임
2369,이영호,55,대구광역시 중구 292-3,010-9430-5296,요리
2370,정채원,54,경기도 안양시 만안구 208-69,010-6985-8169,로봇 공학
2371,정진호,33,경기도 안산시 단원구 764-9,010-9842-8028,벽화 그리기
2372,장재호,74,서울특별시 관악구 724-16,010-5853-7299,헬로윈 파티 준비
2373,전하람,61,부산광역시 동구 210-92,010-9538-6155,배드민턴
2374,김주원,78,대전광역시 서구 293-13,010-5034-1089,마인드맵 만들기
2375,강지한,55,제주시 연동 548-77,010-4162-2257,집콕 놀이
2376,윤병호,79,경기도 성남시 분당구 125-50,010-3722-8350,미술관 관람
2377,김순희,43,대전광역시 서구 887-95,010-6246-4831,영화 제작
2378,황찬우,64,경상남도 밀양시 573-90,010-8645-8130,필라테스
2379,서옥희,32,서울특별시 노원구 789-17,010-1978-4336,도예
2380,임상호,65,경기도 수원시 팔달구 322-22,010-7106-9802,사진편집
2381,박태현,68,경기도 오산시 283-64,010-7650-8572,패션
2382,최예은,46,전라북도 전주시 933-72,010-1236-9250,집콕 놀이
2383,김진호,34,부산광역시 수영구 409-8,010-7648-7063,웹툰 그리기
2384,윤시윤,52,용인시 수지구 풍덕천동 529-2,010-7066-5950,로봇 공학
2385,정현서,39,울산광역시 동구 704-12,010-1328-8236,스트리밍
2386,안찬우,63,광주광역시 서구 384-47,010-5485-9658,일기 쓰기
2387,최선자,60,세종특별자치시 한솔동 996-50,010-3670-7686,웹툰 그리기
2388,송정희,62,제주시 노형동 588-14,010-5391-5077,캘리그라피
2389,임다온,76,부천시 원미구 중동 854-3,010-5320-2760,스포츠 카드 수집
2390,조영수,34,인천광역시 연수구 454-65,010-3241-1486,스크래치 프로그램 만들기
2391,김민서,79,경기도 고양시 덕양구 878-71,010-3935-5469,미술관 관람
2392,임희정,21,경기도 성남시 수정구 34-41,010-4601-9117,디지털 아트
2393,전서준,48,부산광역시 중구 360-7,010-3308-3615,로봇 공학
2394,전수아,28,경상남도 거제시 422-93,010-2492-8595,퍼즐 맞추기
2395,장예은,40,충청북도 충주시 380-56,010-9522-5261,비즈 공예
2396,장옥희,20,서울특별시 중구 233-45,010-8280-7730,마인드맵 만들기
2397,서유하,40,울산광역시 울주군 90-42,010-4174-8192,독서
2398,안지후,54,울산광역시 울주군 982-92,010-3517-5744,플로리스트
2399,장은채,24,강원도 삼척시 790-49,010-8303-7994,로봇 공학
2400,장춘희,66,경기도 수원시 팔달구 238-78,010-6012-1051,모바일 게임 개발
2401,임성호,30,서울특별시 동대문구 407-29,010-7975-6234,캔들 만들기
2402,임종순,73,서울특별시 금천구 583-23,010-5695-3361,패션
2403,장경자,67,인천광역시 중구 378-95,010-1569-2984,비즈 공예
2404,강지우,74,경기도 고양시 일산동구 368-47,010-1410-2340,카페 투어
2405,오지우,69,대구광역시 수성구 670-26,010-8242-8456,코딩
2406,황정호,63,제주시 이도이동 863-52,010-3457-1217,플로리스트
2407,강윤호,21,서울특별시 서대문구 765-77,010-2092-6917,캠핑
2408,장병호,77,울산광역시 북구 553-28,010-9005-4765,뜨개질
2409,한춘식,59,울산광역시 울주군 515-41,010-3714-2970,테니스
2410,황건우,34,서울특별시 강서구 605-94,010-4402-1424,일기 쓰기
2411,오현철,31,제주시 아라동 188-7,010-4833-7215,시뮬레이션 게임
2412,전승호,26,서울특별시 도봉구 259-64,010-4666-4554,시뮬레이션 게임
2413,임숙자,32,서울특별시 금천구 429-80,010-6760-6089,캔들 만들기
2414,송현철,27,강원도 춘천시 38-45,010-5847-2780,피크닉
2415,조복자,78,경기도 안산시 상록구 179-20,010-3238-9750,스크래치 프로그램 만들기
2416,장춘희,35,인천광역시 남동구 613-67,010-2944-3147,요리
2417,최재훈,66,용인시 수지구 풍덕천동 163-49,010-3664-3762,운동
2418,박만수,31,충청남도 논산시 303-22,010-2049-1011,벽화 그리기
2419,서정호,49,경상남도 밀양시 978-64,010-9442-5692,미술관 관람
2420,황찬우,33,세종특별자치시 아름동 379-37,010-6671-3262,운동
2421,한예준,66,김해시 장유동 89-71,010-7902-2814,코딩
2422,정말자,68,부산광역시 북구 524-28,010-8434-6673,비즈 공예
2423,최성호,58,울산광역시 동구 423-1,010-5208-7579,디지털 아트
2424,이호철,66,부산광역시 사하구 370-29,010-4759-8266,로봇 공학
2425,홍서준,29,경상남도 밀양시 632-5,010-5356-9712,뜨개질
2426,이영자,76,경기도 안양시 만안구 489-83,010-7327-3933,배드민턴
2427,송하윤,53,경기도 안산시 상록구 608-14,010-6243-3119,수영
2428,신현철,20,대구광역시 수성구 962-2,010-6780-4031,수영
2429,황동수,28,울산광역시 북구 112-63,010-9934-3495,여행
2430,박진숙,62,경상남도 밀양시 586-93,010-5972-3522,스크래치 프로그램 만들기
2431,신명자,73,부산광역시 동래구 477-52,010-8194-9572,비즈 공예
2432,장현우,41,세종특별자치시 도담동 302-30,010-2703-3699,자원봉사
2433,신말옥,44,대구광역시 북구 697-0,010-3360-5350,수영
2434,박광호,65,서울특별시 서초구 204-72,010-5851-9172,펜팔
2435,임하람,44,서울특별시 관악구 241-8,010-8948-6370,DIY
2436,송희정,48,서울특별시 송파구 58-53,010-3463-3487,캠핑
2437,이영희,48,부산광역시 동래구 30-56,010-1375-3177,플라워 아트
2438,서연희,48,서울특별시 동작구 26-91,010-3517-8144,배드민턴
2439,권서아,39,강원도 춘천시 167-32,010-4775-2903,로봇 공학
2440,최말순,35,대구광역시 달서구 916-41,010-1592-5419,사진촬영
2441,조지호,79,경상남도 밀양시 10-53,010-8583-4842,배우기
2442,송세호,26,강원도 홍천군 846-92,010-8149-8281,사진촬영
2443,안지한,25,경기도 시흥시 459-18,010-7245-3429,게임 방송
2444,신시윤,43,대구광역시 동구 78-24,010-7100-1014,영화 제작
2445,한유하,74,부산광역시 수영구 891-10,010-5180-3852,영화 제작
2446,이기영,67,전라남도 순천시 145-92,010-4051-9903,VR 게임
2447,서승호,71,인천광역시 미추홀구 739-36,010-4535-3757,등산
2448,신세호,60,전라북도 익산시 347-92,010-7081-5849,생활 해킹
2449,신다은,56,경기도 의정부시 599-76,010-2876-3070,배우기
2450,김성자,76,서울특별시 관악구 202-79,010-3230-9097,게임 방송
2451,오병호,72,강원도 양양군 484-44,010-1758-9395,낚시
2452,이지한,77,인천광역시 계양구 858-9,010-3786-9469,집콕 놀이
2453,한채원,48,경기도 오산시 2-58,010-9323-5764,플라워 아트
2454,정하윤,43,경상남도 양산시 838-75,010-5740-5630,게임
2455,신예은,21,울산광역시 동구 317-92,010-9918-1675,헬로윈 파티 준비
2456,박정자,58,경상남도 양산시 665-19,010-2466-6251,스트리밍
2457,조준서,38,광주광역시 동구 455-33,010-2520-2337,캔들 만들기
2458,신명자,22,대구광역시 중구 963-76,010-4613-1943,영화 제작
2459,한하진,23,인천광역시 부평구 287-1,010-1348-6772,시뮬레이션 게임
2460,임현철,68,서울특별시 성북구 807-29,010-1477-5859,헬로윈 파티 준비
2461,서주원,28,경상남도 밀양시 759-14,010-5799-8600,코딩
2462,최춘식,44,서울특별시 노원구 364-71,010-5366-9640,디지털 아트
2463,최민서,36,광주광역시 광산구 671-55,010-4035-3986,책 클럽
2464,홍다은,69,서울특별시 동대문구 281-35,010-7384-6361,등산
2465,김다빈,51,전라남도 목포시 823-83,010-1192-1173,집콕 놀이
2466,황다온,44,경기도 안양시 만안구 370-23,010-3539-9528,피크닉
2467,안윤호,40,인천광역시 부평구 606-1,010-7651-2897,미술관 관람
2468,김하은,49,서울특별시 영등포구 958-35,010-7059-6092,미술관 관람
2469,홍순자,63,전라북도 익산시 602-48,010-5775-5222,요리
2470,이재호,63,부산광역시 수영구 220-27,010-6312-4150,자원봉사
2471,김재훈,49,경기도 용인시 처인구 289-69,010-7411-6344,사진촬영
2472,김윤서,52,용인시 수지구 풍덕천동 642-62,010-6972-8272,음악감상
2473,송지율,39,강원도 삼척시 592-16,010-4245-6855,디지털 사진 전시
2474,임예린,68,경상남도 사천시 129-9,010-6584-5501,독서
2475,전서아,41,강원도 양양군 663-19,010-7182-1499,캘리그라피
2476,강상민,77,서울특별시 관악구 125-38,010-2919-2605,보드게임
2477,임은우,36,대구광역시 달서구 843-76,010-9014-5813,보드게임
2478,신은우,50,강원도 태백시 726-17,010-1342-8946,헬스
2479,윤유하,73,충청남도 공주시 531-32,010-1283-9349,캔들 만들기
2480,송승호,49,부산광역시 중구 440-78,010-5828-7800,사진편집
2481,최준서,35,경기도 의정부시 786-69,010-4330-4713,자원봉사
2482,권주아,28,서울특별시 관악구 643-41,010-6755-5317,플로리스트
2483,서지후,54,부산광역시 동래구 581-46,010-2609-2780,로봇 공학
2484,홍진호,56,부산광역시 연제구 753-83,010-4905-5546,자원봉사
2485,정옥희,61,서울특별시 성북구 617-19,010-4841-4497,비즈 공예
2486,신순영,39,세종특별자치시 조치원읍 104-95,010-6088-7230,플로리스트
2487,조은우,71,부산광역시 강서구 904-49,010-7313-5582,게임
2488,장태현,33,경상남도 창녕군 711-10,010-7825-4718,골프
2489,이채은,43,경기도 시흥시 957-37,010-9802-5147,헬로윈 파티 준비
2490,황말자,37,인천광역시 계양구 541-63,010-9910-1281,펜팔
2491,강세호,74,경기도 용인시 기흥구 290-37,010-7280-1860,미술관 관람
2492,박경자,41,강원도 평창군 474-72,010-3923-7288,사진촬영
2493,황하율,38,제주시 노형동 714-50,010-7443-4523,로봇 공학
2494,장찬우,53,서울특별시 성동구 649-70,010-5716-2243,스포츠 카드 수집
2495,송성자,20,경기도 안산시 상록구 427-59,010-2467-5813,자원봉사
2496,한종수,66,제주시 아라동 248-70,010-2335-8083,로봇 공학
2497,강지후,57,성남시 분당구 정자동 671-66,010-3367-3814,디지털 콘텐츠 제작
2498,장정호,68,부산광역시 동구 708-13,010-3200-2534,명상
2499,임복희,58,경기도 용인시 기흥구 756-31,010-9453-8589,생활 해킹
2500,장지율,36,서울특별시 성북구 359-0,010-9022-1571,음악감상
2501,조광호,68,부산광역시 사하구 724-39,010-6652-3463,비즈 공예
2502,장주원,42,서울특별시 강서구 212-30,010-2368-8538,필라테스
2503,임윤서,58,인천광역시 동구 287-63,010-2990-7223,패션
2504,전말자,23,전라남도 나주시는 287-21,010-8328-8964,카페 투어
2505,강진숙,63,광주광역시 광산구 902-34,010-9612-4072,도예
2506,안현서,55,경기도 수원시 팔달구 207-5,010-9521-4598,헬로윈 파티 준비
2507,정춘자,61,서울특별시 구로구 91-75,010-2022-5255,VR 게임
2508,강정순,59,서울특별시 강북구 70-53,010-9411-3049,집콕 놀이
2509,오건우,40,경상남도 창녕군 678-72,010-5662-5356,미술관 관람
2510,김도윤,60,대구광역시 달성군 779-5,010-6025-2334,등산
2511,윤지호,54,울산광역시 남구 19-36,010-2249-5180,자전거 타기
2512,송태현,40,제주시 연동 728-80,010-1162-3656,게임 방송
2513,장은채,21,대구광역시 북구 322-26,010-4612-3364,배우기
2514,정하연,32,강원도 홍천군 314-58,010-5778-5478,스크래치 프로그램 만들기
2515,윤선자,78,강원도 동해시 161-23,010-3860-1142,펜팔
2516,권채원,42,서울특별시 은평구 114-24,010-1275-4709,자원봉사
2517,임미영,45,광주광역시 동구 188-74,010-3078-4407,스키
2518,윤서진,28,전라북도 익산시 946-56,010-2678-8440,영화 제작
2519,임주원,53,서울특별시 동작구 959-20,010-9592-4515,코딩
2520,정정희,64,부산광역시 서구 626-65,010-4100-2301,패션
2521,한지원,64,광주광역시 남구 492-84,010-8952-2614,게임 방송
2522,황서아,27,대전광역시 서구 640-71,010-6058-6474,보드게임
2523,홍순희,25,부산광역시 북구 517-36,010-3117-7871,비즈 공예
2524,오말옥,78,전라남도 여수시 996-81,010-6215-4221,운동
2525,임수아,61,강원도 태백시 684-3,010-6065-8552,캔들 만들기
2526,황옥희,26,세종특별자치시 한솔동 301-18,010-5541-8730,애니메이션 제작
2527,임명숙,23,서울특별시 양천구 620-12,010-8618-2788,유튜브 보기
2528,조하율,77,제주시 노형동 399-76,010-5997-1667,낚시
2529,정혜숙,36,서울특별시 용산구 151-59,010-1157-7275,디지털 아트
2530,신지후,71,전라북도 전주시 167-13,010-2162-1165,자원봉사
2531,김도윤,46,부산광역시 서구 397-49,010-1075-4551,드로잉
2532,안지우,54,서울특별시 양천구 675-66,010-7256-9476,집콕 놀이
2533,안순희,57,강원도 태백시 561-38,010-6509-8275,디지털 콘텐츠 제작
2534,윤정희,54,충청북도 진천군 894-65,010-3718-5637,모바일 촬영
2535,이철수,59,서울특별시 강남구 348-39,010-9995-6524,웹툰 그리기
2536,한하연,35,부산광역시 서구 731-10,010-3773-9119,명상
2537,송도윤,47,충청남도 천안시 806-38,010-2740-2447,콜라주 아트
2538,김재호,73,경상남도 거제시 165-70,010-4898-5649,영화감상
2539,이건우,49,경상남도 양산시 449-50,010-9779-5540,패션
2540,조민수,45,경상남도 진주시 710-28,010-2481-3665,스크래치 프로그램 만들기
2541,황영수,68,경상남도 창원시 617-63,010-4892-5136,디지털 아트
2542,한재호,20,서울특별시 강서구 427-23,010-6835-5747,애니메이션 제작
2543,김진숙,72,제주시 이도이동 93-18,010-2458-6068,웹툰 그리기
2544,장철수,77,대전광역시 서구 973-18,010-3521-6289,스키
2545,서찬우,76,부천시 상동 229-69,010-9520-1348,보드게임
2546,권순희,20,부산광역시 북구 229-23,010-5033-4261,VR 게임
2547,정하윤,69,부산광역시 금정구 744-25,010-8318-2857,운동
2548,권현서,65,부산광역시 강서구 520-2,010-3920-3310,요가
2549,홍민준,52,전라남도 나주시는 589-21,010-8724-2852,캠핑
2550,강명숙,46,경기도 안산시 단원구 922-9,010-8374-2181,헬로윈 파티 준비
2551,최서진,79,강원도 강릉시 877-0,010-2284-1154,스포츠 카드 수집
2552,신호철,50,경기도 광명시 651-5,010-4252-3615,플로리스트
2553,정지원,57,세종특별자치시 아름동 239-63,010-6404-8098,테니스
2554,권지원,74,충청남도 논산시 606-60,010-7321-5994,헬스
2555,홍로운,77,광주광역시 서구 692-9,010-4044-1070,필라테스
2556,박지민,60,인천광역시 남동구 733-20,010-7992-6626,드로잉
2557,이수아,46,충청남도 천안시 602-71,010-9465-8710,영화 제작
2558,전세아,44,전라남도 순천시 106-26,010-1099-3526,헬스
2559,송하은,30,충청북도 청주시 553-8,010-7407-9111,캔들 만들기
2560,홍서준,61,성남시 분당구 정자동 60-47,010-6041-1360,애니메이션 제작
2561,신희정,50,경상남도 밀양시 996-93,010-5890-8138,보드게임
2562,윤수빈,74,인천광역시 부평구 821-30,010-6104-2341,스트리트 댄스
2563,김순희,78,부천시 상동 659-3,010-2108-3894,도예
2564,송춘자,29,경기도 안양시 만안구 445-58,010-1442-1119,디지털 아트
2565,윤로운,65,경상남도 창녕군 502-29,010-6450-4003,유튜브 보기
2566,안나윤,59,성남시 분당구 정자동 281-77,010-7897-8494,시뮬레이션 게임
2567,서영자,75,인천광역시 남동구 277-66,010-8696-2856,퍼즐 맞추기
2568,홍만수,25,강원도 춘천시 378-75,010-6346-4809,벽화 그리기
2569,신건우,68,경기도 수원시 장안구 996-75,010-9437-4746,펜팔
2570,한기영,40,경상남도 통영시 5-37,010-3769-4217,골프
2571,한정우,66,부산광역시 사하구 678-4,010-2877-2575,영화감상
2572,강형민,72,강원도 춘천시 364-29,010-2272-7605,책 클럽
2573,송연희,58,성남시 분당구 정자동 902-84,010-6072-5547,로봇 공학
2574,황민준,64,서울특별시 금천구 115-26,010-5014-9584,수영
2575,권춘자,75,충청남도 공주시 868-96,010-3726-5061,생활 해킹
2576,황지민,42,경상남도 밀양시 463-69,010-8044-4323,생활 해킹
2577,김재호,26,경기도 오산시 355-40,010-1304-1044,배우기
2578,장창수,32,강원도 원주시 724-59,010-7913-1522,스트리밍
2579,한태현,74,부산광역시 강서구 673-98,010-9896-4845,모바일 게임 개발
2580,박정순,63,제주시 이도이동 670-0,010-9480-3461,마인드맵 만들기
2581,임광호,35,서울특별시 양천구 921-25,010-1298-3929,콜라주 아트
2582,한찬우,52,대구광역시 달서구 707-92,010-8616-5468,플로리스트
2583,안옥희,52,광주광역시 광산구 278-32,010-5404-7340,유튜브 보기
2584,장하은,39,울산광역시 북구 154-7,010-6632-1955,캘리그라피
2585,정영자,79,충청남도 천안시 401-84,010-8804-7311,벽화 그리기
2586,한예준,55,서울특별시 성북구 906-25,010-3546-6418,비즈 공예
2587,최수아,65,경기도 안양시 동안구 765-64,010-5956-3800,코딩
2588,김다은,65,충청남도 논산시 367-58,010-4207-7607,운동
2589,김지한,43,강원도 양양군 23-30,010-6043-2991,영화감상
2590,홍병호,42,인천광역시 서구 771-90,010-7612-3846,보드게임
2591,전옥희,39,충청남도 천안시 356-91,010-8547-3143,캠핑
2592,송호철,22,강원도 원주시 280-43,010-8299-1089,자원봉사
2593,신선자,25,부산광역시 중구 969-24,010-3502-1644,음악감상
2594,서종수,68,대구광역시 달서구 73-6,010-5292-6320,보드게임
2595,전정순,47,충청남도 천안시 896-37,010-1321-8578,벽화 그리기
2596,강수아,52,경기도 평택시 533-14,010-1339-8716,골프
2597,한광호,27,경기도 고양시 덕양구 158-63,010-2946-8031,패션
2598,조명숙,61,부산광역시 부산진구 914-93,010-1179-6022,책 클럽
2599,신춘희,55,제주시 아라동 512-58,010-7389-3289,배드민턴
2600,강호철,63,울산광역시 중구 959-29,010-8015-4554,모바일 촬영
2601,한말순,68,경상남도 통영시 190-21,010-4959-6626,자원봉사
2602,오로운,21,대전광역시 대덕구 462-63,010-1079-8196,스포츠 카드 수집
2603,오정숙,32,인천광역시 부평구 939-92,010-1381-8058,캘리그라피
2604,박예린,42,대구광역시 달성군 878-32,010-2312-7621,디지털 아트
2605,전은숙,65,부천시 원미구 중동 406-48,010-4634-4715,시뮬레이션 게임
2606,황광호,26,제주시 신제주 217-52,010-2072-4574,도예
2607,서진숙,48,강원도 춘천시 685-38,010-6355-1830,퍼즐 맞추기
2608,전정숙,77,경기도 광주시 205-68,010-4256-2063,도예
2609,홍상호,57,경상남도 거제시 373-5,010-4195-6019,헬로윈 파티 준비
2610,강주아,64,경기도 군포시 63-24,010-5626-2988,디지털 콘텐츠 제작
2611,박성호,26,경기도 군포시 515-86,010-1914-5803,요가
2612,황춘희,35,인천광역시 중구 593-7,010-8068-2642,스트리트 댄스
2613,오형민,40,부산광역시 북구 711-28,010-3920-3006,유튜브 보기
2614,오세아,71,경기도 수원시 장안구 904-28,010-2043-4270,일기 쓰기
2615,안하은,33,경상남도 창원시 410-8,010-3993-1608,퍼즐 맞추기
2616,임정자,35,제주시 신제주 626-11,010-5824-8835,사진촬영
2617,신예린,20,충청북도 청주시 10-80,010-1786-2620,독서
2618,이혜숙,50,경상남도 통영시 735-94,010-1239-1498,스트리트 댄스
2619,홍상호,62,경기도 수원시 장안구 111-6,010-1621-9949,낚시
2620,김복희,72,강원도 강릉시 704-78,010-8891-8564,일기 쓰기
2621,장은우,37,강원도 춘천시 931-24,010-4031-7657,독서
2622,정명훈,23,경상북도 김천시 133-91,010-1346-4163,애니메이션 제작
2623,김예은,54,서울특별시 성동구 578-51,010-5469-5171,디지털 콘텐츠 제작
2624,한기영,33,인천광역시 남동구 30-77,010-6532-9768,영화감상
2625,임정호,27,부산광역시 남구 57-26,010-3218-9385,일기 쓰기
2626,이로운,55,부천시 상동 646-15,010-5948-3067,벽화 그리기
2627,전성자,44,제주시 이도이동 492-95,010-5585-7571,자전거 타기
2628,김말자,68,대전광역시 중구 729-79,010-6252-6548,유튜브 보기
2629,강철수,45,서울특별시 서초구 769-68,010-3999-5943,요가
2630,정은우,67,서울특별시 용산구 260-32,010-6106-4316,디지털 사진 전시
2631,박광호,74,강원도 홍천군 508-83,010-9627-2826,명상
2632,윤정호,57,대구광역시 달서구 129-39,010-9908-1627,보드게임
2633,신말자,32,경기도 용인시 수지구 127-64,010-6546-8863,비즈 공예
2634,전찬우,35,용인시 수지구 풍덕천동 991-49,010-6587-9426,스키
2635,장하율,66,서울특별시 성북구 19-71,010-6762-4532,도예
2636,조지원,30,울산광역시 울주군 23-21,010-7601-1529,캔들 만들기
2637,조복자,21,서울특별시 도봉구 221-32,010-1074-1041,영화감상
2638,황시헌,71,경상북도 경주시 29-26,010-3722-9468,패션
2639,황광호,59,경기도 성남시 분당구 309-56,010-5212-7047,배우기
2640,서시윤,42,인천광역시 동구 738-14,010-5615-7259,스트리밍
2641,송지율,23,경상북도 경주시 380-48,010-9872-1888,스크래치 프로그램 만들기
2642,신복자,59,경기도 용인시 처인구 432-12,010-6035-4795,필라테스
2643,안상민,33,경상북도 포항시 664-30,010-7331-8738,플라워 아트
2644,정선자,22,세종특별자치시 아름동 40-24,010-5643-2702,필라테스
2645,권다은,40,울산광역시 중구 710-40,010-8774-5419,운동
2646,조승호,35,대구광역시 달서구 244-24,010-3033-2883,DIY
2647,최준호,53,대전광역시 대덕구 743-64,010-1418-7655,독서
2648,홍찬우,71,충청남도 공주시 886-15,010-3036-3214,헬스
2649,장다은,62,경상남도 사천시 517-7,010-4661-7978,디지털 아트
2650,한미영,70,경기도 안양시 만안구 411-34,010-6254-5625,애니메이션 제작
2651,황선자,40,강원도 홍천군 328-39,010-4449-6182,게임 방송
2652,박기영,74,경상남도 김해시 480-68,010-5084-3729,디지털 아트
2653,오정숙,24,부산광역시 동구 333-68,010-7726-6477,모바일 촬영
2654,서현서,54,서울특별시 강북구 549-93,010-1995-8973,스크래치 프로그램 만들기
2655,홍숙자,26,경상북도 김천시 599-24,010-9934-5411,스크래치 프로그램 만들기
2656,홍하람,73,경기도 안산시 단원구 611-28,010-3658-6292,도예
2657,안하율,47,경상북도 구미시 66-95,010-8708-1537,시뮬레이션 게임
2658,홍복희,49,전라남도 목포시 190-67,010-2809-9657,배우기
2659,서재영,22,울산광역시 동구 250-14,010-5717-5690,퍼즐 맞추기
2660,황지율,31,경기도 안산시 단원구 546-7,010-5027-4189,헬로윈 파티 준비
2661,박서연,74,대구광역시 서구 799-39,010-9744-4827,스키
2662,윤예은,31,대전광역시 유성구 307-88,010-1888-6569,카페 투어
2663,송주원,37,서울특별시 강동구 552-47,010-7754-5624,코딩
2664,신정희,41,경기도 안양시 만안구 67-33,010-9386-4978,수채화 그리기
2665,이윤호,29,강원도 춘천시 574-24,010-5350-8352,헬스
2666,박세호,60,제주시 이도이동 775-23,010-4943-5620,마인드맵 만들기
2667,송창수,29,경상북도 구미시 329-88,010-5133-2621,영화감상
2668,권도윤,49,경상남도 사천시 693-92,010-2988-3745,영화 제작
2669,강지민,61,서울특별시 노원구 867-90,010-6024-9357,집콕 놀이
2670,송복자,22,제주시 이도이동 972-51,010-3716-5507,운동
2671,서혜숙,47,부산광역시 부산진구 728-10,010-5183-2008,디지털 콘텐츠 제작
2672,송재훈,43,경기도 평택시 324-59,010-3808-6648,음악감상
2673,홍경수,39,울산광역시 동구 300-81,010-4465-5692,테니스
2674,오명숙,54,경기도 군포시 346-46,010-1590-2489,피크닉
2675,안춘희,26,제주시 오라동 139-65,010-9284-5507,필라테스
2676,권명숙,51,울산광역시 동구 287-60,010-9245-8015,봉사활동
2677,송만수,79,인천광역시 연수구 493-43,010-6644-5239,보드게임
2678,안철수,60,충청북도 충주시 578-67,010-2464-4090,생활 해킹
2679,조은우,77,제주시 연동 175-83,010-6000-3639,보드게임
2680,윤영일,51,부산광역시 강서구 477-76,010-4709-8572,배드민턴
2681,윤하연,47,부산광역시 금정구 403-40,010-9956-9690,등산
2682,서준서,65,경기도 의정부시 978-39,010-3264-5600,사진편집
2683,권선자,78,부산광역시 서구 640-59,010-9253-9778,필라테스
2684,서상호,25,경기도 광주시 151-28,010-3906-9702,비즈 공예
2685,송철수,29,경기도 군포시 662-52,010-4558-5418,운동
2686,윤하윤,68,서울특별시 중랑구 507-47,010-1831-9027,집콕 놀이
2687,강형민,72,대전광역시 동구 22-89,010-1957-5775,모바일 게임 개발
2688,황서연,70,서울특별시 동작구 246-29,010-2064-3237,플라워 아트
2689,권예은,49,부산광역시 남구 234-54,010-3325-3467,테니스
2690,안숙자,31,서울특별시 중구 881-8,010-4035-3336,일기 쓰기
2691,정미영,72,서울특별시 성동구 601-30,010-1636-6294,생활 해킹
2692,권현서,60,경기도 용인시 기흥구 624-63,010-5594-3352,요리
2693,전주영,22,경기도 안양시 동안구 736-45,010-1613-9506,뜨개질
2694,정옥희,59,전라남도 순천시 972-45,010-9075-5460,집콕 놀이
2695,홍수빈,20,경상남도 창녕군 351-11,010-4137-6309,독서
2696,서기석,37,대전광역시 서구 876-98,010-4664-3241,디지털 사진 전시
2697,권지원,38,광주광역시 광산구 525-36,010-1044-7111,음악감상
2698,조정호,42,서울특별시 도봉구 719-49,010-3217-2898,모바일 게임 개발
2699,신현서,48,울산광역시 남구 108-92,010-3246-3190,여행
2700,송하윤,21,경상남도 김해시 111-50,010-4632-3517,플로리스트
2701,조다은,63,성남시 분당구 정자동 692-47,010-2412-2302,배우기
2702,박유진,69,서울특별시 도봉구 996-21,010-9006-4490,웹서핑
2703,김복희,44,서울특별시 성북구 359-3,010-6413-9938,배우기
2704,최다은,54,서울특별시 중랑구 146-19,010-9379-2647,디지털 사진 전시
2705,홍광호,29,부산광역시 사하구 881-33,010-1317-1055,수영
2706,한철수,33,부천시 원미구 중동 41-91,010-1393-3251,모바일 촬영
2707,신성자,70,부산광역시 사상구 381-26,010-2548-7741,마인드맵 만들기
2708,조춘식,26,경상북도 포항시 537-35,010-3923-9326,헬스
2709,신소율,22,경상남도 거제시 62-93,010-1682-5812,요가
2710,이혜숙,65,용인시 수지구 풍덕천동 685-36,010-3721-8468,수채화 그리기
2711,이재호,60,전라북도 전주시 624-96,010-2619-1346,필라테스
2712,김민준,49,경상북도 김천시 465-13,010-2674-1765,생활 해킹
2713,안기영,41,대전광역시 중구 772-77,010-3953-7481,캔들 만들기
2714,송광호,25,부산광역시 부산진구 207-45,010-5132-5630,음악감상
2715,한춘식,28,대구광역시 남구 898-65,010-4492-7025,자전거 타기
2716,김찬우,68,경상북도 김천시 501-68,010-8558-6379,영화감상
2717,조영일,74,충청남도 공주시 174-36,010-5720-4954,콜라주 아트
2718,김세아,53,경상남도 김해시 414-84,010-7024-4405,사진편집
2719,홍시우,32,경기도 성남시 분당구 671-80,010-1811-8336,DIY
2720,홍시우,49,인천광역시 동구 883-72,010-7523-7627,미술관 관람
2721,정기석,20,광주광역시 서구 221-42,010-3406-4592,플로리스트
2722,한주아,57,부산광역시 수영구 221-13,010-4905-3224,일기 쓰기
2723,이미영,52,서울특별시 송파구 601-76,010-9975-5519,봉사활동
2724,권만수,23,대전광역시 중구 927-20,010-5425-4350,모바일 게임 개발
2725,박영호,45,경상북도 구미시 292-28,010-7174-1309,헬로윈 파티 준비
2726,권순자,40,경기도 오산시 98-70,010-4883-6926,플라워 아트
2727,장채은,62,광주광역시 서구 39-74,010-2169-2896,퍼즐 맞추기
2728,조동수,56,경기도 용인시 수지구 190-81,010-1726-5102,명상
2729,송지민,26,대구광역시 서구 793-59,010-3210-6506,게임
2730,박정순,42,대구광역시 달서구 655-31,010-5994-4251,책 클럽
2731,임말순,76,전라남도 순천시 614-28,010-4028-1718,스크래치 프로그램 만들기
2732,황지민,57,대전광역시 유성구 620-8,010-9238-9925,자전거 타기
2733,황정희,46,경기도 안양시 동안구 661-97,010-4535-4950,패션
2734,권시우,23,인천광역시 연수구 570-13,010-3047-4474,캔들 만들기
2735,강상호,44,경기도 화성시 242-91,010-4301-8524,보드게임
2736,홍성자,46,세종특별자치시 한솔동 716-68,010-7873-2958,영화 제작
2737,장예은,61,부산광역시 기장군 495-53,010-7524-3721,수채화 그리기
2738,정숙자,56,부산광역시 연제구 80-43,010-4901-4676,필라테스
2739,임영자,52,인천광역시 부평구 859-44,010-5772-1848,음악감상
2740,김희정,71,울산광역시 울주군 516-76,010-6036-8212,퍼즐 맞추기
2741,정영일,35,광주광역시 서구 41-18,010-3800-2448,음악감상
2742,전다빈,72,경기도 성남시 분당구 670-87,010-2156-2848,스키
2743,정채원,35,충청남도 논산시 839-81,010-7410-5559,플로리스트
2744,윤하윤,67,경기도 고양시 덕양구 243-1,010-6228-4169,VR 게임
2745,한채은,71,강원도 양양군 153-39,010-4075-1130,여행
2746,안재호,43,부산광역시 강서구 189-16,010-3540-4260,코딩
2747,조경수,55,서울특별시 송파구 776-47,010-5028-6524,헬스
2748,전하람,27,서울특별시 동작구 238-6,010-9247-5024,생활 해킹
2749,오지우,77,서울특별시 마포구 350-52,010-2309-5827,벽화 그리기
2750,조태현,41,광주광역시 서구 606-24,010-8548-5909,웹서핑
2751,안은숙,45,경상남도 밀양시 203-72,010-9559-8861,미술관 관람
2752,오상민,77,대구광역시 서구 597-15,010-4045-2238,수영
2753,서만수,66,서울특별시 동대문구 311-22,010-1733-1985,스포츠 카드 수집
2754,윤명자,27,인천광역시 연수구 233-97,010-5821-9850,등산
2755,신창수,42,대전광역시 대덕구 132-80,010-8934-9582,보드게임
2756,권은채,61,강원도 삼척시 345-62,010-3766-4253,퍼즐 맞추기
2757,최다은,63,전라남도 여수시 807-0,010-2523-1068,봉사활동
2758,이세아,54,울산광역시 울주군 647-17,010-8570-2463,시뮬레이션 게임
2759,최복자,68,경기도 고양시 일산동구 375-91,010-3729-5098,책 클럽
2760,안춘식,35,서울특별시 강남구 761-88,010-1645-6091,시뮬레이션 게임
2761,송복자,39,서울특별시 성동구 224-77,010-6186-9794,비즈 공예
2762,송지민,56,대구광역시 달성군 540-0,010-3586-5616,스키
2763,조유하,44,서울특별시 성북구 738-36,010-7280-1925,비즈 공예
2764,장하진,62,울산광역시 울주군 492-87,010-6284-3649,디지털 아트
2765,황선자,26,강원도 속초시 972-12,010-2215-9179,영화감상
2766,강말순,59,부산광역시 남구 95-82,010-8801-4538,집콕 놀이
2767,신순자,68,충청남도 공주시 840-74,010-6808-2614,캠핑
2768,정영희,20,경기도 수원시 장안구 73-39,010-6225-7895,도예
2769,황로운,71,전라남도 여수시 940-21,010-7326-4321,수채화 그리기
2770,윤순영,43,충청남도 천안시 351-29,010-5154-1226,집콕 놀이
2771,권순희,37,경기도 군포시 269-48,010-6779-8084,벽화 그리기
2772,최영자,75,경상북도 경주시 277-22,010-6024-8079,모바일 촬영
2773,서시윤,56,대구광역시 달서구 283-14,010-2814-2964,요가
2774,김선자,39,서울특별시 광진구 558-67,010-2392-4623,음악감상
2775,박주아,49,인천광역시 남동구 991-61,010-4069-9687,사진촬영
2776,정은우,36,전라남도 나주시는 728-74,010-1058-4608,모바일 촬영
2777,강형민,32,경상북도 김천시 99-69,010-6034-3836,디지털 아트
2778,송옥희,55,부산광역시 연제구 545-54,010-3590-4514,패션
2779,김재영,63,강원도 태백시 974-94,010-7133-3186,디지털 아트
2780,최세아,22,충청남도 아산시 793-66,010-9494-3966,봉사활동
2781,홍춘식,56,울산광역시 남구 100-6,010-5251-6518,스포츠 카드 수집
2782,조현우,52,경상남도 밀양시 142-69,010-7349-7360,헬스
2783,권찬우,55,경기도 고양시 덕양구 93-89,010-8290-9047,디지털 사진 전시
2784,권경수,42,부산광역시 동구 586-69,010-6029-9294,웹서핑
2785,조우진,42,인천광역시 연수구 416-80,010-2843-4300,스트리밍
2786,임명자,29,경상북도 안동시 267-8,010-3997-1918,일기 쓰기
2787,강경수,39,서울특별시 강북구 98-70,010-8192-2010,보드게임
2788,윤복희,24,대전광역시 서구 292-79,010-6715-7039,디지털 아트
2789,정건우,48,경상북도 안동시 845-45,010-9893-6815,마인드맵 만들기
2790,조형민,28,전라남도 여수시 913-18,010-1823-5822,디지털 일러스트
2791,강순영,25,경상남도 창원시 542-59,010-2026-1553,헬스
2792,안태윤,20,경기도 안산시 상록구 870-84,010-7492-9558,보드게임
2793,권순희,48,경기도 오산시 681-90,010-5218-1583,웹툰 그리기
2794,이재훈,64,부산광역시 영도구 254-23,010-1817-5568,게임
2795,이상민,25,강원도 동해시 190-52,010-8977-7916,마인드맵 만들기
2796,황상호,46,대구광역시 서구 722-22,010-1100-3202,스트리밍
2797,박승호,71,경상북도 김천시 244-29,010-6950-2070,DIY
2798,장소율,58,서울특별시 용산구 88-79,010-1962-8020,음악감상
2799,안태수,31,경기도 용인시 처인구 846-98,010-4917-2984,펜팔
2800,황주아,35,부산광역시 연제구 574-26,010-8299-8289,미술관 관람
2801,권만수,63,부산광역시 부산진구 439-28,010-2483-5073,플로리스트
2802,전준호,25,충청남도 공주시 267-15,010-2848-4773,배우기
2803,임세아,32,인천광역시 중구 924-62,010-1802-9250,플라워 아트
2804,오순자,69,제주시 연동 395-20,010-5104-1937,사진촬영
2805,송준호,32,서울특별시 마포구 464-54,010-2604-3912,사진편집
2806,정윤호,35,강원도 홍천군 305-3,010-1022-2673,책 클럽
2807,윤하람,59,경상남도 창녕군 277-9,010-5014-4065,패션
2808,한민수,68,강원도 강릉시 762-31,010-2548-4354,사진촬영
2809,황우진,34,경기도 용인시 처인구 789-29,010-3918-1150,웹툰 그리기
2810,안진호,41,강원도 홍천군 19-96,010-4667-9519,패션
2811,한상민,43,울산광역시 중구 615-96,010-3952-5235,디지털 일러스트
2812,권종순,34,부산광역시 서구 728-89,010-1665-5899,캠핑
2813,임복희,61,경상남도 창원시 155-71,010-4236-3939,펜팔
2814,김소율,29,전라북도 전주시 206-5,010-2105-2913,테니스
2815,송유하,48,서울특별시 강남구 842-1,010-3348-4980,벽화 그리기
2816,임숙자,64,부산광역시 부산진구 772-7,010-1035-3699,일기 쓰기
2817,안채원,73,부산광역시 북구 472-23,010-6417-9849,배드민턴
2818,전성민,62,충청북도 충주시 199-27,010-4306-9003,배드민턴
2819,이승호,79,경상북도 구미시 630-68,010-5998-6643,콜라주 아트
2820,송세아,39,세종특별자치시 조치원읍 906-76,010-9912-3746,벽화 그리기
2821,전다빈,60,충청남도 논산시 194-21,010-5810-7854,플로리스트
2822,강예준,76,충청북도 충주시 710-95,010-1905-1548,음악감상
2823,윤시윤,78,서울특별시 동대문구 750-22,010-3524-4831,요가
2824,강춘희,45,서울특별시 은평구 122-95,010-7731-8233,비즈 공예
2825,임하윤,41,대구광역시 달서구 257-25,010-7308-1833,테니스
2826,안숙자,26,서울특별시 은평구 204-6,010-4470-6020,드로잉
2827,임하진,35,서울특별시 영등포구 108-15,010-5200-5034,운동
2828,임예린,35,제주시 신제주 631-51,010-9790-5158,비즈 공예
2829,황민수,30,서울특별시 구로구 122-61,010-5762-7671,카페 투어
2830,박예린,72,서울특별시 금천구 799-29,010-9963-3813,디지털 아트
2831,장성호,67,경기도 의정부시 773-58,010-6101-5107,필라테스
2832,홍말순,23,대전광역시 유성구 309-78,010-2656-4187,모바일 촬영
2833,정명자,37,경기도 수원시 팔달구 840-93,010-4667-6847,낚시
2834,김순자,68,제주시 노형동 565-1,010-9566-2134,스포츠 카드 수집
2835,강연희,58,경기도 군포시 971-6,010-5177-7921,웹서핑
2836,안병호,38,충청남도 천안시 371-25,010-2339-5857,뜨개질
2837,조채은,58,경상남도 김해시 883-79,010-8883-5347,플라워 아트
2838,안하람,44,경기도 수원시 장안구 588-5,010-1375-4901,운동
2839,홍창수,69,경기도 수원시 장안구 716-41,010-8218-2261,디지털 사진 전시
2840,조기석,64,부산광역시 동래구 714-23,010-1778-1663,플로리스트
2841,이정순,20,경기도 파주시 630-6,010-9335-8209,모바일 게임 개발
2842,조성민,44,부산광역시 부산진구 279-11,010-4115-3812,벽화 그리기
2843,이수빈,44,서울특별시 관악구 49-34,010-6037-4672,자원봉사
2844,이상호,31,경상남도 진주시 123-20,010-1138-9584,플로리스트
2845,권소율,55,서울특별시 동대문구 472-96,010-7390-3578,자원봉사
2846,박서준,50,강원도 속초시 707-4,010-6537-6438,책 클럽
2847,김선자,41,서울특별시 강서구 781-26,010-6868-3750,디지털 사진 전시
2848,오경자,60,경상남도 양산시 407-60,010-8856-8110,디지털 사진 전시
2849,황주원,33,경상북도 안동시 37-79,010-5886-1530,로봇 공학
2850,장순영,75,강원도 태백시 229-68,010-1276-3554,스포츠 카드 수집
2851,강승호,29,충청북도 진천군 484-94,010-5079-1562,로봇 공학
2852,홍태수,43,세종특별자치시 아름동 853-63,010-1771-5248,골프
2853,장예준,67,인천광역시 남동구 466-55,010-1403-5992,플라워 아트
2854,정영희,28,서울특별시 강서구 380-53,010-6513-2904,유튜브 보기
2855,윤기영,34,충청북도 충주시 433-70,010-7406-3196,미술관 관람
2856,조은우,74,서울특별시 중구 247-5,010-2523-3363,스포츠 카드 수집
2857,송도윤,69,부산광역시 동래구 868-27,010-4902-7927,영화 제작
2858,한상민,29,부산광역시 해운대구 121-83,010-6379-1131,보드게임
2859,김시헌,41,경기도 시흥시 52-53,010-2972-3471,웹툰 그리기
2860,한준서,77,경기도 군포시 663-28,010-4536-1463,필라테스
2861,권현진,49,인천광역시 연수구 474-92,010-5509-7838,코딩
2862,권찬우,20,부산광역시 북구 201-45,010-9739-6303,스크래치 프로그램 만들기
2863,송기석,20,강원도 강릉시 162-93,010-3391-7846,웹툰 그리기
2864,박종순,73,세종특별자치시 도담동 885-11,010-5014-8087,도예
2865,권춘희,25,서울특별시 강서구 417-59,010-1302-4100,캘리그라피
2866,윤하람,78,서울특별시 영등포구 508-18,010-9941-1461,시뮬레이션 게임
2867,신지호,70,부산광역시 수영구 378-0,010-9415-1289,카페 투어
2868,송로운,56,부산광역시 동래구 236-5,010-5033-7510,스크래치 프로그램 만들기
2869,전하연,52,경기도 광주시 68-5,010-2193-2527,스트리밍
2870,박춘자,69,울산광역시 북구 11-71,010-1281-2235,집콕 놀이
2871,임다은,50,서울특별시 서초구 157-23,010-3684-3236,여행
2872,홍찬우,35,울산광역시 동구 474-66,010-2221-1472,스크래치 프로그램 만들기
2873,이경자,42,부산광역시 연제구 448-6,010-1342-8573,드로잉
2874,김순자,41,광주광역시 남구 917-1,010-2558-4800,코딩
2875,황주원,42,전라남도 여수시 850-87,010-5347-9344,플로리스트
2876,임영희,43,제주시 신제주 786-15,010-9601-9846,헬로윈 파티 준비
2877,박진숙,45,경기도 고양시 덕양구 34-3,010-7371-6123,일기 쓰기
2878,황지민,21,광주광역시 남구 682-19,010-9028-2599,영화 제작
2879,이현진,57,서울특별시 양천구 462-26,010-5011-1069,웹툰 그리기
2880,조채원,65,서울특별시 마포구 661-20,010-7675-6861,디지털 사진 전시
2881,임진숙,27,광주광역시 북구 698-0,010-9665-9125,보드게임
2882,권진호,32,부산광역시 기장군 82-84,010-1715-1730,등산
2883,장말옥,54,부산광역시 기장군 440-67,010-5732-1230,게임 방송
2884,조도윤,34,전라북도 전주시 722-60,010-4558-3016,일기 쓰기
2885,권영수,73,강원도 속초시 302-49,010-6401-4007,요가
2886,최진호,53,강원도 동해시 389-82,010-2079-2251,독서
2887,전순자,70,경기도 의정부시 48-44,010-6720-3070,요리
2888,한현진,70,울산광역시 북구 498-55,010-1186-6108,책 클럽
2889,전은우,66,경기도 성남시 분당구 657-64,010-2898-2531,벽화 그리기
2890,임영일,58,인천광역시 동구 462-29,010-1030-9630,코딩
2891,황영일,43,대구광역시 중구 810-97,010-6190-3659,캘리그라피
2892,정현철,35,서울특별시 은평구 192-13,010-4300-7123,영화 제작
2893,오정자,49,경상북도 안동시 795-77,010-2645-6626,뜨개질
2894,한남수,48,경기도 성남시 분당구 788-27,010-6196-6434,모바일 촬영
2895,황명숙,59,부산광역시 금정구 178-92,010-3076-9530,드로잉
2896,안지호,39,경기도 평택시 842-91,010-1024-8932,보드게임
2897,권정자,23,김해시 장유동 465-83,010-4492-5408,펜팔
2898,강태현,32,충청북도 진천군 284-35,010-5262-1313,뜨개질
2899,조정숙,29,경기도 용인시 기흥구 935-59,010-6436-7019,코딩
2900,홍시우,33,서울특별시 광진구 337-32,010-6107-2170,배우기
2901,홍유진,53,서울특별시 강서구 170-16,010-6679-2514,퍼즐 맞추기
2902,송준서,60,전라남도 목포시 102-86,010-7844-3932,보드게임
2903,한상민,51,경기도 파주시 868-65,010-9433-2877,보드게임
2904,임명훈,70,서울특별시 용산구 862-31,010-3580-2467,디지털 콘텐츠 제작
2905,조영희,72,충청북도 청주시 698-60,010-7441-3850,디지털 사진 전시
2906,이말자,24,인천광역시 중구 57-9,010-7580-1603,캘리그라피
2907,송옥희,48,서울특별시 마포구 818-35,010-2251-5107,헬로윈 파티 준비
2908,정형민,68,강원도 강릉시 51-37,010-2820-5875,사진촬영
2909,최창수,53,경기도 화성시 846-82,010-1897-9997,스포츠 카드 수집
2910,김준호,51,서울특별시 동대문구 888-92,010-9772-4085,웹툰 그리기
2911,한민준,25,대전광역시 중구 60-14,010-6192-4343,콜라주 아트
2912,권진숙,32,부산광역시 기장군 235-36,010-2141-8273,펜팔
2913,강현서,71,대구광역시 중구 65-56,010-3316-4539,드로잉
2914,김주영,65,서울특별시 관악구 408-59,010-4622-1796,피크닉
2915,이정호,37,서울특별시 중구 305-97,010-3732-7119,뜨개질
2916,김옥희,39,경상북도 안동시 626-96,010-9544-2586,헬스
2917,김명훈,67,부산광역시 금정구 163-73,010-5362-8177,필라테스
2918,홍현우,23,충청남도 논산시 925-54,010-4842-2668,스키
2919,서태윤,45,경기도 광명시 80-28,010-8468-4575,VR 게임
2920,신경수,25,제주시 이도이동 457-50,010-3507-3379,VR 게임
2921,서채원,79,부산광역시 강서구 589-30,010-3175-2267,등산
2922,전세아,25,강원도 태백시 409-47,010-5032-1421,콜라주 아트
2923,전태윤,27,경기도 광주시 195-73,010-3390-3183,DIY
2924,박지한,61,김해시 장유동 309-73,010-2122-2980,스키
2925,윤명숙,46,경상남도 양산시 807-46,010-6996-5829,플라워 아트
2926,조말자,46,경상남도 양산시 385-55,010-1276-2637,VR 게임
2927,한은우,36,서울특별시 용산구 809-90,010-6700-2182,영화 제작
2928,홍기석,47,서울특별시 영등포구 40-53,010-8563-4882,드로잉
2929,박명숙,67,경상남도 사천시 908-52,010-5326-9002,웹서핑
2930,이영희,49,서울특별시 종로구 205-53,010-4470-7962,수채화 그리기
2931,최예린,27,전라남도 순천시 864-94,010-5569-7157,헬로윈 파티 준비
2932,임영자,73,경기도 광명시 154-93,010-9256-5636,애니메이션 제작
2933,송하윤,33,대전광역시 동구 962-71,010-6550-7573,스트리밍
2934,안정우,51,울산광역시 울주군 515-11,010-8602-9432,카페 투어
2935,최은채,67,강원도 평창군 348-29,010-5980-3000,디지털 아트
2936,박로운,27,전라남도 여수시 19-53,010-3183-4250,헬스
2937,정영수,46,충청남도 아산시 860-20,010-7121-5839,요가
2938,정윤서,77,강원도 태백시 338-3,010-3044-4679,자전거 타기
2939,오성자,38,부산광역시 중구 179-49,010-6220-5897,등산
2940,박예은,53,경기도 수원시 장안구 976-63,010-3341-7697,요가
2941,최시헌,22,서울특별시 송파구 743-95,010-4594-8129,유튜브 보기
2942,황순자,35,서울특별시 강서구 12-48,010-4159-9840,캔들 만들기
2943,안건우,44,경기도 파주시 180-48,010-1852-8910,헬로윈 파티 준비
2944,최진숙,32,대구광역시 달성군 352-20,010-3524-2883,요리
2945,오지후,41,인천광역시 부평구 173-43,010-7918-4028,봉사활동
2946,전지원,42,인천광역시 중구 982-12,010-5815-1424,로봇 공학
2947,오하람,31,강원도 홍천군 708-97,010-1424-3782,패션
2948,장명자,31,서울특별시 강서구 205-13,010-5850-8094,드로잉
2949,윤민준,63,서울특별시 강동구 339-73,010-2680-4519,스트리트 댄스
2950,송광호,77,충청남도 천안시 308-26,010-5708-5028,코딩
2951,장하람,24,서울특별시 금천구 239-54,010-5207-2223,스트리밍
2952,조정숙,43,제주시 신제주 828-53,010-9427-6770,보드게임
2953,서명자,60,김해시 장유동 856-34,010-2061-5808,보드게임
2954,이유진,50,충청남도 공주시 269-77,010-4809-5583,스트리밍
2955,임혜숙,74,광주광역시 서구 42-1,010-8819-2098,퍼즐 맞추기
2956,전종순,71,제주시 아라동 637-90,010-7584-1240,요가
2957,송지우,33,부산광역시 사하구 254-95,010-3913-7509,등산
2958,오시헌,27,울산광역시 북구 937-95,010-4357-5905,모바일 촬영
2959,조진숙,50,부산광역시 동래구 674-67,010-1366-2450,벽화 그리기
2960,김하람,49,인천광역시 중구 663-83,010-7137-3313,디지털 사진 전시
2961,전다은,38,김해시 장유동 96-69,010-7338-9932,영화 제작
2962,안동수,27,경상남도 밀양시 509-10,010-1792-1482,배드민턴
2963,서종수,31,서울특별시 중구 806-18,010-1478-6762,생활 해킹
2964,장철수,50,부산광역시 북구 87-82,010-7720-1380,디지털 사진 전시
2965,최태수,60,경기도 광명시 650-2,010-2612-5472,웹서핑
2966,조정희,39,제주시 오라동 626-97,010-6129-6270,골프
2967,임영희,43,전라북도 익산시 517-19,010-7627-4885,테니스
2968,황희정,68,인천광역시 서구 212-23,010-3591-3403,영화감상
2969,황남수,52,경기도 파주시 637-58,010-1319-5158,시뮬레이션 게임
2970,신예린,60,전라남도 여수시 732-94,010-1007-8426,자전거 타기
2971,신주아,33,서울특별시 금천구 579-1,010-7439-8731,요리
2972,황영수,47,경상북도 김천시 543-75,010-7788-3399,명상
2973,신지민,68,인천광역시 부평구 980-80,010-1381-9184,보드게임
2974,송철수,63,대전광역시 동구 462-93,010-5854-4367,퍼즐 맞추기
2975,황호철,20,경기도 수원시 팔달구 448-31,010-4990-3802,스트리밍
2976,최은우,61,서울특별시 종로구 161-40,010-1330-9137,보드게임
2977,윤서진,78,제주시 오라동 282-78,010-6231-1968,디지털 일러스트
2978,정현서,50,전라남도 순천시 307-95,010-8764-6693,일기 쓰기
2979,홍말자,48,부산광역시 기장군 306-75,010-3096-1314,요리
2980,장유진,21,충청남도 아산시 623-56,010-2371-4276,도예
2981,강기석,39,경기도 용인시 기흥구 143-65,010-7809-3784,보드게임
2982,황현진,61,경기도 의정부시 575-41,010-1619-2227,패션
2983,최민서,63,부산광역시 동래구 256-1,010-8524-4756,스트리트 댄스
2984,권춘식,57,충청북도 충주시 841-83,010-6820-6856,도예
2985,조기석,54,경기도 성남시 수정구 475-12,010-1868-1482,스크래치 프로그램 만들기
2986,강지율,25,서울특별시 종로구 271-95,010-5976-6300,게임
2987,정형민,35,경상북도 안동시 214-0,010-1526-1541,봉사활동
2988,신준서,58,서울특별시 동작구 521-52,010-1816-4409,헬스
2989,조수아,36,부천시 원미구 중동 904-98,010-1116-5699,책 클럽
2990,장시윤,43,서울특별시 강남구 118-1,010-7085-7718,플로리스트
2991,이시헌,74,서울특별시 도봉구 609-52,010-8667-8446,명상
2992,박하율,24,전라남도 나주시는 226-33,010-9177-8585,뜨개질
2993,장순자,50,대전광역시 대덕구 399-63,010-5281-5132,스키
2994,윤하진,64,경기도 시흥시 159-74,010-1643-2422,집콕 놀이
2995,이수아,74,부산광역시 금정구 230-33,010-5538-2967,사진편집
2996,안재훈,70,충청남도 천안시 263-2,010-4819-5634,사진편집
2997,임재호,34,전라남도 나주시는 255-7,010-3275-2946,디지털 아트
2998,홍옥희,40,대전광역시 유성구 741-79,010-3971-7471,펜팔
2999,최종순,34,부산광역시 사상구 323-85,010-5239-7437,로봇 공학
3000,오성호,69,광주광역시 동구 833-91,010-4987-2496,웹서핑
3001,정태현,38,서울특별시 강남구 359-70,010-3417-3309,영화 제작
3002,송소율,29,서울특별시 구로구 333-24,010-4573-1580,수영
3003,홍광호,25,서울특별시 동작구 494-59,010-8428-9864,음악감상
3004,송하윤,76,경기도 성남시 수정구 862-67,010-5559-9204,필라테스
3005,박지민,71,경기도 안산시 단원구 43-44,010-1242-4095,캔들 만들기
3006,황정숙,53,경상남도 김해시 173-23,010-2489-6659,자원봉사
3007,박은우,73,세종특별자치시 도담동 717-17,010-9095-8441,자원봉사
3008,장수아,47,제주시 아라동 335-27,010-3223-9005,퍼즐 맞추기
3009,최춘식,68,경상북도 안동시 678-98,010-8231-1087,드로잉
3010,강만수,30,전라남도 목포시 6-98,010-1526-2555,수채화 그리기
3011,송형민,71,서울특별시 중랑구 978-33,010-3443-8355,집콕 놀이
3012,임춘자,69,성남시 분당구 정자동 371-85,010-9083-5396,헬로윈 파티 준비
3013,조성민,29,대구광역시 수성구 713-35,010-7575-7998,영화감상
3014,한성민,25,충청남도 논산시 695-27,010-8488-2952,등산
3015,전정순,37,강원도 속초시 291-94,010-1489-6312,디지털 아트
3016,전기영,34,강원도 원주시 851-25,010-1717-6662,자전거 타기
3017,정유진,31,경상북도 구미시 488-19,010-9052-3968,요리
3018,전기영,57,서울특별시 동대문구 573-11,010-5199-5166,요가
3019,최준호,76,울산광역시 울주군 397-88,010-1038-3727,여행
3020,강수빈,32,전라남도 나주시는 831-56,010-3026-1358,캠핑
3021,안영희,53,부천시 상동 554-97,010-4925-6934,집콕 놀이
3022,윤숙자,70,인천광역시 동구 724-5,010-4613-9579,음악감상
3023,홍윤서,59,대구광역시 수성구 682-20,010-5522-2979,플로리스트
3024,강세호,20,강원도 춘천시 562-8,010-8580-4738,골프
3025,전경자,49,부산광역시 남구 16-81,010-6356-2427,애니메이션 제작
3026,한정숙,37,부천시 원미구 중동 843-53,010-2022-4441,생활 해킹
3027,송진숙,71,부산광역시 동구 628-41,010-4766-6918,배드민턴
3028,안예린,37,부산광역시 서구 933-63,010-5650-8766,뜨개질
3029,윤춘자,35,경상남도 김해시 831-62,010-4010-3773,유튜브 보기
3030,권혜숙,22,서울특별시 강동구 888-77,010-5942-9082,드로잉
3031,장태윤,37,충청남도 논산시 335-31,010-6167-5791,영화 제작
3032,김태수,28,울산광역시 남구 402-70,010-3787-1775,캔들 만들기
3033,박예린,44,부산광역시 연제구 179-74,010-9016-1149,카페 투어
3034,한희정,55,서울특별시 영등포구 557-67,010-6502-4358,비즈 공예
3035,서승호,33,부산광역시 부산진구 25-87,010-7882-9169,자전거 타기
3036,홍민준,47,서울특별시 동작구 764-41,010-1904-7866,보드게임
3037,조하윤,75,경기도 안양시 만안구 834-64,010-8529-6001,캘리그라피
3038,윤종순,22,경기도 용인시 기흥구 204-13,010-8968-6499,DIY
3039,황남수,76,세종특별자치시 도담동 666-2,010-8679-2485,음악감상
3040,최채원,23,강원도 강릉시 73-65,010-4793-9134,헬스
3041,신채은,37,대구광역시 동구 672-64,010-2878-8536,캠핑
3042,안나윤,34,전라남도 목포시 427-43,010-6813-6139,디지털 아트
3043,정도윤,68,강원도 평창군 33-75,010-3034-7626,스포츠 카드 수집
3044,박희정,51,서울특별시 금천구 660-68,010-1738-2390,골프
3045,조영호,75,용인시 수지구 풍덕천동 414-42,010-2865-5383,보드게임
3046,윤진숙,50,경기도 성남시 분당구 557-92,010-6499-8611,카페 투어
3047,박창수,79,대전광역시 유성구 329-10,010-6734-9491,음악감상
3048,강태현,38,전라남도 나주시는 738-16,010-5383-9426,봉사활동
3049,최정자,48,광주광역시 남구 361-33,010-5125-9300,음악감상
3050,오창수,55,서울특별시 중구 257-65,010-3564-8946,등산
3051,신우진,37,전라북도 전주시 905-77,010-5756-6880,시뮬레이션 게임
3052,강지원,48,대전광역시 대덕구 965-11,010-4196-4023,배드민턴
3053,임성호,62,광주광역시 광산구 421-9,010-2956-6488,자전거 타기
3054,박준서,27,부산광역시 중구 477-27,010-7828-7552,영화감상
3055,김영희,38,경상남도 밀양시 182-91,010-4036-2480,헬로윈 파티 준비
3056,오윤호,69,경기도 시흥시 832-77,010-8400-6260,영화 제작
3057,장다빈,25,제주시 신제주 170-96,010-5746-3225,자전거 타기
3058,조준서,70,서울특별시 강서구 772-84,010-6050-6369,골프
3059,홍채원,63,전라북도 전주시 120-46,010-1050-6374,애니메이션 제작
3060,송세호,21,제주시 신제주 478-91,010-4156-9440,스트리밍
3061,박말순,43,대구광역시 북구 254-13,010-7889-1159,모바일 게임 개발
3062,박서연,24,서울특별시 노원구 419-92,010-5291-8176,필라테스
3063,황재훈,63,전라남도 광양시 151-0,010-9787-7475,사진촬영
3064,한춘희,23,세종특별자치시 도담동 359-30,010-8800-7474,시뮬레이션 게임
3065,조철수,23,경기도 화성시 477-8,010-7469-1422,스크래치 프로그램 만들기
3066,한재훈,47,경상남도 창녕군 951-34,010-4674-1080,스포츠 카드 수집
3067,박다은,58,세종특별자치시 조치원읍 693-47,010-9673-2525,스키
3068,황준서,45,인천광역시 계양구 608-10,010-1310-7736,낚시
3069,강연희,56,경상남도 창녕군 689-93,010-2426-4541,웹서핑
3070,오다빈,50,경기도 고양시 일산동구 340-24,010-5162-3696,생활 해킹
3071,김남수,73,경상남도 밀양시 794-33,010-8277-8213,배우기
3072,박연희,20,대구광역시 남구 697-5,010-7562-7387,캠핑
3073,윤재호,55,대전광역시 서구 598-58,010-3812-1285,필라테스
3074,한재훈,26,경상북도 포항시 649-86,010-4920-1213,디지털 아트
3075,박다온,49,경상남도 거제시 797-96,010-1844-4853,음악감상
3076,안복희,64,부산광역시 동래구 432-80,010-2169-6722,게임 방송
3077,송지우,35,인천광역시 중구 633-21,010-7934-2437,플로리스트
3078,정상호,40,경기도 안양시 동안구 177-35,010-7036-2942,생활 해킹
3079,강하람,20,부산광역시 해운대구 178-62,010-6148-5515,영화감상
3080,조정순,22,전라남도 나주시는 707-56,010-8704-3837,로봇 공학
3081,조지민,65,세종특별자치시 도담동 985-56,010-5975-3164,자원봉사
3082,최만수,71,서울특별시 동대문구 927-38,010-4744-3283,영화감상
3083,최복희,43,대전광역시 중구 73-78,010-5183-7072,자원봉사
3084,김병호,75,부산광역시 동구 641-30,010-2624-4940,스트리트 댄스
3085,서경수,73,부천시 상동 752-18,010-5193-3135,피크닉
3086,김정희,36,제주시 아라동 24-71,010-7356-1958,웹서핑
3087,홍정호,74,강원도 삼척시 823-36,010-6944-4150,피크닉
3088,윤남수,60,세종특별자치시 아름동 724-69,010-8624-9159,집콕 놀이
3089,서현서,64,광주광역시 동구 110-0,010-2082-1821,스포츠 카드 수집
3090,이말순,27,전라북도 군산시 685-43,010-3967-3910,DIY
3091,권예준,42,부산광역시 강서구 248-41,010-4685-8872,뜨개질
3092,권하연,32,충청북도 청주시 994-17,010-8290-1688,피크닉
3093,이태현,74,인천광역시 부평구 23-75,010-5047-5889,벽화 그리기
3094,오주아,79,부산광역시 수영구 14-12,010-3841-5385,유튜브 보기
3095,송하연,74,경기도 용인시 기흥구 989-84,010-1733-4714,일기 쓰기
3096,강기석,62,대구광역시 달서구 272-97,010-4529-8736,생활 해킹
3097,강명숙,77,대구광역시 수성구 256-31,010-1271-6223,VR 게임
3098,오세아,73,전라남도 순천시 582-71,010-5320-8937,영화감상
3099,오정우,59,부산광역시 영도구 651-96,010-8778-1660,수영
3100,이희정,56,서울특별시 은평구 78-93,010-2882-3534,웹서핑
3101,송옥희,54,서울특별시 서대문구 165-54,010-5717-1858,헬스
3102,조하람,57,경상북도 안동시 291-6,010-4681-8081,보드게임
3103,강명훈,63,인천광역시 서구 433-3,010-1218-8138,골프
3104,이순자,30,경기도 고양시 덕양구 459-51,010-6745-1846,미술관 관람
3105,장재훈,32,충청남도 아산시 618-81,010-3657-9652,디지털 아트
3106,조말순,62,울산광역시 남구 270-18,010-8265-6952,캘리그라피
3107,신주아,31,경상남도 밀양시 30-94,010-8258-6151,캘리그라피
3108,윤명훈,79,경상북도 구미시 151-9,010-1215-4688,집콕 놀이
3109,송지후,39,전라남도 나주시는 784-72,010-9336-3390,시뮬레이션 게임
3110,오춘자,39,대구광역시 중구 96-33,010-9523-9934,피크닉
3111,송옥희,45,경상남도 거제시 470-21,010-9642-5610,낚시
3112,서기석,40,경기도 안산시 단원구 887-7,010-2034-8335,로봇 공학
3113,황종수,31,강원도 삼척시 877-8,010-3242-9833,수채화 그리기
3114,장순자,37,서울특별시 강서구 518-40,010-5299-9223,배우기
3115,임지율,70,서울특별시 강동구 862-96,010-2304-7920,스트리트 댄스
3116,송만수,23,제주시 신제주 505-42,010-2453-1709,스포츠 카드 수집
3117,박준호,61,전라남도 광양시 817-84,010-5452-5621,모바일 게임 개발
3118,강하연,63,인천광역시 중구 537-26,010-3787-9605,벽화 그리기
3119,황복희,44,강원도 강릉시 347-70,010-1399-3507,콜라주 아트
3120,박도윤,60,울산광역시 남구 848-69,010-2929-4588,보드게임
3121,안미영,49,경상북도 경주시 506-8,010-6446-9865,골프
3122,서현서,20,전라남도 목포시 846-35,010-5901-1177,봉사활동
3123,황서아,47,인천광역시 연수구 180-21,010-7375-2491,플로리스트
3124,김숙자,65,서울특별시 은평구 112-79,010-5851-8374,독서
3125,신희정,60,세종특별자치시 도담동 65-41,010-2222-6643,코딩
3126,송주영,72,부산광역시 북구 74-11,010-8314-3060,캔들 만들기
3127,박창수,71,서울특별시 성동구 501-27,010-9730-1427,스크래치 프로그램 만들기
3128,장숙자,67,서울특별시 중랑구 433-65,010-5174-8992,스크래치 프로그램 만들기
3129,안은우,44,제주시 신제주 747-27,010-4669-8002,요가
3130,최다은,73,경기도 고양시 덕양구 47-57,010-7561-2065,드로잉
3131,장로운,61,울산광역시 남구 271-90,010-8581-2078,등산
3132,오하연,23,경상남도 사천시 778-24,010-7499-4044,필라테스
3133,오성호,42,경기도 군포시 441-41,010-4482-6833,등산
3134,윤세호,59,경기도 용인시 기흥구 690-83,010-6635-6743,헬로윈 파티 준비
3135,임예은,55,대구광역시 동구 333-49,010-8853-6163,비즈 공예
3136,오지율,78,부산광역시 해운대구 930-72,010-6719-3038,비즈 공예
3137,조서준,59,경상남도 사천시 316-63,010-1717-5382,패션
3138,황윤호,61,세종특별자치시 아름동 17-65,010-4150-3405,비즈 공예
3139,전다은,33,부산광역시 해운대구 110-60,010-9531-5333,디지털 사진 전시
3140,박종수,56,강원도 태백시 804-49,010-8101-4952,마인드맵 만들기
3141,박우진,46,대구광역시 동구 306-73,010-1222-1210,카페 투어
3142,홍만수,66,경기도 안산시 상록구 779-50,010-5351-3838,디지털 사진 전시
3143,박하람,61,전라남도 순천시 467-0,010-6922-3855,로봇 공학
3144,권영수,23,울산광역시 북구 534-83,010-8653-9504,로봇 공학
3145,오시우,36,서울특별시 광진구 180-32,010-6782-1467,플라워 아트
3146,김정희,45,전라남도 목포시 884-20,010-7605-5454,영화 제작
3147,윤진숙,53,충청남도 천안시 663-36,010-9207-5815,요가
3148,정희정,79,서울특별시 강동구 328-81,010-1300-5298,패션
3149,한세아,46,용인시 수지구 풍덕천동 509-39,010-5845-8192,낚시
3150,한나윤,37,인천광역시 연수구 514-65,010-3754-2628,영화감상
3151,최하람,72,강원도 홍천군 316-56,010-4416-3841,골프
3152,신현철,69,성남시 분당구 정자동 142-23,010-3157-7681,생활 해킹
3153,정만수,59,서울특별시 서초구 657-54,010-5669-4891,도예
3154,윤정숙,56,대전광역시 서구 240-7,010-9796-1690,게임 방송
3155,전태윤,78,인천광역시 서구 909-76,010-9234-6623,필라테스
3156,박미영,37,대구광역시 중구 980-29,010-1879-3427,헬스
3157,안하연,73,김해시 장유동 532-68,010-1517-3909,스키
3158,장연희,65,경기도 수원시 장안구 129-40,010-3772-1345,스크래치 프로그램 만들기
3159,전수아,24,경기도 고양시 덕양구 754-13,010-6693-1695,음악감상
3160,홍서연,24,제주시 연동 460-79,010-1328-1052,스트리밍
3161,윤수아,46,부천시 원미구 중동 403-2,010-5129-6861,펜팔
3162,안정우,78,전라북도 군산시 260-4,010-4102-8010,배드민턴
3163,김현철,75,울산광역시 북구 154-82,010-8641-3596,독서
3164,전예준,34,강원도 동해시 846-40,010-5585-1882,도예
3165,최지한,26,부산광역시 남구 528-20,010-7169-8082,영화감상
3166,최지민,59,경상남도 거제시 100-77,010-4641-5793,디지털 사진 전시
3167,송주영,48,강원도 춘천시 871-58,010-6023-3120,자원봉사
3168,조영수,71,강원도 동해시 210-91,010-8787-9475,배우기
3169,임세호,47,강원도 홍천군 302-48,010-3281-7802,스트리트 댄스
3170,조말순,61,세종특별자치시 조치원읍 336-84,010-6232-6028,디지털 사진 전시
3171,임철수,72,부산광역시 해운대구 43-82,010-1328-2369,여행
3172,송숙자,56,제주시 신제주 508-5,010-4289-9011,골프
3173,권다은,24,충청남도 논산시 860-69,010-6576-1371,음악감상
3174,황시우,79,서울특별시 구로구 20-36,010-4881-7460,모바일 게임 개발
3175,강성호,21,경상남도 양산시 650-56,010-9945-5331,플로리스트
3176,임정자,44,경상북도 구미시 427-67,010-7000-2449,등산
3177,김종수,50,부산광역시 수영구 259-94,010-2899-3577,유튜브 보기
3178,신수빈,58,울산광역시 북구 407-55,010-6229-6073,웹툰 그리기
3179,장지한,53,경상남도 통영시 683-97,010-4619-3997,여행
3180,권소율,24,세종특별자치시 아름동 204-92,010-6163-1507,보드게임
3181,김정자,67,전라남도 나주시는 947-84,010-3156-5368,드로잉
3182,이영호,70,서울특별시 광진구 176-44,010-5857-5652,영화 제작
3183,정윤서,49,울산광역시 중구 723-4,010-7732-8600,디지털 콘텐츠 제작
3184,안정숙,72,세종특별자치시 한솔동 663-36,010-5843-9327,요가
3185,박재영,44,서울특별시 동작구 87-1,010-5494-3020,유튜브 보기
3186,황민서,32,서울특별시 구로구 981-32,010-3251-2608,명상
3187,황서진,72,경기도 파주시 55-92,010-1475-5740,카페 투어
3188,임동수,47,부산광역시 중구 478-26,010-1798-1141,등산
3189,장순자,66,서울특별시 강북구 798-93,010-7564-8142,책 클럽
3190,송경수,50,서울특별시 용산구 831-44,010-7176-7178,뜨개질
3191,정채은,65,경상북도 구미시 245-75,010-5092-6524,스포츠 카드 수집
3192,정지원,64,경기도 군포시 295-47,010-1046-6779,캠핑
3193,정복자,45,부산광역시 금정구 503-81,010-2562-2257,웹서핑
3194,김만수,78,서울특별시 용산구 469-63,010-7532-3650,게임 방송
3195,조지한,22,경상남도 밀양시 322-19,010-8623-1341,캘리그라피
3196,조경자,70,경상남도 창원시 738-91,010-3412-3728,시뮬레이션 게임
3197,임주영,35,세종특별자치시 한솔동 656-31,010-6059-3493,퍼즐 맞추기
3198,오춘희,46,서울특별시 서초구 2-83,010-8051-5905,시뮬레이션 게임
3199,송순영,51,경기도 광명시 251-63,010-7127-5073,스트리트 댄스
3200,홍수빈,61,대구광역시 중구 521-95,010-7949-8349,책 클럽
3201,정선자,26,서울특별시 광진구 612-7,010-1619-5362,게임 방송
3202,장유하,36,서울특별시 마포구 607-73,010-9519-8452,배우기
3203,전서아,63,울산광역시 남구 461-46,010-8256-8698,시뮬레이션 게임
3204,조현철,22,경기도 안산시 상록구 700-91,010-8325-5423,집콕 놀이
3205,안우진,65,전라남도 순천시 538-79,010-7750-1311,음악감상
3206,임하람,60,제주시 이도이동 330-22,010-9745-9328,시뮬레이션 게임
3207,이윤호,73,부산광역시 동구 529-1,010-4697-9508,도예
3208,신민서,25,대전광역시 서구 870-92,010-5211-6952,요리
3209,강현서,31,강원도 원주시 505-83,010-5114-5029,보드게임
3210,조하람,22,경기도 시흥시 793-62,010-1556-6584,헬로윈 파티 준비
3211,한하율,57,경상남도 밀양시 563-78,010-5908-7483,헬스
3212,황지민,73,울산광역시 북구 156-31,010-5285-2432,퍼즐 맞추기
3213,서은채,46,강원도 양양군 679-94,010-3161-8103,패션
3214,오말순,69,제주시 연동 870-4,010-6432-5092,애니메이션 제작
3215,권진숙,48,세종특별자치시 도담동 783-68,010-9875-6622,봉사활동
3216,강은숙,36,서울특별시 금천구 602-72,010-7683-4559,보드게임
3217,서남수,35,광주광역시 동구 943-27,010-2883-1028,미술관 관람
3218,한호철,20,서울특별시 관악구 906-23,010-2756-3732,모바일 촬영
3219,권선자,21,부산광역시 사상구 458-55,010-4260-7323,음악감상
3220,정로운,47,세종특별자치시 도담동 8-40,010-7041-6109,캔들 만들기
3221,임지후,61,서울특별시 강서구 266-20,010-2363-6304,모바일 게임 개발
3222,권하람,65,경기도 화성시 960-48,010-2294-4748,비즈 공예
3223,권명훈,49,서울특별시 강동구 296-95,010-2959-4852,배드민턴
3224,전시윤,28,서울특별시 강서구 6-36,010-6776-4645,모바일 게임 개발
3225,권말순,47,부산광역시 강서구 151-14,010-9328-1998,수영
3226,박영호,23,전라남도 여수시 441-13,010-5334-3809,디지털 아트
3227,송승호,50,경상북도 경주시 827-48,010-1135-1217,디지털 일러스트
3228,신철수,22,서울특별시 중구 635-37,010-3261-5166,스크래치 프로그램 만들기
3229,박영수,22,경기도 성남시 수정구 483-83,010-1726-4153,보드게임
3230,박다온,20,전라북도 군산시 806-85,010-5952-6236,명상
3231,오형민,72,광주광역시 서구 100-45,010-3822-9943,수영
3232,홍태현,77,부산광역시 서구 414-28,010-5134-7604,수영
3233,홍경수,55,강원도 삼척시 907-31,010-3148-9628,드로잉
3234,권예린,39,전라남도 순천시 929-59,010-7674-1181,요가
3235,안예은,40,광주광역시 동구 419-36,010-4260-9144,사진촬영
3236,권서진,58,제주시 연동 347-33,010-4529-2581,일기 쓰기
3237,조명자,64,부산광역시 기장군 53-95,010-4392-7744,퍼즐 맞추기
3238,서주영,74,경기도 의정부시 753-26,010-7079-7299,사진편집
3239,최정순,72,인천광역시 계양구 39-84,010-5186-7021,디지털 아트
3240,홍정우,77,경기도 안양시 동안구 896-57,010-8350-3783,수영
3241,송정숙,21,서울특별시 용산구 137-8,010-3393-8109,배우기
3242,홍채원,23,인천광역시 서구 275-91,010-8091-8362,웹툰 그리기
3243,홍춘희,74,인천광역시 남동구 962-73,010-2155-1832,디지털 일러스트
3244,강순영,42,인천광역시 남동구 527-58,010-8519-6537,일기 쓰기
3245,오현진,78,경상남도 거제시 273-17,010-3773-3156,스크래치 프로그램 만들기
3246,신수아,60,서울특별시 강동구 269-71,010-8550-6389,벽화 그리기
3247,조수아,72,대구광역시 서구 135-53,010-4628-7445,캘리그라피
3248,장채은,49,강원도 홍천군 267-57,010-8070-5927,생활 해킹
3249,임지율,60,전라북도 군산시 198-34,010-3315-4043,배우기
3250,권말자,68,충청남도 천안시 780-25,010-6845-1037,VR 게임
3251,권정우,56,울산광역시 울주군 789-46,010-4389-4467,게임
3252,장예준,53,서울특별시 도봉구 293-47,010-5351-9292,생활 해킹
3253,권춘자,68,부산광역시 강서구 760-24,010-5746-4321,캘리그라피
3254,서지호,20,경기도 광주시 220-60,010-6630-6274,스키
3255,박시우,73,충청북도 청주시 853-0,010-3279-9543,웹서핑
3256,권시윤,47,경기도 군포시 584-72,010-8198-2178,스트리트 댄스
3257,송영수,26,경상북도 경주시 276-67,010-2003-6780,생활 해킹
3258,이영자,54,경상남도 진주시 470-73,010-8803-4720,영화 제작
3259,임은채,70,부산광역시 금정구 342-12,010-8424-6977,벽화 그리기
3260,신승호,78,충청북도 청주시 49-46,010-8491-4309,봉사활동
3261,신시윤,25,제주시 신제주 692-61,010-7419-6655,코딩
3262,안나윤,53,서울특별시 은평구 648-52,010-6402-3740,운동
3263,조주아,22,인천광역시 계양구 271-28,010-6787-2881,디지털 사진 전시
3264,김순자,69,경기도 광명시 561-90,010-7196-7096,낚시
3265,이성호,30,대구광역시 남구 872-34,010-1573-4521,테니스
3266,이채원,25,경기도 오산시 127-5,010-5947-4360,플라워 아트
3267,김다빈,43,경기도 파주시 196-28,010-7692-9004,봉사활동
3268,오명훈,69,경상북도 경주시 336-60,010-7835-4246,디지털 사진 전시
3269,홍태윤,24,강원도 태백시 940-80,010-9518-7116,스키
3270,안지한,25,경상남도 김해시 854-49,010-6219-6717,웹툰 그리기
3271,장세아,39,경기도 화성시 736-11,010-8444-2731,모바일 촬영
3272,오종순,29,경기도 시흥시 457-18,010-9410-1620,운동
3273,한정숙,59,광주광역시 남구 595-97,010-2690-2922,VR 게임
3274,홍건우,22,서울특별시 양천구 408-27,010-2991-3192,독서
3275,안서준,47,서울특별시 노원구 368-71,010-7008-6452,캠핑
3276,정현진,71,울산광역시 울주군 789-47,010-3731-1886,미술관 관람
3277,서유하,27,경기도 오산시 522-69,010-4734-2718,낚시
3278,신재훈,49,경기도 평택시 969-56,010-6557-4471,헬스
3279,서현진,22,서울특별시 영등포구 244-10,010-1568-7837,캘리그라피
3280,조다온,55,대구광역시 북구 295-73,010-3323-8897,책 클럽
3281,전연희,35,서울특별시 송파구 850-47,010-7414-1777,스포츠 카드 수집
3282,이춘식,24,경상남도 진주시 89-19,010-9478-2140,뜨개질
3283,김은채,66,서울특별시 양천구 740-41,010-3534-1740,요리
3284,신기석,62,부산광역시 수영구 588-37,010-1016-3480,여행
3285,오성민,61,서울특별시 서초구 133-54,010-3377-5162,디지털 콘텐츠 제작
3286,김하연,44,서울특별시 도봉구 836-74,010-5887-3762,독서
3287,신예은,37,부산광역시 사하구 88-65,010-6132-5923,테니스
3288,서영일,41,충청남도 논산시 349-42,010-7385-2050,DIY
3289,전지한,53,대전광역시 유성구 633-38,010-4915-1882,사진편집
3290,윤수빈,43,경기도 성남시 분당구 577-94,010-9890-8486,요리
3291,신숙자,59,서울특별시 은평구 568-48,010-7842-6148,테니스
3292,최지율,55,강원도 속초시 210-94,010-3007-1099,뜨개질
3293,한명훈,78,광주광역시 북구 189-17,010-6147-2096,테니스
3294,송지한,65,울산광역시 북구 987-36,010-2263-2857,일기 쓰기
3295,김주원,21,부산광역시 수영구 240-87,010-6495-5200,요가
3296,서말순,36,부산광역시 중구 960-50,010-3154-3665,시뮬레이션 게임
3297,강정우,23,세종특별자치시 조치원읍 817-48,010-6276-2849,디지털 아트
3298,김영일,36,세종특별자치시 아름동 749-7,010-2472-7309,일기 쓰기
3299,오다은,33,충청북도 진천군 100-1,010-2847-4957,보드게임
3300,이서준,30,대구광역시 달서구 281-18,010-5421-1240,배드민턴
3301,신진숙,30,강원도 태백시 767-69,010-2673-4844,애니메이션 제작
3302,신민준,76,서울특별시 중구 325-78,010-4540-1717,플로리스트
3303,홍현철,69,세종특별자치시 도담동 806-26,010-3526-1664,생활 해킹
3304,장복희,43,서울특별시 은평구 634-89,010-1541-5433,디지털 일러스트
3305,조희정,61,경기도 안산시 상록구 345-7,010-2403-8460,필라테스
3306,신형민,79,대전광역시 중구 274-85,010-2003-6033,생활 해킹
3307,신주아,53,부산광역시 강서구 494-63,010-5826-6528,도예
3308,정혜숙,65,강원도 동해시 538-82,010-6864-2840,뜨개질
3309,서윤호,77,경기도 용인시 처인구 449-40,010-7622-7022,골프
3310,조명훈,49,경기도 안산시 단원구 94-53,010-1531-3593,피크닉
3311,임창수,53,서울특별시 송파구 799-33,010-8062-5420,낚시
3312,전소율,59,제주시 이도이동 247-63,010-7922-2684,낚시
3313,전숙자,36,서울특별시 강서구 921-10,010-3788-3133,독서
3314,송하진,59,경상남도 진주시 844-19,010-3969-5760,디지털 일러스트
3315,김윤호,54,부산광역시 사상구 830-16,010-5310-4095,일기 쓰기
3316,박은우,49,경기도 군포시 869-7,010-5173-4531,스트리트 댄스
3317,서춘희,54,경기도 안양시 동안구 260-32,010-9753-4459,플라워 아트
3318,김옥희,37,서울특별시 광진구 165-67,010-9811-5708,스트리트 댄스
3319,황은우,44,서울특별시 구로구 396-10,010-4317-3946,피크닉
3320,황시헌,58,인천광역시 동구 940-89,010-3336-3917,마인드맵 만들기
3321,서복희,43,서울특별시 광진구 400-36,010-1536-4009,VR 게임
3322,윤지한,50,세종특별자치시 한솔동 304-61,010-5668-7620,로봇 공학
3323,조은우,64,부천시 상동 427-96,010-5686-2802,퍼즐 맞추기
3324,최다온,40,경상북도 안동시 276-68,010-2023-5617,스트리트 댄스
3325,박다은,35,세종특별자치시 조치원읍 905-75,010-6516-3074,배드민턴
3326,임명훈,55,서울특별시 금천구 608-72,010-6064-5122,헬스
3327,정기영,50,인천광역시 부평구 111-42,010-6674-8139,미술관 관람
3328,김순영,47,부산광역시 금정구 536-28,010-2717-5903,플라워 아트
3329,강복희,70,서울특별시 금천구 477-34,010-9555-4540,생활 해킹
3330,한정우,58,충청북도 충주시 472-96,010-9506-5219,디지털 콘텐츠 제작
3331,최옥희,74,충청남도 아산시 661-27,010-4358-1923,디지털 아트
3332,안주원,61,부천시 상동 923-57,010-9311-6757,음악감상
3333,김수빈,79,서울특별시 송파구 319-67,010-3071-9847,콜라주 아트
3334,윤정호,37,충청북도 청주시 780-83,010-9387-8692,게임 방송
3335,조옥희,35,강원도 동해시 258-24,010-4280-3235,모바일 게임 개발
3336,최순희,38,광주광역시 북구 632-46,010-1130-3101,요가
3337,김태수,78,부산광역시 해운대구 880-10,010-5382-1299,벽화 그리기
3338,임서진,29,경기도 용인시 기흥구 79-22,010-2222-4950,필라테스
3339,한철수,44,충청북도 청주시 75-32,010-2074-7019,뜨개질
3340,황소율,27,경기도 안양시 만안구 693-53,010-5406-6893,유튜브 보기
3341,강주아,73,경기도 용인시 기흥구 297-93,010-3611-8268,필라테스
3342,홍영수,32,강원도 삼척시 89-41,010-4521-9731,일기 쓰기
3343,한동수,50,울산광역시 동구 916-68,010-6199-6284,요리
3344,한주아,40,제주시 신제주 9-29,010-5580-1183,캠핑
3345,이도윤,59,강원도 평창군 860-92,010-8261-8064,영화 제작
3346,이말옥,54,강원도 강릉시 985-72,010-6749-3562,골프
3347,권영수,37,제주시 신제주 1-41,010-7669-9259,웹툰 그리기
3348,김영수,63,부산광역시 금정구 237-61,010-1197-2436,DIY
3349,임채은,33,서울특별시 동대문구 841-50,010-7736-6419,미술관 관람
3350,박하율,31,울산광역시 남구 681-4,010-2112-9401,벽화 그리기
3351,서성자,78,충청남도 천안시 598-4,010-6427-9795,스크래치 프로그램 만들기
3352,오말옥,71,부산광역시 동구 726-21,010-6747-1884,수채화 그리기
3353,윤형민,22,경상남도 사천시 382-0,010-5090-2914,로봇 공학
3354,이예린,38,서울특별시 양천구 719-94,010-4793-6274,사진편집
3355,장지호,62,경기도 용인시 기흥구 470-87,010-1892-7859,디지털 콘텐츠 제작
3356,한진호,29,강원도 속초시 531-66,010-1301-3472,유튜브 보기
3357,정하윤,46,경상남도 창녕군 600-38,010-6736-8389,수영
3358,장종순,28,충청남도 논산시 621-82,010-9373-2256,스트리밍
3359,장영수,73,강원도 춘천시 11-61,010-3075-5634,헬로윈 파티 준비
3360,최현우,68,서울특별시 노원구 338-5,010-6063-2778,헬로윈 파티 준비
3361,박하윤,59,부산광역시 서구 612-68,010-8992-8874,피크닉
3362,송수빈,45,경기도 광명시 497-42,010-9121-7459,여행
3363,장준서,73,경상남도 양산시 434-76,010-7568-2671,캠핑
3364,최동수,39,제주시 연동 326-37,010-6303-3748,유튜브 보기
3365,강말자,75,전라남도 나주시는 12-53,010-5457-4319,도예
3366,강창수,58,경기도 광명시 960-19,010-2073-5825,유튜브 보기
3367,한세호,40,인천광역시 남동구 124-47,010-5043-6324,책 클럽
3368,서영호,31,경기도 수원시 팔달구 981-23,010-7414-7183,여행
3369,송서준,76,경상남도 통영시 716-4,010-2457-4206,비즈 공예
3370,홍태수,78,전라남도 여수시 954-22,010-8399-2182,영화감상
3371,전우진,35,울산광역시 울주군 74-59,010-4392-4269,낚시
3372,장남수,78,충청북도 청주시 900-61,010-3390-5070,로봇 공학
3373,강철수,45,전라남도 목포시 136-63,010-4407-5391,비즈 공예
3374,신지호,58,충청남도 공주시 127-83,010-6310-2190,드로잉
3375,김정우,64,충청남도 천안시 138-6,010-2859-4444,펜팔
3376,박서아,39,강원도 양양군 393-33,010-7863-9508,자원봉사
3377,최지후,72,세종특별자치시 아름동 339-85,010-9873-9410,디지털 사진 전시
3378,김정우,26,경기도 군포시 575-65,010-6601-4618,플라워 아트
3379,전동수,35,경기도 화성시 222-86,010-7276-7736,모바일 게임 개발
3380,전지후,62,경상북도 안동시 520-18,010-6312-1946,생활 해킹
3381,오영희,76,경기도 화성시 203-72,010-6487-1452,시뮬레이션 게임
3382,송현진,34,부산광역시 동래구 392-29,010-9239-9921,비즈 공예
3383,홍재영,56,대전광역시 유성구 542-60,010-4077-6047,캔들 만들기
3384,임정숙,27,경기도 용인시 기흥구 601-98,010-7243-7573,낚시
3385,황기영,37,강원도 원주시 607-84,010-2017-1771,피크닉
3386,임주영,40,광주광역시 동구 619-48,010-8809-8007,코딩
3387,정다온,56,경기도 고양시 덕양구 72-52,010-2267-7016,도예
3388,서진호,26,부천시 원미구 중동 583-93,010-9913-8406,VR 게임
3389,안하은,46,서울특별시 마포구 256-72,010-6845-4883,콜라주 아트
3390,박영일,25,부산광역시 금정구 858-74,010-7262-4307,드로잉
3391,박지율,53,경기도 용인시 처인구 693-58,010-4707-4013,콜라주 아트
3392,한태수,78,강원도 춘천시 937-21,010-8455-9779,모바일 촬영
3393,조태수,30,경기도 안산시 상록구 410-52,010-3085-2250,영화감상
3394,안말자,39,부산광역시 수영구 149-43,010-2581-2268,여행
3395,정준서,35,울산광역시 울주군 201-15,010-2158-2744,요가
3396,박영희,23,부산광역시 해운대구 876-31,010-5511-5837,자전거 타기
3397,조태윤,34,서울특별시 종로구 681-76,010-6408-4882,수영
3398,전하은,56,부산광역시 동래구 732-24,010-2715-8325,콜라주 아트
3399,박채원,53,서울특별시 구로구 864-84,010-6943-3508,벽화 그리기
3400,송서아,44,전라남도 목포시 336-14,010-3635-8529,여행
3401,홍경수,22,제주시 신제주 395-7,010-2678-7231,캠핑
3402,오우진,48,경상남도 김해시 557-7,010-6639-2610,여행
3403,한태윤,47,인천광역시 계양구 278-24,010-6059-6094,요가
3404,김미영,76,전라남도 광양시 531-16,010-5927-7532,영화 제작
3405,안선자,22,울산광역시 북구 259-53,010-7384-9833,피크닉
3406,송준서,70,세종특별자치시 한솔동 304-27,010-9492-3762,스트리트 댄스
3407,황서준,49,서울특별시 서대문구 425-83,010-5249-8845,시뮬레이션 게임
3408,박숙자,27,경상남도 진주시 933-94,010-1342-2754,자전거 타기
3409,임동수,75,전라북도 익산시 857-97,010-4345-1899,스트리밍
3410,안영호,20,울산광역시 울주군 400-13,010-3198-5871,스키
3411,홍현진,71,강원도 동해시 85-17,010-6667-5879,스키
3412,조지우,56,충청남도 아산시 869-1,010-6054-5719,스크래치 프로그램 만들기
3413,강복희,62,부산광역시 서구 698-35,010-4767-4700,자전거 타기
3414,정나윤,57,울산광역시 중구 224-75,010-7144-6603,디지털 콘텐츠 제작
3415,조말옥,38,경기도 파주시 300-42,010-7908-4973,명상
3416,임나윤,70,대구광역시 북구 380-45,010-9375-3985,여행
3417,이윤호,48,인천광역시 동구 131-71,010-9205-6340,사진편집
3418,정수아,69,부산광역시 북구 121-10,010-3147-6788,미술관 관람
3419,홍승호,31,부산광역시 서구 430-18,010-2332-2512,스트리트 댄스
3420,정민준,48,서울특별시 성북구 965-64,010-5241-6461,디지털 사진 전시
3421,홍영호,67,울산광역시 울주군 877-20,010-5485-1594,자원봉사
3422,오경수,27,대구광역시 서구 481-35,010-2234-4346,비즈 공예
3423,정도윤,39,인천광역시 미추홀구 933-92,010-2905-2605,카페 투어
3424,서태윤,34,경기도 용인시 처인구 435-79,010-9693-6608,비즈 공예
3425,장채원,64,부산광역시 연제구 878-9,010-2081-3189,일기 쓰기
3426,최지호,68,대구광역시 서구 76-32,010-5965-1063,디지털 콘텐츠 제작
3427,신예린,71,경기도 고양시 일산동구 965-8,010-3519-1998,수채화 그리기
3428,권남수,37,인천광역시 계양구 692-18,010-2359-2175,음악감상
3429,임서진,61,부천시 상동 993-61,010-1098-9737,보드게임
3430,황민수,79,부산광역시 남구 687-22,010-6100-8655,로봇 공학
3431,송혜숙,21,서울특별시 중랑구 961-70,010-8899-8754,봉사활동
3432,신혜숙,72,광주광역시 광산구 475-69,010-3424-7898,플라워 아트
3433,오선자,64,전라남도 목포시 283-59,010-7004-4844,캔들 만들기
3434,이성호,64,경상북도 구미시 69-34,010-9398-1522,요가
3435,강진숙,51,서울특별시 종로구 98-2,010-2995-5927,시뮬레이션 게임
3436,권민서,67,제주시 연동 480-39,010-7673-2502,일기 쓰기
3437,이순자,24,경기도 오산시 987-43,010-3448-9536,여행
3438,송지우,41,서울특별시 마포구 843-5,010-3553-2262,보드게임
3439,한다온,54,경기도 수원시 장안구 370-83,010-7529-7358,미술관 관람
3440,임현우,72,인천광역시 연수구 294-95,010-6206-7697,미술관 관람
3441,박철수,41,경기도 용인시 수지구 136-65,010-4915-9842,요리
3442,정정자,27,경상남도 창녕군 974-68,010-1332-6906,스트리트 댄스
3443,황서진,53,경기도 안양시 만안구 210-94,010-5249-8583,음악감상
3444,정정숙,57,전라북도 익산시 961-45,010-5736-6706,스크래치 프로그램 만들기
3445,안영희,71,인천광역시 동구 899-46,010-3166-7812,게임 방송
3446,송춘희,74,경상남도 거제시 629-58,010-2282-3039,스크래치 프로그램 만들기
3447,강영희,75,부산광역시 강서구 964-58,010-2584-3541,스크래치 프로그램 만들기
3448,전호철,65,세종특별자치시 도담동 407-45,010-8856-3873,모바일 촬영
3449,정하은,55,서울특별시 동작구 32-62,010-1991-3039,스트리트 댄스
3450,김서진,23,경기도 파주시 868-5,010-6057-2456,캘리그라피
3451,전서아,43,전라북도 익산시 172-8,010-4174-6668,책 클럽
3452,오말자,30,제주시 이도이동 535-3,010-8215-6043,로봇 공학
3453,김철수,64,광주광역시 북구 300-95,010-6359-4604,배드민턴
3454,안형민,49,서울특별시 영등포구 575-40,010-5371-5469,디지털 일러스트
3455,윤태현,55,서울특별시 강서구 936-74,010-2958-1593,여행
3456,강기영,62,서울특별시 강남구 853-40,010-1434-9882,요가
3457,송예린,31,전라남도 여수시 654-81,010-8140-8331,여행
3458,전서연,38,충청남도 공주시 55-81,010-1243-6364,디지털 일러스트
3459,장종순,58,경상남도 양산시 360-16,010-3380-1370,스트리트 댄스
3460,오수아,57,경기도 화성시 212-86,010-2349-4284,골프
3461,신수빈,38,서울특별시 은평구 636-0,010-7073-3980,등산
3462,권성자,22,인천광역시 남동구 939-20,010-4051-6072,유튜브 보기
3463,한현진,57,울산광역시 동구 525-87,010-2552-2726,플라워 아트
3464,한하율,51,서울특별시 서대문구 105-5,010-5110-6266,보드게임
3465,김지호,38,경기도 수원시 장안구 172-24,010-1147-8870,패션
3466,신기영,26,성남시 분당구 정자동 395-91,010-4020-5845,스크래치 프로그램 만들기
3467,박다온,68,서울특별시 은평구 571-65,010-2761-5439,영화감상
3468,윤명자,59,경기도 군포시 567-58,010-1829-1267,헬스
3469,안채은,56,경기도 안양시 만안구 267-81,010-9102-2413,VR 게임
3470,정하연,32,성남시 분당구 정자동 93-33,010-1327-4531,DIY
3471,최춘희,57,부산광역시 동래구 986-41,010-7420-8551,디지털 콘텐츠 제작
3472,정복희,46,강원도 속초시 658-74,010-6113-8865,일기 쓰기
3473,박지우,40,인천광역시 중구 923-41,010-5200-5441,캠핑
3474,정서연,22,서울특별시 동대문구 135-17,010-2611-3482,일기 쓰기
3475,서정희,67,제주시 노형동 837-78,010-4375-4520,운동
3476,정민서,39,경상북도 구미시 398-93,010-5982-2227,독서
3477,윤기영,47,전라남도 광양시 411-85,010-4110-5940,요리
3478,최정숙,23,경상북도 김천시 988-76,010-2079-6383,웹툰 그리기
3479,한유하,40,대전광역시 대덕구 660-64,010-9792-5343,봉사활동
3480,이현서,55,경기도 용인시 처인구 747-39,010-9860-2203,퍼즐 맞추기
3481,이상민,30,경상남도 사천시 413-79,010-6693-5330,벽화 그리기
3482,박철수,50,김해시 장유동 632-88,010-4209-9028,디지털 아트
3483,송순자,31,경상남도 김해시 544-43,010-8594-3347,운동
3484,안다온,77,경상남도 진주시 277-43,010-8075-2626,스키
3485,윤현진,67,울산광역시 남구 579-83,010-2771-9423,헬로윈 파티 준비
3486,윤재영,62,전라북도 전주시 347-47,010-2415-9261,플로리스트
3487,최춘희,27,서울특별시 금천구 927-57,010-7249-3857,모바일 촬영
3488,서영자,44,서울특별시 성북구 542-19,010-1797-8738,헬로윈 파티 준비
3489,박채은,24,경기도 고양시 일산동구 597-36,010-2406-4668,게임 방송
3490,임하진,31,부산광역시 강서구 386-91,010-2501-1402,캠핑
3491,임태수,64,부산광역시 동구 639-95,010-7645-3571,봉사활동
3492,정말자,32,부산광역시 연제구 198-36,010-1227-1747,웹툰 그리기
3493,송연희,74,경상북도 포항시 522-59,010-5171-8283,보드게임
3494,이건우,35,경기도 파주시 730-11,010-4127-7320,스포츠 카드 수집
3495,최로운,33,용인시 수지구 풍덕천동 688-63,010-3637-4785,도예
3496,이우진,74,전라남도 여수시 455-88,010-1412-4825,보드게임
3497,한지원,60,김해시 장유동 478-86,010-3803-3485,코딩
3498,최종순,45,충청남도 공주시 768-5,010-9969-7147,골프
3499,한진호,77,울산광역시 북구 360-83,010-2629-6687,요리
3500,윤건우,78,세종특별자치시 아름동 138-13,010-9674-4021,캔들 만들기
3501,조정순,72,경상남도 밀양시 466-89,010-6682-4648,보드게임
3502,권나윤,29,인천광역시 부평구 522-12,010-2540-6201,카페 투어
3503,안진호,34,충청남도 공주시 317-31,010-6898-6384,DIY
3504,전선자,26,서울특별시 강북구 938-31,010-2878-3930,사진촬영
3505,전명자,57,부산광역시 동래구 193-4,010-4105-2014,피크닉
3506,정지호,76,서울특별시 성북구 244-79,010-9834-3000,영화 제작
3507,윤지호,34,강원도 삼척시 39-24,010-2268-1443,디지털 아트
3508,신영자,44,서울특별시 강동구 706-1,010-2726-6898,플라워 아트
3509,전세아,30,세종특별자치시 아름동 456-6,010-2157-4203,웹툰 그리기
3510,권태윤,28,서울특별시 중구 403-16,010-8461-4272,코딩
3511,조기영,53,경기도 안산시 상록구 332-62,010-7244-3740,스트리밍
3512,권순자,76,서울특별시 동작구 795-29,010-7725-3161,요리
3513,윤태윤,46,경기도 안산시 단원구 404-68,010-4848-9870,자원봉사
3514,전말자,32,성남시 분당구 정자동 304-53,010-4860-1392,운동
3515,윤영희,75,인천광역시 미추홀구 621-42,010-7495-5189,스트리트 댄스
3516,서나윤,56,울산광역시 울주군 496-29,010-1603-8281,애니메이션 제작
3517,김현진,35,강원도 삼척시 996-41,010-2089-8604,DIY
3518,이정호,49,강원도 춘천시 133-0,010-6383-6098,마인드맵 만들기
3519,오성호,66,울산광역시 남구 562-44,010-5115-8510,배드민턴
3520,신연희,24,제주시 노형동 774-97,010-2062-2222,스트리트 댄스
3521,홍순희,32,충청남도 아산시 193-62,010-2239-4848,모바일 게임 개발
3522,안로운,37,부산광역시 사상구 895-3,010-5180-2977,패션
3523,장도윤,24,울산광역시 동구 85-2,010-9393-6625,DIY
3524,권은우,33,부산광역시 강서구 540-73,010-7352-6516,요리
3525,신태수,22,서울특별시 성동구 190-76,010-5066-5749,골프
3526,송민서,68,강원도 동해시 627-71,010-2625-1470,피크닉
3527,한시헌,76,광주광역시 광산구 12-75,010-5843-7450,DIY
3528,이정호,52,대구광역시 수성구 680-55,010-8282-8215,캘리그라피
3529,조지후,23,제주시 노형동 44-51,010-7580-7520,캠핑
3530,서수아,79,울산광역시 울주군 944-33,010-4292-2174,DIY
3531,한하은,47,세종특별자치시 한솔동 352-23,010-9670-7734,마인드맵 만들기
3532,임현진,58,서울특별시 중구 864-49,010-3496-1947,골프
3533,임상민,22,부산광역시 사상구 979-61,010-4124-9625,비즈 공예
3534,윤소율,72,충청북도 청주시 530-26,010-9728-7159,보드게임
3535,한서진,52,용인시 수지구 풍덕천동 424-81,010-5730-3282,게임 방송
3536,서순영,23,전라남도 목포시 571-24,010-6782-4852,배우기
3537,송지후,41,부산광역시 북구 541-52,010-3980-3234,요리
3538,김건우,34,경상남도 사천시 988-12,010-4619-6499,드로잉
3539,홍미영,41,경상북도 구미시 505-84,010-5561-5647,스포츠 카드 수집
3540,강세호,48,제주시 노형동 737-29,010-8450-3703,요가
3541,전재영,20,광주광역시 남구 88-29,010-9861-2227,테니스
3542,한서아,71,전라남도 여수시 503-43,010-8861-9141,로봇 공학
3543,강지한,60,충청북도 충주시 551-1,010-3909-5179,스포츠 카드 수집
3544,오유하,37,경기도 수원시 팔달구 67-75,010-3715-8609,모바일 게임 개발
3545,전경자,69,강원도 속초시 161-96,010-5905-1131,도예
3546,송상호,43,경기도 광주시 904-25,010-5618-4611,시뮬레이션 게임
3547,한명자,41,경상북도 김천시 904-18,010-6958-1450,명상
3548,황경수,39,세종특별자치시 조치원읍 228-12,010-4665-4144,플로리스트
3549,안우진,68,대전광역시 대덕구 61-97,010-1280-4666,배우기
3550,오지율,23,대전광역시 유성구 194-25,010-3562-7915,스트리트 댄스
3551,조순희,46,인천광역시 동구 915-80,010-9988-6518,수영
3552,조윤호,37,충청남도 아산시 348-14,010-5206-4368,헬스
3553,강지호,29,부산광역시 사하구 550-69,010-7215-3566,디지털 사진 전시
3554,황정호,50,강원도 삼척시 730-85,010-9840-2138,스크래치 프로그램 만들기
3555,신순영,66,서울특별시 성북구 602-84,010-1809-3868,여행
3556,장민서,45,부산광역시 해운대구 854-18,010-3861-6071,보드게임
3557,조은우,52,전라남도 나주시는 803-61,010-6028-6756,웹툰 그리기
3558,최성호,54,서울특별시 용산구 118-62,010-2577-3082,펜팔
3559,김세아,75,부산광역시 북구 276-47,010-3185-9169,퍼즐 맞추기
3560,황예준,61,충청북도 진천군 260-92,010-5832-5828,디지털 일러스트
3561,박동수,45,강원도 삼척시 534-46,010-5302-9625,마인드맵 만들기
3562,강남수,74,충청북도 진천군 405-70,010-7694-5771,드로잉
3563,송경자,25,충청남도 천안시 657-45,010-8437-5188,골프
3564,권로운,47,대구광역시 남구 740-25,010-4199-2133,플라워 아트
3565,최도윤,52,대구광역시 달성군 227-61,010-5428-2000,집콕 놀이
3566,홍숙자,27,전라남도 순천시 838-46,010-8397-8317,스크래치 프로그램 만들기
3567,송우진,28,울산광역시 북구 598-61,010-2173-7596,독서
3568,송하람,29,인천광역시 미추홀구 717-68,010-7727-6503,배드민턴
3569,최형민,38,서울특별시 강남구 593-8,010-2323-8893,스트리트 댄스
3570,신영수,60,강원도 평창군 384-4,010-6468-8660,여행
3571,전유하,78,경기도 용인시 처인구 955-10,010-5525-3276,스트리트 댄스
3572,오민서,65,경상남도 양산시 868-50,010-6481-4458,스포츠 카드 수집
3573,임영일,69,대구광역시 달성군 381-52,010-7445-3138,VR 게임
3574,홍서진,75,경기도 고양시 일산동구 40-14,010-3911-4212,플로리스트
3575,최상호,72,서울특별시 서초구 714-76,010-3315-3341,낚시
3576,황민서,61,경기도 안양시 만안구 406-97,010-5020-8397,캘리그라피
3577,한동수,56,서울특별시 용산구 59-53,010-9831-7241,음악감상
3578,임복자,56,부산광역시 금정구 376-64,010-2747-4621,뜨개질
3579,장채은,74,경상남도 거제시 317-82,010-6703-1163,플로리스트
3580,김하람,50,광주광역시 동구 30-53,010-2132-2718,영화 제작
3581,한정호,79,경기도 시흥시 702-56,010-1682-9403,캘리그라피
3582,황민수,60,강원도 속초시 911-35,010-5674-1369,스트리밍
3583,황복자,68,서울특별시 중구 291-65,010-4251-3084,명상
3584,신지호,43,경상남도 거제시 787-65,010-5364-8191,자원봉사
3585,임춘희,77,서울특별시 금천구 207-90,010-2358-2480,뜨개질
3586,전지율,47,경기도 오산시 369-47,010-4160-8733,등산
3587,황선자,31,경상북도 경주시 121-93,010-1252-8413,캘리그라피
3588,홍지율,38,서울특별시 송파구 678-93,010-8432-9564,생활 해킹
3589,박시윤,66,경상남도 밀양시 951-96,010-5931-1414,디지털 아트
3590,임하진,29,전라남도 나주시는 621-29,010-7287-9742,콜라주 아트
3591,이재훈,29,광주광역시 광산구 493-45,010-6168-5319,드로잉
3592,강수아,42,강원도 강릉시 600-52,010-1335-9201,명상
3593,김영수,31,강원도 속초시 642-22,010-1545-6102,여행
3594,홍동수,79,울산광역시 동구 756-43,010-7463-4501,배우기
3595,안옥희,56,제주시 오라동 614-11,010-1585-8969,로봇 공학
3596,임예준,79,전라남도 여수시 489-8,010-1696-4498,생활 해킹
3597,오윤호,56,경상남도 통영시 453-26,010-9962-9164,패션
3598,한성자,24,광주광역시 북구 893-26,010-5554-8380,비즈 공예
3599,임종수,22,충청북도 청주시 356-91,010-9578-9838,필라테스
3600,전건우,49,경상북도 구미시 262-45,010-4084-9739,자원봉사
3601,송다빈,26,대전광역시 서구 594-13,010-4452-2671,여행
3602,임성자,30,제주시 신제주 965-78,010-1470-9338,펜팔
3603,한성호,65,경기도 평택시 731-45,010-1841-9946,스트리밍
3604,신춘식,41,경기도 광명시 801-46,010-9619-8043,스키
3605,박복자,61,부산광역시 남구 237-43,010-1429-2033,배우기
3606,신명자,51,경상남도 거제시 94-65,010-6050-1429,배드민턴
3607,권찬우,35,충청남도 천안시 43-34,010-7477-1064,카페 투어
3608,김재훈,24,인천광역시 서구 379-77,010-3530-1588,플로리스트
3609,장은우,64,경기도 안산시 상록구 906-47,010-5273-8144,피크닉
3610,안종수,67,경기도 수원시 장안구 789-68,010-9862-1535,게임 방송
3611,전다온,73,경기도 수원시 팔달구 808-46,010-9089-9367,봉사활동
3612,오태윤,78,강원도 태백시 583-28,010-3725-3573,캘리그라피
3613,홍춘식,50,대전광역시 대덕구 281-87,010-7159-2805,스크래치 프로그램 만들기
3614,최시우,32,세종특별자치시 조치원읍 797-25,010-9245-6908,생활 해킹
3615,권하연,23,서울특별시 중랑구 214-39,010-3384-3565,캘리그라피
3616,신창수,54,전라남도 나주시는 341-7,010-5136-1850,요리
3617,정채원,51,대전광역시 유성구 322-77,010-3140-6524,헬스
3618,권민서,55,울산광역시 동구 809-29,010-7942-4321,스크래치 프로그램 만들기
3619,장태현,55,서울특별시 은평구 997-74,010-8723-4219,자전거 타기
3620,홍호철,67,서울특별시 성북구 876-38,010-3827-8140,책 클럽
3621,서다은,75,서울특별시 광진구 647-33,010-4478-1340,패션
3622,신진호,41,인천광역시 동구 275-0,010-6258-2055,낚시
3623,서말자,23,경상남도 창녕군 895-87,010-5088-2970,보드게임
3624,최수아,62,인천광역시 부평구 629-42,010-4758-8156,뜨개질
3625,최시헌,62,울산광역시 울주군 85-50,010-1797-1608,필라테스
3626,임선자,38,제주시 노형동 130-15,010-7543-9490,요가
3627,홍정자,60,대구광역시 북구 185-77,010-9179-8846,캔들 만들기
3628,최병호,68,울산광역시 울주군 752-72,010-8211-5028,웹툰 그리기
3629,박은우,73,제주시 아라동 128-65,010-7390-2246,등산
3630,정윤서,64,강원도 춘천시 269-3,010-3406-4540,모바일 촬영
3631,이선자,25,경기도 의정부시 36-37,010-4482-3217,등산
3632,오지한,34,경기도 수원시 장안구 618-88,010-5914-4097,도예
3633,한성민,56,서울특별시 송파구 219-32,010-2529-3599,캠핑
3634,신서진,52,광주광역시 남구 597-93,010-3905-5262,모바일 촬영
3635,안성자,47,전라남도 목포시 203-36,010-5829-5658,코딩
3636,김영희,79,서울특별시 금천구 163-8,010-4049-2938,도예
3637,박서진,60,세종특별자치시 조치원읍 182-39,010-5933-3280,웹툰 그리기
3638,정수빈,32,서울특별시 중구 666-17,010-2384-9833,영화 제작
3639,김영희,26,울산광역시 북구 383-60,010-1436-9654,애니메이션 제작
3640,황예은,51,충청남도 논산시 279-50,010-6060-8694,골프
3641,최승호,35,강원도 강릉시 329-13,010-2329-6207,일기 쓰기
3642,김순영,20,대구광역시 남구 537-62,010-3932-1337,뜨개질
3643,장종순,56,서울특별시 종로구 753-10,010-3653-4487,수영
3644,강복희,70,강원도 강릉시 499-12,010-2939-4876,사진촬영
3645,임영일,70,울산광역시 중구 576-35,010-7941-1137,비즈 공예
3646,신영호,54,부천시 원미구 중동 686-76,010-9236-6771,일기 쓰기
3647,권정우,20,전라남도 광양시 241-90,010-4053-1251,사진촬영
3648,서은숙,23,서울특별시 중구 782-57,010-1515-5795,영화 제작
3649,조태수,66,부산광역시 영도구 481-6,010-4017-7058,모바일 촬영
3650,송준호,24,세종특별자치시 한솔동 379-6,010-6872-3335,캠핑
3651,권복자,37,경기도 광주시 612-66,010-9861-4023,헬로윈 파티 준비
3652,홍순희,69,서울특별시 구로구 239-97,010-7350-8845,영화 제작
3653,임하진,59,김해시 장유동 928-97,010-9669-6886,스포츠 카드 수집
3654,전현서,30,경기도 고양시 일산동구 948-90,010-4036-3424,패션
3655,박은채,72,광주광역시 북구 540-40,010-9264-6125,등산
3656,이종수,29,전라북도 군산시 803-31,010-4998-5662,스키
3657,장서연,36,대전광역시 서구 602-24,010-8530-2687,디지털 사진 전시
3658,권민준,39,제주시 오라동 781-80,010-5462-3578,디지털 콘텐츠 제작
3659,박영호,36,부산광역시 영도구 354-97,010-5691-2826,게임 방송
3660,서숙자,25,서울특별시 강북구 502-6,010-1046-1538,영화 제작
3661,황성호,51,제주시 노형동 546-59,010-9744-6646,헬로윈 파티 준비
3662,신서연,35,경기도 고양시 덕양구 260-1,010-3738-6548,자원봉사
3663,오정숙,53,경기도 의정부시 403-11,010-5517-8100,벽화 그리기
3664,황윤서,40,경기도 용인시 기흥구 920-94,010-8675-3095,비즈 공예
3665,전승호,31,대전광역시 동구 166-51,010-8769-6294,애니메이션 제작
3666,전정희,61,인천광역시 동구 666-41,010-1100-7336,배우기
3667,안만수,28,성남시 분당구 정자동 962-21,010-4448-5651,골프
3668,김동수,56,경기도 용인시 수지구 305-35,010-7962-8992,캘리그라피
3669,오상민,23,제주시 아라동 366-53,010-7372-6447,플로리스트
3670,정정희,54,부산광역시 사하구 687-76,010-6591-7416,유튜브 보기
3671,송복희,60,충청북도 청주시 6-93,010-6559-2039,시뮬레이션 게임
3672,최명숙,45,인천광역시 계양구 322-17,010-4819-5442,게임 방송
3673,최춘자,38,강원도 평창군 583-5,010-1614-6384,캠핑
3674,윤복자,79,인천광역시 미추홀구 739-13,010-8813-6186,디지털 콘텐츠 제작
3675,박복희,31,대구광역시 서구 751-79,010-3802-5953,DIY
3676,권경수,50,세종특별자치시 도담동 708-96,010-9118-4091,운동
3677,권혜숙,31,서울특별시 송파구 198-20,010-5093-3631,스키
3678,윤복희,32,경상북도 안동시 935-53,010-6647-5454,비즈 공예
3679,홍진호,78,경상북도 구미시 746-55,010-2551-1125,독서
3680,윤기영,41,부산광역시 수영구 411-90,010-8955-8617,게임 방송
3681,전나윤,72,부산광역시 북구 894-75,010-5429-7028,벽화 그리기
3682,장정우,36,경상남도 창원시 725-88,010-1455-1614,모바일 촬영
3683,한주아,62,서울특별시 용산구 772-11,010-7715-3640,독서
3684,최주영,58,경기도 수원시 팔달구 79-25,010-4616-5792,모바일 촬영
3685,오재호,77,전라남도 나주시는 660-88,010-3640-4603,보드게임
3686,오다은,39,서울특별시 영등포구 30-98,010-3595-5503,웹서핑
3687,김수아,73,경기도 고양시 덕양구 714-8,010-2040-4173,캠핑
3688,임옥희,47,경상남도 진주시 502-45,010-2645-4208,요리
3689,한말옥,31,인천광역시 미추홀구 962-59,010-6432-3699,플라워 아트
3690,김현철,49,서울특별시 서초구 694-71,010-9635-8246,자원봉사
3691,장영수,41,울산광역시 남구 336-22,010-1000-1533,웹툰 그리기
3692,홍영희,79,부산광역시 중구 435-1,010-4283-5213,DIY
3693,전진호,49,경상북도 경주시 428-60,010-7120-1196,테니스
3694,신영일,37,서울특별시 동작구 90-26,010-4230-1413,스키
3695,송희정,55,대구광역시 북구 248-70,010-6034-2551,수영
3696,한시윤,48,서울특별시 은평구 231-19,010-1518-2470,영화감상
3697,전시헌,77,강원도 동해시 755-80,010-6068-6565,집콕 놀이
3698,전시윤,42,경기도 용인시 기흥구 85-50,010-3505-5335,플라워 아트
3699,전윤서,51,광주광역시 동구 29-38,010-4603-1782,책 클럽
3700,홍세호,51,제주시 아라동 103-36,010-4631-3579,보드게임
3701,장세아,60,서울특별시 관악구 766-68,010-8068-8141,캘리그라피
3702,이시우,77,강원도 홍천군 608-36,010-7016-2729,필라테스
3703,정기석,50,충청북도 청주시 806-18,010-7399-1377,스크래치 프로그램 만들기
3704,조순영,38,충청남도 논산시 652-35,010-6246-1242,웹서핑
3705,임숙자,30,강원도 양양군 946-0,010-7887-6513,요가
3706,정서준,39,강원도 동해시 439-17,010-2713-9347,수영
3707,홍재영,43,대구광역시 수성구 826-52,010-7585-4743,영화 제작
3708,박유하,55,경상북도 구미시 270-83,010-3846-5587,사진편집
3709,권광호,78,서울특별시 강남구 975-26,010-1511-6559,자전거 타기
3710,김지후,60,대전광역시 서구 232-6,010-6678-8478,생활 해킹
3711,신말순,74,부산광역시 동구 934-19,010-6593-2564,낚시
3712,강하율,36,경기도 안산시 상록구 449-40,010-6075-7428,게임
3713,권미영,68,서울특별시 중구 398-4,010-6193-2265,벽화 그리기
3714,장예은,64,강원도 동해시 226-20,010-8851-6639,자전거 타기
3715,최지민,38,경상남도 진주시 905-42,010-4740-3894,배드민턴
3716,조지호,25,서울특별시 동작구 37-85,010-1017-7158,사진편집
3717,이지우,63,광주광역시 서구 530-72,010-6359-7621,웹서핑
3718,박수아,33,대구광역시 북구 237-8,010-4952-9972,캔들 만들기
3719,안나윤,50,서울특별시 성북구 125-52,010-7018-6508,디지털 콘텐츠 제작
3720,윤광호,69,서울특별시 강북구 630-75,010-7453-1424,보드게임
3721,이하윤,33,강원도 동해시 355-92,010-7408-6659,애니메이션 제작
3722,신시우,69,부산광역시 사하구 973-52,010-4064-5846,디지털 일러스트
3723,최순자,66,강원도 홍천군 566-97,010-5091-5832,게임
3724,김하은,37,부산광역시 부산진구 171-62,010-7081-2763,사진편집
3725,최시헌,21,대구광역시 북구 917-94,010-2983-9304,벽화 그리기
3726,김주아,42,강원도 원주시 904-69,010-2138-9934,웹툰 그리기
3727,안은우,31,광주광역시 동구 985-24,010-2945-3331,스트리밍
3728,박세호,37,충청남도 아산시 534-76,010-3291-7175,VR 게임
3729,신영희,57,경기도 시흥시 737-50,010-5233-9266,마인드맵 만들기
3730,전주원,39,경기도 안양시 동안구 491-79,010-2222-3212,자전거 타기
3731,권형민,60,서울특별시 성북구 645-23,010-1765-8913,유튜브 보기
3732,안채은,28,경기도 화성시 360-32,010-6102-4445,책 클럽
3733,조윤호,28,경기도 안산시 단원구 783-38,010-3868-5940,영화감상
3734,오말순,48,경상북도 포항시 410-68,010-3811-2117,로봇 공학
3735,황소율,79,인천광역시 계양구 509-64,010-9372-3990,운동
3736,정현진,38,대전광역시 서구 736-20,010-2173-1789,사진편집
3737,정서진,22,대구광역시 달성군 723-94,010-1662-1251,명상
3738,한유진,29,인천광역시 계양구 605-7,010-1728-6027,모바일 게임 개발
3739,장남수,64,대구광역시 수성구 228-24,010-5993-4449,모바일 촬영
3740,윤세아,48,대구광역시 달성군 566-79,010-8324-7258,영화감상
3741,정현서,45,경상남도 통영시 768-16,010-7691-7856,운동
3742,안정희,23,강원도 원주시 584-67,010-2569-7619,독서
3743,윤민수,79,경기도 성남시 분당구 432-8,010-2985-1175,로봇 공학
3744,김하진,32,부산광역시 부산진구 846-4,010-1880-9252,퍼즐 맞추기
3745,강정호,58,전라남도 목포시 850-32,010-3947-5952,음악감상
3746,윤영희,52,대구광역시 달성군 380-79,010-6340-4066,코딩
3747,황형민,56,경상북도 안동시 270-91,010-9265-3457,헬스
3748,전지우,26,광주광역시 광산구 475-54,010-5561-7485,테니스
3749,장성민,28,광주광역시 북구 250-91,010-4322-3730,일기 쓰기
3750,한다은,28,제주시 이도이동 607-84,010-9091-1536,디지털 사진 전시
3751,전순자,34,울산광역시 남구 905-75,010-3819-2145,사진촬영
3752,전은숙,46,경기도 오산시 617-66,010-8102-6696,미술관 관람
3753,전말자,64,부천시 상동 199-85,010-3040-6472,골프
3754,서채원,64,경상남도 진주시 650-24,010-4171-1905,플로리스트
3755,이지율,56,경상북도 김천시 108-69,010-8659-2202,영화 제작
3756,장태현,63,경상남도 김해시 255-3,010-9376-5805,배드민턴
3757,황혜숙,38,부산광역시 남구 984-55,010-3323-5273,애니메이션 제작
3758,오복자,25,제주시 신제주 977-8,010-2149-9632,드로잉
3759,홍서연,56,경기도 수원시 팔달구 56-25,010-3188-3591,필라테스
3760,정지민,75,강원도 속초시 343-41,010-9235-1840,스트리트 댄스
3761,오준호,47,경기도 안산시 단원구 283-11,010-1130-8909,수영
3762,오예린,60,경상북도 안동시 648-27,010-5708-5022,필라테스
3763,오정숙,73,충청북도 충주시 478-4,010-1655-6990,플라워 아트
3764,송세호,59,서울특별시 강서구 603-49,010-4273-4164,필라테스
3765,윤정호,60,성남시 분당구 정자동 842-90,010-3989-7386,책 클럽
3766,최세아,21,대구광역시 북구 393-33,010-1328-4643,미술관 관람
3767,안성호,52,서울특별시 강서구 58-9,010-4845-6358,로봇 공학
3768,신명훈,62,대전광역시 대덕구 565-49,010-1896-7923,스크래치 프로그램 만들기
3769,김복희,49,전라남도 목포시 443-10,010-6130-4445,애니메이션 제작
3770,최민수,21,서울특별시 은평구 132-49,010-3305-6307,요가
3771,강현진,53,경상남도 창원시 430-87,010-2355-2133,웹툰 그리기
3772,서연희,77,충청북도 청주시 904-4,010-9527-2369,캔들 만들기
3773,정다빈,38,제주시 오라동 59-22,010-8962-5036,펜팔
3774,오태수,57,대구광역시 달서구 727-54,010-9759-3980,사진촬영
3775,강서아,62,부산광역시 수영구 492-2,010-6559-8190,애니메이션 제작
3776,조희정,54,부산광역시 동구 676-34,010-4148-5865,웹툰 그리기
3777,송서진,70,충청북도 청주시 539-25,010-6940-6162,벽화 그리기
3778,최형민,72,세종특별자치시 조치원읍 213-79,010-6553-6654,콜라주 아트
3779,장명자,24,서울특별시 도봉구 346-90,010-2026-5314,일기 쓰기
3780,송정우,22,인천광역시 중구 884-13,010-2729-3150,수채화 그리기
3781,오도윤,28,부산광역시 금정구 161-58,010-8929-7995,봉사활동
3782,홍명자,44,경상북도 구미시 710-80,010-8267-4459,DIY
3783,김수빈,58,서울특별시 서대문구 16-29,010-2630-9797,필라테스
3784,전지민,43,부산광역시 남구 818-24,010-4966-8390,운동
3785,정지호,47,서울특별시 송파구 534-16,010-5666-7090,자원봉사
3786,임현진,64,서울특별시 강동구 481-20,010-7429-7824,펜팔
3787,오유진,79,서울특별시 동대문구 47-78,010-5736-5899,뜨개질
3788,윤만수,69,서울특별시 강북구 957-47,010-3185-4019,플로리스트
3789,신주영,48,서울특별시 은평구 823-14,010-8805-7985,일기 쓰기
3790,김성민,35,세종특별자치시 도담동 905-1,010-3456-5355,테니스
3791,안민수,27,서울특별시 강서구 324-73,010-6416-4947,캔들 만들기
3792,윤서연,59,충청남도 천안시 93-45,010-5053-4083,사진촬영
3793,정하연,79,부산광역시 연제구 192-37,010-4998-8360,생활 해킹
3794,서종순,61,경상남도 양산시 643-23,010-3771-1998,코딩
3795,박연희,75,제주시 신제주 222-9,010-1792-4733,등산
3796,권예린,77,제주시 신제주 483-27,010-5048-6146,보드게임
3797,신동수,58,서울특별시 강동구 995-24,010-4709-4832,자전거 타기
3798,황복희,50,충청북도 청주시 188-74,010-7422-3932,게임 방송
3799,김예은,68,경기도 의정부시 624-76,010-1979-1887,도예
3800,윤광호,25,경상북도 경주시 458-58,010-9104-2701,요리
3801,전영자,53,울산광역시 울주군 261-89,010-5467-2993,등산
3802,권성호,63,강원도 양양군 838-46,010-4246-7443,게임
3803,전남수,58,부산광역시 해운대구 934-31,010-7711-1709,디지털 사진 전시
3804,황지원,39,전라남도 나주시는 720-82,010-5207-1480,영화 제작
3805,강남수,75,서울특별시 동대문구 152-49,010-7946-8809,디지털 일러스트
3806,신은우,78,대구광역시 달성군 320-69,010-7962-3618,캠핑
3807,강철수,35,부산광역시 해운대구 791-22,010-1100-4073,집콕 놀이
3808,박숙자,34,대구광역시 수성구 337-43,010-9278-7955,마인드맵 만들기
3809,황지민,52,서울특별시 종로구 174-66,010-4941-2551,테니스
3810,전수빈,31,대구광역시 동구 74-66,010-3475-5340,봉사활동
3811,최현철,59,제주시 아라동 437-64,010-4934-2688,스크래치 프로그램 만들기
3812,오명숙,35,경상남도 거제시 879-52,010-4384-4594,수채화 그리기
3813,전예린,27,서울특별시 동작구 825-58,010-9644-2984,디지털 일러스트
3814,임순희,60,대전광역시 중구 236-31,010-7938-6188,콜라주 아트
3815,김현철,41,충청남도 공주시 438-10,010-3121-9102,사진촬영
3816,조진숙,31,세종특별자치시 도담동 314-15,010-1815-4788,웹툰 그리기
3817,오순희,73,부산광역시 강서구 428-90,010-1532-1425,스트리밍
3818,서창수,57,서울특별시 강남구 149-8,010-3502-7410,여행
3819,신채은,25,경기도 평택시 496-61,010-4532-6956,헬스
3820,안수빈,68,인천광역시 미추홀구 474-26,010-9299-4381,영화 제작
3821,권영수,75,경상북도 경주시 454-9,010-2086-7750,VR 게임
3822,신지한,44,광주광역시 남구 11-92,010-5524-2974,운동
3823,신민서,35,경기도 고양시 일산동구 880-15,010-9384-3408,모바일 촬영
3824,임희정,56,제주시 연동 545-83,010-9377-7967,플라워 아트
3825,송지원,69,인천광역시 남동구 685-27,010-3829-6601,도예
3826,정서준,37,서울특별시 관악구 689-29,010-6107-8548,수영
3827,장나윤,33,대구광역시 동구 994-63,010-4177-5476,봉사활동
3828,신세호,77,경상북도 경주시 177-12,010-3177-3397,사진촬영
3829,최명숙,48,세종특별자치시 조치원읍 918-10,010-6677-1293,디지털 아트
3830,이재영,40,부산광역시 서구 747-21,010-9687-9399,등산
3831,황정숙,48,대전광역시 대덕구 206-38,010-9261-3987,웹서핑
3832,최명자,40,인천광역시 부평구 657-41,010-3180-2161,사진촬영
3833,임민수,21,전라남도 광양시 754-95,010-2065-6213,요리
3834,윤명훈,23,경기도 고양시 일산동구 269-33,010-9005-3562,배드민턴
3835,윤주영,57,광주광역시 남구 262-44,010-9436-4936,보드게임
3836,장경자,77,경상남도 사천시 769-52,010-2501-4056,사진촬영
3837,박지원,78,부산광역시 연제구 381-72,010-5173-9624,게임
3838,박종수,21,경상북도 안동시 948-1,010-8088-9684,운동
3839,홍재훈,77,용인시 수지구 풍덕천동 233-40,010-3488-8681,봉사활동
3840,윤서준,30,경상북도 구미시 551-3,010-4830-7730,테니스
3841,김지후,36,제주시 노형동 289-64,010-5933-2431,여행
3842,한춘식,59,부산광역시 영도구 838-23,010-1978-2699,여행
3843,김진호,69,서울특별시 관악구 676-37,010-9774-1419,로봇 공학
3844,윤광호,28,경상북도 구미시 598-76,010-3630-8624,비즈 공예
3845,임민준,25,울산광역시 동구 32-47,010-9996-1769,스크래치 프로그램 만들기
3846,장유하,78,대구광역시 동구 998-57,010-4830-2804,웹서핑
3847,장예준,76,부산광역시 중구 582-63,010-2756-3630,낚시
3848,서현우,58,대구광역시 남구 108-61,010-4416-9152,스포츠 카드 수집
3849,서경수,20,강원도 평창군 772-31,010-6640-3669,독서
3850,임미영,65,울산광역시 울주군 259-91,010-3333-1880,보드게임
3851,홍기영,25,경기도 군포시 591-55,010-3661-8020,테니스
3852,장병호,75,대구광역시 중구 725-81,010-1359-9236,스키
3853,조정자,28,전라북도 익산시 921-52,010-8724-9920,도예
3854,안춘식,72,부산광역시 영도구 739-13,010-5551-1081,영화 제작
3855,오유진,45,서울특별시 도봉구 40-44,010-1562-3445,사진촬영
3856,권윤서,42,경기도 용인시 기흥구 386-6,010-5000-4539,캘리그라피
3857,송민서,53,대전광역시 대덕구 812-94,010-2831-7737,자원봉사
3858,임준서,45,부산광역시 사하구 524-45,010-3763-3183,여행
3859,전정자,69,제주시 연동 340-89,010-5146-6029,독서
3860,윤예린,20,서울특별시 강동구 986-59,010-7422-2991,필라테스
3861,권은숙,73,김해시 장유동 512-89,010-6605-5827,시뮬레이션 게임
3862,최서연,35,광주광역시 북구 948-83,010-8217-5181,스포츠 카드 수집
3863,정숙자,24,대구광역시 북구 222-12,010-4132-3153,봉사활동
3864,조옥희,74,부산광역시 기장군 329-55,010-2205-4560,디지털 일러스트
3865,송서준,25,전라북도 익산시 528-14,010-1764-4778,집콕 놀이
3866,강세호,64,경상남도 사천시 291-79,010-6623-6201,비즈 공예
3867,김지원,44,대구광역시 동구 364-8,010-2619-1279,게임 방송
3868,정은숙,55,강원도 원주시 135-61,010-5248-3087,드로잉
3869,이준호,78,대구광역시 북구 905-38,010-3697-4665,헬스
3870,한말순,23,부산광역시 강서구 121-19,010-5857-3283,골프
3871,김상호,45,인천광역시 계양구 543-72,010-4626-8565,벽화 그리기
3872,황주원,28,전라남도 나주시는 371-47,010-4829-7311,독서
3873,조재훈,26,전라남도 순천시 446-45,010-9811-6698,등산
3874,강서준,34,강원도 속초시 309-65,010-8822-9716,VR 게임
3875,윤춘희,49,인천광역시 부평구 419-28,010-1969-2660,벽화 그리기
3876,황성민,50,경기도 시흥시 705-96,010-3651-2343,웹서핑
3877,임태윤,59,부천시 원미구 중동 393-52,010-8879-6853,필라테스
3878,김윤서,48,부천시 원미구 중동 940-63,010-8176-7570,골프
3879,전현철,22,강원도 홍천군 682-79,010-6488-2877,마인드맵 만들기
3880,강예은,20,경기도 성남시 분당구 930-50,010-1394-2196,요리
3881,임진호,43,제주시 신제주 483-84,010-4436-8670,봉사활동
3882,정민수,54,광주광역시 남구 543-7,010-6827-9857,플로리스트
3883,서정자,45,대구광역시 달성군 95-89,010-4379-7747,디지털 일러스트
3884,권은숙,78,경상남도 창원시 358-64,010-3011-7294,카페 투어
3885,전수빈,37,경기도 고양시 일산동구 296-29,010-8577-6049,필라테스
3886,오숙자,55,광주광역시 동구 64-73,010-8169-4366,등산
3887,박성자,21,경상북도 김천시 740-2,010-8750-9690,여행
3888,오하진,61,경기도 오산시 825-25,010-4408-6297,자전거 타기
3889,신현서,71,제주시 오라동 844-83,010-4893-2992,스트리트 댄스
3890,권서준,45,인천광역시 중구 211-8,010-5141-8823,수영
3891,윤승호,35,경기도 용인시 수지구 625-5,010-2978-1048,골프
3892,홍성민,64,경기도 안양시 만안구 339-37,010-6391-1599,생활 해킹
3893,임정호,24,서울특별시 동대문구 900-77,010-6270-3992,스포츠 카드 수집
3894,윤호철,22,충청북도 청주시 397-61,010-6613-5974,모바일 촬영
3895,송다은,43,광주광역시 북구 120-62,010-6823-4114,사진촬영
3896,안현진,27,광주광역시 광산구 567-11,010-6417-5834,사진편집
3897,강종수,57,경기도 수원시 장안구 11-52,010-4853-4176,모바일 촬영
3898,윤정순,28,서울특별시 동작구 101-87,010-3492-2535,디지털 사진 전시
3899,안현철,63,대구광역시 수성구 16-2,010-3683-7585,명상
3900,최순영,50,부산광역시 기장군 426-65,010-5441-4935,캘리그라피
3901,최정숙,74,서울특별시 강북구 703-69,010-7712-6155,보드게임
3902,송하율,44,경기도 수원시 장안구 272-78,010-4423-7614,보드게임
3903,황현서,26,전라북도 군산시 677-83,010-9371-1973,비즈 공예
3904,최하윤,47,서울특별시 용산구 366-65,010-7994-5800,시뮬레이션 게임
3905,임예준,74,경기도 안양시 만안구 230-62,010-1225-5903,자원봉사
3906,한하윤,49,부산광역시 영도구 608-44,010-6351-9782,모바일 촬영
3907,서은채,44,김해시 장유동 645-53,010-2352-6802,퍼즐 맞추기
3908,최주아,31,충청남도 아산시 790-31,010-5480-4225,디지털 일러스트
3909,이다은,63,서울특별시 구로구 549-75,010-1254-8782,배우기
3910,송시윤,79,울산광역시 울주군 126-38,010-7640-3847,모바일 게임 개발
3911,홍창수,64,부산광역시 연제구 996-0,010-1597-1033,VR 게임
3912,임숙자,62,경기도 성남시 수정구 238-23,010-7836-3383,스포츠 카드 수집
3913,조말옥,30,강원도 삼척시 701-22,010-5586-4163,펜팔
3914,신민수,25,경기도 고양시 덕양구 258-26,010-1705-1838,VR 게임
3915,임혜숙,34,인천광역시 부평구 393-94,010-7351-5874,요리
3916,윤미영,70,경기도 성남시 분당구 741-35,010-2985-2029,웹서핑
3917,신지한,31,강원도 평창군 872-93,010-3868-5960,자전거 타기
3918,임만수,60,울산광역시 북구 281-73,010-5356-1234,스포츠 카드 수집
3919,박준서,54,광주광역시 동구 551-75,010-7701-2471,캘리그라피
3920,서영일,74,강원도 동해시 601-11,010-5484-2184,코딩
3921,장재영,59,전라남도 광양시 681-53,010-6653-9942,시뮬레이션 게임
3922,오명자,21,광주광역시 서구 535-78,010-5063-8565,테니스
3923,강주원,64,인천광역시 미추홀구 45-25,010-1825-4267,스키
3924,강하진,27,서울특별시 영등포구 385-18,010-8466-6724,스트리밍
3925,김상호,27,광주광역시 동구 639-60,010-8582-6782,플로리스트
3926,김상호,79,세종특별자치시 한솔동 619-34,010-3675-9497,웹서핑
3927,장정순,42,경기도 성남시 수정구 371-4,010-8359-2757,사진촬영
3928,이순영,23,서울특별시 서대문구 787-82,010-3987-7904,일기 쓰기
3929,임민수,29,서울특별시 강동구 657-41,010-2834-2087,자원봉사
3930,강명자,49,경기도 용인시 기흥구 415-0,010-7195-6149,펜팔
3931,정세아,51,울산광역시 울주군 15-5,010-9765-3246,스트리트 댄스
3932,장영희,65,서울특별시 구로구 975-27,010-3310-6254,명상
3933,전예린,36,경상북도 경주시 586-56,010-5937-3520,낚시
3934,오영수,28,부산광역시 연제구 761-21,010-1441-5830,미술관 관람
3935,한상민,57,강원도 원주시 810-84,010-1674-2778,로봇 공학
3936,박정희,64,용인시 수지구 풍덕천동 37-9,010-1670-2518,배드민턴
3937,임하은,76,경상남도 김해시 849-85,010-4270-5415,마인드맵 만들기
3938,한수아,40,경상남도 거제시 586-42,010-3261-4394,배우기
3939,강우진,49,서울특별시 영등포구 361-28,010-9930-5621,스키
3940,정채원,66,용인시 수지구 풍덕천동 767-12,010-3621-7573,보드게임
3941,강철수,26,대구광역시 수성구 962-88,010-7682-1602,펜팔
3942,최영자,35,부산광역시 해운대구 147-56,010-1462-6946,테니스
3943,박서연,61,인천광역시 중구 608-6,010-9850-1452,독서
3944,조서진,47,인천광역시 중구 807-84,010-8758-9321,사진촬영
3945,조로운,21,인천광역시 부평구 396-31,010-9433-1701,웹서핑
3946,정하람,39,세종특별자치시 한솔동 983-54,010-2037-1727,운동
3947,전주아,35,서울특별시 광진구 898-94,010-1113-9679,영화 제작
3948,오지민,22,충청남도 공주시 970-63,010-9089-9583,자전거 타기
3949,최지한,34,인천광역시 남동구 968-73,010-1884-2444,책 클럽
3950,이준호,73,서울특별시 구로구 214-94,010-2982-8120,벽화 그리기
3951,윤소율,64,서울특별시 노원구 58-0,010-2495-4045,독서
3952,서순자,32,경기도 안양시 만안구 374-94,010-8105-8360,웹툰 그리기
3953,전서연,54,경기도 안양시 만안구 645-86,010-5664-6283,비즈 공예
3954,장채원,41,서울특별시 성동구 411-65,010-7402-3609,보드게임
3955,권유하,68,부산광역시 북구 814-62,010-5249-7432,벽화 그리기
3956,오주영,45,충청북도 청주시 802-88,010-8345-6472,플라워 아트
3957,황명훈,45,경상북도 김천시 99-95,010-6751-6763,보드게임
3958,송태현,68,경기도 안산시 단원구 468-67,010-7474-8727,스크래치 프로그램 만들기
3959,강동수,76,울산광역시 북구 472-91,010-9787-6666,음악감상
3960,최재영,59,세종특별자치시 도담동 733-5,010-3776-7136,웹서핑
3961,송하람,49,전라북도 전주시 147-31,010-4732-7774,책 클럽
3962,황복희,24,대구광역시 북구 279-86,010-1598-6266,사진촬영
3963,정시윤,51,경기도 고양시 일산동구 786-89,010-3336-5431,벽화 그리기
3964,장예린,56,서울특별시 구로구 241-22,010-3401-4838,여행
3965,안지원,27,광주광역시 광산구 583-61,010-6227-7686,패션
3966,정도윤,35,경기도 안양시 동안구 673-68,010-9606-2643,등산
3967,전정숙,53,서울특별시 광진구 946-33,010-5744-8851,사진편집
3968,임옥희,65,경상남도 밀양시 607-86,010-2199-3466,웹서핑
3969,황명훈,21,경기도 화성시 143-12,010-4025-9258,수영
3970,한정희,70,서울특별시 마포구 619-79,010-3671-5991,책 클럽
3971,강재훈,65,제주시 연동 996-61,010-5816-2366,낚시
3972,전서준,68,전라북도 익산시 276-76,010-5192-1755,낚시
3973,한유진,33,제주시 노형동 920-35,010-5553-1562,집콕 놀이
3974,황순희,64,경기도 안산시 단원구 719-74,010-7545-5508,보드게임
3975,이하람,70,부산광역시 부산진구 827-32,010-9040-1182,펜팔
3976,오말옥,43,서울특별시 서초구 546-94,010-4105-7138,책 클럽
3977,윤병호,28,경기도 고양시 덕양구 556-27,010-5841-2492,음악감상
3978,송세아,57,대구광역시 동구 27-34,010-5783-9067,자전거 타기
3979,윤정순,57,경상북도 경주시 249-13,010-6376-3757,영화감상
3980,임미영,22,강원도 강릉시 866-28,010-1369-6862,자원봉사
3981,최하윤,23,서울특별시 도봉구 930-68,010-2747-3334,여행
3982,이정호,72,대구광역시 북구 9-3,010-3961-9013,피크닉
3983,서하진,41,인천광역시 중구 479-55,010-4699-9827,VR 게임
3984,최남수,68,경기도 안산시 상록구 529-66,010-9777-1969,자전거 타기
3985,홍지후,54,제주시 연동 83-90,010-2231-7598,사진편집
3986,송지우,45,대구광역시 북구 877-0,010-5685-6098,사진촬영
3987,안형민,74,서울특별시 금천구 579-26,010-4679-3366,생활 해킹
3988,정서진,36,경상북도 포항시 792-41,010-5035-6242,영화 제작
3989,황상호,78,전라남도 나주시는 85-14,010-4815-7168,디지털 콘텐츠 제작
3990,김춘희,38,경상남도 사천시 724-12,010-2588-3431,애니메이션 제작
3991,최찬우,66,경기도 성남시 분당구 144-32,010-1644-2353,음악감상
3992,홍혜숙,62,광주광역시 서구 72-66,010-5810-5883,퍼즐 맞추기
3993,황광호,33,부산광역시 남구 982-95,010-3180-2855,배드민턴
3994,최승호,44,부산광역시 남구 61-56,010-7755-9519,수영
3995,장성호,24,경기도 평택시 381-27,010-4813-8618,운동
3996,권서연,55,서울특별시 구로구 604-35,010-8105-6773,요리
3997,서진숙,27,전라북도 전주시 752-21,010-6736-3550,로봇 공학
3998,송시우,49,제주시 아라동 418-31,010-7279-6324,스트리트 댄스
3999,홍지한,59,경상남도 거제시 711-35,010-8276-6688,벽화 그리기
4000,정광호,72,경상남도 거제시 226-69,010-3015-8394,보드게임
4001,조도윤,55,서울특별시 노원구 369-56,010-4484-2808,피크닉
4002,강호철,57,서울특별시 금천구 408-10,010-5286-5886,로봇 공학
4003,안준호,36,대구광역시 중구 208-62,010-3298-3900,일기 쓰기
4004,장경자,40,부산광역시 서구 880-75,010-6859-4275,모바일 촬영
4005,최다빈,50,부산광역시 연제구 738-31,010-1093-7181,게임
4006,오재훈,69,강원도 강릉시 485-35,010-4835-1429,게임 방송
4007,전명자,27,경기도 안산시 단원구 388-56,010-1750-3197,필라테스
4008,윤유하,27,인천광역시 미추홀구 483-77,010-5516-8642,모바일 게임 개발
4009,전수빈,43,경기도 시흥시 600-41,010-3586-3864,VR 게임
4010,정지한,26,서울특별시 양천구 221-36,010-9561-1578,모바일 게임 개발
4011,서재훈,31,대전광역시 중구 904-67,010-4724-1473,헬로윈 파티 준비
4012,임주아,71,서울특별시 노원구 176-18,010-2723-7905,운동
4013,송병호,32,인천광역시 남동구 528-51,010-5176-5894,디지털 아트
4014,안도윤,66,부산광역시 사상구 337-49,010-5707-4396,여행
4015,최춘희,74,경기도 고양시 일산동구 653-71,010-8209-3162,코딩
4016,윤하윤,40,부산광역시 강서구 579-74,010-1699-2835,수영
4017,정만수,48,제주시 오라동 968-91,010-3336-1824,모바일 촬영
4018,권영일,20,광주광역시 북구 295-55,010-4330-7049,비즈 공예
4019,안말옥,63,부산광역시 강서구 608-21,010-8262-7206,스포츠 카드 수집
4020,이지원,46,전라북도 전주시 283-81,010-1857-3570,마인드맵 만들기
4021,황미영,42,서울특별시 강북구 620-17,010-4720-2500,드로잉
4022,장광호,65,광주광역시 서구 90-1,010-1559-6634,스키
4023,황세아,23,경기도 고양시 덕양구 731-77,010-1794-3491,애니메이션 제작
4024,정정자,64,부산광역시 해운대구 795-21,010-3808-4178,배우기
4025,박정숙,49,서울특별시 중구 894-30,010-5096-1064,일기 쓰기
4026,서민준,47,경기도 군포시 55-51,010-1771-3947,패션
4027,정현우,22,전라남도 순천시 870-84,010-4483-2602,로봇 공학
4028,홍진숙,47,경상남도 양산시 575-57,010-1055-4517,웹서핑
4029,윤종수,60,경기도 화성시 176-43,010-6751-5816,모바일 게임 개발
4030,안유하,41,광주광역시 서구 530-2,010-8396-6330,플로리스트
4031,송우진,67,서울특별시 성동구 360-39,010-5295-6018,사진촬영
4032,전유진,49,울산광역시 동구 566-85,010-2086-5736,운동
4033,황준호,59,전라남도 여수시 213-57,010-3390-3561,영화감상
4034,박태현,27,인천광역시 남동구 378-23,010-8394-9567,스포츠 카드 수집
4035,정준호,21,강원도 춘천시 876-34,010-9303-3399,도예
4036,최하연,50,인천광역시 동구 868-64,010-7061-2397,자전거 타기
4037,임말옥,55,경상남도 창원시 355-64,010-5589-8949,독서
4038,김은숙,43,서울특별시 강남구 7-64,010-6010-9860,낚시
4039,강말옥,55,제주시 오라동 447-6,010-7053-4867,스크래치 프로그램 만들기
4040,서옥희,78,강원도 속초시 173-13,010-1023-4625,DIY
4041,권복희,31,광주광역시 동구 568-32,010-2660-2496,웹툰 그리기
4042,전유진,52,제주시 노형동 920-72,010-4265-7854,봉사활동
4043,신은숙,34,인천광역시 연수구 953-76,010-4151-8277,보드게임
4044,송복자,60,경상남도 거제시 368-30,010-4358-8048,보드게임
4045,전유진,67,경기도 용인시 수지구 755-63,010-6491-1892,드로잉
4046,박민수,75,경기도 안산시 단원구 997-68,010-6604-7307,일기 쓰기
4047,한명훈,34,서울특별시 광진구 844-22,010-2875-8625,비즈 공예
4048,신준서,58,제주시 이도이동 358-27,010-8000-9766,사진촬영
4049,정채은,57,인천광역시 중구 898-39,010-9716-5785,디지털 콘텐츠 제작
4050,윤정숙,75,경상남도 진주시 353-35,010-4567-9117,캔들 만들기
4051,강은숙,54,서울특별시 성동구 591-52,010-6243-3095,헬로윈 파티 준비
4052,오건우,39,경기도 군포시 924-18,010-3906-4288,자원봉사
4053,안희정,61,인천광역시 동구 757-77,010-2632-5537,스크래치 프로그램 만들기
4054,송말옥,57,서울특별시 종로구 791-54,010-5668-5383,캠핑
4055,이종수,72,서울특별시 강북구 608-29,010-2820-2679,모바일 게임 개발
4056,황복자,30,경상남도 사천시 622-78,010-9650-8036,벽화 그리기
4057,강승호,69,서울특별시 양천구 436-52,010-2849-2562,게임 방송
4058,황춘희,51,부산광역시 영도구 81-46,010-3406-1463,책 클럽
4059,황진호,56,대전광역시 중구 356-28,010-6811-5252,애니메이션 제작
4060,윤말순,47,인천광역시 남동구 986-92,010-5498-4589,비즈 공예
4061,안유하,42,부산광역시 금정구 762-6,010-8088-3851,벽화 그리기
4062,박지우,20,대구광역시 서구 269-56,010-1557-7212,여행
4063,윤서연,60,경기도 고양시 일산동구 368-48,010-9313-8424,스트리트 댄스
4064,최예은,50,인천광역시 서구 26-23,010-1466-2138,헬로윈 파티 준비
4065,최주원,58,부산광역시 수영구 586-75,010-5167-1364,디지털 아트
4066,전하윤,65,부산광역시 동구 77-37,010-5475-4625,스포츠 카드 수집
4067,박지한,32,경기도 수원시 팔달구 107-79,010-3168-2279,애니메이션 제작
4068,황정호,34,충청북도 충주시 257-13,010-2087-2521,요리
4069,전유하,34,김해시 장유동 532-95,010-1232-3392,패션
4070,최복희,58,충청북도 충주시 777-73,010-6719-4513,독서
4071,송춘자,39,울산광역시 북구 990-52,010-8348-5560,스트리트 댄스
4072,최춘자,36,서울특별시 구로구 297-41,010-5122-1559,로봇 공학
4073,김말자,38,광주광역시 동구 527-75,010-9039-3422,낚시
4074,신명숙,45,광주광역시 북구 8-85,010-5753-1893,스트리트 댄스
4075,송춘자,66,전라남도 목포시 307-50,010-5590-3696,로봇 공학
4076,박혜숙,25,전라남도 나주시는 837-72,010-2491-3762,디지털 콘텐츠 제작
4077,송숙자,38,전라남도 순천시 432-21,010-3308-7135,보드게임
4078,홍소율,42,전라북도 전주시 511-80,010-2774-2274,미술관 관람
4079,박태현,43,부산광역시 북구 344-30,010-2638-6648,시뮬레이션 게임
4080,안경자,34,광주광역시 광산구 630-91,010-1502-7018,모바일 게임 개발
4081,홍주원,63,서울특별시 종로구 897-4,010-5020-9353,골프
4082,정주영,50,충청남도 천안시 862-81,010-9518-2135,비즈 공예
4083,송현서,44,경기도 용인시 수지구 450-17,010-3745-5793,수영
4084,한종수,33,대구광역시 달서구 293-77,010-5126-9596,유튜브 보기
4085,이정자,63,강원도 삼척시 771-42,010-9929-6253,요리
4086,윤말순,69,경기도 안산시 상록구 784-74,010-4235-5751,캔들 만들기
4087,윤연희,37,서울특별시 양천구 169-31,010-9867-6750,자전거 타기
4088,김영자,27,세종특별자치시 도담동 194-9,010-7680-8920,스크래치 프로그램 만들기
4089,최순자,53,인천광역시 동구 585-1,010-4488-1789,뜨개질
4090,이호철,33,용인시 수지구 풍덕천동 881-52,010-1539-1155,피크닉
4091,전예준,23,서울특별시 서대문구 762-17,010-4133-9218,마인드맵 만들기
4092,송찬우,76,충청북도 청주시 995-53,010-1458-6341,VR 게임
4093,황영호,53,울산광역시 북구 642-60,010-4699-2065,비즈 공예
4094,김혜숙,74,서울특별시 송파구 220-57,010-8401-8779,모바일 게임 개발
4095,한주원,31,전라남도 나주시는 439-3,010-1097-8490,사진촬영
4096,장말옥,78,서울특별시 광진구 529-29,010-5213-7002,미술관 관람
4097,윤정우,71,서울특별시 용산구 23-91,010-7991-8490,스트리밍
4098,박하람,59,경기도 고양시 덕양구 781-13,010-3824-7597,헬로윈 파티 준비
4099,이준서,78,경상남도 진주시 828-94,010-6100-8805,모바일 게임 개발
4100,전태수,37,경기도 화성시 182-95,010-2231-9647,로봇 공학
4101,김수빈,29,경상북도 포항시 459-55,010-6208-6704,수채화 그리기
4102,한재훈,26,경상남도 김해시 613-57,010-2882-8358,보드게임
4103,윤현우,58,경상북도 구미시 25-15,010-5524-5498,운동
4104,황병호,34,대전광역시 대덕구 257-62,010-5470-6132,디지털 아트
4105,홍우진,41,경상남도 사천시 769-73,010-5147-4560,낚시
4106,황명자,55,울산광역시 동구 489-52,010-2927-2103,게임
4107,신순영,38,부천시 원미구 중동 703-1,010-7548-2498,보드게임
4108,최영일,75,충청북도 충주시 106-62,010-2721-8817,패션
4109,박남수,67,강원도 홍천군 204-11,010-5611-5633,보드게임
4110,윤도윤,72,서울특별시 구로구 724-88,010-2840-1851,등산
4111,강하람,29,대구광역시 수성구 667-62,010-2629-6663,펜팔
4112,한광호,35,경기도 용인시 수지구 678-95,010-3424-6063,보드게임
4113,전주원,32,경기도 평택시 412-78,010-2647-9360,모바일 촬영
4114,신채원,41,부산광역시 부산진구 762-64,010-9421-5575,도예
4115,강상호,76,경기도 안산시 상록구 126-12,010-4598-4837,플라워 아트
4116,신순영,30,광주광역시 북구 692-88,010-7701-1990,수영
4117,강하람,64,충청북도 충주시 564-28,010-5210-3897,낚시
4118,강정희,43,경기도 시흥시 947-49,010-6244-8370,스크래치 프로그램 만들기
4119,윤예준,57,경상남도 김해시 636-77,010-5334-5390,코딩
4120,전건우,55,부산광역시 연제구 477-42,010-3635-7512,명상
4121,전명자,46,서울특별시 성북구 749-34,010-6044-3376,보드게임
4122,서은숙,37,부산광역시 중구 726-15,010-2404-2214,보드게임
4123,한남수,54,충청남도 천안시 838-12,010-9424-8923,음악감상
4124,임은숙,72,서울특별시 중구 486-59,010-6736-7725,마인드맵 만들기
4125,안하연,29,서울특별시 강북구 372-30,010-4600-2600,요리
4126,이지호,71,서울특별시 서대문구 690-51,010-3306-6094,독서
4127,한다온,39,경상남도 창녕군 699-0,010-3511-9960,사진촬영
4128,임찬우,42,서울특별시 동대문구 924-11,010-9238-1103,책 클럽
4129,홍영호,65,부산광역시 동래구 883-10,010-7719-1259,낚시
4130,전철수,57,경상북도 김천시 492-39,010-1091-1658,테니스
4131,박성자,67,서울특별시 금천구 400-74,010-8484-5320,배드민턴
4132,최채원,74,부산광역시 북구 111-1,010-6640-1071,도예
4133,권윤호,23,부산광역시 영도구 549-46,010-6372-7650,스포츠 카드 수집
4134,오미영,51,강원도 양양군 454-96,010-6154-3616,콜라주 아트
4135,황유하,57,서울특별시 강동구 985-60,010-2725-1139,디지털 일러스트
4136,조세호,51,강원도 원주시 985-35,010-1418-9785,영화감상
4137,김현우,49,경기도 의정부시 611-46,010-3856-8951,낚시
4138,박지율,23,서울특별시 양천구 96-85,010-1348-5765,도예
4139,임재훈,62,부산광역시 남구 502-34,010-7239-1836,헬스
4140,한도윤,57,서울특별시 송파구 619-24,010-4120-8580,낚시
4141,전도윤,25,경기도 오산시 140-90,010-1448-6128,로봇 공학
4142,전정희,30,강원도 홍천군 611-82,010-6697-4147,명상
4143,김창수,57,대구광역시 수성구 554-38,010-6606-9959,비즈 공예
4144,최동수,68,제주시 연동 715-27,010-1675-9590,운동
4145,서춘희,79,대구광역시 달서구 915-77,010-1444-8454,카페 투어
4146,오현철,31,서울특별시 서대문구 516-95,010-5404-3012,영화 제작
4147,강은숙,79,부산광역시 수영구 387-32,010-6970-9537,캔들 만들기
4148,신하람,25,전라북도 익산시 348-92,010-8432-6871,플로리스트
4149,홍말순,49,부산광역시 중구 462-25,010-6747-1917,수채화 그리기
4150,박상호,73,강원도 홍천군 682-50,010-2254-3359,캠핑
4151,한병호,76,경기도 오산시 56-8,010-5414-5753,마인드맵 만들기
4152,신다은,38,인천광역시 동구 365-65,010-2715-4707,뜨개질
4153,박순영,62,경상남도 창녕군 755-38,010-3764-3005,로봇 공학
4154,한태수,79,서울특별시 중랑구 209-12,010-5119-2545,패션
4155,안민수,46,충청북도 충주시 558-65,010-1605-2407,코딩
4156,정명자,33,대구광역시 수성구 665-41,010-6746-5293,보드게임
4157,장명숙,70,경상남도 거제시 338-10,010-8639-8569,봉사활동
4158,김경수,70,대구광역시 북구 716-68,010-3382-6782,모바일 게임 개발
4159,윤병호,24,경기도 용인시 기흥구 302-74,010-2605-7739,봉사활동
4160,송재호,55,서울특별시 영등포구 187-33,010-8222-3273,웹서핑
4161,송건우,58,경기도 안산시 상록구 354-56,010-3653-2879,드로잉
4162,황예린,62,서울특별시 동작구 335-41,010-8346-6089,명상
4163,조윤호,66,경상남도 밀양시 0-13,010-3343-9409,코딩
4164,안선자,45,인천광역시 부평구 831-23,010-7231-6689,여행
4165,송병호,75,전라북도 익산시 241-45,010-4876-8201,애니메이션 제작
4166,송영일,25,경기도 안양시 만안구 766-54,010-2160-6306,벽화 그리기
4167,윤명숙,47,제주시 이도이동 331-3,010-4422-7098,수영
4168,장세호,23,세종특별자치시 도담동 737-78,010-4710-4868,스트리트 댄스
4169,신성민,24,울산광역시 남구 994-38,010-2790-6755,음악감상
4170,정말순,24,서울특별시 서초구 484-32,010-5927-6334,애니메이션 제작
4171,송진호,67,서울특별시 송파구 93-53,010-1983-1333,모바일 촬영
4172,최은채,39,부천시 상동 348-93,010-3608-2483,캘리그라피
4173,장명훈,44,제주시 이도이동 135-92,010-1235-2869,디지털 콘텐츠 제작
4174,정상호,58,경기도 화성시 867-33,010-3674-8996,카페 투어
4175,한은채,62,대구광역시 달성군 768-17,010-2745-5055,골프
4176,안로운,76,경기도 수원시 장안구 877-30,010-7401-5733,모바일 촬영
4177,조경자,59,서울특별시 송파구 905-39,010-6941-5402,캠핑
4178,안하율,38,경기도 고양시 일산동구 908-15,010-1181-6270,수채화 그리기
4179,오하연,37,대전광역시 서구 427-66,010-7743-5824,게임 방송
4180,송연희,63,부산광역시 남구 212-40,010-5894-4629,자원봉사
4181,송성민,52,인천광역시 연수구 813-93,010-8340-4033,보드게임
4182,최예은,20,경기도 성남시 수정구 319-34,010-2490-3094,음악감상
4183,황경수,63,부산광역시 남구 98-9,010-6786-5455,사진촬영
4184,황나윤,21,대전광역시 동구 275-29,010-4510-4849,배우기
4185,황서진,39,부산광역시 중구 656-16,010-6346-6546,벽화 그리기
4186,신서진,63,서울특별시 노원구 48-59,010-2389-3387,테니스
4187,최민수,27,서울특별시 광진구 921-31,010-4699-7487,도예
4188,전말옥,55,경기도 화성시 266-41,010-9915-3893,책 클럽
4189,전승호,41,대전광역시 중구 542-65,010-1496-5356,보드게임
4190,최정희,33,충청남도 공주시 59-24,010-2246-2187,시뮬레이션 게임
4191,임승호,56,세종특별자치시 한솔동 825-16,010-8520-2658,사진촬영
4192,송지후,42,경상남도 창원시 414-23,010-6700-9488,마인드맵 만들기
4193,황연희,45,서울특별시 구로구 45-77,010-3618-2446,요가
4194,홍춘식,35,충청남도 천안시 557-78,010-3246-2881,배드민턴
4195,강선자,52,서울특별시 용산구 35-97,010-1110-6271,일기 쓰기
4196,박민서,27,경기도 의정부시 858-65,010-9238-6766,디지털 콘텐츠 제작
4197,김말옥,55,서울특별시 은평구 997-97,010-9936-2292,일기 쓰기
4198,황성민,31,서울특별시 서대문구 140-79,010-3797-6466,뜨개질
4199,임영일,65,세종특별자치시 한솔동 944-2,010-2040-7920,디지털 사진 전시
4200,신기석,34,서울특별시 구로구 292-71,010-2091-4486,벽화 그리기
4201,서세아,48,부산광역시 영도구 684-15,010-3717-8716,테니스
4202,서정자,40,경상남도 김해시 436-71,010-2930-8907,여행
4203,정말자,45,경상남도 밀양시 285-58,010-9045-7462,스트리밍
4204,최시우,33,제주시 이도이동 387-16,010-5650-5862,피크닉
4205,안찬우,51,제주시 이도이동 309-19,010-5684-8376,펜팔
4206,이광호,36,충청북도 진천군 515-98,010-1371-4326,플라워 아트
4207,송하진,50,서울특별시 송파구 301-10,010-9087-4399,디지털 콘텐츠 제작
4208,신정호,32,광주광역시 광산구 25-10,010-8833-4077,자전거 타기
4209,송정숙,34,서울특별시 성북구 505-20,010-6185-4093,게임
4210,송철수,24,세종특별자치시 도담동 56-1,010-5582-4207,헬스
4211,조찬우,73,경기도 성남시 분당구 664-3,010-3898-8399,디지털 사진 전시
4212,권숙자,55,경기도 고양시 일산동구 360-89,010-2975-6329,독서
4213,오찬우,54,경기도 수원시 장안구 397-66,010-8157-5236,보드게임
4214,전정우,71,울산광역시 남구 909-40,010-7752-5512,필라테스
4215,정다빈,30,경기도 안산시 단원구 460-14,010-3923-8734,웹툰 그리기
4216,조춘희,31,경기도 용인시 수지구 150-40,010-2310-3498,시뮬레이션 게임
4217,권성호,63,경기도 안양시 만안구 933-93,010-4701-1920,봉사활동
4218,최종순,52,경기도 고양시 일산동구 688-2,010-6806-4693,운동
4219,박말자,20,서울특별시 종로구 552-57,010-6139-4522,비즈 공예
4220,박영희,40,전라북도 익산시 547-6,010-1976-9509,도예
4221,박유진,44,부산광역시 기장군 621-37,010-2452-3081,수채화 그리기
4222,신영희,50,세종특별자치시 도담동 398-16,010-6714-5212,스크래치 프로그램 만들기
4223,서남수,21,대구광역시 남구 471-55,010-6123-9782,생활 해킹
4224,송은숙,47,전라남도 목포시 229-65,010-2904-3708,카페 투어
4225,안말순,37,서울특별시 강남구 390-43,010-1582-6408,헬로윈 파티 준비
4226,안철수,73,서울특별시 금천구 936-47,010-7799-1131,보드게임
4227,신기영,41,경상북도 경주시 934-14,010-9088-4114,패션
4228,서준서,67,울산광역시 남구 31-46,010-4204-5324,사진촬영
4229,황예린,78,제주시 신제주 308-24,010-3904-4666,운동
4230,최기석,54,경기도 성남시 분당구 91-5,010-6927-7392,사진편집
4231,권윤호,63,경기도 수원시 팔달구 335-65,010-2098-8843,스포츠 카드 수집
4232,장유진,49,대구광역시 북구 154-49,010-8160-7888,디지털 아트
4233,신지호,43,경기도 안산시 상록구 874-63,010-7926-6233,캔들 만들기
4234,조주영,65,경기도 파주시 258-21,010-4275-6452,디지털 사진 전시
4235,서동수,67,광주광역시 광산구 118-48,010-9793-9773,VR 게임
4236,한순영,24,경상북도 경주시 756-45,010-1021-1278,일기 쓰기
4237,한서준,64,경상남도 통영시 406-44,010-1876-3369,헬로윈 파티 준비
4238,전민수,62,강원도 평창군 901-19,010-1892-4249,필라테스
4239,송성민,46,경기도 군포시 167-71,010-9392-2600,게임 방송
4240,송철수,42,광주광역시 서구 743-31,010-5203-4727,필라테스
4241,송춘식,35,서울특별시 구로구 462-1,010-8368-4535,요가
4242,윤순영,38,대전광역시 유성구 792-63,010-8097-8156,캔들 만들기
4243,강정숙,68,충청북도 청주시 141-27,010-9830-6744,스크래치 프로그램 만들기
4244,김복희,21,서울특별시 종로구 996-12,010-1108-4332,애니메이션 제작
4245,임상민,36,울산광역시 동구 813-49,010-6198-7952,명상
4246,이영수,76,전라남도 여수시 832-94,010-2504-3805,독서
4247,최순희,72,전라남도 목포시 463-4,010-3857-4528,캔들 만들기
4248,전예은,21,경상북도 구미시 855-65,010-6866-5430,헬로윈 파티 준비
4249,권은채,24,대구광역시 중구 490-21,010-4725-8471,보드게임
4250,황재호,44,울산광역시 울주군 499-26,010-5850-9750,드로잉
4251,정정순,61,전라남도 나주시는 900-90,010-7532-1952,캔들 만들기
4252,임하람,70,서울특별시 은평구 292-95,010-5747-3653,스트리밍
4253,조채원,33,인천광역시 미추홀구 230-34,010-5617-9600,유튜브 보기
4254,권찬우,78,서울특별시 성동구 749-28,010-2641-8553,헬로윈 파티 준비
4255,황소율,47,전라남도 나주시는 868-73,010-1836-9030,콜라주 아트
4256,장영희,44,서울특별시 종로구 981-3,010-3531-6109,마인드맵 만들기
4257,송예은,36,경기도 화성시 51-46,010-6498-2564,스트리밍
4258,김지호,46,경상남도 통영시 373-72,010-6669-6111,비즈 공예
4259,이태수,76,인천광역시 동구 756-45,010-6990-8994,사진촬영
4260,강태윤,37,경기도 안산시 상록구 111-85,010-5985-1061,플라워 아트
4261,오주원,48,대구광역시 달서구 686-15,010-4428-4733,등산
4262,안혜숙,38,경기도 오산시 661-48,010-7686-1173,영화감상
4263,전영수,76,서울특별시 도봉구 637-45,010-9605-6270,모바일 촬영
4264,정상호,23,경상북도 안동시 352-9,010-6749-7376,DIY
4265,강다빈,27,부천시 원미구 중동 779-91,010-2151-8059,카페 투어
4266,이준서,60,경기도 용인시 기흥구 580-29,010-6467-8648,유튜브 보기
4267,윤서연,74,경기도 성남시 분당구 251-17,010-5538-2828,시뮬레이션 게임
4268,황나윤,59,서울특별시 광진구 3-43,010-2810-4497,퍼즐 맞추기
4269,윤현서,30,경기도 광명시 796-14,010-8953-8071,드로잉
4270,임춘식,38,전라남도 나주시는 99-22,010-5076-1971,게임
4271,박지우,48,서울특별시 강동구 7-7,010-6443-5961,VR 게임
4272,송하진,58,세종특별자치시 조치원읍 747-19,010-8136-6161,피크닉
4273,이경수,22,대구광역시 중구 949-83,010-4202-2856,게임 방송
4274,안유하,32,대구광역시 북구 84-50,010-7260-8328,자원봉사
4275,안호철,25,인천광역시 남동구 527-16,010-6568-6186,자원봉사
4276,한하은,21,강원도 동해시 646-82,010-8572-5060,DIY
4277,김숙자,64,서울특별시 강서구 89-20,010-4295-2643,모바일 촬영
4278,조은숙,65,부산광역시 사하구 990-7,010-4250-1189,애니메이션 제작
4279,강경수,46,제주시 이도이동 54-7,010-9571-8237,마인드맵 만들기
4280,안숙자,54,충청남도 논산시 786-31,010-8555-3405,요리
4281,윤로운,65,부산광역시 사하구 456-66,010-7458-3127,플로리스트
4282,이건우,65,경기도 고양시 일산동구 174-45,010-1816-9023,VR 게임
4283,권경자,63,부산광역시 사상구 41-73,010-7359-9994,카페 투어
4284,윤세호,25,서울특별시 동작구 607-77,010-6587-8205,영화감상
4285,권태윤,46,부산광역시 수영구 450-38,010-1168-3504,모바일 촬영
4286,임건우,61,경기도 안산시 단원구 642-29,010-3853-6628,애니메이션 제작
4287,윤현우,39,대전광역시 서구 67-94,010-6339-3554,책 클럽
4288,권미영,31,경상남도 창원시 743-42,010-6435-7547,디지털 일러스트
4289,임지후,65,서울특별시 서초구 113-98,010-6300-1139,골프
4290,조혜숙,38,전라북도 전주시 491-21,010-8335-5196,헬스
4291,정호철,69,서울특별시 강동구 779-68,010-6704-4976,퍼즐 맞추기
4292,권철수,22,경기도 용인시 기흥구 192-17,010-6446-4199,뜨개질
4293,권재호,61,광주광역시 남구 470-32,010-6524-3707,사진촬영
4294,박말자,59,대전광역시 동구 615-9,010-3180-4689,캠핑
4295,정춘희,21,대전광역시 대덕구 609-45,010-6824-5758,퍼즐 맞추기
4296,강도윤,61,경상북도 구미시 444-8,010-6315-2632,음악감상
4297,이정자,46,전라남도 광양시 843-34,010-6810-1066,골프
4298,최태수,61,제주시 오라동 561-79,010-7898-4744,보드게임
4299,강말순,62,제주시 오라동 971-54,010-9929-3498,수영
4300,전정숙,47,부산광역시 영도구 196-85,010-2112-4280,필라테스
4301,권옥희,29,충청남도 공주시 75-48,010-8660-1211,디지털 아트
4302,안순자,26,울산광역시 울주군 104-16,010-8500-3959,요가
4303,최숙자,24,경기도 수원시 장안구 684-65,010-6585-2946,웹서핑
4304,서주원,38,경상남도 사천시 269-56,010-4951-8917,모바일 게임 개발
4305,최재훈,39,서울특별시 강남구 964-94,010-5847-6071,DIY
4306,권현서,26,대구광역시 동구 17-40,010-2800-6568,배드민턴
4307,조종수,65,경기도 안양시 만안구 314-51,010-7323-4829,사진편집
4308,장영자,68,경상남도 양산시 161-91,010-9119-3843,게임 방송
4309,오정숙,56,인천광역시 계양구 871-25,010-6112-1974,보드게임
4310,황세아,56,부산광역시 강서구 613-70,010-4462-7670,뜨개질
4311,홍지한,32,서울특별시 은평구 203-95,010-3145-5883,낚시
4312,최지우,58,서울특별시 영등포구 858-23,010-6215-3327,사진촬영
4313,전연희,25,울산광역시 북구 583-23,010-1228-7167,보드게임
4314,송세호,31,제주시 노형동 929-12,010-4658-1383,캘리그라피
4315,정혜숙,62,부산광역시 사하구 472-43,010-6740-7175,게임 방송
4316,홍세호,35,부산광역시 수영구 127-31,010-9632-7646,게임 방송
4317,신민수,49,인천광역시 중구 790-5,010-4186-2890,스트리트 댄스
4318,정희정,30,제주시 노형동 140-72,010-6444-9642,수채화 그리기
4319,장세호,21,인천광역시 중구 146-94,010-4337-2434,등산
4320,김광호,35,경기도 성남시 수정구 715-44,010-9635-7398,카페 투어
4321,서우진,68,세종특별자치시 조치원읍 287-34,010-4606-6637,카페 투어
4322,송병호,23,부산광역시 연제구 41-86,010-7702-8242,배드민턴
4323,정남수,49,부산광역시 연제구 509-63,010-2221-9971,보드게임
4324,전태수,49,충청남도 공주시 285-84,010-1066-2332,드로잉
4325,홍미영,33,제주시 노형동 822-12,010-4504-3773,요리
4326,송주원,48,서울특별시 서초구 644-75,010-6248-3771,카페 투어
4327,한종수,37,인천광역시 서구 634-11,010-6580-5869,도예
4328,임만수,34,서울특별시 용산구 907-60,010-5081-5086,모바일 촬영
4329,신다온,78,대구광역시 중구 531-41,010-9069-7478,운동
4330,홍종순,60,경상남도 진주시 679-89,010-6312-9699,봉사활동
4331,신소율,46,대구광역시 서구 194-49,010-8325-2736,도예
4332,조서진,63,인천광역시 연수구 132-52,010-2639-5291,패션
4333,서태수,73,경기도 오산시 860-34,010-2574-4253,DIY
4334,이재영,44,서울특별시 중구 639-96,010-1709-2931,요리
4335,한지율,54,광주광역시 남구 490-44,010-5649-5948,책 클럽
4336,윤춘희,32,경기도 고양시 덕양구 470-83,010-3664-2906,피크닉
4337,신종수,50,용인시 수지구 풍덕천동 730-76,010-8375-3246,요리
4338,서옥희,71,광주광역시 북구 3-47,010-9260-9903,게임
4339,오서연,27,경기도 고양시 일산동구 220-5,010-4173-5090,애니메이션 제작
4340,오명자,77,용인시 수지구 풍덕천동 118-35,010-4886-4999,로봇 공학
4341,권기영,74,서울특별시 서대문구 440-86,010-8145-6648,등산
4342,송형민,51,부산광역시 해운대구 54-63,010-3883-4747,DIY
4343,윤준서,73,강원도 평창군 706-93,010-7613-4188,스트리밍
4344,안만수,21,서울특별시 용산구 114-85,010-7849-1620,헬로윈 파티 준비
4345,전진호,62,대전광역시 중구 852-6,010-2275-1297,배드민턴
4346,최복자,28,서울특별시 마포구 713-11,010-2446-6343,모바일 촬영
4347,전서준,37,제주시 노형동 319-40,010-2970-9103,테니스
4348,임종수,70,대구광역시 남구 409-42,010-3099-9518,스키
4349,윤정순,76,충청남도 천안시 383-58,010-2741-5590,영화 제작
4350,한재호,55,부산광역시 사상구 424-91,010-1711-4366,영화감상
4351,전정호,60,경상북도 안동시 408-93,010-8558-3375,웹서핑
4352,전재훈,29,경기도 화성시 419-31,010-4840-5950,명상
4353,황서진,21,전라북도 전주시 507-12,010-2014-6754,수채화 그리기
4354,한예린,55,경상남도 김해시 298-4,010-2258-7907,수영
4355,권말자,72,충청남도 공주시 277-1,010-7478-1899,펜팔
4356,전명숙,74,제주시 아라동 132-38,010-5101-6114,집콕 놀이
4357,홍춘식,28,경상남도 양산시 732-59,010-2817-4850,콜라주 아트
4358,이서준,63,부산광역시 연제구 965-16,010-3001-5115,유튜브 보기
4359,전동수,57,부산광역시 중구 522-38,010-2184-6018,캘리그라피
4360,권성자,38,서울특별시 강동구 947-41,010-8591-5156,뜨개질
4361,홍유진,62,경상남도 통영시 533-87,010-8546-6407,카페 투어
4362,송정우,73,경상남도 창녕군 745-14,010-4572-8346,디지털 아트
4363,황남수,38,부산광역시 북구 253-86,010-9959-2269,보드게임
4364,신로운,59,전라북도 익산시 729-36,010-6647-8955,웹툰 그리기
4365,김하율,75,성남시 분당구 정자동 798-37,010-3101-3629,모바일 게임 개발
4366,권서진,57,서울특별시 동작구 751-43,010-4053-4864,미술관 관람
4367,조재호,45,대전광역시 서구 540-85,010-9492-5590,패션
4368,권예린,27,경상북도 구미시 240-6,010-6684-7791,퍼즐 맞추기
4369,박기석,35,부산광역시 부산진구 895-0,010-6378-2635,로봇 공학
4370,임유진,40,경상남도 창녕군 979-22,010-7074-7459,플로리스트
4371,홍순자,40,광주광역시 남구 989-50,010-3374-1464,애니메이션 제작
4372,홍말옥,21,서울특별시 중구 419-20,010-8784-4290,독서
4373,한세호,64,경상남도 창녕군 895-96,010-5491-3571,여행
4374,신순자,46,서울특별시 성동구 589-47,010-7458-4474,캘리그라피
4375,송민서,33,서울특별시 성동구 786-66,010-1332-6103,스트리트 댄스
4376,홍미영,28,대구광역시 중구 322-26,010-6150-7156,헬로윈 파티 준비
4377,오창수,79,경상남도 양산시 69-47,010-5823-8035,음악감상
4378,홍하율,63,경상남도 창녕군 793-63,010-3837-6823,독서
4379,홍말순,49,울산광역시 동구 730-94,010-4985-6163,사진촬영
4380,전서진,49,제주시 이도이동 735-6,010-6515-5198,독서
4381,홍민서,45,경상남도 양산시 784-0,010-9811-1404,디지털 사진 전시
4382,윤명숙,26,인천광역시 서구 406-10,010-2454-3054,음악감상
4383,안태현,69,서울특별시 종로구 181-59,010-2521-6080,요가
4384,홍말순,60,부산광역시 기장군 705-85,010-4460-9475,자원봉사
4385,정민수,60,경기도 용인시 처인구 934-9,010-2574-9769,스크래치 프로그램 만들기
4386,윤지한,27,광주광역시 동구 63-37,010-3611-1324,모바일 촬영
4387,전찬우,61,광주광역시 북구 439-51,010-6282-7297,도예
4388,황민수,78,경기도 성남시 수정구 993-38,010-2120-1035,게임
4389,안정희,62,경상남도 양산시 214-53,010-8437-1364,비즈 공예
4390,강상호,58,서울특별시 구로구 518-86,010-4288-8139,보드게임
4391,임영희,64,서울특별시 중랑구 306-67,010-8509-1853,요리
4392,김하은,41,서울특별시 영등포구 894-85,010-8926-6401,자전거 타기
4393,박현철,22,대구광역시 서구 968-71,010-8303-3317,디지털 사진 전시
4394,송시우,71,인천광역시 서구 87-39,010-7432-2924,디지털 일러스트
4395,한동수,63,부산광역시 사하구 511-47,010-2934-1673,플로리스트
4396,신선자,27,세종특별자치시 도담동 836-38,010-6633-5598,명상
4397,한서연,49,성남시 분당구 정자동 558-88,010-3251-9811,게임
4398,신병호,64,부산광역시 연제구 812-17,010-6316-3829,시뮬레이션 게임
4399,신재훈,25,경기도 의정부시 573-82,010-9529-2352,영화감상
4400,김수빈,72,서울특별시 서초구 786-84,010-4345-1686,웹툰 그리기
4401,강미영,38,부산광역시 동구 331-53,010-1128-6079,사진편집
4402,윤찬우,77,대전광역시 중구 612-45,010-8792-8308,로봇 공학
4403,장순영,72,강원도 동해시 789-54,010-5519-2455,헬스
4404,윤지호,54,강원도 속초시 290-62,010-5269-6467,피크닉
4405,박순자,25,광주광역시 서구 962-19,010-7308-1149,일기 쓰기
4406,조지민,27,경기도 평택시 425-70,010-2403-5163,웹툰 그리기
4407,황현서,69,전라북도 익산시 888-31,010-8689-6437,운동
4408,홍종수,34,경상남도 창녕군 172-4,010-8744-2023,스트리트 댄스
4409,조숙자,56,부산광역시 동래구 659-9,010-7312-6790,캔들 만들기
4410,신정자,63,부산광역시 해운대구 361-23,010-1375-3846,도예
4411,신연희,70,경상남도 거제시 881-37,010-9595-2050,요리
4412,박태윤,45,부산광역시 강서구 515-28,010-5184-8431,뜨개질
4413,이유하,71,경상북도 안동시 178-95,010-7435-6707,시뮬레이션 게임
4414,김지한,28,울산광역시 동구 920-33,010-3745-6754,영화감상
4415,서유진,27,경상북도 포항시 16-3,010-4235-1413,요리
4416,서지우,48,경상북도 포항시 946-49,010-6294-3925,봉사활동
4417,신수빈,46,경기도 안산시 단원구 355-27,010-1549-2084,명상
4418,정하윤,79,전라남도 여수시 460-85,010-1489-3736,피크닉
4419,오서진,73,인천광역시 부평구 375-82,010-6314-6940,웹서핑
4420,송준서,68,서울특별시 마포구 662-58,010-4466-9718,펜팔
4421,신지호,40,전라남도 나주시는 704-45,010-2477-6705,도예
4422,안정우,62,경기도 성남시 분당구 567-26,010-1389-4281,벽화 그리기
4423,윤형민,43,서울특별시 강서구 644-87,010-8683-1415,캘리그라피
4424,서말자,56,경상북도 포항시 404-85,010-2253-6133,스트리트 댄스
4425,박호철,30,경상남도 김해시 578-10,010-2622-5559,캘리그라피
4426,최채원,43,제주시 노형동 562-85,010-4226-1546,스트리밍
4427,서춘식,73,부산광역시 강서구 954-10,010-1067-8765,등산
4428,윤다은,76,전라남도 목포시 422-67,010-4476-5382,펜팔
4429,강나윤,40,대전광역시 유성구 636-95,010-4327-7238,캔들 만들기
4430,김시윤,79,부천시 원미구 중동 719-66,010-2788-2083,펜팔
4431,전현진,23,서울특별시 강남구 355-72,010-4665-1946,시뮬레이션 게임
4432,송종수,53,부산광역시 동래구 47-40,010-6986-1454,집콕 놀이
4433,박병호,44,경기도 파주시 337-47,010-8881-2537,VR 게임
4434,조시우,50,경상남도 김해시 886-36,010-8319-9395,콜라주 아트
4435,서예준,70,전라남도 광양시 213-82,010-3448-2184,명상
4436,서도윤,58,전라남도 광양시 883-85,010-4342-5185,등산
4437,박정순,24,서울특별시 동작구 992-90,010-9125-2296,비즈 공예
4438,최나윤,72,김해시 장유동 687-62,010-3902-9383,디지털 사진 전시
4439,황지호,61,울산광역시 중구 884-46,010-1785-5229,비즈 공예
4440,조정자,56,강원도 원주시 884-44,010-2182-5222,웹서핑
4441,임종순,21,전라남도 순천시 279-67,010-3094-9089,벽화 그리기
4442,임정순,77,경기도 고양시 일산동구 938-77,010-1723-2917,웹툰 그리기
4443,권복희,39,경기도 수원시 장안구 970-95,010-6549-1540,헬로윈 파티 준비
4444,안수빈,73,강원도 춘천시 281-25,010-9259-5255,요리
4445,강유하,66,인천광역시 계양구 568-88,010-6484-1005,마인드맵 만들기
4446,윤동수,61,세종특별자치시 도담동 926-50,010-1623-6003,비즈 공예
4447,정지민,27,충청남도 아산시 491-88,010-5035-1631,코딩
4448,안채원,61,경상남도 밀양시 840-21,010-1838-1773,벽화 그리기
4449,박광호,49,경상남도 밀양시 577-87,010-6650-2217,영화감상
4450,송순희,39,충청북도 진천군 939-86,010-8740-2789,배드민턴
4451,윤나윤,23,경상남도 사천시 491-57,010-1734-6452,영화감상
4452,최종수,68,전라남도 여수시 650-76,010-7563-6547,스트리밍
4453,한시윤,48,전라북도 익산시 268-55,010-3882-7538,테니스
4454,황재훈,27,전라남도 순천시 107-57,010-8928-4005,스키
4455,장말순,45,강원도 속초시 821-34,010-8089-6439,보드게임
4456,권선자,78,경기도 평택시 454-94,010-4740-7648,마인드맵 만들기
4457,장현철,62,대구광역시 달서구 927-46,010-3998-1838,DIY
4458,황은숙,69,세종특별자치시 조치원읍 952-10,010-4179-5268,유튜브 보기
4459,한성호,39,강원도 삼척시 396-51,010-3510-7976,독서
4460,윤영자,61,경기도 수원시 팔달구 782-44,010-3832-2993,명상
4461,신성민,60,대구광역시 서구 949-35,010-5536-8320,테니스
4462,전하윤,72,충청남도 천안시 894-25,010-9259-4745,캠핑
4463,윤도윤,23,부산광역시 강서구 675-37,010-3828-4477,플로리스트
4464,권호철,65,경상남도 양산시 282-51,010-2028-1103,책 클럽
4465,이우진,39,제주시 연동 835-17,010-4341-7323,웹서핑
4466,황기석,75,울산광역시 북구 516-45,010-4679-7072,캘리그라피
4467,신춘자,78,서울특별시 성북구 879-0,010-8800-6242,웹툰 그리기
4468,송희정,45,경기도 안산시 상록구 676-27,010-4850-8166,책 클럽
4469,윤영호,31,강원도 태백시 162-19,010-2535-4426,유튜브 보기
4470,권시우,43,대구광역시 달서구 231-41,010-6179-5262,자전거 타기
4471,전윤서,60,울산광역시 중구 671-25,010-3823-5911,명상
4472,정정숙,24,울산광역시 북구 0-32,010-5944-5039,스포츠 카드 수집
4473,권주아,34,경기도 고양시 덕양구 7-26,010-3810-7814,퍼즐 맞추기
4474,오태수,21,경기도 용인시 처인구 569-51,010-4434-1339,시뮬레이션 게임
4475,최혜숙,20,경상남도 창녕군 624-93,010-3706-5417,요가
4476,조하율,77,강원도 강릉시 291-21,010-3667-7312,테니스
4477,임철수,29,김해시 장유동 790-92,010-1664-2608,펜팔
4478,이유하,61,서울특별시 광진구 109-34,010-2097-3897,스크래치 프로그램 만들기
4479,송영일,40,전라북도 군산시 210-24,010-4442-9453,VR 게임
4480,장다온,56,광주광역시 서구 613-62,010-9053-4865,명상
4481,한현철,70,경상북도 안동시 238-37,010-4575-6809,사진촬영
4482,신기석,79,부산광역시 연제구 676-9,010-7331-3539,펜팔
4483,서하람,44,부산광역시 해운대구 619-36,010-5500-1002,독서
4484,임세아,54,경기도 평택시 399-81,010-2147-8809,디지털 아트
4485,김철수,47,대구광역시 달서구 194-78,010-7122-6263,음악감상
4486,김시우,21,경상남도 창원시 649-88,010-7192-3336,스키
4487,오정자,63,전라남도 나주시는 147-87,010-6672-6589,디지털 사진 전시
4488,송혜숙,43,제주시 노형동 551-26,010-8947-6154,디지털 콘텐츠 제작
4489,강하연,22,부산광역시 북구 410-39,010-1375-7210,플라워 아트
4490,임태현,33,부산광역시 사하구 164-3,010-6867-6249,낚시
4491,서예은,50,경기도 안산시 단원구 73-42,010-2358-6746,캘리그라피
4492,권창수,66,경기도 시흥시 338-98,010-3670-3257,스크래치 프로그램 만들기
4493,박영수,46,경상북도 구미시 244-56,010-2848-4503,스크래치 프로그램 만들기
4494,한복희,36,제주시 아라동 685-7,010-9026-1352,캔들 만들기
4495,강하연,60,경기도 수원시 장안구 350-11,010-4737-6280,유튜브 보기
4496,홍복자,37,충청북도 진천군 278-58,010-9129-6393,집콕 놀이
4497,안남수,20,서울특별시 동작구 374-17,010-1661-4172,테니스
4498,이민준,44,부산광역시 부산진구 138-60,010-2016-9330,봉사활동
4499,김창수,53,광주광역시 동구 831-61,010-4928-2605,낚시
4500,오서준,49,인천광역시 동구 71-27,010-4185-4425,VR 게임
4501,윤희정,33,서울특별시 금천구 671-84,010-4729-9155,디지털 아트
4502,강하율,42,충청남도 천안시 34-5,010-7657-3183,유튜브 보기
4503,김윤호,59,강원도 태백시 768-19,010-6953-2379,디지털 아트
4504,이은채,44,경상남도 창녕군 386-6,010-3671-8676,보드게임
4505,송춘식,59,경기도 성남시 수정구 147-7,010-6242-9963,퍼즐 맞추기
4506,최춘식,43,강원도 속초시 20-1,010-5877-6665,배드민턴
4507,서동수,66,울산광역시 울주군 90-52,010-1864-6546,콜라주 아트
4508,안순희,33,충청북도 청주시 128-49,010-2112-6841,플로리스트
4509,전시윤,74,제주시 신제주 700-93,010-4278-3101,디지털 사진 전시
4510,권현철,75,인천광역시 중구 76-46,010-4984-7787,패션
4511,오서진,63,경기도 성남시 분당구 0-61,010-1607-6527,스트리트 댄스
4512,김재영,24,서울특별시 중구 411-92,010-7522-8107,시뮬레이션 게임
4513,송선자,66,제주시 신제주 997-39,010-3467-2852,카페 투어
4514,황성자,50,세종특별자치시 한솔동 572-53,010-5583-7915,낚시
4515,홍형민,24,인천광역시 계양구 13-76,010-8055-8068,독서
4516,신태수,35,부산광역시 남구 670-72,010-1267-6090,캘리그라피
4517,권희정,26,경기도 시흥시 793-80,010-4575-6248,테니스
4518,송유하,79,충청남도 천안시 237-12,010-3742-5785,캔들 만들기
4519,이종순,37,서울특별시 금천구 353-79,010-2863-6458,보드게임
4520,이순희,44,부산광역시 해운대구 125-49,010-4363-2843,유튜브 보기
4521,전정순,70,대구광역시 달성군 40-75,010-4449-2619,패션
4522,권춘희,71,용인시 수지구 풍덕천동 28-89,010-4753-1826,캠핑
4523,권상민,77,강원도 동해시 845-53,010-7812-1363,명상
4524,김하율,36,경기도 고양시 덕양구 634-67,010-7964-3829,펜팔
4525,신영자,36,대구광역시 수성구 290-81,010-2366-3668,마인드맵 만들기
4526,박유하,27,대전광역시 중구 363-15,010-4354-4839,스크래치 프로그램 만들기
4527,이미영,59,인천광역시 동구 617-70,010-9369-4548,보드게임
4528,황윤서,23,울산광역시 남구 146-61,010-8872-5300,웹서핑
4529,이서준,40,부산광역시 금정구 925-26,010-6207-7099,디지털 일러스트
4530,홍영일,60,김해시 장유동 115-1,010-3130-5570,배우기
4531,이서준,31,충청북도 진천군 336-25,010-2287-2257,영화감상
4532,박경수,68,전라남도 광양시 992-42,010-4747-4650,펜팔
4533,임민준,78,인천광역시 부평구 347-39,010-1962-6141,로봇 공학
4534,최다빈,38,광주광역시 서구 998-38,010-4497-5555,패션
4535,송병호,66,경상북도 김천시 722-33,010-3656-6690,영화 제작
4536,최서연,32,경기도 화성시 636-68,010-5466-5547,애니메이션 제작
4537,정도윤,56,광주광역시 남구 828-56,010-9927-6426,골프
4538,전명숙,74,성남시 분당구 정자동 786-19,010-4306-9247,음악감상
4539,장진숙,61,강원도 원주시 242-88,010-1927-2102,테니스
4540,강선자,42,울산광역시 울주군 900-52,010-3915-1146,콜라주 아트
4541,조태현,24,경상남도 거제시 780-47,010-9462-7964,스키
4542,오복희,73,경상북도 경주시 363-26,010-2761-4817,뜨개질
4543,강정호,68,강원도 양양군 911-5,010-3867-4198,배우기
4544,최춘희,78,경상남도 통영시 909-89,010-9061-1545,플라워 아트
4545,최기석,39,전라남도 목포시 740-84,010-5918-2993,캘리그라피
4546,서서연,70,강원도 원주시 453-60,010-4704-1789,로봇 공학
4547,정서준,70,대전광역시 서구 153-32,010-3173-1909,디지털 아트
4548,장다은,66,경기도 성남시 분당구 354-57,010-4978-7805,배우기
4549,서서연,67,울산광역시 울주군 207-0,010-2679-5364,보드게임
4550,윤명훈,70,경기도 안산시 상록구 636-4,010-9642-1122,캠핑
4551,전만수,26,전라남도 나주시는 400-83,010-1887-4333,캠핑
4552,윤정숙,60,서울특별시 강서구 930-97,010-6939-4891,자원봉사
4553,김로운,54,경상북도 김천시 61-60,010-5828-1128,패션
4554,정말순,46,서울특별시 강동구 701-26,010-7655-4206,스포츠 카드 수집
4555,최경자,37,전라북도 전주시 403-50,010-5015-2124,독서
4556,안성자,38,경기도 용인시 기흥구 342-0,010-6309-7428,플로리스트
4557,황하진,68,강원도 강릉시 880-4,010-8794-4271,스크래치 프로그램 만들기
4558,이종순,77,서울특별시 영등포구 326-32,010-4240-6791,골프
4559,송영일,71,전라남도 나주시는 543-41,010-8491-7471,패션
4560,최순희,66,서울특별시 강서구 123-18,010-5770-4712,VR 게임
4561,전남수,45,경상남도 양산시 88-41,010-2333-4313,캔들 만들기
4562,조하연,48,제주시 오라동 134-23,010-5100-5832,로봇 공학
4563,정시윤,52,울산광역시 남구 88-43,010-1046-2495,캠핑
4564,조동수,54,경기도 안산시 상록구 294-33,010-6785-1521,독서
4565,권건우,38,강원도 홍천군 40-6,010-6092-1471,로봇 공학
4566,신영자,46,제주시 노형동 554-10,010-7899-4274,웹툰 그리기
4567,안선자,72,부천시 상동 307-15,010-2899-4059,배우기
4568,최순영,66,부산광역시 중구 267-80,010-9361-9054,도예
4569,전서진,54,경기도 시흥시 205-40,010-8850-8673,등산
4570,강말순,28,성남시 분당구 정자동 487-30,010-8866-9684,스크래치 프로그램 만들기
4571,조하율,20,세종특별자치시 조치원읍 980-17,010-4208-5806,모바일 게임 개발
4572,황순자,71,강원도 강릉시 241-85,010-1171-9898,요리
4573,황다온,47,경상남도 창녕군 738-85,010-5184-1021,코딩
4574,강서연,21,부산광역시 영도구 232-5,010-8719-4389,디지털 사진 전시
4575,조영호,50,세종특별자치시 한솔동 824-2,010-9886-2433,영화 제작
4576,조태수,64,광주광역시 서구 305-91,010-5111-2445,보드게임
4577,송로운,27,인천광역시 남동구 977-81,010-5736-1930,드로잉
4578,조희정,65,서울특별시 노원구 665-2,010-8486-7136,헬스
4579,권미영,78,광주광역시 북구 745-57,010-4575-2858,음악감상
4580,신지한,36,울산광역시 울주군 66-55,010-2185-9738,골프
4581,오유하,36,서울특별시 성동구 996-44,010-9708-7525,카페 투어
4582,홍다빈,62,부산광역시 동래구 137-26,010-4156-6440,디지털 사진 전시
4583,전민준,47,경기도 안양시 동안구 869-24,010-6759-1894,캘리그라피
4584,황영일,39,부산광역시 동구 47-59,010-9020-5618,펜팔
4585,윤경수,35,강원도 태백시 339-23,010-7336-2923,플로리스트
4586,김기영,51,부산광역시 동구 866-9,010-3507-6310,배우기
4587,이하진,38,경기도 고양시 일산동구 55-94,010-6216-8172,여행
4588,오다은,60,부산광역시 사상구 455-53,010-4838-3144,코딩
4589,오주아,20,경기도 시흥시 638-87,010-5596-6431,로봇 공학
4590,윤종순,57,서울특별시 강북구 495-30,010-8959-1656,펜팔
4591,권광호,29,서울특별시 용산구 219-94,010-2896-5404,사진편집
4592,강성자,66,울산광역시 북구 768-46,010-7725-7805,캠핑
4593,윤하율,33,세종특별자치시 도담동 883-83,010-4837-4606,디지털 사진 전시
4594,홍혜숙,40,경기도 의정부시 409-16,010-2967-1562,펜팔
4595,장현철,38,충청남도 천안시 804-66,010-4708-1694,벽화 그리기
4596,이형민,37,충청북도 청주시 950-72,010-9090-6854,보드게임
4597,서춘식,41,전라북도 군산시 425-81,010-3806-4040,비즈 공예
4598,안도윤,68,서울특별시 중랑구 653-73,010-9495-3099,요리
4599,전상민,33,서울특별시 강동구 715-62,010-8210-2935,플로리스트
4600,조다빈,40,대구광역시 동구 120-62,010-2013-6508,VR 게임
4601,서경자,67,충청남도 공주시 257-49,010-3673-8832,필라테스
4602,정춘식,31,성남시 분당구 정자동 666-95,010-1052-6144,피크닉
4603,신하은,68,김해시 장유동 830-49,010-5195-8688,등산
4604,강성민,69,충청북도 진천군 308-7,010-2520-7067,스키
4605,오기석,40,강원도 평창군 905-6,010-5012-3759,웹툰 그리기
4606,송지호,40,강원도 태백시 263-91,010-4345-4693,영화 제작
4607,송기석,57,서울특별시 노원구 41-48,010-7815-6432,스트리트 댄스
4608,오성호,64,대전광역시 동구 922-96,010-4575-3822,디지털 일러스트
4609,박형민,28,서울특별시 동작구 44-61,010-8481-1317,테니스
4610,박재훈,71,강원도 양양군 687-83,010-7144-9341,웹툰 그리기
4611,황명자,69,서울특별시 양천구 722-96,010-1620-2797,보드게임
4612,권민서,36,강원도 원주시 944-89,010-7335-3738,디지털 사진 전시
4613,권종순,36,강원도 춘천시 353-96,010-8765-9305,배드민턴
4614,윤수빈,31,부산광역시 동구 155-21,010-2820-4557,VR 게임
4615,신서진,31,부산광역시 중구 773-70,010-4216-6054,영화 제작
4616,김우진,42,충청남도 아산시 279-86,010-8877-9400,요리
4617,오만수,27,제주시 연동 565-11,010-4549-1770,모바일 게임 개발
4618,황찬우,66,대전광역시 대덕구 127-63,010-9134-1857,집콕 놀이
4619,박정순,47,제주시 연동 939-48,010-1838-2428,요가
4620,서지우,79,광주광역시 남구 895-92,010-5697-3128,집콕 놀이
4621,조시우,54,경상북도 안동시 805-70,010-6908-4774,독서
4622,장승호,25,부산광역시 금정구 317-60,010-1749-9369,자원봉사
4623,장정호,52,전라남도 나주시는 357-50,010-9863-4320,카페 투어
4624,송시윤,52,전라북도 익산시 370-23,010-9876-9667,디지털 콘텐츠 제작
4625,한민준,22,경기도 광명시 960-96,010-4969-3889,도예
4626,박순자,52,광주광역시 광산구 78-3,010-9819-4851,배드민턴
4627,오민수,32,부산광역시 남구 430-41,010-3954-5775,사진편집
4628,이채은,67,인천광역시 중구 66-43,010-2535-4065,수채화 그리기
4629,강민준,76,경상남도 통영시 204-32,010-1623-8945,벽화 그리기
4630,서하윤,46,부천시 상동 575-65,010-1189-8206,드로잉
4631,서말순,78,경기도 성남시 수정구 571-17,010-6839-6156,코딩
4632,서말옥,77,인천광역시 동구 963-93,010-4845-2740,음악감상
4633,김영희,76,대구광역시 남구 387-91,010-9350-1617,유튜브 보기
4634,신민준,44,서울특별시 중구 393-12,010-3482-1972,음악감상
4635,이영수,48,전라남도 나주시는 940-94,010-4015-9326,수채화 그리기
4636,최순희,39,경기도 군포시 983-88,010-2915-6988,도예
4637,강희정,69,대구광역시 수성구 41-83,010-3810-4475,스포츠 카드 수집
4638,한기석,70,경기도 군포시 569-82,010-7398-5641,테니스
4639,전하율,43,서울특별시 도봉구 887-86,010-7366-6788,낚시
4640,신성호,38,경기도 수원시 장안구 11-60,010-1053-5371,펜팔
4641,권영일,24,경상북도 안동시 301-80,010-2625-6091,펜팔
4642,윤성자,66,경기도 화성시 517-46,010-5712-7963,디지털 사진 전시
4643,신승호,59,서울특별시 강서구 437-96,010-7541-3685,스트리트 댄스
4644,홍경자,34,충청남도 공주시 454-97,010-6420-1483,헬로윈 파티 준비
4645,조성민,62,부산광역시 동구 688-12,010-2786-4321,사진촬영
4646,조호철,77,강원도 양양군 631-22,010-6674-5617,배드민턴
4647,윤명훈,71,세종특별자치시 한솔동 542-37,010-2554-9115,자전거 타기
4648,오종순,76,대구광역시 남구 956-87,010-1014-4221,사진편집
4649,서지원,43,인천광역시 중구 456-97,010-2955-4862,모바일 촬영
4650,홍은채,43,충청남도 아산시 616-53,010-2176-7048,생활 해킹
4651,오서아,68,울산광역시 동구 219-66,010-5482-8122,애니메이션 제작
4652,안성자,58,경상남도 사천시 908-93,010-5645-6596,보드게임
4653,한하진,53,광주광역시 서구 852-60,010-8162-5730,사진촬영
4654,장동수,63,대전광역시 동구 166-63,010-2124-5890,애니메이션 제작
4655,권민수,65,울산광역시 북구 100-73,010-2001-5733,봉사활동
4656,김서아,27,광주광역시 남구 938-85,010-1748-8835,시뮬레이션 게임
4657,임서준,74,충청북도 청주시 193-46,010-3191-3196,수영
4658,정주원,27,제주시 이도이동 402-43,010-1400-3425,집콕 놀이
4659,최상호,24,세종특별자치시 아름동 930-9,010-1104-7665,집콕 놀이
4660,박지율,31,경기도 광주시 66-33,010-4230-8635,여행
4661,장명자,33,용인시 수지구 풍덕천동 704-97,010-1433-5786,여행
4662,신경자,73,서울특별시 양천구 922-9,010-2156-4868,스트리밍
4663,안재영,43,인천광역시 중구 320-69,010-1127-1260,뜨개질
4664,정영일,38,제주시 신제주 690-12,010-4137-3496,수채화 그리기
4665,조민준,58,대구광역시 북구 25-2,010-3208-1626,코딩
4666,최현철,54,충청남도 논산시 260-6,010-2122-5688,테니스
4667,조병호,33,경기도 군포시 685-55,010-5669-1608,캔들 만들기
4668,황정숙,41,대전광역시 대덕구 676-13,010-7386-2061,애니메이션 제작
4669,한지율,35,경기도 광주시 923-62,010-6578-7898,웹툰 그리기
4670,홍주영,54,경기도 용인시 처인구 184-59,010-3839-4242,독서
4671,김민준,53,경상북도 김천시 318-5,010-7741-8324,헬스
4672,권현우,48,서울특별시 강남구 144-1,010-9538-1238,게임 방송
4673,신하윤,33,강원도 강릉시 932-12,010-9624-7612,캔들 만들기
4674,임현철,57,광주광역시 광산구 283-66,010-5340-8435,모바일 촬영
4675,조시우,59,서울특별시 성동구 272-0,010-7977-3491,코딩
4676,송정우,54,경상남도 통영시 182-26,010-7744-4254,요가
4677,송서준,36,서울특별시 강서구 639-13,010-2307-5157,코딩
4678,김윤호,36,대전광역시 중구 232-41,010-8725-3484,등산
4679,오영호,54,경기도 용인시 수지구 37-89,010-7860-9312,수채화 그리기
4680,서기석,57,강원도 동해시 336-30,010-7791-7122,애니메이션 제작
4681,홍수빈,60,제주시 연동 754-76,010-1794-4671,유튜브 보기
4682,전건우,54,경기도 군포시 391-74,010-6465-7954,수채화 그리기
4683,서명숙,79,경기도 오산시 678-4,010-1315-7800,헬로윈 파티 준비
4684,한종순,69,대구광역시 북구 864-44,010-3219-4900,디지털 아트
4685,이시우,24,부산광역시 영도구 274-39,010-9854-2628,비즈 공예
4686,오도윤,44,서울특별시 관악구 336-62,010-6794-9973,필라테스
4687,박다빈,24,제주시 아라동 411-77,010-1870-9474,코딩
4688,강현우,39,광주광역시 북구 210-27,010-8335-9827,디지털 일러스트
4689,김명훈,32,강원도 속초시 677-16,010-9185-8677,유튜브 보기
4690,한찬우,23,광주광역시 남구 570-28,010-6806-4957,마인드맵 만들기
4691,신민수,62,서울특별시 중구 501-12,010-1117-3908,비즈 공예
4692,황복자,22,경상남도 사천시 502-45,010-4674-5106,도예
4693,윤준서,41,광주광역시 남구 74-88,010-4419-5667,등산
4694,최말순,73,인천광역시 남동구 824-10,010-3006-6381,여행
4695,권복희,71,충청남도 논산시 431-56,010-1605-6175,디지털 사진 전시
4696,박소율,22,경기도 용인시 수지구 517-16,010-3633-5039,명상
4697,최광호,47,서울특별시 강동구 25-34,010-1327-1581,디지털 아트
4698,서현철,47,경기도 안양시 동안구 987-43,010-2829-2147,집콕 놀이
4699,신영수,54,울산광역시 동구 863-37,010-5564-1733,음악감상
4700,박병호,39,경기도 군포시 520-69,010-2208-1286,영화 제작
4701,한윤서,62,서울특별시 성동구 363-60,010-5380-1025,요리
4702,최서연,62,부산광역시 동구 666-85,010-9436-4991,자전거 타기
4703,최영자,42,대전광역시 서구 508-40,010-5929-1256,로봇 공학
4704,황서아,76,서울특별시 광진구 219-90,010-2716-6318,스포츠 카드 수집
4705,안영일,41,서울특별시 광진구 949-55,010-3615-8824,로봇 공학
4706,강말옥,59,경상남도 김해시 831-54,010-5837-6596,퍼즐 맞추기
4707,윤은채,42,경기도 안양시 만안구 233-43,010-2745-1261,드로잉
4708,서태현,33,부천시 상동 245-29,010-5924-2931,배우기
4709,조주원,25,경상남도 김해시 273-97,010-7464-6668,보드게임
4710,황정숙,55,광주광역시 서구 348-76,010-5486-4580,보드게임
4711,권서준,65,충청북도 충주시 541-38,010-6711-7570,퍼즐 맞추기
4712,박현진,74,광주광역시 북구 995-42,010-2801-3285,캔들 만들기
4713,윤채은,24,경기도 고양시 일산동구 426-63,010-6986-6397,코딩
4714,윤재호,23,전라남도 순천시 832-57,010-4112-5520,게임
4715,안영수,21,대구광역시 달서구 532-10,010-1754-9550,콜라주 아트
4716,오혜숙,68,서울특별시 종로구 60-37,010-4498-3456,캔들 만들기
4717,전현서,73,인천광역시 중구 590-59,010-4616-6372,운동
4718,한형민,76,서울특별시 강서구 452-61,010-3744-6087,카페 투어
4719,한상민,48,서울특별시 중구 881-21,010-7893-8375,캠핑
4720,윤현진,25,서울특별시 양천구 246-7,010-9788-5148,필라테스
4721,임은숙,79,대구광역시 수성구 137-17,010-5846-7837,캔들 만들기
4722,신성호,22,세종특별자치시 도담동 494-84,010-6252-5686,카페 투어
4723,임윤호,27,경상남도 창녕군 359-86,010-1898-1824,모바일 게임 개발
4724,조선자,75,경기도 안산시 단원구 51-86,010-5832-6159,수채화 그리기
4725,전정우,48,서울특별시 광진구 491-89,010-4597-8427,요리
4726,전성호,50,경기도 파주시 534-57,010-3617-3992,수영
4727,정주원,67,경기도 오산시 604-60,010-3663-8059,비즈 공예
4728,전우진,53,제주시 신제주 185-64,010-4006-2009,영화감상
4729,윤은숙,25,경기도 안양시 동안구 66-64,010-2002-9016,헬스
4730,윤성호,65,대전광역시 유성구 219-20,010-1811-7686,콜라주 아트
4731,장지율,64,서울특별시 중랑구 101-36,010-4285-9677,사진편집
4732,홍종순,70,강원도 춘천시 571-56,010-1034-9727,콜라주 아트
4733,황태수,55,충청남도 공주시 591-64,010-6344-1363,보드게임
4734,송주영,24,부산광역시 중구 302-12,010-2389-7641,낚시
4735,황하연,20,부산광역시 해운대구 662-73,010-8949-2960,스키
4736,김철수,42,경상북도 경주시 860-68,010-9974-6187,독서
4737,황숙자,63,부산광역시 수영구 987-28,010-3252-5558,스크래치 프로그램 만들기
4738,홍세아,45,울산광역시 동구 540-52,010-9595-9927,디지털 콘텐츠 제작
4739,윤승호,28,대구광역시 달성군 549-63,010-3300-6126,드로잉
4740,홍나윤,30,경기도 군포시 681-70,010-3119-5691,캘리그라피
4741,조현철,65,경상남도 창원시 475-35,010-2921-1448,요가
4742,정영희,47,경기도 화성시 495-12,010-3437-4820,음악감상
4743,안말자,68,충청북도 청주시 961-39,010-4706-1747,여행
4744,임지한,33,강원도 홍천군 641-12,010-1563-1879,자전거 타기
4745,김윤호,53,강원도 홍천군 262-93,010-6668-3751,자전거 타기
4746,신승호,53,울산광역시 북구 846-68,010-8654-8402,드로잉
4747,조정우,77,인천광역시 동구 415-32,010-2015-4538,명상
4748,홍나윤,44,충청남도 천안시 313-77,010-1874-3744,디지털 아트
4749,신복희,47,경상남도 통영시 145-44,010-5609-5065,생활 해킹
4750,오세호,62,김해시 장유동 259-52,010-5693-2803,캘리그라피
4751,황현우,42,전라북도 군산시 926-11,010-5446-4429,스포츠 카드 수집
4752,조춘자,68,강원도 동해시 231-36,010-4419-6215,음악감상
4753,한순희,29,경기도 화성시 719-79,010-3286-4836,디지털 일러스트
4754,오희정,69,강원도 양양군 812-74,010-3075-3101,일기 쓰기
4755,박철수,35,경상남도 창원시 747-66,010-4686-9814,등산
4756,최현진,26,전라남도 나주시는 316-78,010-1058-5771,영화감상
4757,박춘희,23,서울특별시 영등포구 157-55,010-6119-5875,자전거 타기
4758,권지율,28,부산광역시 중구 428-29,010-4142-9814,음악감상
4759,장시윤,46,경기도 평택시 158-15,010-4413-3234,DIY
4760,김예린,36,부천시 상동 365-72,010-6087-3334,배우기
4761,장옥희,46,세종특별자치시 한솔동 452-92,010-3747-5660,자원봉사
4762,최상호,58,광주광역시 북구 523-70,010-6164-5977,디지털 일러스트
4763,최명자,51,경기도 평택시 646-49,010-2519-8496,모바일 촬영
4764,최지원,29,경기도 의정부시 813-84,010-4530-6584,여행
4765,오태현,44,경기도 광주시 865-37,010-1967-3615,보드게임
4766,최형민,57,경기도 화성시 499-71,010-9402-3272,게임 방송
4767,황하윤,43,충청남도 아산시 407-37,010-1071-3277,퍼즐 맞추기
4768,정정순,36,경상남도 창녕군 218-26,010-1085-4637,코딩
4769,김준호,43,부산광역시 중구 108-72,010-4336-2000,사진편집
4770,이영호,79,대전광역시 대덕구 908-40,010-6126-7315,스키
4771,서은채,55,서울특별시 강북구 277-93,010-3204-5219,캘리그라피
4772,홍말자,41,대전광역시 서구 256-25,010-5801-1308,스트리밍
4773,신지원,64,경기도 고양시 덕양구 559-64,010-7246-4287,웹툰 그리기
4774,박태현,28,경기도 안양시 만안구 114-15,010-2866-9442,VR 게임
4775,송정자,26,김해시 장유동 235-95,010-2006-7858,등산
4776,권춘자,61,부산광역시 해운대구 902-85,010-1757-3289,사진촬영
4777,최지한,30,충청북도 청주시 880-29,010-3958-6406,영화감상
4778,권채은,65,대전광역시 서구 265-6,010-2748-4823,요가
4779,송미영,68,서울특별시 중구 191-16,010-5025-1174,웹서핑
4780,신채원,32,강원도 삼척시 371-78,010-1051-5845,자전거 타기
4781,홍희정,62,서울특별시 강북구 508-92,010-5895-2549,펜팔
4782,황지우,40,충청북도 진천군 31-14,010-5099-7175,사진촬영
4783,장세호,57,서울특별시 종로구 185-97,010-7930-8787,캘리그라피
4784,조성자,64,제주시 신제주 677-91,010-4773-3426,테니스
4785,한하율,53,서울특별시 마포구 397-54,010-6065-3882,캘리그라피
4786,한경자,44,부산광역시 남구 686-93,010-2499-4489,드로잉
4787,권건우,41,경기도 오산시 135-84,010-6898-5285,도예
4788,한민준,67,서울특별시 동작구 422-47,010-3479-5516,콜라주 아트
4789,조복자,28,서울특별시 금천구 696-11,010-6665-2324,자전거 타기
4790,서시헌,50,경기도 화성시 212-81,010-3164-1678,봉사활동
4791,오동수,41,경기도 파주시 240-94,010-1992-2948,웹서핑
4792,박다은,21,대구광역시 동구 645-19,010-1173-6622,영화 제작
4793,한진숙,28,서울특별시 종로구 512-37,010-5985-2824,독서
4794,권복희,56,서울특별시 영등포구 794-59,010-7567-7098,모바일 촬영
4795,권소율,42,경기도 성남시 수정구 373-69,010-2899-3559,피크닉
4796,한춘자,48,부산광역시 동구 955-70,010-8671-9586,뜨개질
4797,송하연,59,제주시 노형동 667-9,010-4575-5292,영화 제작
4798,정서연,49,대구광역시 북구 593-80,010-3450-5915,디지털 아트
4799,장영일,28,서울특별시 강서구 795-7,010-6127-3742,콜라주 아트
4800,윤하율,68,경상남도 양산시 563-16,010-8291-8908,벽화 그리기
4801,조종수,61,경기도 안산시 단원구 594-52,010-5420-7452,미술관 관람
4802,황도윤,61,부산광역시 북구 762-30,010-4829-8290,퍼즐 맞추기
4803,김상호,42,광주광역시 북구 497-62,010-6958-1526,뜨개질
4804,홍영일,27,부산광역시 수영구 58-75,010-6755-4160,낚시
4805,한채은,78,서울특별시 서대문구 67-3,010-2303-9018,헬로윈 파티 준비
4806,조기석,70,대전광역시 서구 369-36,010-5725-7407,필라테스
4807,송선자,32,서울특별시 강동구 319-60,010-9490-2152,VR 게임
4808,신병호,31,부산광역시 강서구 933-68,010-1224-2346,카페 투어
4809,홍건우,74,경기도 수원시 장안구 522-49,010-8658-9315,비즈 공예
4810,신은우,75,부산광역시 부산진구 45-4,010-7631-8720,마인드맵 만들기
4811,신예은,57,경상남도 거제시 145-1,010-4121-5018,수채화 그리기
4812,한하람,65,전라남도 나주시는 305-61,010-3046-5205,디지털 사진 전시
4813,황형민,30,서울특별시 성동구 276-69,010-6836-6166,VR 게임
4814,오영자,64,경기도 성남시 분당구 563-3,010-6920-3515,생활 해킹
4815,윤춘자,74,부산광역시 동래구 722-85,010-2073-1833,헬로윈 파티 준비
4816,한재호,38,경상북도 경주시 21-3,010-3017-2167,캘리그라피
4817,권예준,35,울산광역시 중구 969-17,010-7423-1374,모바일 게임 개발
4818,서윤호,39,세종특별자치시 조치원읍 406-72,010-9796-6851,배우기
4819,최하은,34,부산광역시 동구 415-66,010-2125-8493,디지털 아트
4820,강경자,27,경상북도 김천시 422-31,010-4231-3036,보드게임
4821,신지한,45,강원도 양양군 959-56,010-5051-2356,웹서핑
4822,한성민,53,강원도 태백시 113-60,010-8541-3441,애니메이션 제작
4823,박형민,31,서울특별시 성북구 222-24,010-1328-9607,책 클럽
4824,윤찬우,79,대구광역시 중구 947-37,010-1951-3929,웹툰 그리기
4825,권다빈,46,광주광역시 북구 799-40,010-7660-2174,벽화 그리기
4826,윤민준,32,울산광역시 남구 52-89,010-5357-8308,사진편집
4827,임민서,70,경기도 광명시 583-84,010-1696-2008,헬스
4828,최민수,51,서울특별시 성동구 430-41,010-4745-4827,테니스
4829,조준서,50,전라남도 나주시는 105-82,010-1329-2339,게임
4830,김하율,43,서울특별시 은평구 644-42,010-3478-2931,필라테스
4831,한하율,47,강원도 홍천군 104-6,010-1438-3516,일기 쓰기
4832,한하람,33,경기도 평택시 96-54,010-9991-1992,디지털 아트
4833,임태수,73,강원도 원주시 357-52,010-5270-2875,일기 쓰기
4834,정건우,70,광주광역시 북구 451-68,010-8689-3785,도예
4835,신하은,71,제주시 이도이동 915-95,010-3708-3038,뜨개질
4836,장지호,71,서울특별시 마포구 499-12,010-3772-3453,드로잉
4837,윤춘자,63,강원도 양양군 557-30,010-4556-1441,독서
4838,신현서,41,용인시 수지구 풍덕천동 353-10,010-5237-3466,디지털 아트
4839,황채은,73,서울특별시 강서구 197-29,010-2367-6731,테니스
4840,이숙자,61,경기도 고양시 일산동구 615-27,010-3035-8865,낚시
4841,장복자,23,대전광역시 동구 52-58,010-9550-8619,낚시
4842,박복희,35,경기도 용인시 처인구 66-31,010-7202-3900,생활 해킹
4843,조로운,54,전라남도 순천시 390-25,010-4974-6100,시뮬레이션 게임
4844,조지민,41,대전광역시 동구 908-61,010-1650-5569,캠핑
4845,박말순,63,서울특별시 도봉구 67-17,010-5854-8765,봉사활동
4846,임태현,39,용인시 수지구 풍덕천동 179-66,010-8085-6696,독서
4847,한지율,40,강원도 춘천시 29-20,010-9091-6575,보드게임
4848,권지호,40,광주광역시 남구 823-66,010-3015-8733,디지털 아트
4849,조찬우,39,경기도 오산시 857-61,010-5888-5298,패션
4850,홍태수,33,강원도 원주시 782-74,010-1198-9826,퍼즐 맞추기
4851,박명자,38,광주광역시 북구 505-39,010-5296-5471,캔들 만들기
4852,전세호,49,충청남도 아산시 891-77,010-7067-2873,책 클럽
4853,박수아,20,광주광역시 북구 625-62,010-2622-2523,피크닉
4854,한정희,69,용인시 수지구 풍덕천동 84-93,010-1399-9750,캘리그라피
4855,한나윤,57,경상북도 구미시 698-75,010-8372-1317,요가
4856,조상민,47,경기도 파주시 910-24,010-5805-2295,영화 제작
4857,전순희,72,울산광역시 중구 496-66,010-2164-1492,비즈 공예
4858,강명자,57,경상남도 김해시 838-94,010-7223-3733,자전거 타기
4859,안선자,66,경상남도 창원시 797-83,010-4288-3070,캘리그라피
4860,전현우,27,경상북도 김천시 993-34,010-3817-1468,벽화 그리기
4861,장말자,31,충청북도 청주시 909-38,010-8222-3204,운동
4862,황서아,45,강원도 춘천시 836-44,010-8166-3935,생활 해킹
4863,조선자,59,충청남도 논산시 636-5,010-7116-1221,사진촬영
4864,송승호,36,경기도 용인시 처인구 339-13,010-8513-6329,마인드맵 만들기
4865,신유진,35,서울특별시 강서구 332-78,010-6104-5277,도예
4866,한기석,56,부산광역시 기장군 50-39,010-4579-5378,모바일 촬영
4867,서정호,31,인천광역시 계양구 663-18,010-3238-6595,스트리트 댄스
4868,임동수,65,충청남도 공주시 522-38,010-7260-8229,캔들 만들기
4869,임찬우,79,서울특별시 노원구 22-6,010-8533-3628,집콕 놀이
4870,권재영,60,경기도 군포시 82-60,010-3900-3395,미술관 관람
4871,정명숙,54,경기도 고양시 일산동구 477-48,010-2564-3933,패션
4872,윤하람,54,서울특별시 중구 751-85,010-1422-3344,피크닉
4873,강남수,76,부산광역시 금정구 364-79,010-7868-6281,사진편집
4874,신지원,60,강원도 삼척시 735-90,010-5940-9580,수영
4875,김옥희,23,제주시 아라동 663-24,010-6201-1302,피크닉
4876,홍세아,38,경상남도 거제시 903-17,010-6503-9282,모바일 촬영
4877,황복희,33,경상북도 김천시 325-47,010-1511-4162,보드게임
4878,최은숙,53,광주광역시 남구 124-32,010-5794-3078,자원봉사
4879,홍지원,56,경상남도 창녕군 819-94,010-6222-3718,플로리스트
4880,조진숙,57,광주광역시 북구 771-33,010-8096-5171,캠핑
4881,윤종순,65,충청남도 논산시 910-7,010-4132-4988,등산
4882,한수아,39,서울특별시 성동구 354-98,010-1216-9927,디지털 콘텐츠 제작
4883,최서준,64,대전광역시 중구 148-21,010-8819-1330,카페 투어
4884,황우진,66,인천광역시 남동구 734-43,010-5282-6333,운동
4885,전지한,67,부산광역시 기장군 991-71,010-7624-2883,요리
4886,강상호,66,경기도 안산시 상록구 404-92,010-6299-7278,테니스
4887,한채원,39,경상남도 거제시 491-66,010-9565-9645,배드민턴
4888,조서진,31,광주광역시 서구 103-32,010-3815-3208,수채화 그리기
4889,이현진,65,경기도 군포시 203-2,010-1801-6219,스크래치 프로그램 만들기
4890,홍철수,41,경기도 수원시 장안구 625-47,010-5435-8142,영화감상
4891,윤은우,71,인천광역시 서구 768-48,010-3224-1278,영화 제작
4892,안영희,72,세종특별자치시 도담동 331-96,010-2566-9806,벽화 그리기
4893,정영호,60,부천시 상동 839-20,010-1309-4375,음악감상
4894,이복희,45,충청남도 논산시 279-57,010-1698-1568,피크닉
4895,송순희,32,대전광역시 대덕구 121-20,010-2528-7179,낚시
4896,황서아,60,강원도 평창군 942-22,010-5650-3504,수영
4897,홍정희,35,서울특별시 은평구 681-60,010-7817-3321,운동
4898,김옥희,25,강원도 양양군 559-56,010-2488-9285,독서
4899,정태윤,65,경기도 파주시 694-46,010-5739-1814,헬로윈 파티 준비
4900,홍예준,69,대구광역시 남구 989-65,010-2404-2359,보드게임
4901,최지우,42,세종특별자치시 아름동 671-57,010-4131-5850,자전거 타기
4902,서상호,20,대구광역시 달성군 695-89,010-8408-1764,드로잉
4903,정복자,30,강원도 평창군 195-10,010-5339-3254,영화감상
4904,한수빈,42,경기도 화성시 74-29,010-3010-8262,플로리스트
4905,강은숙,65,부산광역시 사하구 374-62,010-5058-6148,카페 투어
4906,한정숙,68,대전광역시 동구 585-18,010-4444-2615,도예
4907,안정호,29,경기도 수원시 팔달구 125-30,010-9058-7279,애니메이션 제작
4908,홍종수,36,세종특별자치시 도담동 336-80,010-2022-2518,웹서핑
4909,권남수,65,경기도 안산시 상록구 121-43,010-9661-4445,사진편집
4910,황지후,42,경기도 안양시 만안구 571-12,010-3983-3812,일기 쓰기
4911,서형민,69,서울특별시 용산구 834-49,010-1965-3661,수영
4912,장남수,70,부산광역시 연제구 473-15,010-6978-7211,낚시
4913,서미영,25,울산광역시 남구 400-93,010-1811-9669,자원봉사
4914,신채은,61,부천시 원미구 중동 383-77,010-8556-3074,헬로윈 파티 준비
4915,신순희,76,세종특별자치시 한솔동 912-33,010-2669-8726,디지털 콘텐츠 제작
4916,안지후,32,대구광역시 동구 974-93,010-6180-4319,스포츠 카드 수집
4917,윤세아,77,강원도 속초시 586-96,010-9602-7690,낚시
4918,김정숙,48,광주광역시 북구 277-55,010-5609-1721,헬스
4919,장시헌,76,광주광역시 남구 48-61,010-9674-9784,자원봉사
4920,전하람,50,부산광역시 중구 417-76,010-5222-8373,펜팔
4921,서하람,79,용인시 수지구 풍덕천동 551-54,010-6164-6379,시뮬레이션 게임
4922,강세아,78,경기도 의정부시 203-50,010-5689-2246,요가
4923,조영자,68,경기도 용인시 기흥구 669-58,010-2002-5178,배우기
4924,임경자,28,전라남도 광양시 649-83,010-5912-9895,헬스
4925,서주아,35,전라북도 익산시 76-50,010-2781-4004,테니스
4926,전정희,36,전라북도 전주시 806-36,010-7762-1726,캔들 만들기
4927,이윤서,64,강원도 동해시 907-17,010-4066-2334,여행
4928,송시우,73,충청남도 천안시 878-74,010-6585-9923,캠핑
4929,권성민,49,서울특별시 성동구 786-48,010-9824-8793,스트리밍
4930,임은숙,70,제주시 연동 704-71,010-2763-4666,카페 투어
4931,최성호,54,경기도 안양시 동안구 391-2,010-1812-6390,VR 게임
4932,박말순,72,경기도 수원시 장안구 292-14,010-5699-7546,디지털 아트
4933,이기석,76,제주시 아라동 348-85,010-1076-7652,디지털 사진 전시
4934,홍은숙,21,충청북도 진천군 59-86,010-1962-6395,모바일 게임 개발
4935,윤시헌,50,부산광역시 연제구 609-49,010-4433-7884,도예
4936,홍재훈,34,서울특별시 관악구 834-0,010-7421-1314,펜팔
4937,황희정,74,충청남도 논산시 224-72,010-2786-4955,디지털 콘텐츠 제작
4938,신예은,57,서울특별시 은평구 272-86,010-5203-7502,도예
4939,홍연희,36,대전광역시 중구 963-70,010-5208-5768,유튜브 보기
4940,강정희,34,대전광역시 유성구 974-14,010-1398-6055,음악감상
4941,오지후,25,전라북도 익산시 549-61,010-5530-4669,등산
4942,황도윤,65,강원도 홍천군 818-6,010-7556-8843,운동
4943,임태윤,76,인천광역시 계양구 38-71,010-5142-4733,디지털 일러스트
4944,윤명훈,41,부산광역시 동구 268-81,010-3312-6332,게임
4945,신지율,28,경기도 용인시 기흥구 425-82,010-4565-6685,카페 투어
4946,오하윤,39,인천광역시 미추홀구 257-80,010-9736-5130,캔들 만들기
4947,전재영,27,대전광역시 대덕구 591-90,010-5766-2860,로봇 공학
4948,권명자,29,경상남도 양산시 166-3,010-8449-6871,피크닉
4949,김채원,54,대전광역시 동구 559-26,010-3165-9242,일기 쓰기
4950,최준서,30,경기도 안산시 단원구 830-61,010-1361-6262,요리
4951,한하람,45,경기도 성남시 분당구 39-74,010-2956-3389,수채화 그리기
4952,김수아,48,경상북도 포항시 671-30,010-7193-1708,수영
4953,송태윤,77,세종특별자치시 한솔동 794-52,010-9987-9348,사진촬영
4954,홍세아,41,서울특별시 구로구 693-42,010-1499-6094,코딩
4955,황수빈,70,서울특별시 금천구 899-91,010-1686-6393,비즈 공예
4956,장형민,73,서울특별시 동작구 882-60,010-1856-6697,코딩
4957,송현진,43,울산광역시 중구 426-20,010-7128-6282,마인드맵 만들기
4958,오세아,58,전라북도 군산시 978-21,010-2782-4864,뜨개질
4959,박준호,69,경상남도 거제시 176-6,010-1452-5628,시뮬레이션 게임
4960,한상민,35,세종특별자치시 한솔동 846-19,010-4431-4371,일기 쓰기
4961,윤영일,33,경기도 안산시 단원구 462-16,010-9223-2595,캠핑
4962,윤기석,51,부산광역시 영도구 335-68,010-4403-2015,생활 해킹
4963,홍시우,61,경기도 오산시 158-94,010-9161-3795,수채화 그리기
4964,임도윤,49,인천광역시 중구 542-13,010-5185-4864,퍼즐 맞추기
4965,황남수,50,충청북도 진천군 712-61,010-5162-9547,스키
4966,홍진호,55,강원도 동해시 964-25,010-7265-2368,스트리트 댄스
4967,조찬우,25,대구광역시 달서구 801-54,010-3616-3177,플라워 아트
4968,권세아,37,전라북도 익산시 216-1,010-6138-6110,벽화 그리기
4969,전춘희,75,경기도 안산시 단원구 879-2,010-6163-8487,모바일 촬영
4970,강철수,28,경기도 안산시 상록구 976-1,010-6825-8913,플로리스트
4971,강다빈,71,부산광역시 사상구 592-71,010-6955-4048,펜팔
4972,장주영,64,경기도 안산시 단원구 516-83,010-3439-3963,독서
4973,홍정자,50,경기도 오산시 930-29,010-5405-3395,플라워 아트
4974,전영호,47,대전광역시 서구 487-94,010-6920-7602,플라워 아트
4975,서춘식,33,경기도 오산시 421-97,010-2529-5421,플로리스트
4976,송정숙,41,인천광역시 남동구 16-64,010-9207-3926,여행
4977,조유진,64,서울특별시 강서구 308-58,010-9947-9731,게임
4978,박예린,77,인천광역시 부평구 288-8,010-2165-2527,비즈 공예
4979,김현철,69,서울특별시 영등포구 404-3,010-6904-8243,스키
4980,안순자,41,서울특별시 용산구 385-58,010-1018-8556,음악감상
4981,강우진,74,강원도 강릉시 487-16,010-2055-6569,사진편집
4982,한상민,49,제주시 아라동 117-77,010-7395-1646,모바일 촬영
4983,강호철,45,부산광역시 영도구 959-60,010-2691-1276,피크닉
4984,신지율,74,충청남도 천안시 806-27,010-9592-3350,스키
4985,윤재훈,55,강원도 동해시 810-47,010-1759-3158,봉사활동
4986,황채은,22,인천광역시 중구 738-96,010-3031-2445,요리
4987,신태윤,53,경기도 안양시 동안구 84-22,010-2051-3396,낚시
4988,박서준,34,경기도 성남시 분당구 487-0,010-6477-1234,헬로윈 파티 준비
4989,신정자,20,경상북도 경주시 723-91,010-4205-9906,비즈 공예
4990,전세아,67,경상북도 경주시 879-36,010-3381-6694,테니스
4991,안지호,75,경기도 안양시 동안구 527-45,010-1588-3399,책 클럽
4992,윤현진,27,충청북도 충주시 71-68,010-9762-1849,수영
4993,장서진,44,대전광역시 유성구 340-55,010-6557-9984,모바일 게임 개발
4994,이서연,55,서울특별시 서초구 226-67,010-6455-4775,스크래치 프로그램 만들기
4995,권영일,63,경기도 광명시 226-37,010-2433-8813,DIY
4996,서다온,25,서울특별시 구로구 579-3,010-2214-4912,골프
4997,권연희,30,경기도 의정부시 454-30,010-2779-3317,일기 쓰기
4998,송명훈,22,경기도 수원시 팔달구 927-63,010-8759-5324,시뮬레이션 게임
4999,송희정,36,경상남도 통영시 282-55,010-4448-7413,생활 해킹
5000,전경수,36,광주광역시 광산구 722-94,010-4870-6545,플라워 아트
5001,권종수,20,부산광역시 사하구 533-63,010-2517-2488,로봇 공학
5002,신종순,73,부산광역시 동래구 206-2,010-4734-6391,영화감상
5003,조준호,47,서울특별시 구로구 45-55,010-2244-4711,배드민턴
5004,김춘희,78,경상북도 경주시 980-70,010-8730-8452,자전거 타기
5005,이말옥,21,충청북도 충주시 408-45,010-9405-5920,뜨개질
5006,정민준,37,부산광역시 기장군 724-45,010-1756-5314,유튜브 보기
5007,서명숙,55,경상남도 창녕군 598-8,010-8231-1141,VR 게임
5008,한말순,22,부산광역시 기장군 902-51,010-4169-4137,스크래치 프로그램 만들기
5009,정옥희,66,경기도 수원시 팔달구 996-23,010-3491-1625,DIY
5010,송종순,79,경기도 오산시 316-96,010-6371-7411,드로잉
5011,김성민,49,강원도 춘천시 991-82,010-5816-8699,디지털 아트
5012,황현철,79,경기도 용인시 기흥구 631-50,010-4126-2544,수영
5013,정지율,24,서울특별시 강남구 171-97,010-3850-8671,디지털 사진 전시
5014,오성호,33,경기도 광주시 916-55,010-8286-5640,퍼즐 맞추기
5015,송영수,29,부산광역시 중구 733-27,010-1950-2189,골프
5016,권다은,63,울산광역시 남구 490-55,010-3444-4116,스포츠 카드 수집
5017,황하은,49,서울특별시 종로구 105-14,010-9416-5424,캘리그라피
5018,안준호,45,충청북도 충주시 110-19,010-1807-6932,독서
5019,오서아,36,부산광역시 서구 471-19,010-2978-2898,드로잉
5020,박동수,72,경기도 안양시 만안구 848-87,010-4863-2828,피크닉
5021,윤세호,74,경상북도 김천시 225-1,010-4395-5540,VR 게임
5022,서순희,30,부산광역시 부산진구 720-90,010-1992-7185,보드게임
5023,오지후,23,경기도 고양시 덕양구 790-39,010-8474-3375,웹툰 그리기
5024,김예린,28,제주시 노형동 898-88,010-9548-4643,펜팔
5025,정윤서,48,대전광역시 동구 282-84,010-2586-7336,패션
5026,윤영일,28,광주광역시 서구 679-20,010-9160-7488,음악감상
5027,전다은,79,서울특별시 노원구 251-36,010-7148-1309,디지털 콘텐츠 제작
5028,송건우,71,인천광역시 남동구 569-30,010-2451-7194,모바일 촬영
5029,이하은,62,부산광역시 영도구 486-7,010-9153-8714,모바일 촬영
5030,황숙자,21,제주시 이도이동 589-43,010-6618-2390,집콕 놀이
5031,이복자,63,경기도 오산시 783-32,010-6976-2334,스트리밍
5032,홍남수,73,경상북도 포항시 982-5,010-3723-8659,디지털 아트
5033,최서연,21,서울특별시 강서구 400-90,010-6392-8750,배우기
5034,황동수,59,대전광역시 유성구 790-64,010-4546-2121,영화 제작
5035,정재영,52,성남시 분당구 정자동 185-40,010-8659-3125,플로리스트
5036,한유하,41,경상북도 구미시 314-62,010-7398-9792,골프
5037,이주아,68,대전광역시 동구 352-82,010-7252-6273,캘리그라피
5038,김하연,32,전라북도 익산시 401-8,010-4944-8226,운동
5039,김지한,63,경기도 안양시 만안구 410-29,010-1376-4773,애니메이션 제작
5040,장말순,25,서울특별시 강서구 640-93,010-3165-5557,도예
5041,황지민,23,세종특별자치시 아름동 864-7,010-3718-3069,필라테스
5042,정영일,76,서울특별시 송파구 701-18,010-9465-1795,필라테스
5043,한영희,60,대구광역시 수성구 25-34,010-2345-4597,모바일 게임 개발
5044,황정순,50,대구광역시 중구 835-84,010-8862-1138,로봇 공학
5045,전동수,62,경기도 성남시 분당구 836-73,010-8652-6822,디지털 사진 전시
5046,조경수,58,서울특별시 성동구 931-26,010-1811-1037,디지털 콘텐츠 제작
5047,전정자,52,대구광역시 중구 105-28,010-3829-4337,집콕 놀이
5048,한태현,39,울산광역시 동구 516-71,010-6236-4036,봉사활동
5049,홍시헌,60,전라남도 광양시 406-46,010-1343-5419,캠핑
5050,최준서,61,서울특별시 강서구 498-54,010-3465-5058,사진편집
5051,임수빈,71,제주시 오라동 735-52,010-6291-3691,디지털 콘텐츠 제작
5052,조수아,50,경기도 성남시 수정구 871-16,010-1183-9702,봉사활동
5053,서유진,41,서울특별시 서초구 811-57,010-6988-2816,카페 투어
5054,조영호,48,대구광역시 남구 633-76,010-4247-4097,게임 방송
5055,오재호,68,서울특별시 구로구 416-39,010-6599-3050,배드민턴
5056,장순영,35,전라남도 목포시 804-10,010-8221-1883,사진촬영
5057,오선자,31,광주광역시 남구 574-42,010-9822-3146,뜨개질
5058,신정자,28,대전광역시 유성구 320-15,010-9574-3410,영화감상
5059,홍옥희,50,용인시 수지구 풍덕천동 313-95,010-9003-7923,웹툰 그리기
5060,전도윤,23,경상북도 경주시 799-54,010-4335-4742,디지털 콘텐츠 제작
5061,정다빈,52,서울특별시 강북구 747-79,010-5338-3996,모바일 게임 개발
5062,전지율,29,서울특별시 구로구 714-91,010-4523-5487,패션
5063,황춘희,57,대구광역시 달서구 68-11,010-2577-3310,디지털 사진 전시
5064,오세호,50,강원도 춘천시 352-9,010-8032-3244,유튜브 보기
5065,이광호,42,서울특별시 강남구 324-39,010-5548-5953,헬스
5066,박채원,52,강원도 태백시 88-96,010-8692-5998,플라워 아트
5067,전수빈,64,부산광역시 부산진구 499-43,010-3959-1507,웹서핑
5068,홍민서,68,서울특별시 송파구 785-59,010-8651-9089,봉사활동
5069,안말자,33,경상남도 김해시 158-81,010-5265-1993,봉사활동
5070,안하람,71,경상남도 양산시 316-17,010-2636-5611,패션
5071,송주영,44,김해시 장유동 920-38,010-7811-5590,드로잉
5072,이기석,37,부산광역시 동구 863-97,010-6556-4458,필라테스
5073,임하연,65,경기도 군포시 308-59,010-8829-1352,헬스
5074,장진숙,73,경기도 오산시 134-75,010-2984-3106,헬로윈 파티 준비
5075,전윤호,25,경기도 의정부시 794-59,010-1505-9616,요리
5076,윤서아,41,경상남도 통영시 846-72,010-5553-7634,디지털 일러스트
5077,서재훈,79,서울특별시 서대문구 934-15,010-8703-2261,VR 게임
5078,김하윤,32,울산광역시 중구 190-10,010-4018-5116,수영
5079,오은우,59,인천광역시 남동구 846-59,010-4145-9319,수영
5080,황민준,35,충청북도 충주시 0-81,010-9312-2664,필라테스
5081,이예린,74,경상북도 경주시 69-61,010-5906-7231,수채화 그리기
5082,장정우,76,광주광역시 광산구 524-76,010-3997-5504,봉사활동
5083,전영희,44,경기도 광주시 977-85,010-8149-3111,헬스
5084,홍서아,52,경기도 용인시 기흥구 991-87,010-3916-4608,애니메이션 제작
5085,오희정,25,경기도 안산시 상록구 790-37,010-7335-1942,디지털 사진 전시
5086,전태윤,78,서울특별시 강남구 280-71,010-7050-5213,퍼즐 맞추기
5087,최주원,75,충청북도 진천군 484-44,010-8475-9778,캠핑
5088,최세아,78,전라북도 익산시 986-21,010-4603-5287,비즈 공예
5089,박건우,39,강원도 춘천시 726-86,010-5689-5264,스트리트 댄스
5090,장기영,64,대전광역시 유성구 496-76,010-9873-3903,사진편집
5091,오준호,48,세종특별자치시 조치원읍 319-18,010-8566-5605,카페 투어
5092,홍윤서,41,경기도 안양시 만안구 884-43,010-4155-3956,디지털 아트
5093,정만수,58,경기도 안양시 동안구 601-8,010-6992-1153,플라워 아트
5094,홍재영,67,부산광역시 영도구 394-19,010-3890-6327,자전거 타기
5095,정춘식,23,부산광역시 기장군 515-64,010-8115-9709,보드게임
5096,윤서연,54,경기도 용인시 기흥구 112-49,010-2758-2541,콜라주 아트
5097,신수빈,20,대전광역시 중구 769-86,010-3425-4896,사진촬영
5098,오명숙,78,인천광역시 동구 179-42,010-6725-7487,수채화 그리기
5099,임태윤,62,충청북도 진천군 699-77,010-1313-9616,보드게임
5100,홍연희,23,인천광역시 서구 593-65,010-8706-6046,낚시
5101,신시헌,50,대구광역시 달성군 44-61,010-9060-6351,미술관 관람
5102,윤상호,73,경상북도 경주시 790-94,010-8952-8997,캘리그라피
5103,황현우,47,서울특별시 도봉구 421-56,010-8713-1327,캠핑
5104,이태현,23,인천광역시 연수구 735-33,010-8396-8864,봉사활동
5105,박호철,74,경기도 용인시 처인구 551-47,010-5006-3650,웹툰 그리기
5106,오하람,22,전라남도 목포시 623-9,010-8049-4406,카페 투어
5107,홍복희,45,경기도 고양시 일산동구 619-59,010-5184-5748,영화 제작
5108,황서준,77,경기도 성남시 수정구 841-37,010-2911-2000,음악감상
5109,윤남수,40,경상남도 밀양시 541-68,010-3842-2963,디지털 아트
5110,정태윤,70,경상남도 진주시 846-11,010-1691-5950,스크래치 프로그램 만들기
5111,전만수,46,인천광역시 중구 353-69,010-4810-3432,피크닉
5112,임순영,50,강원도 태백시 186-58,010-2785-6927,모바일 게임 개발
5113,송재영,28,강원도 춘천시 72-97,010-9923-1372,비즈 공예
5114,서찬우,64,경기도 안양시 만안구 332-96,010-1285-1590,등산
5115,홍남수,36,경기도 평택시 720-79,010-3424-5343,펜팔
5116,윤말순,30,대전광역시 중구 366-14,010-2086-7434,비즈 공예
5117,김윤호,46,경기도 수원시 장안구 95-92,010-9084-2253,웹툰 그리기
5118,이태수,70,전라남도 목포시 644-38,010-2504-1342,유튜브 보기
5119,안호철,52,서울특별시 강서구 896-0,010-6405-3374,미술관 관람
5120,강영수,63,인천광역시 남동구 768-68,010-2752-4417,피크닉
5121,정시윤,70,울산광역시 중구 73-1,010-3827-7960,테니스
5122,강춘희,32,서울특별시 용산구 485-59,010-1889-4964,봉사활동
5123,김춘자,72,인천광역시 미추홀구 0-2,010-5812-8389,디지털 콘텐츠 제작
5124,조예준,50,부산광역시 북구 965-72,010-8974-4068,퍼즐 맞추기
5125,서준서,42,울산광역시 중구 436-23,010-7834-3450,수채화 그리기
5126,김종수,44,부산광역시 동래구 46-21,010-7103-4109,영화 제작
5127,홍영자,24,강원도 춘천시 936-12,010-5477-3753,벽화 그리기
5128,권병호,22,서울특별시 은평구 65-26,010-2555-7468,사진편집
5129,권예린,41,대전광역시 동구 630-34,010-2983-3500,사진촬영
5130,홍재호,54,광주광역시 서구 669-78,010-8085-3763,플라워 아트
5131,황창수,32,경상남도 통영시 723-53,010-8224-2989,시뮬레이션 게임
5132,강현우,74,충청북도 진천군 455-98,010-7394-8663,등산
5133,서하율,77,전라북도 군산시 456-6,010-4853-9122,피크닉
5134,송우진,37,광주광역시 서구 671-41,010-2283-9703,생활 해킹
5135,조지후,76,경상남도 통영시 626-54,010-7514-2113,책 클럽
5136,조지원,57,경상남도 진주시 140-25,010-5440-9015,뜨개질
5137,윤현우,56,세종특별자치시 도담동 841-68,010-3115-4259,코딩
5138,강하진,71,부산광역시 동래구 909-93,010-5898-7167,보드게임
5139,윤서준,43,경기도 안산시 상록구 843-30,010-5679-3761,책 클럽
5140,안유하,32,서울특별시 노원구 722-10,010-3120-5269,등산
5141,박채원,43,경기도 오산시 956-52,010-5437-4945,사진촬영
5142,송순자,62,대전광역시 유성구 976-15,010-8886-4170,필라테스
5143,정세아,40,부산광역시 해운대구 47-52,010-2991-2666,배우기
5144,임태수,40,부산광역시 금정구 439-31,010-7158-2041,게임 방송
5145,한하은,51,울산광역시 남구 19-19,010-9425-2170,퍼즐 맞추기
5146,조다빈,26,경기도 오산시 589-58,010-1559-4043,필라테스
5147,정소율,62,광주광역시 북구 115-93,010-1862-1578,스트리트 댄스
5148,송서준,37,대구광역시 서구 77-17,010-7029-1363,시뮬레이션 게임
5149,홍형민,40,경기도 안양시 동안구 882-47,010-4787-5199,디지털 일러스트
5150,김경자,28,인천광역시 연수구 634-20,010-9987-5548,캘리그라피
5151,황서연,50,충청남도 아산시 779-97,010-5949-5583,헬스
5152,신병호,58,경상남도 창녕군 798-58,010-7579-3120,자전거 타기
5153,임서연,46,광주광역시 서구 774-87,010-2628-8787,DIY
5154,서하율,32,울산광역시 남구 685-53,010-7037-2004,펜팔
5155,정성호,39,대전광역시 대덕구 909-39,010-9126-2546,보드게임
5156,윤성자,73,경상북도 김천시 304-30,010-3168-9374,코딩
5157,정시우,74,경기도 고양시 덕양구 665-30,010-5952-6815,배우기
5158,윤다온,67,서울특별시 강남구 8-75,010-4585-4826,디지털 사진 전시
5159,전하람,21,경상남도 거제시 765-20,010-4575-3132,DIY
5160,전명숙,77,부산광역시 동래구 543-97,010-3545-6234,골프
5161,김하윤,54,세종특별자치시 조치원읍 621-4,010-2326-4805,드로잉
5162,김민서,48,대구광역시 달성군 293-19,010-3564-4339,뜨개질
5163,신춘식,79,울산광역시 북구 731-74,010-3909-6472,테니스
5164,권말자,54,서울특별시 양천구 18-84,010-6323-4844,DIY
5165,강형민,29,광주광역시 남구 465-74,010-1228-6819,집콕 놀이
5166,권광호,60,대구광역시 동구 330-48,010-1223-3306,배드민턴
5167,이민서,57,인천광역시 부평구 475-44,010-8669-2770,시뮬레이션 게임
5168,서옥희,37,서울특별시 은평구 290-62,010-9365-5064,스포츠 카드 수집
5169,최명자,25,부산광역시 북구 652-36,010-2003-5826,독서
5170,신채은,31,경기도 안산시 상록구 456-36,010-4123-6502,사진편집
5171,안현철,60,경기도 성남시 분당구 634-66,010-3694-6504,웹툰 그리기
5172,권서준,21,전라북도 전주시 117-30,010-6213-4999,애니메이션 제작
5173,권만수,65,부산광역시 연제구 909-56,010-4760-8423,보드게임
5174,최연희,34,경상남도 창녕군 587-94,010-2090-7897,집콕 놀이
5175,이주아,53,서울특별시 서초구 374-45,010-6577-2639,VR 게임
5176,최하람,42,대전광역시 대덕구 254-87,010-7095-4365,사진촬영
5177,장정순,21,서울특별시 노원구 938-4,010-9659-7840,수영
5178,이정순,74,경기도 시흥시 292-43,010-7173-5000,스트리밍
5179,이승호,24,전라남도 목포시 135-81,010-6844-5321,패션
5180,한상민,24,성남시 분당구 정자동 334-27,010-4858-7413,요리
5181,신철수,31,부산광역시 북구 135-94,010-7524-2354,자전거 타기
5182,한명자,58,충청남도 천안시 488-50,010-1609-4918,헬스
5183,임말자,62,부산광역시 중구 486-78,010-1460-5540,펜팔
5184,최준호,69,세종특별자치시 도담동 52-59,010-7997-8692,피크닉
5185,박영일,45,부산광역시 연제구 219-74,010-1396-6489,수채화 그리기
5186,한도윤,67,강원도 원주시 24-85,010-6854-1372,애니메이션 제작
5187,이지우,76,전라북도 익산시 430-26,010-5763-1733,게임 방송
5188,강건우,78,서울특별시 동작구 690-8,010-5657-1539,웹서핑
5189,조현우,69,경상북도 경주시 727-2,010-4498-3520,모바일 게임 개발
5190,최다빈,79,강원도 삼척시 148-49,010-5730-9725,디지털 일러스트
5191,오말순,25,부산광역시 서구 459-2,010-4114-1229,게임 방송
5192,황유하,71,대구광역시 달서구 799-82,010-8472-6655,보드게임
5193,서민서,24,경기도 수원시 장안구 684-37,010-2310-2203,미술관 관람
5194,안서진,76,경기도 고양시 덕양구 304-8,010-7074-2670,플라워 아트
5195,황지민,78,울산광역시 남구 312-48,010-9456-6763,헬스
5196,권정숙,54,경기도 의정부시 52-60,010-8877-3021,디지털 사진 전시
5197,박현서,53,대구광역시 북구 163-98,010-2833-2690,디지털 일러스트
5198,황주원,54,대전광역시 동구 66-86,010-6634-3709,로봇 공학
5199,조형민,65,서울특별시 영등포구 134-91,010-2890-6588,VR 게임
5200,윤재훈,67,세종특별자치시 한솔동 520-88,010-8245-8913,스포츠 카드 수집
5201,강소율,60,대전광역시 동구 481-84,010-9733-3888,디지털 사진 전시
5202,이명훈,40,서울특별시 강남구 48-79,010-3206-3395,수영
5203,홍정호,36,대구광역시 서구 185-56,010-2572-3136,디지털 사진 전시
5204,신시윤,29,전라남도 나주시는 176-49,010-7533-1423,캠핑
5205,송채은,66,대구광역시 동구 947-39,010-4611-2349,플라워 아트
5206,강춘자,27,부산광역시 사상구 5-5,010-8833-2507,등산
5207,송윤서,38,서울특별시 서대문구 606-37,010-2551-4199,코딩
5208,강복자,31,서울특별시 은평구 247-76,010-4725-6013,디지털 아트
5209,윤태수,63,서울특별시 강남구 87-59,010-4555-9487,요가
5210,윤진숙,75,대전광역시 중구 956-64,010-4365-2468,패션
5211,전하진,54,충청남도 천안시 179-97,010-3165-4154,드로잉
5212,권종수,71,부산광역시 부산진구 469-83,010-6532-2736,수채화 그리기
5213,신민준,20,경상남도 창원시 459-3,010-1976-2871,봉사활동
5214,권정순,66,제주시 노형동 361-42,010-6987-4868,유튜브 보기
5215,조상민,43,강원도 속초시 394-25,010-9546-3381,마인드맵 만들기
5216,이주원,22,인천광역시 중구 626-94,010-5309-4877,봉사활동
5217,강호철,54,경상남도 밀양시 212-7,010-5419-2394,퍼즐 맞추기
5218,이민준,38,세종특별자치시 아름동 548-17,010-5996-3759,자원봉사
5219,정시헌,32,전라남도 순천시 765-47,010-6156-6612,요가
5220,강정자,66,제주시 노형동 41-14,010-3674-9057,플로리스트
5221,이은채,31,인천광역시 동구 86-86,010-8455-5501,등산
5222,황말옥,51,서울특별시 강북구 855-90,010-2896-5615,플라워 아트
5223,안영자,65,경상남도 양산시 303-18,010-1286-6357,자전거 타기
5224,권진호,37,대전광역시 중구 415-58,010-7311-6372,마인드맵 만들기
5225,조명숙,37,강원도 양양군 987-3,010-7239-8974,웹툰 그리기
5226,전은채,57,경상남도 양산시 684-28,010-7414-9621,피크닉
5227,안태현,21,대구광역시 서구 76-74,010-9360-7798,DIY
5228,김지후,63,부산광역시 중구 453-68,010-4057-6994,유튜브 보기
5229,김하연,63,경기도 안산시 상록구 271-81,010-1381-6719,스트리밍
5230,권서연,79,광주광역시 서구 900-14,010-4885-6001,디지털 일러스트
5231,한태현,50,울산광역시 남구 792-4,010-2450-8711,시뮬레이션 게임
5232,한세호,77,제주시 신제주 693-11,010-4383-8915,책 클럽
5233,조경수,48,서울특별시 강동구 650-74,010-1819-5566,요리
5234,안선자,52,경기도 안양시 동안구 0-2,010-8746-3309,음악감상
5235,정옥희,26,대구광역시 북구 913-87,010-5065-5826,캠핑
5236,오나윤,35,제주시 신제주 176-27,010-9969-6301,낚시
5237,권철수,51,대전광역시 서구 248-37,010-6389-2946,뜨개질
5238,오하윤,57,울산광역시 동구 682-89,010-9377-9703,퍼즐 맞추기
5239,서희정,31,용인시 수지구 풍덕천동 239-60,010-6618-5120,로봇 공학
5240,최순희,35,경기도 군포시 361-5,010-5567-2544,게임 방송
5241,김말자,26,인천광역시 남동구 741-12,010-8792-9799,스포츠 카드 수집
5242,강나윤,79,경기도 광주시 30-68,010-8960-6096,펜팔
5243,박희정,65,대전광역시 서구 472-87,010-5254-8671,독서
5244,장수아,39,인천광역시 계양구 141-38,010-6788-8778,플라워 아트
5245,홍태윤,57,전라남도 여수시 886-9,010-9957-2101,미술관 관람
5246,권지우,34,경기도 성남시 분당구 141-95,010-2705-6767,사진편집
5247,박선자,62,인천광역시 남동구 506-73,010-2839-9098,캘리그라피
5248,윤정호,72,경기도 의정부시 344-49,010-3515-5866,스크래치 프로그램 만들기
5249,조하율,25,제주시 오라동 793-56,010-2202-2949,책 클럽
5250,오미영,50,충청남도 공주시 236-38,010-2007-6027,디지털 사진 전시
5251,서윤호,50,부산광역시 부산진구 548-90,010-5377-4161,플로리스트
5252,박성호,40,부산광역시 기장군 791-62,010-3530-5721,디지털 콘텐츠 제작
5253,오재호,75,부천시 상동 229-4,010-3410-6965,로봇 공학
5254,이채은,28,부산광역시 수영구 648-30,010-9252-4792,마인드맵 만들기
5255,최은숙,49,경기도 광명시 6-74,010-5842-6450,헬스
5256,오은채,66,전라북도 전주시 893-63,010-2430-4631,스키
5257,최명훈,63,경기도 광명시 320-85,010-3634-4981,보드게임
5258,조시헌,57,김해시 장유동 341-93,010-4970-5928,애니메이션 제작
5259,박성자,26,서울특별시 동작구 261-48,010-2989-2359,자원봉사
5260,정서아,28,대구광역시 달성군 640-63,010-7102-1859,골프
5261,김하연,38,서울특별시 구로구 934-95,010-5182-5394,골프
5262,안민준,43,부산광역시 서구 578-69,010-4543-2365,패션
5263,서경자,69,전라북도 익산시 864-40,010-3341-6281,비즈 공예
5264,정태수,37,충청남도 아산시 194-92,010-6707-2639,웹서핑
5265,윤민수,31,인천광역시 부평구 707-86,010-7988-4401,펜팔
5266,정호철,72,대전광역시 동구 748-13,010-4462-3509,게임
5267,한상민,39,울산광역시 중구 464-45,010-7567-9124,DIY
5268,윤만수,51,경상남도 사천시 119-32,010-5951-8762,스키
5269,박정순,58,대구광역시 서구 13-52,010-6865-6175,사진편집
5270,서지우,75,경기도 고양시 일산동구 798-69,010-6187-7910,모바일 게임 개발
5271,이종수,44,경상남도 사천시 394-95,010-2042-3340,캠핑
5272,송지원,74,강원도 태백시 463-41,010-5605-7734,요가
5273,박동수,29,경상남도 거제시 806-10,010-7730-7584,캘리그라피
5274,김종수,28,제주시 아라동 278-38,010-2669-9475,자원봉사
5275,홍현우,33,부산광역시 금정구 863-0,010-8954-6080,유튜브 보기
5276,송춘자,51,서울특별시 마포구 331-46,010-4673-3820,모바일 게임 개발
5277,정영희,72,서울특별시 서대문구 676-25,010-8276-4670,카페 투어
5278,임민서,72,대구광역시 서구 436-93,010-4850-9775,DIY
5279,윤희정,67,부산광역시 해운대구 849-3,010-8993-1916,미술관 관람
5280,김수빈,76,인천광역시 부평구 355-69,010-6776-4837,캠핑
5281,황찬우,25,인천광역시 계양구 621-12,010-9695-4956,헬스
5282,전다빈,32,경기도 안산시 상록구 787-81,010-4015-7680,로봇 공학
5283,최정우,47,서울특별시 은평구 633-39,010-4369-3668,요가
5284,윤채원,28,경상남도 진주시 108-74,010-1777-2460,코딩
5285,안나윤,31,서울특별시 양천구 671-42,010-7008-5625,플라워 아트
5286,안기영,66,울산광역시 북구 963-85,010-3630-8343,영화 제작
5287,장영자,48,부산광역시 남구 500-26,010-8023-6215,영화 제작
5288,임성호,38,경기도 용인시 기흥구 267-94,010-7893-9202,애니메이션 제작
5289,윤현진,72,전라남도 여수시 700-94,010-5229-4745,로봇 공학
5290,황서진,78,강원도 춘천시 705-54,010-5244-5198,VR 게임
5291,홍미영,47,세종특별자치시 아름동 328-65,010-9657-5544,수채화 그리기
5292,최재영,33,서울특별시 성동구 760-9,010-9869-6616,캘리그라피
5293,윤영자,74,경기도 시흥시 321-89,010-8917-9938,캔들 만들기
5294,박하은,29,경기도 오산시 574-83,010-2218-1474,VR 게임
5295,오예준,21,제주시 연동 592-98,010-1882-5604,스크래치 프로그램 만들기
5296,박주원,34,경기도 안산시 상록구 135-56,010-2378-5867,콜라주 아트
5297,김복자,72,부산광역시 중구 227-22,010-7416-6220,골프
5298,최선자,44,충청북도 충주시 458-58,010-6891-5738,낚시
5299,홍서연,62,대구광역시 동구 104-9,010-5875-1057,뜨개질
5300,윤찬우,77,경상북도 안동시 731-42,010-6993-6228,보드게임
5301,최성호,73,인천광역시 계양구 268-63,010-2100-3197,영화감상
5302,권서준,78,서울특별시 성동구 57-58,010-4534-9343,캠핑
5303,신복희,51,경상남도 통영시 218-70,010-3342-2723,책 클럽
5304,이상호,33,강원도 삼척시 745-11,010-6751-2807,요가
5305,임은숙,51,부산광역시 중구 811-21,010-1713-3538,미술관 관람
5306,정찬우,63,서울특별시 강북구 796-91,010-8326-6302,요가
5307,홍서진,41,경기도 수원시 팔달구 228-76,010-9511-9827,영화감상
5308,송준서,71,서울특별시 송파구 349-78,010-3547-9742,DIY
5309,윤하람,59,경상북도 구미시 910-31,010-4414-1400,보드게임
5310,오종수,28,대전광역시 대덕구 382-5,010-2784-7611,디지털 일러스트
5311,임미영,73,서울특별시 노원구 77-39,010-8459-6218,도예
5312,안현진,45,경기도 화성시 534-57,010-3946-9950,수영
5313,임현진,72,서울특별시 송파구 181-87,010-1068-3869,자전거 타기
5314,서영호,63,경상남도 거제시 226-6,010-8267-4399,DIY
5315,황현우,63,강원도 평창군 101-70,010-2788-7196,캠핑
5316,정형민,79,부천시 원미구 중동 680-85,010-1120-6264,요리
5317,한영수,70,경기도 평택시 750-68,010-5266-9162,수채화 그리기
5318,장건우,77,서울특별시 서초구 771-60,010-1134-3612,비즈 공예
5319,임도윤,47,경기도 안양시 만안구 146-73,010-7396-5441,유튜브 보기
5320,서시헌,73,서울특별시 강남구 288-6,010-1925-4299,퍼즐 맞추기
5321,장하은,54,부산광역시 기장군 768-64,010-5442-7371,수영
5322,오태현,53,강원도 원주시 932-94,010-3397-1752,배드민턴
5323,김지원,72,부천시 원미구 중동 564-16,010-3777-1457,생활 해킹
5324,임지민,62,부천시 상동 85-77,010-9220-1026,게임 방송
5325,김지원,43,부산광역시 영도구 228-79,010-9795-8081,필라테스
5326,강로운,46,서울특별시 영등포구 483-61,010-4484-4023,미술관 관람
5327,최혜숙,55,대구광역시 달서구 39-36,010-7650-1608,필라테스
5328,홍서연,65,세종특별자치시 조치원읍 151-89,010-5715-5065,스트리밍
5329,장하윤,51,부천시 원미구 중동 405-4,010-3263-5806,로봇 공학
5330,최정숙,47,경기도 수원시 팔달구 614-19,010-3529-6077,음악감상
5331,이상민,44,광주광역시 동구 126-58,010-1664-3494,마인드맵 만들기
5332,최하율,66,대전광역시 유성구 466-45,010-2615-3029,사진촬영
5333,김선자,34,인천광역시 남동구 862-18,010-1527-5978,집콕 놀이
5334,한재호,51,서울특별시 강북구 885-46,010-4892-6011,게임
5335,장승호,23,경기도 수원시 장안구 681-60,010-8063-9827,헬로윈 파티 준비
5336,홍다온,79,부천시 원미구 중동 525-1,010-5310-7739,보드게임
5337,임옥희,38,전라남도 순천시 711-40,010-3533-3476,사진촬영
5338,권채원,48,경상남도 창녕군 204-78,010-3113-1217,모바일 촬영
5339,윤서진,21,경기도 성남시 분당구 865-55,010-4813-9978,배드민턴
5340,한영희,28,서울특별시 종로구 827-11,010-5314-5256,애니메이션 제작
5341,장순희,36,서울특별시 서초구 295-83,010-5145-7156,패션
5342,서도윤,56,경상남도 통영시 636-80,010-5529-4716,콜라주 아트
5343,김수아,52,인천광역시 중구 665-54,010-3939-4085,보드게임
5344,김숙자,35,전라남도 나주시는 477-76,010-4580-6507,마인드맵 만들기
5345,강로운,57,광주광역시 남구 983-20,010-6935-3497,사진편집
5346,최주영,54,강원도 원주시 703-12,010-9668-4200,유튜브 보기
5347,송주아,65,강원도 양양군 657-61,010-3627-5657,배드민턴
5348,권주영,24,서울특별시 구로구 322-37,010-9966-7959,일기 쓰기
5349,김복자,40,경기도 화성시 430-14,010-1496-1757,운동
5350,이현서,37,전라남도 목포시 361-37,010-4907-8505,요리
5351,김철수,21,서울특별시 용산구 326-66,010-5250-5922,퍼즐 맞추기
5352,전춘식,44,경기도 평택시 437-15,010-3981-1356,퍼즐 맞추기
5353,전채은,28,서울특별시 은평구 792-43,010-6207-4848,펜팔
5354,신수빈,25,서울특별시 광진구 306-32,010-6172-4781,웹서핑
5355,신영일,66,부산광역시 수영구 83-89,010-6712-4816,사진편집
5356,이지율,20,제주시 오라동 607-52,010-6333-7751,골프
5357,김서진,53,인천광역시 미추홀구 872-56,010-2926-3285,필라테스
5358,송상민,46,서울특별시 노원구 430-1,010-6654-5269,디지털 콘텐츠 제작
5359,오세아,62,대전광역시 서구 296-43,010-7476-2755,플로리스트
5360,장소율,21,전라남도 나주시는 802-32,010-4198-7448,요가
5361,김경수,36,충청북도 충주시 266-80,010-2137-3758,사진편집
5362,강지한,59,경기도 수원시 팔달구 31-9,010-6383-2549,테니스
5363,임영호,72,경기도 광명시 50-66,010-7548-6621,캔들 만들기
5364,신은우,61,서울특별시 동작구 299-38,010-3951-3483,플로리스트
5365,송시헌,59,경기도 용인시 수지구 872-38,010-1642-9454,유튜브 보기
5366,전재호,28,광주광역시 서구 638-12,010-2235-6410,봉사활동
5367,강호철,70,울산광역시 북구 381-84,010-5772-4374,플로리스트
5368,전동수,73,광주광역시 서구 246-54,010-2817-1650,플로리스트
5369,오하진,25,성남시 분당구 정자동 683-79,010-4966-6800,게임 방송
5370,전승호,66,부산광역시 영도구 444-86,010-5335-2195,애니메이션 제작
5371,황영일,67,서울특별시 도봉구 299-75,010-1853-1604,영화감상
5372,최형민,77,부산광역시 기장군 524-32,010-1423-3675,뜨개질
5373,정춘희,53,서울특별시 중구 961-8,010-6847-5002,플라워 아트
5374,안옥희,34,서울특별시 강동구 585-58,010-9454-5857,캠핑
5375,장로운,73,경상북도 구미시 718-71,010-8162-2220,게임
5376,김예은,51,대구광역시 남구 510-49,010-6851-6333,영화 제작
5377,최말자,77,전라북도 군산시 764-64,010-6666-4463,비즈 공예
5378,한세호,60,경상남도 밀양시 94-29,010-8939-1578,시뮬레이션 게임
5379,송시우,50,경기도 군포시 33-86,010-6054-6507,웹툰 그리기
5380,서시헌,67,대전광역시 동구 572-80,010-4339-5968,디지털 일러스트
5381,홍건우,66,서울특별시 강동구 98-86,010-9146-1333,낚시
5382,홍명훈,61,경기도 용인시 기흥구 146-89,010-1758-6643,명상
5383,윤주아,67,경기도 용인시 처인구 50-95,010-9665-3841,영화 제작
5384,서세호,30,광주광역시 광산구 520-95,010-4141-6252,애니메이션 제작
5385,한현서,62,서울특별시 서초구 264-10,010-4606-3291,헬스
5386,조태현,72,충청남도 논산시 31-19,010-1667-5582,수영
5387,신로운,33,세종특별자치시 한솔동 20-70,010-1387-2583,카페 투어
5388,서로운,74,서울특별시 도봉구 49-25,010-3464-6984,영화 제작
5389,강준호,24,광주광역시 서구 302-82,010-7184-2519,게임
5390,서창수,61,부산광역시 동래구 58-79,010-1776-7956,웹툰 그리기
5391,서상민,63,인천광역시 동구 477-68,010-3985-3599,일기 쓰기
5392,이건우,70,울산광역시 울주군 978-86,010-2772-5679,요가
5393,홍진숙,75,서울특별시 강동구 57-19,010-1862-5797,골프
5394,박태현,42,경상북도 안동시 845-76,010-7423-8051,코딩
5395,오지호,27,강원도 평창군 816-5,010-9247-5629,음악감상
5396,권서아,35,부산광역시 사하구 932-28,010-9147-3352,보드게임
5397,강정숙,22,광주광역시 북구 601-14,010-6541-3763,여행
5398,안복자,50,세종특별자치시 도담동 592-20,010-7277-1363,게임 방송
5399,최성호,48,경기도 수원시 장안구 937-12,010-5062-4779,음악감상
5400,전지민,45,대전광역시 중구 673-75,010-9969-4949,배우기
5401,최준서,44,경기도 용인시 수지구 732-76,010-1932-2564,영화감상
5402,안은우,59,인천광역시 남동구 586-33,010-8184-1156,스포츠 카드 수집
5403,한나윤,49,충청남도 아산시 279-68,010-8871-7858,DIY
5404,강숙자,70,경기도 용인시 처인구 122-36,010-8169-5373,피크닉
5405,한옥희,72,서울특별시 관악구 470-2,010-5190-2042,플로리스트
5406,오명자,20,경기도 성남시 수정구 737-60,010-6823-5291,자전거 타기
5407,이병호,48,전라남도 광양시 364-57,010-7879-6095,캠핑
5408,오기영,64,서울특별시 성동구 481-57,010-1937-4164,음악감상
5409,홍성호,78,제주시 아라동 883-98,010-1771-5353,드로잉
5410,김우진,34,경기도 안산시 상록구 997-25,010-5453-6598,자원봉사
5411,최유진,53,경기도 안양시 동안구 983-14,010-2876-9979,도예
5412,오주아,77,서울특별시 서초구 894-76,010-7040-7010,명상
5413,신광호,50,강원도 양양군 568-64,010-4961-2313,플라워 아트
5414,한윤서,54,충청북도 충주시 470-70,010-8303-8981,애니메이션 제작
5415,정순희,48,인천광역시 서구 951-7,010-2744-3846,스트리밍
5416,임건우,76,경기도 시흥시 466-81,010-4181-1314,사진편집
5417,오성호,68,인천광역시 남동구 698-58,010-9469-4931,배우기
5418,오재호,44,대구광역시 달서구 40-44,010-3632-8930,퍼즐 맞추기
5419,전말순,64,경기도 고양시 일산동구 936-39,010-4749-6565,웹툰 그리기
5420,한현철,61,제주시 노형동 55-94,010-1411-1286,뜨개질
5421,전종순,33,서울특별시 강서구 983-92,010-3343-2182,보드게임
5422,한승호,31,강원도 강릉시 342-59,010-1170-6851,애니메이션 제작
5423,전지율,42,광주광역시 남구 523-0,010-4056-1387,애니메이션 제작
5424,조동수,56,대전광역시 유성구 687-14,010-9771-2336,사진촬영
5425,전호철,32,강원도 속초시 450-8,010-3710-4763,골프
5426,한성민,57,강원도 양양군 720-6,010-4431-7887,수채화 그리기
5427,오수빈,56,인천광역시 부평구 595-43,010-9890-5094,스크래치 프로그램 만들기
5428,조종수,66,충청북도 청주시 592-31,010-2658-7387,게임 방송
5429,안현서,53,서울특별시 영등포구 573-11,010-7385-8847,코딩
5430,박하윤,40,광주광역시 광산구 753-15,010-1464-4646,보드게임
5431,박명숙,55,대전광역시 동구 398-58,010-6548-5155,펜팔
5432,서하율,73,인천광역시 미추홀구 302-30,010-4852-9418,골프
5433,윤정우,75,경기도 시흥시 687-88,010-1407-9409,로봇 공학
5434,김다온,73,전라북도 군산시 625-73,010-7436-7429,스크래치 프로그램 만들기
5435,박종순,75,경기도 화성시 180-64,010-2138-5435,플라워 아트
5436,정로운,43,부산광역시 북구 829-31,010-5088-6096,집콕 놀이
5437,강선자,28,대구광역시 동구 0-34,010-2752-3812,시뮬레이션 게임
5438,신예준,68,서울특별시 송파구 728-88,010-1707-7297,명상
5439,박서준,68,경상북도 안동시 552-24,010-8866-7270,콜라주 아트
5440,박은우,62,경상남도 사천시 962-41,010-5637-9024,플라워 아트
5441,권유진,41,세종특별자치시 도담동 326-26,010-8052-4797,도예
5442,윤혜숙,72,세종특별자치시 도담동 341-98,010-6941-6803,콜라주 아트
5443,황채은,71,인천광역시 서구 90-11,010-4310-5151,배우기
5444,윤명자,37,서울특별시 강남구 80-96,010-5948-6711,등산
5445,정주아,69,전라남도 여수시 279-97,010-6051-5856,게임
5446,박유하,52,전라남도 여수시 798-20,010-3590-1188,사진촬영
5447,김선자,77,서울특별시 강서구 89-85,010-3615-8210,등산
5448,오지우,56,대구광역시 수성구 330-65,010-2806-4392,카페 투어
5449,신기영,50,서울특별시 강북구 438-8,010-6078-8815,헬로윈 파티 준비
5450,오정숙,59,대구광역시 중구 387-28,010-1405-4938,보드게임
5451,한지원,43,세종특별자치시 한솔동 421-75,010-1772-9115,드로잉
5452,강지후,71,제주시 이도이동 797-72,010-2752-4047,미술관 관람
5453,김숙자,62,경기도 성남시 분당구 414-90,010-7477-4020,스트리트 댄스
5454,박옥희,79,서울특별시 노원구 180-90,010-4892-6747,퍼즐 맞추기
5455,송말순,26,울산광역시 동구 200-74,010-9130-4368,수영
5456,서동수,20,경기도 안산시 상록구 267-36,010-5998-2050,카페 투어
5457,윤성호,72,인천광역시 연수구 344-59,010-5938-4384,골프
5458,한수빈,40,광주광역시 동구 843-15,010-9312-8000,집콕 놀이
5459,안희정,48,광주광역시 북구 780-46,010-8781-3064,캘리그라피
5460,홍숙자,53,제주시 이도이동 631-70,010-6021-9244,애니메이션 제작
5461,황병호,39,부산광역시 연제구 339-67,010-2932-3852,VR 게임
5462,한영수,20,경상북도 구미시 447-29,010-2516-3364,영화 제작
5463,이지우,36,대구광역시 남구 833-83,010-6103-6237,보드게임
5464,안세호,45,제주시 아라동 147-41,010-6788-6362,집콕 놀이
5465,송준서,26,광주광역시 북구 603-94,010-8743-6095,여행
5466,한다은,53,서울특별시 송파구 877-95,010-9755-9214,웹서핑
5467,임현우,70,전라북도 익산시 200-91,010-4175-5575,디지털 아트
5468,정소율,49,서울특별시 서대문구 579-30,010-8101-4114,생활 해킹
5469,조춘희,20,서울특별시 송파구 161-47,010-4635-7119,배우기
5470,박상민,35,제주시 이도이동 716-36,010-8148-4948,캘리그라피
5471,장춘자,54,충청남도 천안시 663-35,010-5693-8306,미술관 관람
5472,김예린,45,제주시 이도이동 55-3,010-9447-4546,피크닉
5473,서서연,46,부산광역시 북구 502-67,010-6220-3317,영화감상
5474,전형민,38,경기도 광명시 573-86,010-8250-5306,스트리밍
5475,서말순,35,충청북도 청주시 757-40,010-5212-7346,영화 제작
5476,최종수,55,경상북도 안동시 441-21,010-5487-8990,사진편집
5477,장춘자,39,부산광역시 서구 294-8,010-5057-7627,캠핑
5478,황광호,51,강원도 원주시 321-59,010-5475-5267,독서
5479,박주영,77,대전광역시 동구 546-66,010-5431-6436,영화감상
5480,박정순,44,서울특별시 은평구 492-4,010-7183-7245,미술관 관람
5481,정채은,52,광주광역시 광산구 450-1,010-3696-6184,웹툰 그리기
5482,송지우,51,경상남도 거제시 56-26,010-9976-6894,미술관 관람
5483,권춘자,64,울산광역시 울주군 684-54,010-5680-6896,낚시
5484,안하율,22,경기도 파주시 769-79,010-7911-9261,VR 게임
5485,이주영,72,서울특별시 동대문구 711-54,010-1489-5671,골프
5486,한예은,59,인천광역시 미추홀구 190-5,010-4965-1227,비즈 공예
5487,신성민,43,세종특별자치시 한솔동 95-79,010-4367-1109,필라테스
5488,홍철수,21,충청북도 청주시 577-33,010-2642-4597,수영
5489,조상호,61,부천시 상동 262-7,010-7712-1972,영화감상
5490,권창수,47,경기도 시흥시 728-53,010-8858-4743,요리
5491,황지호,47,경기도 안양시 동안구 189-75,010-5327-4436,일기 쓰기
5492,황시우,57,경기도 파주시 126-82,010-3315-1874,스키
5493,송영수,68,강원도 양양군 75-88,010-5312-7424,수채화 그리기
5494,최지율,28,경기도 성남시 분당구 727-78,010-2123-6877,일기 쓰기
5495,전하율,22,경기도 파주시 140-97,010-3158-8225,VR 게임
5496,송주원,20,서울특별시 강남구 552-89,010-2489-5302,스트리트 댄스
5497,서민수,69,광주광역시 광산구 558-95,010-1813-6037,스트리트 댄스
5498,한채원,79,서울특별시 관악구 589-23,010-8924-6350,피크닉
5499,정경자,45,대구광역시 달서구 965-72,010-1605-8367,애니메이션 제작
5500,홍은우,39,성남시 분당구 정자동 30-58,010-8599-7837,보드게임
5501,권정순,50,광주광역시 북구 382-56,010-2313-9044,봉사활동
5502,오은숙,44,경기도 시흥시 986-75,010-7688-7804,보드게임
5503,최현서,38,경상북도 포항시 98-98,010-3646-2922,디지털 아트
5504,권다은,30,충청남도 아산시 780-2,010-4328-3416,펜팔
5505,박세아,77,충청북도 진천군 49-67,010-7435-9783,유튜브 보기
5506,이정숙,60,인천광역시 남동구 69-55,010-3579-3931,독서
5507,황태현,62,경상북도 안동시 17-65,010-8845-5265,디지털 콘텐츠 제작
5508,김하람,31,서울특별시 강동구 818-38,010-5394-4831,독서
5509,장주원,33,경상남도 김해시 902-90,010-1524-7490,낚시
5510,전정순,67,서울특별시 노원구 354-98,010-3245-5704,피크닉
5511,정성호,49,서울특별시 동대문구 632-33,010-5600-2956,시뮬레이션 게임
5512,최우진,28,경기도 안양시 만안구 257-5,010-4105-5081,디지털 사진 전시
5513,신하은,22,충청남도 논산시 124-97,010-3499-3094,뜨개질
5514,송복자,56,광주광역시 서구 752-29,010-1921-3725,헬스
5515,한만수,40,서울특별시 도봉구 963-49,010-9267-7348,사진촬영
5516,송영호,66,서울특별시 중랑구 193-43,010-1086-4447,벽화 그리기
5517,장시윤,52,서울특별시 관악구 422-35,010-4418-7584,모바일 촬영
5518,이태윤,21,서울특별시 은평구 524-17,010-5918-2900,스트리밍
5519,이로운,26,제주시 이도이동 226-44,010-5486-5946,플라워 아트
5520,전기영,76,전라북도 익산시 405-45,010-3897-4201,모바일 촬영
5521,조도윤,64,울산광역시 북구 751-7,010-4489-5726,게임 방송
5522,전현진,21,대전광역시 대덕구 12-10,010-1445-6107,생활 해킹
5523,안연희,76,강원도 속초시 862-91,010-6649-9418,모바일 게임 개발
5524,황세호,64,충청북도 충주시 77-10,010-7396-9599,스키
5525,서민준,68,충청북도 청주시 384-54,010-5411-8947,플로리스트
5526,신하율,57,경기도 안양시 동안구 174-62,010-7707-1800,카페 투어
5527,전은우,26,서울특별시 동작구 640-56,010-1402-1783,피크닉
5528,김진숙,42,광주광역시 동구 384-18,010-1897-7668,피크닉
5529,장태수,64,제주시 신제주 856-16,010-1167-7237,테니스
5530,장철수,59,광주광역시 동구 729-14,010-3848-7086,로봇 공학
5531,한경자,53,경상남도 진주시 724-28,010-4925-4137,게임 방송
5532,안춘자,50,경기도 고양시 일산동구 963-49,010-1590-3735,디지털 사진 전시
5533,송현철,41,부산광역시 해운대구 324-44,010-7089-1867,드로잉
5534,전승호,25,인천광역시 중구 350-66,010-4072-7752,디지털 일러스트
5535,윤준호,75,인천광역시 연수구 85-66,010-1877-2998,보드게임
5536,정윤서,76,제주시 연동 688-56,010-9095-4468,게임
5537,오다온,55,경기도 군포시 24-92,010-4377-4723,캔들 만들기
5538,정건우,41,충청북도 청주시 729-10,010-7017-4605,일기 쓰기
5539,서성호,39,강원도 속초시 923-42,010-6345-1622,운동
5540,임은우,42,경기도 고양시 덕양구 575-46,010-1411-7586,로봇 공학
5541,서상민,37,부산광역시 동구 217-11,010-3291-2349,영화감상
5542,송지후,67,전라북도 전주시 939-29,010-4462-6011,카페 투어
5543,안지민,53,경기도 안산시 상록구 282-15,010-1857-8827,등산
5544,강하은,38,경상남도 창녕군 254-42,010-6827-4860,수영
5545,오재호,76,대전광역시 동구 879-83,010-6183-7489,웹툰 그리기
5546,안기영,68,경기도 오산시 908-61,010-5706-5000,애니메이션 제작
5547,박승호,66,경기도 안산시 단원구 920-28,010-1498-6759,시뮬레이션 게임
5548,송진숙,77,경기도 안양시 동안구 414-4,010-6791-7796,디지털 일러스트
5549,신혜숙,32,세종특별자치시 아름동 115-52,010-1834-5407,드로잉
5550,황서연,38,부천시 원미구 중동 650-28,010-1015-4861,스포츠 카드 수집
5551,한소율,79,대구광역시 수성구 631-47,010-5464-3839,일기 쓰기
5552,김수빈,48,강원도 평창군 61-69,010-9042-3606,등산
5553,신예은,50,강원도 원주시 785-35,010-4870-1967,플로리스트
5554,강승호,24,서울특별시 서초구 256-5,010-7873-7261,낚시
5555,황예린,36,대구광역시 달서구 872-48,010-8434-5224,모바일 게임 개발
5556,홍명훈,52,대전광역시 중구 811-8,010-1969-2034,배드민턴
5557,황시우,79,경기도 안양시 만안구 89-19,010-1023-1311,자전거 타기
5558,장태현,67,울산광역시 남구 888-64,010-8966-2078,마인드맵 만들기
5559,김진숙,51,울산광역시 동구 78-61,010-5547-2200,로봇 공학
5560,조순영,79,경기도 성남시 수정구 235-29,010-6814-8646,골프
5561,권순영,67,서울특별시 양천구 428-0,010-9574-3813,웹툰 그리기
5562,임만수,61,인천광역시 남동구 190-59,010-5015-6846,생활 해킹
5563,송순희,46,서울특별시 성북구 351-77,010-8575-1599,요가
5564,정민서,69,강원도 평창군 88-45,010-1859-9650,드로잉
5565,한성민,65,서울특별시 관악구 466-69,010-8331-8372,웹툰 그리기
5566,김찬우,72,서울특별시 관악구 339-50,010-3852-7401,여행
5567,서기석,69,경기도 용인시 기흥구 475-42,010-1955-8343,스트리트 댄스
5568,신성민,47,강원도 강릉시 52-47,010-5332-9284,골프
5569,오선자,34,서울특별시 노원구 914-30,010-2869-4019,수채화 그리기
5570,오하진,38,충청남도 아산시 580-87,010-1772-5432,드로잉
5571,윤영희,23,서울특별시 동작구 958-25,010-8793-3440,보드게임
5572,최영수,31,강원도 동해시 601-53,010-1901-2207,스트리트 댄스
5573,정서연,77,대전광역시 서구 775-6,010-2029-4843,유튜브 보기
5574,신지율,49,대구광역시 북구 41-27,010-5420-1725,골프
5575,윤춘자,20,광주광역시 동구 451-87,010-5891-1104,골프
5576,전현철,56,부산광역시 기장군 40-48,010-7533-2222,스트리트 댄스
5577,오정우,54,서울특별시 중랑구 556-64,010-7587-5433,필라테스
5578,서재훈,26,서울특별시 광진구 280-82,010-1609-7462,VR 게임
5579,이하람,40,강원도 삼척시 443-57,010-9287-3194,골프
5580,윤경자,73,제주시 신제주 501-7,010-8849-7262,게임
5581,조옥희,66,충청남도 공주시 984-0,010-4904-4060,디지털 사진 전시
5582,안미영,66,전라북도 군산시 966-24,010-7560-6999,미술관 관람
5583,정병호,66,서울특별시 은평구 377-15,010-9836-2981,뜨개질
5584,강지호,33,부산광역시 영도구 582-65,010-1358-3236,보드게임
5585,장주원,57,제주시 아라동 360-91,010-2205-3367,봉사활동
5586,강하율,30,서울특별시 서대문구 749-91,010-3989-3476,자전거 타기
5587,정영일,42,부산광역시 북구 910-1,010-1851-6456,시뮬레이션 게임
5588,안승호,60,서울특별시 서대문구 582-36,010-2744-7163,영화 제작
5589,오종순,49,대구광역시 동구 442-4,010-4003-2138,게임 방송
5590,황우진,73,인천광역시 서구 300-54,010-8794-8606,테니스
5591,권정순,27,대전광역시 동구 226-62,010-6560-9459,운동
5592,홍말자,40,경기도 광명시 623-82,010-3040-6866,테니스
5593,임경수,70,광주광역시 서구 426-15,010-8787-7238,사진촬영
5594,최태현,32,서울특별시 강동구 991-85,010-6801-6925,유튜브 보기
5595,김수빈,75,서울특별시 양천구 546-33,010-9634-2937,독서
5596,전영희,48,서울특별시 강북구 38-1,010-1501-6717,영화감상
5597,권지한,42,대전광역시 중구 317-61,010-3007-9847,웹툰 그리기
5598,한복자,70,강원도 속초시 414-56,010-8780-3918,운동
5599,송태윤,25,서울특별시 강동구 148-74,010-8311-5995,사진편집
5600,송혜숙,40,강원도 삼척시 270-10,010-2480-4898,캘리그라피
5601,오선자,36,경기도 고양시 일산동구 631-91,010-2489-2366,등산
5602,박예준,55,대구광역시 남구 370-62,010-9636-3925,자원봉사
5603,장시우,38,부산광역시 강서구 828-63,010-9373-7288,디지털 콘텐츠 제작
5604,송춘식,43,전라남도 여수시 910-79,010-4765-8942,명상
5605,이희정,31,경상남도 거제시 743-85,010-8548-4814,마인드맵 만들기
5606,윤성자,79,김해시 장유동 551-54,010-5920-9942,로봇 공학
5607,이영희,27,광주광역시 남구 128-72,010-2718-8467,벽화 그리기
5608,서윤호,30,대구광역시 동구 691-11,010-4335-2023,비즈 공예
5609,오말옥,68,울산광역시 남구 820-67,010-3074-9341,디지털 콘텐츠 제작
5610,황예린,73,경기도 파주시 547-85,010-3872-4728,마인드맵 만들기
5611,신유진,26,경기도 군포시 641-0,010-3114-8028,시뮬레이션 게임
5612,안순자,42,전라북도 전주시 252-10,010-7629-9932,수채화 그리기
5613,황현진,76,부산광역시 남구 451-41,010-2164-9431,스포츠 카드 수집
5614,안건우,36,광주광역시 광산구 396-73,010-8521-3762,배우기
5615,오순자,29,인천광역시 미추홀구 952-17,010-7859-5955,배드민턴
5616,윤명훈,67,부산광역시 사하구 728-51,010-3515-1195,배드민턴
5617,한종순,59,서울특별시 성북구 701-96,010-5528-6486,플라워 아트
5618,강채은,56,전라남도 목포시 905-60,010-9298-4201,캘리그라피
5619,황재호,71,서울특별시 강동구 893-96,010-2636-6417,자원봉사
5620,박하람,33,서울특별시 송파구 965-69,010-2052-4034,헬스
5621,강숙자,22,서울특별시 구로구 120-6,010-1038-5558,보드게임
5622,서기석,25,울산광역시 중구 362-85,010-1359-4609,도예
5623,권예준,30,경기도 성남시 수정구 281-55,010-2202-2473,음악감상
5624,박현철,55,서울특별시 중랑구 391-96,010-9997-1178,스트리밍
5625,전시윤,74,서울특별시 종로구 31-49,010-8468-9640,모바일 게임 개발
5626,김남수,65,광주광역시 서구 77-52,010-2238-2259,뜨개질
5627,한유하,49,강원도 양양군 233-8,010-2054-8182,수영
5628,홍현서,63,대전광역시 유성구 769-75,010-5924-1672,생활 해킹
5629,장주원,64,제주시 노형동 210-21,010-1453-6547,영화감상
5630,전형민,51,부산광역시 영도구 760-95,010-6112-7728,게임
5631,안태윤,59,서울특별시 종로구 405-57,010-9099-1853,영화감상
5632,이주원,66,경기도 용인시 기흥구 266-43,010-9442-3021,드로잉
5633,권정자,75,경기도 수원시 장안구 108-8,010-3029-4651,요리
5634,강연희,44,제주시 이도이동 975-38,010-6057-9932,배우기
5635,강수아,79,경기도 광주시 462-9,010-6444-1813,자전거 타기
5636,서시헌,73,부산광역시 강서구 443-47,010-3917-1639,벽화 그리기
5637,신시헌,41,전라남도 목포시 706-33,010-9183-7140,봉사활동
5638,임진호,66,광주광역시 광산구 484-55,010-6730-4477,봉사활동
5639,전명숙,21,경기도 안양시 동안구 316-40,010-6073-5061,사진편집
5640,최수아,34,경기도 수원시 팔달구 416-79,010-4506-2871,모바일 게임 개발
5641,이희정,31,경기도 평택시 564-43,010-9449-9750,디지털 콘텐츠 제작
5642,최세아,70,경상북도 포항시 918-97,010-3013-2053,펜팔
5643,김숙자,45,강원도 양양군 853-15,010-2939-4182,사진촬영
5644,최명자,62,세종특별자치시 조치원읍 585-81,010-7810-9958,스포츠 카드 수집
5645,오건우,68,부산광역시 동구 958-17,010-8446-3911,시뮬레이션 게임
5646,오하진,73,광주광역시 서구 986-31,010-1905-9317,자전거 타기
5647,윤성민,47,제주시 신제주 673-73,010-1348-6505,낚시
5648,김동수,51,경상남도 김해시 786-4,010-1652-4107,사진촬영
5649,장정희,74,서울특별시 마포구 254-93,010-2853-4700,디지털 일러스트
5650,강영희,30,성남시 분당구 정자동 260-36,010-3424-9292,뜨개질
5651,오철수,43,전라북도 익산시 966-83,010-4004-4564,스크래치 프로그램 만들기
5652,서진호,37,대전광역시 중구 662-87,010-9458-3064,캠핑
5653,윤현진,78,경기도 성남시 수정구 823-91,010-7650-6665,캘리그라피
5654,황순희,29,서울특별시 서대문구 153-95,010-5567-2031,수영
5655,이수아,69,강원도 평창군 863-83,010-9256-4616,낚시
5656,최우진,63,인천광역시 연수구 905-55,010-1575-8645,콜라주 아트
5657,윤복희,73,제주시 아라동 644-16,010-3035-2498,디지털 사진 전시
5658,박현철,36,대구광역시 서구 516-56,010-2405-1961,스트리트 댄스
5659,김진호,43,강원도 원주시 162-10,010-2964-3678,미술관 관람
5660,윤복희,67,경상남도 사천시 567-43,010-4312-3083,책 클럽
5661,임은우,56,부산광역시 동구 500-21,010-1765-8002,시뮬레이션 게임
5662,박세아,51,서울특별시 성동구 886-62,010-2071-9046,스크래치 프로그램 만들기
5663,오경자,46,대구광역시 남구 574-35,010-8260-3810,수채화 그리기
5664,임현서,33,충청남도 천안시 89-5,010-1818-5884,음악감상
5665,정은숙,73,부산광역시 북구 106-32,010-7727-9347,독서
5666,신유하,57,제주시 노형동 196-59,010-1834-1780,스포츠 카드 수집
5667,권윤호,59,대구광역시 달성군 216-5,010-4239-4439,사진편집
5668,황정희,73,세종특별자치시 조치원읍 463-94,010-5884-6746,미술관 관람
5669,홍서연,50,서울특별시 노원구 880-98,010-3637-5438,일기 쓰기
5670,조성민,65,서울특별시 양천구 383-59,010-5657-7707,요리
5671,임태현,79,서울특별시 성북구 653-7,010-8788-6956,디지털 일러스트
5672,김정희,46,부산광역시 사상구 743-66,010-9013-4287,디지털 콘텐츠 제작
5673,조은우,73,서울특별시 동작구 106-63,010-1969-8084,집콕 놀이
5674,권서진,29,김해시 장유동 724-80,010-2977-6638,요가
5675,황지민,41,부산광역시 강서구 42-60,010-8289-5887,명상
5676,이복희,63,인천광역시 남동구 548-96,010-3616-3324,미술관 관람
5677,한윤서,21,경상북도 안동시 778-33,010-6950-9397,콜라주 아트
5678,임지호,74,부산광역시 서구 707-34,010-1458-5393,비즈 공예
5679,오민서,34,부산광역시 동구 679-49,010-5376-3608,펜팔
5680,송나윤,40,경기도 안산시 상록구 767-59,010-6526-7277,스포츠 카드 수집
5681,조정희,60,경상남도 김해시 493-47,010-9414-7344,게임 방송
5682,홍태현,51,경기도 시흥시 477-74,010-1343-6476,요가
5683,임병호,69,경기도 고양시 일산동구 696-5,010-5739-2824,스크래치 프로그램 만들기
5684,홍영희,63,경기도 군포시 501-82,010-5380-4963,VR 게임
5685,오철수,77,서울특별시 성북구 78-2,010-1958-4060,요가
5686,전하은,74,울산광역시 중구 475-5,010-7825-6679,수영
5687,최다은,40,경상북도 안동시 220-36,010-9531-6658,사진편집
5688,권승호,49,경기도 용인시 수지구 858-93,010-5821-8011,사진편집
5689,권다빈,20,전라남도 광양시 497-46,010-5119-3646,스포츠 카드 수집
5690,최지율,25,부산광역시 동구 503-25,010-4808-3015,테니스
5691,한승호,62,대구광역시 북구 106-43,010-5132-1313,콜라주 아트
5692,임시우,43,서울특별시 중랑구 437-82,010-1698-9118,음악감상
5693,오지후,52,경상북도 경주시 171-6,010-5711-6706,등산
5694,서태윤,22,충청북도 청주시 627-40,010-8922-5577,명상
5695,황지민,43,제주시 오라동 608-94,010-1764-2620,게임 방송
5696,정순희,58,부산광역시 서구 512-8,010-6833-1865,카페 투어
5697,강나윤,41,서울특별시 성북구 410-43,010-8504-2046,게임
5698,안태수,34,강원도 춘천시 756-97,010-7120-2902,벽화 그리기
5699,서재호,49,울산광역시 북구 671-91,010-8933-3438,독서
5700,최다온,75,경기도 안양시 동안구 558-67,010-4202-7543,펜팔
5701,안서아,45,경기도 군포시 703-12,010-5680-6524,플라워 아트
5702,한병호,26,전라남도 나주시는 712-81,010-2175-1263,플라워 아트
5703,김유하,28,경기도 군포시 997-36,010-8648-3387,요리
5704,강주원,65,서울특별시 양천구 926-37,010-3521-9237,자전거 타기
5705,조유하,44,대구광역시 남구 584-23,010-4338-8351,마인드맵 만들기
5706,전소율,21,울산광역시 남구 22-32,010-1291-2018,로봇 공학
5707,강미영,65,충청북도 청주시 991-89,010-2636-4687,VR 게임
5708,신시윤,48,충청남도 천안시 710-39,010-8352-2614,영화감상
5709,최상호,70,울산광역시 울주군 403-72,010-7172-9521,디지털 일러스트
5710,전창수,37,서울특별시 강서구 657-8,010-6426-8205,드로잉
5711,이영수,74,부산광역시 사상구 134-58,010-5806-5399,패션
5712,임영자,30,대전광역시 대덕구 208-13,010-7131-6223,생활 해킹
5713,이경자,32,제주시 오라동 516-44,010-5354-3268,웹서핑
5714,홍하윤,65,대전광역시 서구 944-71,010-5151-4121,등산
5715,이건우,25,전라남도 목포시 278-0,010-6338-3509,게임
5716,전옥희,40,대전광역시 중구 432-54,010-8009-5812,카페 투어
5717,김유진,51,서울특별시 중구 833-46,010-3146-3078,수채화 그리기
5718,한성자,76,제주시 연동 258-21,010-4508-3010,사진편집
5719,김기영,26,경상남도 김해시 22-51,010-7090-5295,요가
5720,전명숙,55,경기도 파주시 68-11,010-5248-2003,드로잉
5721,황명자,28,경상북도 구미시 842-93,010-7031-9034,배우기
5722,조말옥,43,서울특별시 노원구 556-23,010-3765-1812,보드게임
5723,최춘자,26,대구광역시 서구 465-12,010-9733-2520,시뮬레이션 게임
5724,강종순,31,서울특별시 강남구 114-83,010-8121-1777,유튜브 보기
5725,임진호,49,강원도 삼척시 230-92,010-2819-1892,음악감상
5726,전다온,39,전라북도 익산시 343-90,010-7129-1817,시뮬레이션 게임
5727,오민서,53,울산광역시 남구 683-74,010-4603-9034,유튜브 보기
5728,황영자,60,서울특별시 성북구 35-32,010-2941-2627,VR 게임
5729,최세호,22,경상남도 창원시 32-34,010-5800-6923,모바일 게임 개발
5730,서지호,50,대구광역시 수성구 707-64,010-3723-3370,일기 쓰기
5731,정준호,74,강원도 원주시 632-11,010-8807-4323,여행
5732,서성민,76,경기도 군포시 244-21,010-2488-1375,자전거 타기
5733,박정희,28,대전광역시 중구 637-65,010-9679-2021,피크닉
5734,오명숙,79,경기도 의정부시 462-21,010-7562-3802,벽화 그리기
5735,이서준,73,인천광역시 부평구 231-39,010-3765-4279,수채화 그리기
5736,한현서,60,부산광역시 동구 548-22,010-9852-2210,디지털 콘텐츠 제작
5737,황혜숙,70,세종특별자치시 아름동 766-35,010-1244-4215,봉사활동
5738,이하윤,32,부산광역시 서구 192-82,010-9605-6442,운동
5739,정시우,46,서울특별시 강서구 117-52,010-1629-5438,자원봉사
5740,장영일,78,울산광역시 중구 566-6,010-1096-7476,로봇 공학
5741,강명자,21,대구광역시 수성구 353-85,010-1745-1115,필라테스
5742,강혜숙,62,전라북도 군산시 59-56,010-2258-1530,로봇 공학
5743,최주원,40,경상북도 포항시 430-59,010-4991-7942,VR 게임
5744,송시우,78,인천광역시 동구 368-21,010-1618-3146,헬스
5745,서민수,54,서울특별시 용산구 245-91,010-6336-6278,디지털 아트
5746,윤시헌,54,세종특별자치시 한솔동 574-51,010-9831-3540,스트리밍
5747,최창수,76,강원도 속초시 128-8,010-1169-2403,보드게임
5748,권은숙,63,대전광역시 서구 733-10,010-6385-6756,캔들 만들기
5749,신하율,61,경기도 성남시 수정구 469-8,010-7766-3561,자원봉사
5750,윤승호,39,부산광역시 동구 354-34,010-1265-7879,캘리그라피
5751,김준서,44,서울특별시 도봉구 165-11,010-3790-8917,애니메이션 제작
5752,서주아,44,경상남도 창원시 876-65,010-6991-8335,자전거 타기
5753,김서연,75,충청북도 충주시 960-36,010-1301-1735,벽화 그리기
5754,한성자,32,경기도 수원시 장안구 320-48,010-7021-3153,캔들 만들기
5755,이현철,74,강원도 양양군 65-13,010-5816-4042,골프
5756,신승호,52,경상남도 진주시 655-48,010-1238-4124,음악감상
5757,김성민,36,강원도 평창군 309-70,010-7522-7832,시뮬레이션 게임
5758,황지후,79,경기도 화성시 717-65,010-4428-9053,코딩
5759,이하은,37,서울특별시 영등포구 4-56,010-9024-1197,카페 투어
5760,강소율,27,경기도 군포시 679-11,010-1529-2746,스포츠 카드 수집
5761,황시우,42,경상남도 밀양시 5-27,010-4199-4348,로봇 공학
5762,오순자,26,부산광역시 연제구 824-5,010-6267-7431,비즈 공예
5763,한선자,49,제주시 오라동 132-96,010-6317-3989,캔들 만들기
5764,조주아,23,서울특별시 강동구 359-17,010-2901-7952,뜨개질
5765,정춘식,42,전라북도 익산시 372-30,010-2834-8987,영화 제작
5766,전상민,41,경상남도 통영시 748-58,010-3835-4772,캘리그라피
5767,이지후,66,부산광역시 사상구 863-71,010-2970-7490,집콕 놀이
5768,서정숙,42,성남시 분당구 정자동 910-6,010-4992-1375,책 클럽
5769,오숙자,21,인천광역시 중구 247-38,010-7824-4155,영화감상
5770,권지우,52,서울특별시 성동구 141-96,010-5453-8030,필라테스
5771,황은숙,43,부산광역시 동구 852-96,010-6252-5773,배우기
5772,전찬우,36,서울특별시 성동구 738-0,010-1242-3926,헬스
5773,오상호,21,부천시 원미구 중동 173-97,010-3827-7587,영화감상
5774,송영일,63,제주시 아라동 59-71,010-7441-9399,스포츠 카드 수집
5775,강숙자,76,대구광역시 동구 382-59,010-5611-1694,독서
5776,정진숙,26,경기도 오산시 435-97,010-3067-5535,디지털 콘텐츠 제작
5777,오명숙,49,강원도 태백시 627-22,010-4474-3231,웹서핑
5778,정소율,55,경기도 수원시 팔달구 403-76,010-3952-2917,비즈 공예
5779,홍순자,54,인천광역시 동구 490-60,010-3007-4675,게임
5780,황정희,20,김해시 장유동 604-73,010-6789-4305,스키
5781,박창수,65,경상남도 밀양시 182-42,010-8434-8851,모바일 게임 개발
5782,신승호,55,강원도 홍천군 342-19,010-2176-1326,DIY
5783,박예린,65,경상남도 진주시 371-47,010-2511-4846,영화 제작
5784,황지한,33,부산광역시 동구 750-71,010-5418-9630,벽화 그리기
5785,홍말옥,39,강원도 강릉시 156-71,010-4440-8477,비즈 공예
5786,이복희,58,대구광역시 수성구 962-32,010-6903-5478,피크닉
5787,강지호,58,경상남도 거제시 353-42,010-8837-6935,마인드맵 만들기
5788,오성자,77,경상남도 김해시 444-81,010-6176-7591,자전거 타기
5789,권현진,63,서울특별시 중랑구 463-97,010-6546-1229,유튜브 보기
5790,윤영수,78,대구광역시 서구 760-97,010-3755-6829,VR 게임
5791,오주영,51,부산광역시 수영구 196-68,010-5068-4948,디지털 아트
5792,정주원,44,경상북도 구미시 395-36,010-8370-9246,드로잉
5793,권은우,36,경기도 시흥시 191-63,010-4574-1735,캠핑
5794,황병호,78,부산광역시 북구 408-94,010-1032-3973,영화 제작
5795,강광호,59,광주광역시 동구 823-80,010-4022-1805,디지털 콘텐츠 제작
5796,윤지우,68,대구광역시 서구 469-33,010-2913-1283,펜팔
5797,홍연희,47,경상남도 진주시 22-47,010-3713-8748,스트리밍
5798,한기영,32,경기도 안양시 만안구 814-60,010-4210-1108,애니메이션 제작
5799,서세아,30,인천광역시 연수구 829-37,010-3192-2035,영화감상
5800,홍영자,23,강원도 속초시 645-37,010-7157-1346,집콕 놀이
5801,홍다은,43,광주광역시 동구 238-91,010-5964-3077,뜨개질
5802,김경수,46,서울특별시 강남구 700-74,010-1724-9773,웹서핑
5803,조춘희,61,경기도 광주시 63-66,010-4664-4403,음악감상
5804,전영수,78,경상남도 창원시 771-34,010-2262-1044,펜팔
5805,황승호,66,부산광역시 중구 234-7,010-6483-9008,스포츠 카드 수집
5806,안민서,66,김해시 장유동 928-30,010-5433-6101,코딩
5807,박승호,61,경기도 군포시 228-11,010-3065-2878,필라테스
5808,황나윤,21,부산광역시 금정구 719-18,010-3487-4484,자전거 타기
5809,송창수,27,제주시 노형동 638-85,010-7559-6639,사진촬영
5810,정남수,24,제주시 노형동 795-43,010-4970-8843,수영
5811,안지율,78,서울특별시 은평구 831-89,010-3501-5732,낚시
5812,서서아,51,인천광역시 부평구 574-68,010-1116-6500,배우기
5813,서시우,77,서울특별시 마포구 401-76,010-5366-5261,영화 제작
5814,임순자,39,대구광역시 남구 526-34,010-1897-2953,벽화 그리기
5815,홍은숙,62,서울특별시 종로구 186-36,010-1388-4330,수영
5816,정시윤,21,경상북도 김천시 285-10,010-7289-3496,스포츠 카드 수집
5817,서승호,75,강원도 원주시 955-19,010-3640-2035,필라테스
5818,한준호,78,경상남도 거제시 378-44,010-4093-6634,플라워 아트
5819,최춘자,75,경기도 수원시 팔달구 605-93,010-3427-7568,보드게임
5820,홍승호,50,울산광역시 중구 788-4,010-3447-8674,웹툰 그리기
5821,전철수,64,울산광역시 남구 978-9,010-6452-6596,캔들 만들기
5822,권호철,68,강원도 원주시 206-4,010-1853-5947,수채화 그리기
5823,한주아,62,제주시 연동 512-88,010-1799-4519,테니스
5824,임정우,66,서울특별시 강북구 258-64,010-4938-4903,퍼즐 맞추기
5825,송수아,40,충청남도 천안시 675-6,010-8707-8389,미술관 관람
5826,한경자,46,인천광역시 연수구 682-49,010-6417-2525,미술관 관람
5827,오하람,20,대구광역시 동구 188-93,010-8962-3985,피크닉
5828,임철수,68,강원도 양양군 862-49,010-4309-7281,보드게임
5829,권정순,39,경기도 수원시 장안구 523-31,010-9645-4137,일기 쓰기
5830,홍유하,72,강원도 양양군 223-81,010-9942-8074,DIY
5831,이지율,58,서울특별시 강북구 88-86,010-9542-3395,캘리그라피
5832,서서진,67,서울특별시 도봉구 706-21,010-5185-2725,카페 투어
5833,송은채,54,대구광역시 달성군 385-76,010-2929-7467,요가
5834,조지원,46,서울특별시 중구 826-49,010-4194-1840,게임
5835,홍재호,47,세종특별자치시 아름동 232-3,010-2434-1816,디지털 콘텐츠 제작
5836,송숙자,48,대전광역시 동구 935-32,010-2635-6511,보드게임
5837,조준호,68,강원도 양양군 929-77,010-2074-3723,골프
5838,이시헌,77,강원도 평창군 465-91,010-1192-2251,웹서핑
5839,권명자,20,제주시 신제주 834-14,010-5314-8038,등산
5840,신시헌,68,부산광역시 기장군 657-14,010-6581-2147,영화 제작
5841,최소율,35,세종특별자치시 도담동 273-57,010-2367-1365,스포츠 카드 수집
5842,이시헌,36,경상남도 통영시 639-79,010-8461-1015,스크래치 프로그램 만들기
5843,윤호철,41,부산광역시 금정구 846-24,010-5242-7830,모바일 게임 개발
5844,조성호,21,세종특별자치시 조치원읍 94-34,010-1038-4518,영화감상
5845,박나윤,75,서울특별시 관악구 976-10,010-7074-3839,시뮬레이션 게임
5846,조주영,48,광주광역시 광산구 732-26,010-8283-6382,유튜브 보기
5847,홍만수,66,서울특별시 구로구 182-5,010-5349-6543,스트리밍
5848,홍정호,68,경상남도 거제시 593-13,010-9829-2525,자전거 타기
5849,이선자,70,대구광역시 북구 516-22,010-6845-4611,유튜브 보기
5850,장태윤,28,경기도 광주시 386-82,010-1157-1341,수영
5851,정영일,45,광주광역시 광산구 920-55,010-7090-7316,플로리스트
5852,강태현,76,강원도 동해시 121-42,010-2339-2470,모바일 촬영
5853,안정희,57,경기도 용인시 처인구 160-8,010-6633-8342,드로잉
5854,장성호,69,경기도 용인시 기흥구 114-86,010-6131-8532,영화감상
5855,전하진,38,부산광역시 북구 830-41,010-6072-7374,영화 제작
5856,전진호,41,전라남도 여수시 861-8,010-2400-9405,운동
5857,오상민,38,서울특별시 성동구 567-38,010-3832-8502,배드민턴
5858,한하진,25,전라남도 여수시 598-16,010-1640-6255,수영
5859,한소율,31,김해시 장유동 133-61,010-7746-8827,등산
5860,안호철,54,경상북도 경주시 752-57,010-1648-6848,명상
5861,이철수,34,대전광역시 유성구 240-62,010-6860-2186,수영
5862,송윤서,29,전라남도 순천시 66-56,010-5257-9888,스포츠 카드 수집
5863,박철수,61,경기도 광주시 820-20,010-6229-3440,사진편집
5864,박정숙,43,대전광역시 서구 174-23,010-2150-3791,사진촬영
5865,조하윤,33,부산광역시 강서구 752-94,010-8040-1934,여행
5866,김하진,48,대구광역시 서구 202-91,010-6455-9806,일기 쓰기
5867,신예준,66,대전광역시 동구 274-42,010-4537-5348,자전거 타기
5868,한정우,43,서울특별시 금천구 426-26,010-1921-6069,웹툰 그리기
5869,한민준,27,부산광역시 서구 479-53,010-6022-8348,카페 투어
5870,강지원,50,제주시 연동 591-0,010-9647-4419,요가
5871,안영호,45,울산광역시 북구 291-14,010-9805-9255,헬스
5872,오세호,49,세종특별자치시 아름동 210-78,010-7213-4819,요리
5873,서예린,33,전라북도 전주시 756-34,010-2890-4394,낚시
5874,박진호,29,서울특별시 양천구 746-51,010-9353-2841,미술관 관람
5875,서병호,62,대구광역시 동구 852-86,010-5159-6002,도예
5876,황서진,53,전라북도 익산시 340-18,010-4540-9366,보드게임
5877,김하윤,69,경기도 성남시 분당구 783-12,010-5206-1137,벽화 그리기
5878,오하진,62,제주시 노형동 916-19,010-3160-3725,자원봉사
5879,권시헌,50,충청남도 아산시 554-20,010-5580-7591,골프
5880,황서진,22,서울특별시 영등포구 321-76,010-4653-7990,디지털 일러스트
5881,정정우,66,강원도 강릉시 813-45,010-1679-4987,디지털 일러스트
5882,송예린,32,충청북도 충주시 530-82,010-2552-7496,캔들 만들기
5883,이준서,55,울산광역시 울주군 23-15,010-3971-2171,벽화 그리기
5884,안순영,22,대구광역시 수성구 201-33,010-8149-7137,보드게임
5885,송태수,32,서울특별시 용산구 540-69,010-7615-5217,사진편집
5886,신호철,32,경기도 안산시 상록구 270-34,010-5573-3667,여행
5887,윤시윤,44,경상남도 거제시 655-95,010-2695-6370,요리
5888,오명숙,74,부산광역시 서구 534-38,010-8852-5960,수채화 그리기
5889,조정숙,26,서울특별시 서초구 802-68,010-3699-3618,배우기
5890,박서연,61,서울특별시 강북구 430-74,010-6339-2274,벽화 그리기
5891,윤우진,77,대전광역시 유성구 987-8,010-6926-1635,도예
5892,안지민,22,부산광역시 수영구 479-61,010-8570-2562,보드게임
5893,안연희,40,전라북도 전주시 962-1,010-1423-6967,뜨개질
5894,정시윤,74,서울특별시 노원구 160-4,010-2345-9091,필라테스
5895,조영일,28,강원도 춘천시 437-79,010-2949-2508,코딩
5896,한태윤,34,광주광역시 서구 453-68,010-7748-2343,스트리밍
5897,신주원,28,경기도 광명시 232-73,010-1992-3205,헬스
5898,조영수,64,부천시 원미구 중동 631-1,010-9754-2120,캘리그라피
5899,박현우,22,서울특별시 노원구 125-23,010-7054-6112,보드게임
5900,강병호,54,경기도 화성시 165-57,010-9760-5295,모바일 촬영
5901,조희정,47,제주시 노형동 729-44,010-2121-1931,캔들 만들기
5902,신정자,22,강원도 춘천시 154-85,010-9998-7266,디지털 콘텐츠 제작
5903,강진호,22,울산광역시 동구 113-8,010-8547-2696,영화 제작
5904,장영자,67,강원도 춘천시 862-64,010-6176-9315,비즈 공예
5905,김지우,73,경상남도 양산시 135-33,010-8568-1831,플라워 아트
5906,박상호,49,서울특별시 서대문구 254-57,010-4462-7600,피크닉
5907,최은채,42,울산광역시 중구 994-2,010-4660-5359,퍼즐 맞추기
5908,전태현,48,서울특별시 성동구 814-75,010-2381-1115,플라워 아트
5909,윤세호,50,서울특별시 중구 923-25,010-5475-2979,수영
5910,이혜숙,33,경상남도 사천시 955-30,010-4622-2191,모바일 촬영
5911,안수아,54,울산광역시 중구 325-4,010-9054-6273,시뮬레이션 게임
5912,정준서,56,경상남도 밀양시 634-55,010-9842-6609,모바일 촬영
5913,김태윤,22,충청북도 진천군 655-72,010-6214-6068,웹서핑
5914,서세아,49,서울특별시 마포구 678-17,010-6318-9635,디지털 아트
5915,한영호,50,대전광역시 중구 262-55,010-1390-7902,낚시
5916,장경자,44,경기도 수원시 장안구 909-24,010-8556-3436,모바일 게임 개발
5917,최준호,71,서울특별시 중랑구 276-43,010-9224-9173,VR 게임
5918,송서진,71,서울특별시 동작구 982-18,010-8827-7758,패션
5919,이다온,56,강원도 춘천시 910-69,010-9574-2826,보드게임
5920,홍춘희,35,강원도 태백시 122-88,010-5551-2457,헬로윈 파티 준비
5921,권태윤,60,서울특별시 노원구 542-25,010-2438-3633,애니메이션 제작
5922,신하연,56,충청남도 논산시 979-42,010-3507-2263,수채화 그리기
5923,강예은,25,충청북도 청주시 308-51,010-9925-4791,DIY
5924,홍명훈,40,강원도 강릉시 507-71,010-1260-5294,수채화 그리기
5925,안광호,34,부산광역시 서구 102-73,010-1926-8751,모바일 게임 개발
5926,김건우,48,경상남도 밀양시 645-31,010-3975-9253,수채화 그리기
5927,윤재영,58,충청남도 공주시 972-59,010-3957-1095,배우기
5928,황춘자,21,강원도 강릉시 873-41,010-9905-3559,스포츠 카드 수집
5929,윤종순,23,부산광역시 기장군 741-58,010-6768-6130,독서
5930,김하연,61,경기도 평택시 448-17,010-2461-9637,퍼즐 맞추기
5931,정현서,46,서울특별시 은평구 745-74,010-2240-8532,자전거 타기
5932,안진호,77,경상남도 통영시 795-78,010-4801-1902,영화 제작
5933,박희정,65,서울특별시 구로구 946-36,010-5529-8792,요가
5934,안성자,40,인천광역시 부평구 924-60,010-9413-1410,캔들 만들기
5935,조상민,54,경상남도 창녕군 641-34,010-3572-4529,배우기
5936,이종수,39,대구광역시 남구 629-82,010-3724-7597,등산
5937,윤광호,60,부산광역시 기장군 282-92,010-1058-6130,필라테스
5938,윤찬우,65,대전광역시 중구 825-30,010-5419-2212,스트리트 댄스
5939,김유하,65,충청북도 청주시 238-84,010-5952-9557,요리
5940,이종수,28,인천광역시 중구 143-74,010-6937-3439,생활 해킹
5941,박진호,21,전라남도 광양시 123-63,010-6423-1388,디지털 콘텐츠 제작
5942,이지한,41,대구광역시 중구 253-51,010-1502-4940,골프
5943,서하윤,21,서울특별시 영등포구 939-18,010-5774-8014,사진촬영
5944,최동수,45,경상북도 구미시 25-63,010-1867-2623,모바일 게임 개발
5945,한철수,42,성남시 분당구 정자동 68-13,010-5274-3646,수영
5946,이채원,56,대전광역시 동구 27-88,010-3383-3933,테니스
5947,권소율,74,부산광역시 사상구 612-56,010-3538-2819,배우기
5948,윤재영,39,부산광역시 북구 256-69,010-5248-3496,봉사활동
5949,신경수,48,부산광역시 부산진구 150-47,010-7346-6132,요리
5950,안민서,56,부천시 원미구 중동 86-90,010-3581-8701,스트리밍
5951,황연희,49,대구광역시 서구 551-27,010-3866-4686,캔들 만들기
5952,오진호,75,서울특별시 영등포구 199-49,010-3448-1230,디지털 아트
5953,박재훈,64,부천시 상동 171-60,010-5232-2330,음악감상
5954,송경수,27,대전광역시 서구 171-68,010-8255-1149,봉사활동
5955,한형민,40,부산광역시 북구 74-10,010-7344-6457,모바일 촬영
5956,안서아,29,제주시 신제주 625-8,010-5213-3980,플로리스트
5957,정철수,70,서울특별시 노원구 698-80,010-5866-3851,웹툰 그리기
5958,송로운,51,충청북도 충주시 387-26,010-3043-6662,영화감상
5959,안영일,72,부산광역시 연제구 884-93,010-9461-2391,마인드맵 만들기
5960,권종순,54,서울특별시 동대문구 289-84,010-8943-8902,마인드맵 만들기
5961,강지후,77,경기도 수원시 장안구 621-18,010-9266-4907,캔들 만들기
5962,송선자,40,경기도 안산시 상록구 108-10,010-5062-8622,모바일 게임 개발
5963,조지호,34,서울특별시 강북구 524-26,010-5528-6574,펜팔
5964,임지우,53,제주시 오라동 890-46,010-2771-1896,콜라주 아트
5965,조수빈,23,성남시 분당구 정자동 628-82,010-4400-8522,퍼즐 맞추기
5966,이희정,54,세종특별자치시 조치원읍 202-22,010-9564-4795,비즈 공예
5967,신주원,59,경기도 고양시 덕양구 239-81,010-7631-7315,봉사활동
5968,박재훈,60,대전광역시 서구 842-5,010-3508-3376,필라테스
5969,강주원,56,부산광역시 해운대구 695-75,010-7230-1403,스트리밍
5970,장예린,69,경기도 화성시 648-38,010-3817-9006,영화 제작
5971,강하윤,30,인천광역시 부평구 179-52,010-3491-2797,로봇 공학
5972,이준서,76,경상남도 통영시 879-87,010-2825-5841,음악감상
5973,임서연,56,부산광역시 북구 332-14,010-5196-4125,플로리스트
5974,강은숙,33,부산광역시 동구 537-67,010-9904-6459,뜨개질
5975,윤기석,36,대구광역시 북구 70-76,010-2225-8005,벽화 그리기
5976,정재영,61,서울특별시 서대문구 512-74,010-4200-4417,DIY
5977,임예은,38,부산광역시 동래구 506-94,010-5132-1865,모바일 촬영
5978,임영수,62,강원도 춘천시 93-35,010-5259-9743,모바일 촬영
5979,강태현,54,광주광역시 북구 473-95,010-1784-2317,스키
5980,정민서,78,강원도 동해시 372-35,010-4226-3972,보드게임
5981,장영자,66,세종특별자치시 조치원읍 169-73,010-8007-3516,봉사활동
5982,박우진,36,전라남도 광양시 141-93,010-2258-6953,퍼즐 맞추기
5983,강경수,52,강원도 강릉시 954-78,010-2990-3895,패션
5984,한정자,23,부산광역시 사상구 664-70,010-4656-4832,모바일 촬영
5985,임나윤,63,서울특별시 성동구 500-44,010-6641-1846,뜨개질
5986,이나윤,38,인천광역시 동구 853-39,010-2281-9429,피크닉
5987,조세아,65,충청북도 청주시 92-96,010-4655-1641,스트리트 댄스
5988,신채원,40,부산광역시 강서구 349-1,010-5237-6691,자원봉사
5989,이윤서,69,인천광역시 연수구 15-94,010-6801-5011,웹서핑
5990,최옥희,23,인천광역시 남동구 377-60,010-6789-3702,캔들 만들기
5991,장서준,73,서울특별시 도봉구 58-72,010-7767-3982,배우기
5992,전태수,39,경기도 오산시 882-2,010-4645-8516,보드게임
5993,홍재영,53,서울특별시 강남구 439-41,010-5597-1393,봉사활동
5994,장지우,69,서울특별시 마포구 191-85,010-1398-1747,음악감상
5995,박말옥,24,대전광역시 동구 674-3,010-8686-7520,생활 해킹
5996,김영수,65,경기도 용인시 수지구 144-34,010-5710-4119,명상
5997,오예은,50,부산광역시 금정구 294-12,010-5325-2915,퍼즐 맞추기
5998,강준서,38,서울특별시 서초구 805-54,010-6626-6852,캔들 만들기
5999,송시윤,54,용인시 수지구 풍덕천동 897-83,010-3572-6308,시뮬레이션 게임
6000,권예은,74,대구광역시 남구 765-59,010-6101-9580,여행
6001,서하은,38,강원도 원주시 498-66,010-9173-4580,뜨개질
6002,송정숙,37,서울특별시 동대문구 835-82,010-6760-7950,디지털 아트
6003,오순영,74,인천광역시 서구 432-17,010-4071-3822,카페 투어
6004,신영희,69,강원도 강릉시 899-0,010-8508-8657,디지털 일러스트
6005,안재호,58,서울특별시 도봉구 527-34,010-9768-6990,로봇 공학
6006,최성민,46,경상남도 창원시 462-42,010-8363-6188,골프
6007,신현우,50,경상남도 창원시 12-37,010-5226-2294,드로잉
6008,전하윤,57,부산광역시 연제구 236-19,010-2633-5125,게임 방송
6009,이정자,66,서울특별시 강북구 251-70,010-3970-9989,독서
6010,권민서,72,부산광역시 기장군 320-31,010-7345-4752,콜라주 아트
6011,권하람,50,경기도 용인시 처인구 270-46,010-2367-5561,테니스
6012,안정우,41,서울특별시 관악구 717-94,010-1033-9119,코딩
6013,권말자,69,경기도 의정부시 966-87,010-4294-5791,스크래치 프로그램 만들기
6014,오정자,70,경상남도 김해시 431-52,010-9252-7226,디지털 콘텐츠 제작
6015,한순영,48,경기도 광명시 921-82,010-4151-4788,피크닉
6016,임도윤,21,충청남도 공주시 941-63,010-4981-3800,사진편집
6017,김만수,51,서울특별시 노원구 763-73,010-9744-2973,디지털 콘텐츠 제작
6018,신순자,32,전라남도 나주시는 603-73,010-5167-6774,피크닉
6019,조예준,33,대구광역시 북구 792-22,010-6737-1893,배드민턴
6020,오말자,22,충청남도 공주시 116-89,010-5917-2797,자원봉사
6021,신지한,56,경기도 수원시 팔달구 139-59,010-6589-9783,일기 쓰기
6022,최다온,28,광주광역시 동구 930-93,010-6116-4476,게임
6023,전나윤,51,울산광역시 동구 0-23,010-3664-2916,등산
6024,서재훈,72,부산광역시 서구 156-54,010-9188-4993,명상
6025,서세아,28,전라북도 전주시 785-43,010-1089-9028,스트리트 댄스
6026,박지후,44,경기도 성남시 수정구 804-83,010-1661-9787,사진촬영
6027,황남수,37,부산광역시 중구 230-26,010-5425-4961,VR 게임
6028,홍나윤,73,서울특별시 강북구 377-18,010-5203-6009,테니스
6029,윤남수,27,세종특별자치시 조치원읍 887-25,010-5887-9497,스키
6030,한현진,49,경상남도 양산시 84-22,010-6744-9574,애니메이션 제작
6031,황명숙,42,부산광역시 동래구 231-23,010-6196-9158,여행
6032,박찬우,25,광주광역시 동구 584-38,010-2545-6585,피크닉
6033,강다은,74,부산광역시 부산진구 837-68,010-4655-4243,스크래치 프로그램 만들기
6034,한은숙,68,충청북도 청주시 824-0,010-4544-5419,뜨개질
6035,신옥희,60,울산광역시 남구 244-87,010-4889-7992,테니스
6036,전주영,57,부산광역시 연제구 604-7,010-8226-1822,영화감상
6037,정은숙,79,전라북도 군산시 709-54,010-6181-9983,스트리트 댄스
6038,권지민,68,경상남도 밀양시 5-26,010-8457-6433,영화감상
6039,한순자,60,경기도 파주시 886-6,010-5311-4393,독서
6040,한민수,56,부산광역시 서구 266-91,010-2263-7100,보드게임
6041,한예린,42,서울특별시 도봉구 204-13,010-5261-6401,비즈 공예
6042,임명자,77,전라남도 여수시 877-82,010-3698-7129,플라워 아트
6043,한지율,67,경기도 성남시 분당구 650-78,010-1936-3801,요리
6044,박민수,36,서울특별시 구로구 474-33,010-1293-6331,사진편집
6045,한은숙,29,부산광역시 남구 198-23,010-3359-3619,사진촬영
6046,서말순,68,제주시 아라동 766-72,010-2225-3719,시뮬레이션 게임
6047,오은채,22,대전광역시 유성구 882-44,010-8816-2861,집콕 놀이
6048,서다온,56,경상남도 창녕군 979-96,010-6161-1116,헬스
6049,권창수,41,경상남도 통영시 622-62,010-6303-6551,비즈 공예
6050,신지원,39,대구광역시 달성군 921-23,010-8154-8265,비즈 공예
6051,황춘희,67,서울특별시 중랑구 831-94,010-5646-5775,사진편집
6052,이하윤,62,인천광역시 계양구 690-22,010-7148-4033,플로리스트
6053,전말옥,73,부산광역시 사상구 784-92,010-4988-5151,영화 제작
6054,최윤호,37,강원도 태백시 888-68,010-3737-1880,웹툰 그리기
6055,홍진호,59,인천광역시 연수구 444-28,010-8739-7935,스트리밍
6056,서승호,75,전라남도 나주시는 939-64,010-1443-6909,헬로윈 파티 준비
6057,서정순,47,전라남도 목포시 477-57,010-1286-4604,캔들 만들기
6058,임현서,21,부산광역시 남구 181-81,010-5698-4695,사진촬영
6059,장춘희,52,대구광역시 북구 254-16,010-1098-3266,보드게임
6060,오연희,34,서울특별시 구로구 933-88,010-3609-6840,애니메이션 제작
6061,임광호,24,강원도 속초시 378-90,010-7344-6837,모바일 촬영
6062,신지율,79,서울특별시 관악구 310-75,010-1566-4441,디지털 콘텐츠 제작
6063,이영수,48,경상남도 사천시 681-26,010-9399-7513,사진촬영
6064,송서준,30,전라남도 순천시 409-89,010-2039-5215,자원봉사
6065,권정자,77,부천시 원미구 중동 887-11,010-6429-6330,애니메이션 제작
6066,오순자,68,경상북도 김천시 378-61,010-4816-1430,비즈 공예
6067,송민준,20,충청남도 논산시 481-69,010-2556-9908,게임
6068,안찬우,22,제주시 노형동 920-12,010-5299-7338,카페 투어
6069,장순영,43,서울특별시 종로구 904-76,010-2841-4376,낚시
6070,한예준,63,제주시 연동 869-54,010-4728-8679,수영
6071,권병호,53,경기도 평택시 442-35,010-5577-6743,카페 투어
6072,윤명훈,47,경기도 광주시 993-42,010-6505-4607,스포츠 카드 수집
6073,송준호,78,광주광역시 남구 894-18,010-4390-4838,카페 투어
6074,강명자,72,경기도 안산시 상록구 661-33,010-6422-8145,스트리트 댄스
6075,권정우,45,전라남도 순천시 889-62,010-5546-4828,퍼즐 맞추기
6076,최도윤,32,용인시 수지구 풍덕천동 550-41,010-5943-6759,모바일 촬영
6077,조춘식,22,용인시 수지구 풍덕천동 347-86,010-7722-6633,모바일 촬영
6078,최순자,32,부산광역시 연제구 481-50,010-1578-5728,코딩
6079,송연희,78,인천광역시 부평구 488-15,010-1471-2075,여행
6080,강하람,56,김해시 장유동 650-98,010-3628-8982,등산
6081,오동수,42,경기도 시흥시 762-50,010-6293-5612,음악감상
6082,이상민,41,경상북도 구미시 433-78,010-2530-4622,스트리트 댄스
6083,오정숙,48,제주시 이도이동 290-18,010-5775-6462,보드게임
6084,김혜숙,32,경기도 화성시 562-56,010-6674-9199,유튜브 보기
6085,정소율,22,충청남도 논산시 492-77,010-4288-2139,코딩
6086,정명훈,60,대구광역시 수성구 617-11,010-6565-7835,플라워 아트
6087,오찬우,43,세종특별자치시 아름동 352-12,010-6062-7409,책 클럽
6088,신정순,70,서울특별시 양천구 390-14,010-7978-8288,보드게임
6089,안예준,22,경기도 고양시 덕양구 756-38,010-2947-5337,콜라주 아트
6090,권옥희,71,부산광역시 수영구 276-84,010-6943-8598,자전거 타기
6091,김광호,39,서울특별시 용산구 34-89,010-9464-1417,플라워 아트
6092,전명훈,71,부산광역시 영도구 687-42,010-6904-7715,애니메이션 제작
6093,한재영,63,울산광역시 중구 962-54,010-4479-1471,패션
6094,홍태윤,52,부산광역시 사하구 479-51,010-4244-4492,생활 해킹
6095,김정우,75,경상남도 통영시 911-69,010-8796-8644,테니스
6096,장정우,60,경기도 광주시 476-21,010-1712-1046,DIY
6097,박정숙,73,세종특별자치시 도담동 244-40,010-9461-3895,책 클럽
6098,장복희,31,울산광역시 중구 584-71,010-5578-1174,마인드맵 만들기
6099,박태수,44,서울특별시 영등포구 435-66,010-5318-8480,요가
6100,박채은,43,서울특별시 성동구 302-25,010-1592-6572,애니메이션 제작
6101,임재영,74,경상남도 통영시 363-74,010-4222-3640,미술관 관람
6102,오명자,59,서울특별시 영등포구 84-45,010-7457-8281,수채화 그리기
6103,조하연,42,인천광역시 동구 447-23,010-1143-7711,패션
6104,전옥희,36,대전광역시 동구 336-81,010-2775-9429,모바일 게임 개발
6105,이지율,43,경기도 군포시 78-2,010-2723-2924,펜팔
6106,한시윤,68,부산광역시 남구 89-56,010-5045-4945,캔들 만들기
6107,조경자,55,부산광역시 금정구 487-60,010-2894-2747,요가
6108,강복자,60,부천시 상동 778-24,010-6157-1458,필라테스
6109,전다은,32,서울특별시 강서구 920-58,010-3734-3504,웹서핑
6110,신춘희,67,서울특별시 용산구 436-60,010-1679-6271,미술관 관람
6111,최창수,79,경상남도 김해시 15-91,010-6164-6549,명상
6112,황서연,54,부천시 상동 155-57,010-5204-1276,뜨개질
6113,정영수,24,강원도 춘천시 892-96,010-7674-2235,펜팔
6114,신정자,39,서울특별시 성북구 486-59,010-2007-7204,게임
6115,장시헌,56,전라남도 목포시 272-93,010-1228-2139,카페 투어
6116,최주영,56,경기도 고양시 일산동구 146-60,010-1479-9927,모바일 게임 개발
6117,송진숙,77,서울특별시 강서구 422-78,010-7912-6970,피크닉
6118,윤재훈,31,부천시 원미구 중동 806-31,010-1246-8285,골프
6119,한민서,75,서울특별시 용산구 904-47,010-6033-3938,헬스
6120,장현진,25,대구광역시 수성구 984-41,010-4753-3370,미술관 관람
6121,전순희,53,경기도 광주시 889-65,010-6283-1490,요리
6122,한창수,27,충청북도 진천군 370-38,010-6482-7729,여행
6123,임복자,34,경기도 평택시 480-59,010-5156-6641,캠핑
6124,김상호,40,울산광역시 울주군 231-87,010-8072-8338,미술관 관람
6125,송말옥,38,인천광역시 중구 258-29,010-5444-4134,스트리밍
6126,장말옥,59,강원도 원주시 314-67,010-5130-6487,일기 쓰기
6127,안종순,44,경기도 시흥시 811-73,010-6796-7751,플라워 아트
6128,전춘식,35,서울특별시 강서구 948-1,010-7850-2798,캘리그라피
6129,한태수,48,서울특별시 마포구 732-30,010-3169-7347,DIY
6130,조준호,38,부산광역시 강서구 254-69,010-4180-9948,게임 방송
6131,한현진,58,대구광역시 달서구 28-76,010-8599-9471,플로리스트
6132,신영호,25,서울특별시 용산구 522-70,010-6512-7189,테니스
6133,전정희,32,부산광역시 기장군 961-92,010-7627-6057,DIY
6134,신연희,36,서울특별시 강남구 802-1,010-5964-8773,미술관 관람
6135,강희정,31,서울특별시 종로구 101-17,010-3617-5826,등산
6136,황예린,57,경기도 고양시 덕양구 535-78,010-8881-4029,플로리스트
6137,윤다온,75,서울특별시 강북구 333-3,010-8310-3403,콜라주 아트
6138,오명자,34,충청남도 천안시 902-65,010-3911-2385,자원봉사
6139,정경자,46,울산광역시 남구 368-34,010-1084-2436,디지털 일러스트
6140,정하연,73,울산광역시 중구 718-92,010-5730-7782,요가
6141,임명자,35,성남시 분당구 정자동 650-89,010-6581-1874,애니메이션 제작
6142,윤민수,37,인천광역시 미추홀구 413-65,010-2935-2618,웹툰 그리기
6143,윤주아,26,서울특별시 강동구 168-23,010-3664-1867,수영
6144,장주아,21,대구광역시 중구 415-22,010-9179-8632,일기 쓰기
6145,김순영,53,인천광역시 남동구 350-83,010-6086-2926,캔들 만들기
6146,한영일,65,서울특별시 영등포구 358-24,010-1649-8780,뜨개질
6147,정서아,38,부산광역시 서구 309-20,010-9980-6837,자전거 타기
6148,황지원,43,충청남도 논산시 980-11,010-4396-2217,배우기
6149,오서진,32,강원도 삼척시 365-26,010-3812-8141,집콕 놀이
6150,박현철,43,광주광역시 북구 273-25,010-7468-8197,드로잉
6151,장병호,38,충청남도 공주시 912-54,010-6005-3512,게임
6152,김예준,62,인천광역시 서구 331-48,010-8961-7843,수영
6153,이성자,57,전라남도 여수시 768-39,010-2715-5752,모바일 촬영
6154,최하람,62,강원도 태백시 72-19,010-5452-2495,플라워 아트
6155,송윤서,34,서울특별시 노원구 332-34,010-7213-6007,스키
6156,정우진,58,광주광역시 서구 87-41,010-1178-1245,사진촬영
6157,박은우,27,전라남도 순천시 511-4,010-8687-7140,테니스
6158,김시헌,50,충청북도 진천군 263-29,010-6383-1747,보드게임
6159,송숙자,78,경기도 수원시 팔달구 298-9,010-6830-5266,배우기
6160,안호철,76,충청남도 천안시 909-57,010-4976-6479,웹툰 그리기
6161,서하윤,24,전라남도 목포시 198-71,010-9951-7749,스트리밍
6162,최하람,57,전라남도 순천시 127-30,010-5631-5456,비즈 공예
6163,황말옥,46,대전광역시 중구 200-97,010-7928-2414,헬스
6164,안춘자,22,경기도 수원시 팔달구 885-79,010-3548-3219,캠핑
6165,황주원,61,경기도 평택시 802-49,010-2495-2569,비즈 공예
6166,서민서,77,서울특별시 구로구 902-9,010-6000-1787,뜨개질
6167,박현우,31,전라남도 여수시 21-10,010-1169-2310,일기 쓰기
6168,이지원,25,부산광역시 기장군 760-65,010-6096-1321,미술관 관람
6169,송진숙,23,제주시 아라동 264-84,010-8182-2603,웹서핑
6170,오하진,30,경기도 안산시 단원구 973-4,010-6019-2192,애니메이션 제작
6171,황하진,37,경상북도 김천시 281-43,010-4091-6625,캔들 만들기
6172,조하람,69,제주시 노형동 851-67,010-3763-5682,마인드맵 만들기
6173,박수아,63,광주광역시 동구 893-4,010-9511-3885,캘리그라피
6174,황숙자,34,경기도 안산시 상록구 125-12,010-7419-3905,헬스
6175,윤진호,38,울산광역시 북구 73-97,010-5299-1469,운동
6176,신춘자,25,세종특별자치시 한솔동 280-96,010-5000-2129,게임
6177,오만수,44,강원도 동해시 293-16,010-3153-7771,수채화 그리기
6178,한윤서,38,서울특별시 중랑구 49-62,010-2335-1525,미술관 관람
6179,신정숙,67,서울특별시 강남구 158-90,010-7648-3596,웹서핑
6180,안종순,32,세종특별자치시 한솔동 929-94,010-8800-2598,사진촬영
6181,박정희,65,인천광역시 남동구 133-22,010-8075-9884,자원봉사
6182,홍말옥,27,대전광역시 동구 756-72,010-7353-7796,콜라주 아트
6183,임은우,65,전라북도 군산시 8-0,010-6193-2589,웹서핑
6184,권상호,51,서울특별시 마포구 757-93,010-5185-4147,사진촬영
6185,조태현,48,경기도 의정부시 108-79,010-5116-3163,게임
6186,오승호,45,경상남도 창녕군 311-40,010-6181-8177,독서
6187,임예은,75,강원도 홍천군 948-21,010-3852-9597,코딩
6188,홍은채,76,인천광역시 남동구 699-28,010-3293-5268,여행
6189,한태수,73,경상남도 김해시 990-37,010-4792-4463,보드게임
6190,홍춘희,51,대구광역시 서구 695-24,010-5365-6384,뜨개질
6191,강태수,62,대구광역시 달서구 910-89,010-4355-2478,스크래치 프로그램 만들기
6192,조서아,26,서울특별시 강남구 572-73,010-2231-3242,등산
6193,박태수,51,서울특별시 종로구 715-80,010-4889-1983,마인드맵 만들기
6194,서준서,79,경상남도 거제시 666-59,010-5291-3345,디지털 일러스트
6195,전하람,57,대전광역시 유성구 919-23,010-4009-5623,모바일 촬영
6196,서태현,37,경기도 의정부시 219-91,010-4962-8527,모바일 게임 개발
6197,안지한,25,서울특별시 서초구 209-33,010-2028-4929,음악감상
6198,서동수,75,서울특별시 서대문구 587-41,010-1359-4444,스키
6199,송진숙,62,전라남도 순천시 856-41,010-4220-4317,테니스
6200,송지후,69,성남시 분당구 정자동 702-30,010-6084-7968,보드게임
6201,조현우,48,강원도 홍천군 899-26,010-4354-4507,캘리그라피
6202,안순영,72,서울특별시 서초구 95-50,010-1490-6199,요가
6203,전수아,45,충청북도 진천군 200-40,010-6300-1818,명상
6204,김정희,46,경상북도 포항시 385-80,010-4370-7174,필라테스
6205,전하율,44,광주광역시 남구 634-94,010-1138-6186,디지털 아트
6206,윤로운,74,광주광역시 북구 403-29,010-4548-3685,디지털 사진 전시
6207,김세아,48,전라북도 전주시 883-57,010-8652-5332,일기 쓰기
6208,송도윤,67,부산광역시 서구 724-50,010-6044-1295,모바일 촬영
6209,박하진,72,인천광역시 동구 109-17,010-7180-9747,보드게임
6210,한진호,76,인천광역시 계양구 83-1,010-2906-7256,도예
6211,서다빈,46,전라남도 목포시 797-0,010-5255-6072,디지털 일러스트
6212,임채은,35,경기도 화성시 983-5,010-3380-7500,보드게임
6213,안명훈,34,서울특별시 강북구 765-41,010-5855-1935,자원봉사
6214,송재호,49,부산광역시 서구 924-37,010-7059-1865,봉사활동
6215,정소율,56,부산광역시 사하구 451-95,010-5999-1016,헬로윈 파티 준비
6216,강하율,47,제주시 연동 718-94,010-1937-5867,책 클럽
6217,홍은채,43,서울특별시 광진구 851-31,010-2110-8347,여행
6218,서하람,71,부산광역시 수영구 744-47,010-4581-9230,사진편집
6219,송형민,40,인천광역시 중구 520-24,010-4624-4106,퍼즐 맞추기
6220,이다은,50,서울특별시 성동구 239-81,010-4874-1143,캔들 만들기
6221,서예린,67,경기도 광주시 392-58,010-4872-1888,독서
6222,조유진,35,부산광역시 영도구 111-25,010-6170-2229,드로잉
6223,장진숙,44,서울특별시 강동구 413-79,010-4851-2674,디지털 콘텐츠 제작
6224,전영수,57,경기도 의정부시 72-0,010-8225-1757,영화감상
6225,윤하윤,60,서울특별시 구로구 782-92,010-5046-9351,봉사활동
6226,이세아,54,경기도 화성시 657-3,010-3639-1367,웹툰 그리기
6227,홍지한,23,용인시 수지구 풍덕천동 181-43,010-5953-5025,배우기
6228,안지우,55,강원도 강릉시 872-57,010-9332-6041,보드게임
6229,강다빈,73,부천시 원미구 중동 532-8,010-2561-2088,VR 게임
6230,송영수,34,서울특별시 영등포구 385-56,010-8031-2120,봉사활동
6231,최민서,26,서울특별시 동대문구 478-97,010-2989-3695,로봇 공학
6232,권미영,36,서울특별시 마포구 978-19,010-1971-4546,콜라주 아트
6233,오성자,68,경기도 광명시 94-35,010-8756-3452,디지털 일러스트
6234,장지후,56,경상남도 진주시 786-20,010-1028-5949,피크닉
6235,조세호,37,부산광역시 기장군 125-80,010-4038-5829,모바일 게임 개발
6236,강미영,32,경상남도 양산시 454-70,010-6974-1642,스크래치 프로그램 만들기
6237,서창수,23,경상남도 김해시 476-30,010-2143-3857,웹툰 그리기
6238,권정순,40,경기도 고양시 일산동구 610-33,010-6632-4837,요리
6239,신복희,71,경상남도 창원시 376-85,010-9100-2752,마인드맵 만들기
6240,송선자,70,부천시 원미구 중동 46-5,010-1382-7873,디지털 사진 전시
6241,정순자,67,경상남도 창원시 407-36,010-2221-4413,콜라주 아트
6242,오병호,77,제주시 아라동 309-98,010-2250-5428,플라워 아트
6243,임주아,64,부산광역시 금정구 635-34,010-7466-3394,자원봉사
6244,한정우,61,경상북도 경주시 56-48,010-5598-3652,수영
6245,윤서진,70,서울특별시 광진구 925-33,010-2135-5230,캠핑
6246,황유진,79,부산광역시 북구 167-66,010-4715-1677,집콕 놀이
6247,박만수,29,부산광역시 영도구 525-3,010-5148-3874,운동
6248,오춘희,59,서울특별시 노원구 595-30,010-4658-8105,영화 제작
6249,강준서,71,광주광역시 북구 366-59,010-1233-4352,사진촬영
6250,서성호,59,서울특별시 금천구 154-22,010-1683-1751,벽화 그리기
6251,장민수,34,경상북도 김천시 255-44,010-5562-2470,디지털 콘텐츠 제작
6252,이연희,52,충청남도 논산시 401-50,010-4616-4902,영화 제작
6253,서현서,59,세종특별자치시 조치원읍 35-71,010-5709-6863,디지털 일러스트
6254,강동수,78,인천광역시 동구 729-88,010-1631-7443,웹툰 그리기
6255,최소율,35,경상남도 김해시 597-87,010-3285-3534,스키
6256,홍도윤,26,전라남도 순천시 470-38,010-4725-5841,마인드맵 만들기
6257,정찬우,35,울산광역시 남구 721-67,010-7166-4206,디지털 일러스트
6258,황정숙,20,서울특별시 서대문구 614-35,010-3741-8916,드로잉
6259,강지후,59,서울특별시 송파구 402-44,010-4976-9556,일기 쓰기
6260,이수빈,39,서울특별시 종로구 923-38,010-1546-4290,명상
6261,안현진,71,강원도 평창군 551-4,010-5494-1272,애니메이션 제작
6262,안하연,58,대전광역시 대덕구 350-91,010-6281-7518,비즈 공예
6263,황준서,60,서울특별시 용산구 382-14,010-4178-1450,카페 투어
6264,이영희,74,울산광역시 중구 731-42,010-5047-7151,필라테스
6265,임상호,53,광주광역시 북구 326-36,010-3299-2126,요리
6266,전현서,45,경상북도 안동시 889-59,010-4993-4627,게임
6267,윤종수,38,서울특별시 강북구 480-10,010-5970-8020,카페 투어
6268,박은채,65,울산광역시 울주군 916-87,010-5616-1534,책 클럽
6269,서민서,50,서울특별시 관악구 255-46,010-1574-3786,집콕 놀이
6270,김수빈,41,경상북도 포항시 30-23,010-1791-8034,게임 방송
6271,안서연,56,경기도 광명시 354-18,010-9506-3023,사진편집
6272,임말순,78,서울특별시 중랑구 866-49,010-4014-5825,스트리밍
6273,신철수,56,광주광역시 동구 424-42,010-9245-3987,운동
6274,윤시헌,34,대구광역시 중구 505-49,010-1143-1906,보드게임
6275,정동수,24,경상북도 안동시 300-79,010-6121-3073,테니스
6276,안시헌,45,경상남도 통영시 386-39,010-7000-6615,패션
6277,강기석,33,광주광역시 서구 103-16,010-9499-1744,모바일 게임 개발
6278,최만수,34,충청남도 논산시 399-95,010-1953-1528,디지털 아트
6279,최기영,75,세종특별자치시 아름동 938-28,010-4394-8097,디지털 콘텐츠 제작
6280,신정희,66,울산광역시 북구 892-37,010-6019-3647,스키
6281,권서아,47,경기도 화성시 42-52,010-1238-1273,펜팔
6282,강남수,56,인천광역시 계양구 845-78,010-3640-5708,요가
6283,정영일,52,서울특별시 구로구 992-76,010-9266-3242,배우기
6284,홍경수,75,경기도 광주시 607-86,010-5527-4177,배드민턴
6285,한예린,72,서울특별시 강동구 463-51,010-7312-8411,디지털 사진 전시
6286,홍명자,63,경기도 군포시 700-56,010-5387-2673,캘리그라피
6287,홍지민,55,제주시 아라동 876-70,010-6490-8667,디지털 사진 전시
6288,최지민,28,충청남도 공주시 152-54,010-8963-6599,헬로윈 파티 준비
6289,서영수,23,인천광역시 남동구 279-84,010-1745-7092,게임
6290,서영일,70,서울특별시 은평구 774-67,010-4083-1325,스크래치 프로그램 만들기
6291,오하연,45,부산광역시 동래구 824-12,010-3240-5465,드로잉
6292,한서아,69,강원도 평창군 374-1,010-3571-4632,DIY
6293,전은숙,60,서울특별시 강동구 863-26,010-7595-7439,코딩
6294,홍숙자,70,경기도 용인시 수지구 660-74,010-1109-4831,도예
6295,오영자,67,충청남도 아산시 888-69,010-3283-4520,헬스
6296,임건우,76,경기도 안산시 단원구 229-64,010-8759-5791,도예
6297,임혜숙,77,인천광역시 계양구 699-78,010-6111-8337,캠핑
6298,송만수,28,전라남도 여수시 576-52,010-7329-8752,콜라주 아트
6299,한시윤,24,제주시 노형동 115-76,010-2167-4599,생활 해킹
6300,조태윤,47,서울특별시 성북구 353-90,010-9038-5667,배드민턴
6301,오형민,71,서울특별시 종로구 426-55,010-9007-4828,애니메이션 제작
6302,김혜숙,69,경기도 화성시 669-80,010-9347-6668,디지털 콘텐츠 제작
6303,황기석,62,강원도 속초시 645-33,010-4063-6603,영화감상
6304,장호철,60,경기도 시흥시 138-25,010-9101-6326,패션
6305,강기석,31,대구광역시 동구 818-27,010-3741-2035,낚시
6306,홍명자,51,제주시 노형동 571-82,010-8713-8426,펜팔
6307,장정순,23,경상남도 창녕군 848-20,010-2163-5398,스크래치 프로그램 만들기
6308,오은채,31,대전광역시 서구 538-0,010-3442-3547,뜨개질
6309,한윤호,67,경기도 고양시 일산동구 808-79,010-6363-4654,벽화 그리기
6310,서은숙,46,서울특별시 동작구 263-40,010-1373-8273,등산
6311,윤다온,32,서울특별시 종로구 825-27,010-2977-6856,캠핑
6312,조창수,76,경상남도 거제시 838-13,010-8548-3491,로봇 공학
6313,서민준,54,경기도 안산시 단원구 296-17,010-9395-7168,디지털 사진 전시
6314,신순희,23,경기도 평택시 450-67,010-1188-3780,시뮬레이션 게임
6315,최하진,51,경기도 고양시 덕양구 994-18,010-8047-6749,디지털 아트
6316,정다온,30,경상북도 김천시 802-55,010-8463-3896,로봇 공학
6317,오재호,38,제주시 이도이동 48-42,010-1129-8758,패션
6318,전현철,32,서울특별시 용산구 894-54,010-5744-5592,자원봉사
6319,안정호,50,서울특별시 강동구 891-31,010-5713-6376,모바일 게임 개발
6320,황동수,31,전라남도 순천시 830-72,010-5564-8277,캔들 만들기
6321,황남수,30,성남시 분당구 정자동 630-46,010-3958-8369,드로잉
6322,권혜숙,44,인천광역시 미추홀구 302-47,010-5738-8037,캠핑
6323,신현우,47,경기도 평택시 918-25,010-5542-7079,미술관 관람
6324,서명숙,41,전라북도 군산시 150-25,010-9615-3796,도예
6325,이선자,41,서울특별시 성북구 498-53,010-4928-2750,영화감상
6326,홍동수,44,서울특별시 서대문구 419-12,010-4251-3738,캔들 만들기
6327,이호철,29,서울특별시 강동구 146-92,010-8361-7769,헬스
6328,오서연,44,경기도 안산시 상록구 463-13,010-2788-2922,게임
6329,홍희정,38,경기도 안산시 단원구 144-32,010-8536-1549,게임 방송
6330,오성민,57,경기도 안산시 단원구 340-14,010-7100-2325,퍼즐 맞추기
6331,서유하,78,부산광역시 남구 704-21,010-2646-3244,VR 게임
6332,전하진,30,서울특별시 은평구 873-46,010-5138-3151,영화 제작
6333,장우진,64,서울특별시 동작구 72-40,010-8155-9345,명상
6334,김지후,32,경기도 성남시 분당구 67-76,010-9659-3458,필라테스
6335,최말자,54,전라북도 익산시 301-58,010-6683-5107,책 클럽
6336,강광호,27,경기도 군포시 132-38,010-5497-2768,독서
6337,이남수,68,대구광역시 달성군 76-4,010-7107-6246,스크래치 프로그램 만들기
6338,안다은,24,서울특별시 영등포구 132-60,010-5743-8435,패션
6339,황예린,25,제주시 이도이동 162-33,010-1712-6663,집콕 놀이
6340,권우진,60,전라북도 군산시 801-64,010-7322-1442,스트리트 댄스
6341,한정자,44,대전광역시 유성구 582-87,010-3207-2944,디지털 콘텐츠 제작
6342,한서연,63,세종특별자치시 아름동 523-2,010-2615-6024,애니메이션 제작
6343,권말자,65,충청남도 천안시 345-98,010-6929-5012,마인드맵 만들기
6344,최다온,73,서울특별시 송파구 189-13,010-5238-6623,등산
6345,오복자,74,강원도 속초시 371-87,010-4353-9603,미술관 관람
6346,윤하진,56,용인시 수지구 풍덕천동 926-71,010-4255-3216,모바일 게임 개발
6347,한춘자,34,경상남도 통영시 146-57,010-9090-6095,펜팔
6348,정상호,22,부산광역시 사하구 856-26,010-1289-1123,피크닉
6349,박진호,53,서울특별시 강동구 582-64,010-8137-2094,모바일 게임 개발
6350,안성자,51,부산광역시 영도구 708-91,010-6044-1432,요리
6351,한서연,45,전라남도 목포시 108-19,010-1530-6357,웹서핑
6352,강성호,32,대구광역시 중구 740-75,010-8847-8877,퍼즐 맞추기
6353,박진숙,55,부산광역시 금정구 572-77,010-7967-9284,영화감상
6354,윤하연,21,부산광역시 기장군 682-53,010-9130-9666,캘리그라피
6355,신태현,70,서울특별시 서초구 377-64,010-1325-3503,명상
6356,홍호철,72,서울특별시 노원구 504-97,010-8502-1039,배우기
6357,장종순,57,서울특별시 강서구 104-33,010-1158-8173,필라테스
6358,조상민,46,울산광역시 울주군 653-0,010-7178-7784,드로잉
6359,권정희,26,부산광역시 영도구 124-56,010-5420-5523,마인드맵 만들기
6360,전혜숙,36,인천광역시 남동구 151-74,010-3973-6288,수채화 그리기
6361,신시헌,75,부산광역시 기장군 215-87,010-8598-8810,헬로윈 파티 준비
6362,윤병호,32,경기도 성남시 분당구 597-97,010-5257-2218,일기 쓰기
6363,한지민,65,경기도 의정부시 947-84,010-8527-8789,사진편집
6364,강하람,76,광주광역시 서구 311-34,010-8052-2931,자전거 타기
6365,황태윤,55,충청남도 공주시 899-53,010-5792-2663,스트리밍
6366,홍정우,22,부산광역시 연제구 78-62,010-5286-2845,디지털 콘텐츠 제작
6367,안진호,56,대전광역시 서구 599-65,010-2069-4383,등산
6368,장민수,43,서울특별시 광진구 248-48,010-5989-4224,영화 제작
6369,조동수,67,대전광역시 중구 707-6,010-1729-5660,모바일 게임 개발
6370,송세호,53,부산광역시 부산진구 136-80,010-2603-9950,플라워 아트
6371,홍옥희,21,인천광역시 계양구 943-96,010-1297-3550,스트리밍
6372,박재훈,75,세종특별자치시 아름동 991-75,010-2586-5890,집콕 놀이
6373,강정우,44,부산광역시 수영구 988-75,010-2648-8494,플라워 아트
6374,조복자,25,경기도 고양시 일산동구 71-66,010-9518-4382,캠핑
6375,최영희,21,서울특별시 종로구 880-91,010-5305-5055,스포츠 카드 수집
6376,박남수,66,경기도 화성시 25-53,010-9776-9705,시뮬레이션 게임
6377,황진호,30,경상북도 구미시 930-15,010-6049-3107,마인드맵 만들기
6378,황영수,35,경기도 안양시 만안구 952-12,010-8049-6743,자원봉사
6379,이춘식,62,성남시 분당구 정자동 961-84,010-4218-1233,퍼즐 맞추기
6380,권정희,58,강원도 강릉시 966-82,010-3180-3755,보드게임
6381,안정순,61,제주시 아라동 487-7,010-2910-3420,드로잉
6382,권영수,65,세종특별자치시 도담동 465-64,010-4832-4144,사진촬영
6383,서희정,55,서울특별시 강북구 16-32,010-1311-2307,스트리트 댄스
6384,이시윤,42,충청북도 충주시 243-7,010-6292-9846,로봇 공학
6385,홍은숙,46,부산광역시 강서구 528-22,010-5611-1439,보드게임
6386,임말옥,47,경기도 파주시 729-2,010-4339-1700,여행
6387,최정호,69,경상남도 김해시 517-2,010-3899-2919,캘리그라피
6388,강옥희,77,경기도 고양시 덕양구 214-15,010-8832-5752,캘리그라피
6389,오복희,51,대구광역시 달성군 756-84,010-1779-3876,헬스
6390,홍시헌,29,서울특별시 동작구 118-16,010-1636-1696,영화 제작
6391,권영희,43,부산광역시 부산진구 419-82,010-7795-7736,플라워 아트
6392,황태수,32,울산광역시 북구 935-92,010-8778-4009,골프
6393,임소율,52,경기도 고양시 일산동구 289-61,010-7073-2519,운동
6394,신로운,29,충청북도 청주시 295-87,010-7873-7406,VR 게임
6395,황춘식,32,부산광역시 부산진구 968-3,010-8105-7306,DIY
6396,조하진,51,경기도 용인시 수지구 822-40,010-2763-6087,음악감상
6397,송말순,78,충청남도 아산시 842-22,010-7296-3847,VR 게임
6398,신선자,38,충청남도 천안시 92-73,010-5525-3828,디지털 콘텐츠 제작
6399,박성호,31,부산광역시 남구 644-76,010-8717-4672,수영
6400,강세아,52,서울특별시 구로구 809-80,010-5518-7748,애니메이션 제작
6401,홍시헌,56,경상북도 구미시 448-91,010-6205-3437,필라테스
6402,이영일,65,서울특별시 구로구 859-74,010-2547-1698,배우기
6403,신다빈,51,경상남도 창녕군 926-81,010-9086-6747,DIY
6404,오성자,40,인천광역시 부평구 46-83,010-7722-9549,독서
6405,권영수,79,서울특별시 서초구 614-48,010-9828-2528,콜라주 아트
6406,임지호,39,경상남도 거제시 123-5,010-5660-7507,스트리트 댄스
6407,윤지민,65,대전광역시 유성구 441-0,010-2953-8936,디지털 사진 전시
6408,홍세호,66,인천광역시 동구 550-7,010-3242-6387,시뮬레이션 게임
6409,신성민,25,대구광역시 북구 71-74,010-2562-3487,카페 투어
6410,조기석,79,부천시 원미구 중동 538-37,010-8970-5658,콜라주 아트
6411,홍주원,43,대전광역시 대덕구 176-83,010-2664-5426,뜨개질
6412,오춘희,22,부산광역시 사하구 451-18,010-7392-9982,수영
6413,서민준,34,서울특별시 서초구 606-32,010-1090-2400,명상
6414,권지한,54,광주광역시 광산구 611-50,010-6692-4240,영화 제작
6415,오나윤,46,광주광역시 동구 728-14,010-1910-3545,웹툰 그리기
6416,서정호,41,경기도 수원시 장안구 225-68,010-2844-7079,헬스
6417,임지원,52,부산광역시 수영구 144-49,010-6251-5320,운동
6418,황하은,60,제주시 노형동 780-39,010-7796-5340,영화감상
6419,오하연,58,전라북도 익산시 482-10,010-7288-9521,캠핑
6420,권춘자,45,경상북도 안동시 579-84,010-5518-8622,영화감상
6421,윤주원,21,전라남도 여수시 958-3,010-4424-9531,드로잉
6422,황서아,41,경상북도 포항시 492-21,010-7335-3299,낚시
6423,장상호,72,제주시 아라동 652-40,010-6079-2591,디지털 아트
6424,전진숙,63,경기도 안양시 동안구 384-72,010-3435-1725,봉사활동
6425,박찬우,44,경기도 고양시 덕양구 172-87,010-2417-7733,책 클럽
6426,송태윤,71,경상남도 거제시 900-3,010-5604-9809,펜팔
6427,조하윤,76,성남시 분당구 정자동 916-9,010-7781-7177,보드게임
6428,권현진,38,경기도 안산시 상록구 692-60,010-6263-3996,펜팔
6429,송민수,59,전라남도 광양시 656-43,010-1873-7769,디지털 아트
6430,전하율,77,인천광역시 계양구 813-32,010-7712-3200,도예
6431,조춘자,64,경기도 수원시 팔달구 561-57,010-4381-6373,명상
6432,홍태수,79,경기도 광주시 864-17,010-4262-1613,스키
6433,신정숙,43,경기도 용인시 수지구 658-40,010-9817-4625,패션
6434,강상호,21,서울특별시 금천구 903-8,010-2416-2048,애니메이션 제작
6435,서복희,33,경기도 안양시 동안구 866-60,010-8886-7484,명상
6436,정시윤,20,서울특별시 구로구 29-50,010-8832-6905,책 클럽
6437,오세아,37,대구광역시 북구 274-83,010-4028-7166,여행
6438,한시헌,62,충청북도 충주시 419-70,010-7655-2582,낚시
6439,강영희,52,강원도 양양군 60-66,010-8978-6535,운동
6440,송예린,58,부산광역시 사상구 495-10,010-7949-9228,일기 쓰기
6441,최유진,41,경상남도 양산시 704-63,010-2723-6513,영화 제작
6442,송정호,58,세종특별자치시 한솔동 612-37,010-9233-7968,헬로윈 파티 준비
6443,강정숙,36,서울특별시 종로구 951-36,010-7299-4178,패션
6444,전민준,50,전라남도 목포시 557-31,010-8958-1134,웹서핑
6445,전준서,57,경상북도 구미시 410-73,010-1451-6274,비즈 공예
6446,박지후,70,대구광역시 달서구 319-13,010-2408-2257,플로리스트
6447,홍숙자,54,경기도 성남시 수정구 187-54,010-6975-7319,스크래치 프로그램 만들기
6448,강하율,77,부산광역시 강서구 297-21,010-3605-2458,스크래치 프로그램 만들기
6449,송소율,55,광주광역시 북구 95-49,010-8621-8000,헬로윈 파티 준비
6450,조수빈,25,서울특별시 서초구 298-49,010-8286-6586,모바일 촬영
6451,신정희,49,광주광역시 북구 441-57,010-5621-4117,영화감상
6452,전지원,46,부산광역시 사상구 427-23,010-1016-4707,캘리그라피
6453,홍세호,42,경기도 의정부시 235-51,010-6717-6545,스크래치 프로그램 만들기
6454,황창수,73,대전광역시 동구 576-63,010-5724-8369,게임 방송
6455,박서진,20,전라남도 나주시는 672-42,010-4119-2897,스키
6456,전연희,77,세종특별자치시 도담동 388-77,010-7801-2756,요리
6457,임미영,41,부산광역시 영도구 891-25,010-2302-7092,비즈 공예
6458,오서연,20,대구광역시 달성군 8-97,010-5762-9756,운동
6459,한영수,72,부산광역시 금정구 767-33,010-3666-8868,등산
6460,한영희,74,세종특별자치시 조치원읍 727-1,010-9624-7864,운동
6461,오현서,45,부산광역시 영도구 524-87,010-7565-5196,사진촬영
6462,권채원,75,전라남도 광양시 481-42,010-4382-2705,게임
6463,서수빈,58,전라남도 나주시는 303-23,010-3834-6118,등산
6464,김세아,51,대구광역시 수성구 587-97,010-3252-4539,뜨개질
6465,전도윤,76,대전광역시 중구 124-51,010-4595-1391,디지털 콘텐츠 제작
6466,윤은우,61,서울특별시 영등포구 393-81,010-6705-5703,드로잉
6467,전채원,36,제주시 오라동 343-98,010-5146-3843,게임
6468,송예린,50,경기도 수원시 팔달구 930-46,010-3494-2584,낚시
6469,장태수,71,경상북도 김천시 405-34,010-8825-8103,로봇 공학
6470,안하람,78,강원도 동해시 424-4,010-3552-4816,드로잉
6471,서상호,43,서울특별시 강서구 197-76,010-9740-2661,게임
6472,신희정,37,서울특별시 강서구 314-54,010-2064-9076,게임
6473,서영수,29,울산광역시 남구 175-0,010-6582-7999,벽화 그리기
6474,황종수,78,충청남도 천안시 233-33,010-3943-9554,미술관 관람
6475,정수빈,78,경상북도 경주시 876-20,010-4940-1377,테니스
6476,김민서,47,울산광역시 중구 54-34,010-3989-2833,사진편집
6477,박병호,36,대전광역시 서구 594-38,010-2067-5945,펜팔
6478,신철수,56,서울특별시 중구 685-0,010-6804-2987,캠핑
6479,정현철,48,경기도 성남시 수정구 957-91,010-6411-1341,비즈 공예
6480,황재영,39,서울특별시 금천구 196-85,010-1610-1310,배우기
6481,이서준,40,전라북도 익산시 877-33,010-1978-4207,비즈 공예
6482,한윤서,50,부산광역시 동래구 470-50,010-8714-4917,캠핑
6483,안다빈,75,경기도 안산시 단원구 586-9,010-4666-5289,플라워 아트
6484,윤채원,47,경상북도 안동시 911-53,010-2092-3126,여행
6485,홍하윤,45,경기도 안산시 상록구 737-65,010-4187-6831,캘리그라피
6486,임세아,79,전라남도 나주시는 101-75,010-2987-9777,스포츠 카드 수집
6487,한서준,59,부산광역시 해운대구 747-53,010-6092-5461,수채화 그리기
6488,서진호,38,서울특별시 강서구 567-32,010-8427-1639,게임
6489,임세호,62,전라남도 나주시는 304-52,010-2384-3124,테니스
6490,윤연희,58,부산광역시 기장군 736-64,010-3474-7679,DIY
6491,안병호,65,부산광역시 중구 918-4,010-9977-2386,집콕 놀이
6492,안영수,30,서울특별시 노원구 461-76,010-4999-6269,웹툰 그리기
6493,안서아,59,충청남도 논산시 53-97,010-2475-4474,마인드맵 만들기
6494,전정순,60,경상남도 사천시 452-95,010-6345-1182,마인드맵 만들기
6495,안영호,62,인천광역시 중구 249-35,010-4879-7164,요리
6496,정선자,37,경상북도 안동시 476-23,010-5520-8463,벽화 그리기
6497,전복희,47,경상남도 양산시 454-46,010-1485-9720,미술관 관람
6498,장순자,65,제주시 노형동 976-29,010-4496-8616,일기 쓰기
6499,송준서,39,경기도 안산시 상록구 961-61,010-1722-4680,요리
6500,최하윤,50,경기도 광명시 265-52,010-1899-6969,영화감상
6501,임민서,27,인천광역시 중구 72-21,010-1393-4236,사진촬영
6502,황우진,23,경기도 성남시 수정구 132-27,010-2206-6673,콜라주 아트
6503,송민수,74,충청남도 논산시 135-68,010-7390-2281,운동
6504,황다온,23,부산광역시 동래구 587-95,010-1755-6691,디지털 아트
6505,이현철,25,서울특별시 송파구 48-25,010-2866-5650,게임 방송
6506,홍경자,76,경기도 안양시 동안구 380-79,010-2324-8936,음악감상
6507,권재호,72,세종특별자치시 도담동 361-13,010-6971-5920,피크닉
6508,이지율,64,광주광역시 광산구 639-45,010-8373-3305,피크닉
6509,송다온,60,인천광역시 동구 876-2,010-8609-1590,뜨개질
6510,권민수,53,부산광역시 금정구 532-44,010-2903-3245,애니메이션 제작
6511,전지우,64,경상북도 구미시 628-10,010-9146-6252,봉사활동
6512,장하윤,70,부산광역시 수영구 781-43,010-1584-3411,도예
6513,김시우,55,충청북도 진천군 415-34,010-2794-2788,생활 해킹
6514,서선자,63,부산광역시 북구 810-94,010-4869-8917,뜨개질
6515,강희정,36,경상남도 양산시 936-27,010-6366-3167,플로리스트
6516,서종수,33,부산광역시 서구 706-12,010-7596-8367,음악감상
6517,장정호,52,서울특별시 동대문구 42-53,010-3192-2037,독서
6518,서형민,37,세종특별자치시 한솔동 120-69,010-8115-5348,피크닉
6519,신시윤,79,경상남도 진주시 774-78,010-3126-4715,생활 해킹
6520,윤진호,51,경상북도 구미시 461-17,010-1025-5356,미술관 관람
6521,권현진,55,서울특별시 관악구 886-71,010-5000-3476,뜨개질
6522,임승호,70,경기도 안산시 단원구 930-20,010-4062-5954,마인드맵 만들기
6523,송우진,67,경기도 용인시 기흥구 196-42,010-4337-6516,콜라주 아트
6524,이남수,38,인천광역시 부평구 750-12,010-1779-1850,자전거 타기
6525,최말순,67,서울특별시 은평구 475-84,010-1842-9145,배우기
6526,서예린,60,서울특별시 강서구 12-64,010-1607-8191,웹서핑
6527,조예준,47,광주광역시 남구 799-0,010-9569-3230,코딩
6528,정기석,44,전라북도 익산시 355-54,010-8491-8767,요가
6529,박정희,77,부산광역시 동구 485-72,010-1950-5020,플라워 아트
6530,송기석,41,강원도 홍천군 431-22,010-4755-7538,도예
6531,최형민,44,대전광역시 대덕구 553-7,010-1877-5161,콜라주 아트
6532,권진숙,48,서울특별시 서초구 271-55,010-3784-4580,음악감상
6533,홍세아,46,강원도 홍천군 563-37,010-2510-1197,여행
6534,김시우,25,서울특별시 관악구 855-50,010-1907-7408,자전거 타기
6535,서기석,32,전라남도 목포시 382-24,010-1873-6595,VR 게임
6536,전만수,48,부산광역시 금정구 419-43,010-8582-3049,사진편집
6537,서명자,37,전라북도 군산시 915-0,010-7519-5522,패션
6538,강혜숙,36,울산광역시 중구 561-67,010-3952-4041,플로리스트
6539,김병호,39,부산광역시 수영구 443-84,010-5487-7246,영화감상
6540,서유하,49,경상남도 양산시 131-93,010-8847-7372,음악감상
6541,강예은,58,부산광역시 사상구 203-16,010-1581-8426,명상
6542,최지우,54,인천광역시 동구 7-60,010-4234-9872,DIY
6543,장하연,25,서울특별시 중구 416-41,010-9667-4315,마인드맵 만들기
6544,이성민,51,서울특별시 강북구 839-33,010-2649-2289,영화 제작
6545,전정자,37,인천광역시 남동구 255-8,010-1454-3641,플로리스트
6546,강정우,23,인천광역시 계양구 955-67,010-9898-5348,디지털 콘텐츠 제작
6547,신지한,23,충청남도 논산시 534-70,010-6306-1190,사진촬영
6548,한찬우,74,서울특별시 강남구 215-42,010-3383-6214,음악감상
6549,이채은,22,서울특별시 서초구 947-96,010-6158-8547,모바일 촬영
6550,안하은,68,강원도 속초시 409-48,010-7998-2233,플라워 아트
6551,윤말옥,53,충청남도 논산시 76-76,010-7908-3555,배우기
6552,서하람,39,충청남도 아산시 938-76,010-4540-2413,디지털 사진 전시
6553,김승호,37,제주시 아라동 344-6,010-3700-6150,유튜브 보기
6554,권춘자,47,전라남도 순천시 158-28,010-7124-3827,디지털 아트
6555,임춘자,69,인천광역시 계양구 249-71,010-3011-1889,명상
6556,안명숙,74,강원도 원주시 381-40,010-6508-8078,등산
6557,정재훈,36,세종특별자치시 한솔동 647-35,010-2204-8258,독서
6558,조철수,39,대전광역시 유성구 170-10,010-5449-6621,모바일 촬영
6559,오복희,62,전라남도 순천시 184-73,010-2291-8732,스트리트 댄스
6560,정민준,20,경상남도 사천시 772-10,010-6516-3589,운동
6561,조혜숙,60,부산광역시 사상구 677-94,010-5134-7051,애니메이션 제작
6562,강하연,72,강원도 홍천군 256-61,010-3571-3702,미술관 관람
6563,박종수,51,경상북도 안동시 175-93,010-8283-8000,캘리그라피
6564,이상민,61,충청남도 논산시 912-56,010-1660-8769,웹서핑
6565,임복희,49,충청남도 천안시 991-49,010-2014-8122,명상
6566,신찬우,59,강원도 평창군 836-62,010-6981-4765,보드게임
6567,홍수빈,29,광주광역시 동구 674-71,010-9620-8660,여행
6568,한영희,49,부산광역시 동래구 40-70,010-8802-8342,영화감상
6569,안재호,62,울산광역시 남구 195-10,010-3236-9095,마인드맵 만들기
6570,권하윤,53,서울특별시 구로구 608-22,010-7059-1206,요리
6571,박옥희,78,대구광역시 서구 983-7,010-7457-1644,수영
6572,박현진,23,인천광역시 서구 675-19,010-9386-6924,골프
6573,임소율,60,부천시 원미구 중동 942-0,010-2550-7331,배우기
6574,황진호,60,인천광역시 서구 981-51,010-9829-6268,골프
6575,최정숙,28,김해시 장유동 360-63,010-4182-1027,영화 제작
6576,신진호,32,경기도 고양시 덕양구 683-54,010-3388-1384,배드민턴
6577,김하진,36,강원도 속초시 170-32,010-5860-4620,영화 제작
6578,장옥희,36,서울특별시 관악구 468-88,010-6064-4839,퍼즐 맞추기
6579,권주아,65,대구광역시 중구 248-95,010-5941-7111,일기 쓰기
6580,조수빈,72,인천광역시 계양구 163-96,010-3390-4819,자원봉사
6581,전희정,31,경기도 오산시 682-45,010-8340-1249,드로잉
6582,김주영,56,강원도 동해시 74-94,010-1330-8609,유튜브 보기
6583,장다은,60,경기도 안산시 단원구 198-47,010-3918-2502,자전거 타기
6584,전상호,38,성남시 분당구 정자동 791-10,010-2771-6688,캘리그라피
6585,서준호,26,충청북도 진천군 5-0,010-3789-5264,일기 쓰기
6586,안주아,35,인천광역시 서구 313-75,010-1221-3189,등산
6587,강말자,75,경기도 용인시 기흥구 749-8,010-6206-6913,자전거 타기
6588,권은우,67,인천광역시 계양구 658-5,010-7666-1027,낚시
6589,황재호,38,충청남도 천안시 653-8,010-1928-9829,피크닉
6590,강예준,40,충청남도 천안시 260-72,010-6423-8080,요가
6591,전수빈,27,경기도 평택시 453-56,010-5147-5479,코딩
6592,오명숙,61,경상남도 거제시 801-67,010-8875-9975,스키
6593,최성호,69,충청남도 논산시 116-1,010-7861-2157,VR 게임
6594,황건우,79,대구광역시 달서구 878-84,010-5384-7444,로봇 공학
6595,전민준,73,경상남도 진주시 305-76,010-2485-2220,모바일 촬영
6596,신숙자,32,서울특별시 강남구 681-61,010-7119-7720,패션
6597,홍춘희,66,울산광역시 동구 895-96,010-3115-4882,일기 쓰기
6598,홍기석,63,서울특별시 동작구 641-41,010-7957-5817,디지털 아트
6599,정윤서,66,대구광역시 중구 768-85,010-3088-6763,시뮬레이션 게임
6600,신하람,41,부산광역시 북구 205-7,010-6830-9210,애니메이션 제작
6601,송철수,66,대전광역시 대덕구 926-61,010-9627-8897,배우기
6602,안영호,77,세종특별자치시 한솔동 77-2,010-9924-6174,퍼즐 맞추기
6603,황유진,46,서울특별시 마포구 472-43,010-1256-1945,로봇 공학
6604,권지호,45,서울특별시 금천구 344-68,010-5350-1448,VR 게임
6605,오재훈,68,서울특별시 강동구 489-47,010-3990-3225,영화감상
6606,강로운,30,경기도 용인시 기흥구 852-0,010-1688-4552,사진편집
6607,장숙자,72,서울특별시 양천구 324-2,010-7229-7810,펜팔
6608,임세아,59,서울특별시 서초구 149-65,010-5082-6888,디지털 아트
6609,송형민,61,경상남도 밀양시 959-5,010-3598-9398,헬스
6610,최현철,24,서울특별시 중구 835-16,010-7750-5201,플라워 아트
6611,송명자,21,인천광역시 서구 171-55,010-5440-5993,스포츠 카드 수집
6612,안성민,58,부산광역시 동래구 404-38,010-2096-2630,책 클럽
6613,황진숙,35,서울특별시 강동구 896-24,010-3593-6766,봉사활동
6614,강영수,33,부산광역시 기장군 541-78,010-2544-7371,배드민턴
6615,황도윤,38,제주시 오라동 310-42,010-5893-4075,DIY
6616,박예린,77,광주광역시 동구 938-79,010-2750-4583,펜팔
6617,조순희,59,경기도 화성시 24-21,010-5716-5827,명상
6618,안말옥,64,강원도 춘천시 814-91,010-5193-5334,디지털 일러스트
6619,강성민,35,제주시 신제주 800-66,010-2699-8308,모바일 촬영
6620,전지민,28,경기도 고양시 덕양구 816-58,010-8886-3600,펜팔
6621,송하람,61,서울특별시 송파구 798-29,010-9518-4145,명상
6622,조민준,68,대구광역시 달성군 543-81,010-3745-9735,영화 제작
6623,신하람,49,강원도 속초시 85-97,010-5265-4974,자원봉사
6624,임성민,24,대전광역시 동구 442-66,010-6313-5959,자전거 타기
6625,이서진,57,경상남도 김해시 511-2,010-6475-4873,카페 투어
6626,장영일,74,대구광역시 동구 645-67,010-7522-4739,웹툰 그리기
6627,이경자,50,부산광역시 중구 650-8,010-4667-8158,스트리밍
6628,이철수,66,광주광역시 북구 588-88,010-9065-3681,스키
6629,권윤호,23,경상남도 통영시 440-86,010-2548-7623,도예
6630,최춘식,43,성남시 분당구 정자동 760-50,010-4635-1356,스트리트 댄스
6631,정영희,31,제주시 노형동 448-90,010-9060-5120,디지털 콘텐츠 제작
6632,안연희,40,경기도 광주시 594-44,010-9779-4045,게임
6633,정병호,34,부산광역시 서구 577-81,010-7283-5111,스키
6634,송상호,70,경기도 안산시 단원구 449-0,010-3020-1026,모바일 게임 개발
6635,이남수,42,경기도 안산시 상록구 417-58,010-1669-7989,비즈 공예
6636,정은채,35,울산광역시 동구 731-98,010-3572-1264,마인드맵 만들기
6637,홍옥희,56,대구광역시 남구 66-23,010-4132-1998,디지털 사진 전시
6638,안정호,23,서울특별시 강남구 543-76,010-1315-5636,캠핑
6639,안말순,30,부산광역시 사상구 800-28,010-8061-9251,배우기
6640,신말순,32,강원도 동해시 195-82,010-6633-4673,VR 게임
6641,송순희,41,강원도 삼척시 445-47,010-6930-2999,코딩
6642,이시헌,72,충청북도 청주시 471-36,010-7461-1112,보드게임
6643,송서준,64,부산광역시 수영구 821-0,010-8307-5908,플로리스트
6644,윤로운,53,경기도 고양시 덕양구 113-40,010-9829-8231,웹툰 그리기
6645,이은우,78,울산광역시 남구 67-27,010-8143-4460,명상
6646,신우진,58,대전광역시 서구 566-53,010-3272-2976,스크래치 프로그램 만들기
6647,강지원,55,서울특별시 양천구 211-56,010-9057-1955,집콕 놀이
6648,안정순,39,세종특별자치시 도담동 620-3,010-5206-3944,스트리트 댄스
6649,김성호,24,울산광역시 울주군 580-57,010-3679-9663,독서
6650,황희정,31,인천광역시 중구 808-35,010-6303-4502,디지털 사진 전시
6651,최찬우,26,성남시 분당구 정자동 325-58,010-3746-2875,영화 제작
6652,임숙자,42,울산광역시 동구 214-63,010-9808-7765,일기 쓰기
6653,임유하,77,서울특별시 강서구 16-2,010-3238-3000,수영
6654,정말순,35,강원도 춘천시 603-46,010-5207-4011,게임 방송
6655,한태윤,72,강원도 동해시 583-93,010-2334-6649,요리
6656,안준서,48,울산광역시 중구 17-4,010-1965-9020,책 클럽
6657,권선자,47,경상북도 김천시 598-29,010-4000-9248,애니메이션 제작
6658,임현우,25,경상남도 거제시 234-14,010-9897-1508,요리
6659,박채원,61,서울특별시 송파구 341-33,010-9956-8693,테니스
6660,권소율,30,충청북도 진천군 974-66,010-1411-9036,스트리밍
6661,이정자,74,광주광역시 서구 211-3,010-3952-6455,마인드맵 만들기
6662,최말순,20,부산광역시 동구 609-30,010-6783-9501,캠핑
6663,전은채,59,강원도 동해시 724-55,010-5273-8108,독서
6664,강은채,62,대전광역시 서구 810-32,010-3688-1151,헬로윈 파티 준비
6665,정희정,58,충청남도 논산시 839-20,010-4013-6274,드로잉
6666,최서아,21,부산광역시 수영구 130-44,010-9635-5089,봉사활동
6667,전유진,51,대구광역시 서구 157-11,010-5583-8464,자원봉사
6668,권재호,46,제주시 아라동 158-75,010-5499-3756,배드민턴
6669,송말순,22,경상남도 양산시 914-66,010-5576-9808,디지털 아트
6670,송수아,42,서울특별시 서대문구 300-36,010-3485-8225,피크닉
6671,한도윤,65,서울특별시 영등포구 303-59,010-8497-1627,디지털 사진 전시
6672,윤서연,37,경기도 고양시 일산동구 909-85,010-6412-4595,펜팔
6673,임윤서,71,서울특별시 광진구 673-3,010-9642-1871,독서
6674,최예린,24,강원도 평창군 313-74,010-9285-1428,골프
6675,윤지우,37,서울특별시 성동구 343-74,010-5221-6313,피크닉
6676,윤종수,55,경상남도 밀양시 392-82,010-3389-2502,음악감상
6677,홍지후,60,전라남도 나주시는 94-24,010-7973-4193,영화 제작
6678,임도윤,68,경상북도 경주시 625-53,010-1186-3440,운동
6679,홍종수,60,대구광역시 달성군 719-32,010-5729-5444,스포츠 카드 수집
6680,황희정,48,광주광역시 광산구 604-62,010-2722-1301,코딩
6681,황하윤,38,울산광역시 북구 878-22,010-6864-5019,미술관 관람
6682,최현서,68,서울특별시 광진구 161-1,010-3401-4735,헬로윈 파티 준비
6683,황건우,59,경상남도 진주시 472-92,010-2706-1421,책 클럽
6684,홍재훈,36,서울특별시 강동구 731-90,010-5382-6626,자원봉사
6685,장은우,63,부산광역시 금정구 263-97,010-1024-4384,로봇 공학
6686,임영일,37,울산광역시 중구 749-64,010-8032-2356,책 클럽
6687,최은채,26,강원도 속초시 275-85,010-6066-1097,피크닉
6688,이정우,33,서울특별시 종로구 973-36,010-4895-6621,패션
6689,강정숙,70,대구광역시 달서구 338-36,010-3676-4059,자전거 타기
6690,최정순,20,대전광역시 중구 244-64,010-2076-7006,도예
6691,김순영,63,경상북도 구미시 534-98,010-4585-5785,음악감상
6692,장다은,72,경상남도 사천시 904-28,010-8684-5929,모바일 게임 개발
6693,서명훈,45,서울특별시 마포구 424-95,010-1265-4691,도예
6694,임로운,65,경기도 오산시 130-14,010-3209-5093,패션
6695,안정희,39,부산광역시 연제구 829-96,010-5791-8029,등산
6696,김도윤,32,경기도 의정부시 386-78,010-4293-5816,낚시
6697,한현철,31,대구광역시 중구 430-48,010-5303-8042,디지털 일러스트
6698,서유진,54,부천시 원미구 중동 452-96,010-4177-5724,마인드맵 만들기
6699,최나윤,61,서울특별시 성북구 454-58,010-8599-5371,캠핑
6700,전상호,25,서울특별시 서대문구 471-77,010-2123-4212,스트리밍
6701,권복희,21,대구광역시 북구 904-84,010-3754-1017,음악감상
6702,조수아,44,서울특별시 성동구 95-15,010-1408-6279,벽화 그리기
6703,신재영,66,인천광역시 계양구 971-65,010-2375-5148,배우기
6704,한태수,72,경상남도 사천시 304-9,010-5480-5191,모바일 촬영
6705,장하윤,74,경상남도 밀양시 120-36,010-3196-4509,퍼즐 맞추기
6706,임정호,55,울산광역시 남구 822-89,010-3734-2878,골프
6707,안복희,69,서울특별시 강남구 502-23,010-7502-5902,등산
6708,안복희,71,경상북도 안동시 469-56,010-4961-6691,스포츠 카드 수집
6709,한명자,22,제주시 오라동 502-53,010-4971-4566,자원봉사
6710,오은우,36,경기도 평택시 123-5,010-3925-6962,보드게임
6711,최수아,69,부산광역시 금정구 85-61,010-5414-4616,수영
6712,윤희정,33,서울특별시 송파구 785-95,010-2114-7469,헬로윈 파티 준비
6713,안하율,43,서울특별시 강서구 146-46,010-1598-9729,모바일 게임 개발
6714,강순영,43,강원도 강릉시 866-20,010-2989-2318,수영
6715,황연희,32,경기도 고양시 일산동구 815-72,010-1348-6834,뜨개질
6716,황지호,78,인천광역시 동구 780-19,010-3874-4815,수채화 그리기
6717,김재영,61,경기도 의정부시 921-64,010-8572-9794,비즈 공예
6718,박현철,77,광주광역시 광산구 816-17,010-9717-5009,벽화 그리기
6719,신숙자,32,경기도 광주시 312-63,010-4124-2141,캠핑
6720,최주영,36,세종특별자치시 도담동 688-81,010-2400-4444,캔들 만들기
6721,한영일,28,제주시 노형동 515-97,010-6423-2591,펜팔
6722,장지율,74,서울특별시 도봉구 401-96,010-3212-2202,필라테스
6723,김옥희,67,서울특별시 도봉구 808-46,010-6961-9634,모바일 촬영
6724,전종순,20,서울특별시 노원구 766-20,010-3189-7176,골프
6725,장다빈,27,경상남도 밀양시 517-93,010-8254-1987,낚시
6726,장형민,44,경기도 성남시 수정구 786-15,010-2384-5763,비즈 공예
6727,안춘식,47,강원도 속초시 621-77,010-8397-8886,디지털 일러스트
6728,조윤호,62,부산광역시 서구 175-53,010-6954-8777,배드민턴
6729,김기영,39,인천광역시 서구 289-61,010-1394-2191,캘리그라피
6730,박희정,61,서울특별시 중구 672-53,010-1478-6306,요리
6731,황다은,55,전라북도 군산시 95-54,010-9653-8253,배드민턴
6732,서서연,68,서울특별시 성동구 437-88,010-4212-6912,드로잉
6733,이지민,60,광주광역시 서구 932-57,010-1699-1023,유튜브 보기
6734,서춘희,65,세종특별자치시 도담동 625-38,010-9098-7013,음악감상
6735,안우진,33,부산광역시 사하구 771-54,010-9023-7413,미술관 관람
6736,김숙자,21,강원도 원주시 313-50,010-2527-4515,집콕 놀이
6737,박철수,24,서울특별시 서초구 880-33,010-3042-1602,DIY
6738,정복희,67,충청남도 공주시 988-72,010-1904-7366,로봇 공학
6739,권하연,28,제주시 아라동 494-86,010-2111-7685,드로잉
6740,권현우,66,경기도 용인시 처인구 895-61,010-5736-5342,보드게임
6741,서동수,54,경상남도 사천시 844-24,010-9321-1914,마인드맵 만들기
6742,임영자,71,울산광역시 울주군 386-11,010-4634-5606,수영
6743,전지우,45,강원도 춘천시 776-77,010-2479-5167,수채화 그리기
6744,전옥희,32,서울특별시 서대문구 377-1,010-3894-7872,캔들 만들기
6745,오광호,49,서울특별시 노원구 838-84,010-9728-1743,스크래치 프로그램 만들기
6746,강정숙,60,경기도 평택시 45-54,010-5156-2645,등산
6747,강성호,29,인천광역시 남동구 556-4,010-7311-5083,스트리밍
6748,강정우,28,경기도 용인시 수지구 491-42,010-3091-2332,유튜브 보기
6749,장복자,68,충청남도 논산시 199-14,010-5714-2998,필라테스
6750,권정희,69,인천광역시 미추홀구 164-67,010-8726-4930,캘리그라피
6751,오유하,45,광주광역시 남구 472-60,010-5037-8997,시뮬레이션 게임
6752,황연희,52,전라남도 나주시는 858-14,010-9630-3312,테니스
6753,신호철,76,인천광역시 계양구 340-13,010-9450-3863,책 클럽
6754,조시헌,77,서울특별시 광진구 154-19,010-1577-9935,웹서핑
6755,박선자,54,인천광역시 미추홀구 772-15,010-2133-3825,사진촬영
6756,서말자,23,경상남도 양산시 275-98,010-9772-1122,스트리트 댄스
6757,안영자,36,인천광역시 동구 952-91,010-7055-6126,디지털 사진 전시
6758,윤유진,51,서울특별시 영등포구 171-30,010-3357-5704,게임 방송
6759,장윤서,46,부산광역시 사상구 785-9,010-2203-5836,뜨개질
6760,황은우,58,경기도 시흥시 357-84,010-3264-6752,드로잉
6761,김현철,40,서울특별시 도봉구 984-75,010-7206-9385,일기 쓰기
6762,황성민,77,경기도 수원시 장안구 770-45,010-1649-2012,집콕 놀이
6763,장하진,38,강원도 태백시 691-48,010-6392-1430,등산
6764,조말자,47,경상북도 김천시 956-4,010-5615-5040,보드게임
6765,박예준,65,전라북도 익산시 917-39,010-7505-9194,미술관 관람
6766,황경수,65,광주광역시 광산구 911-11,010-8772-8972,음악감상
6767,안옥희,33,김해시 장유동 293-88,010-3098-1254,미술관 관람
6768,전기영,42,강원도 동해시 798-61,010-7240-8000,모바일 촬영
6769,장지율,52,세종특별자치시 아름동 80-3,010-1771-5119,게임 방송
6770,한영희,70,광주광역시 북구 723-50,010-5242-4667,디지털 아트
6771,조병호,25,경기도 파주시 735-1,010-4952-3518,스트리트 댄스
6772,황수아,23,부산광역시 강서구 547-9,010-6986-2136,배드민턴
6773,윤민서,21,경상북도 경주시 97-23,010-2807-5079,패션
6774,안종순,60,경기도 용인시 처인구 869-62,010-3193-5390,게임 방송
6775,최유진,65,대전광역시 중구 889-69,010-2013-3951,펜팔
6776,이영희,64,서울특별시 성북구 725-36,010-6199-7990,수채화 그리기
6777,전종수,78,경기도 안산시 단원구 234-13,010-5784-2670,일기 쓰기
6778,이지원,50,경기도 평택시 740-2,010-2878-7980,보드게임
6779,한유진,79,경기도 파주시 917-80,010-8948-8375,웹서핑
6780,윤연희,79,강원도 홍천군 922-56,010-1922-6777,코딩
6781,임민서,57,경상남도 진주시 327-40,010-7579-4732,디지털 아트
6782,안말자,39,인천광역시 중구 477-66,010-3795-6944,패션
6783,황복자,59,세종특별자치시 조치원읍 159-63,010-1052-3041,모바일 게임 개발
6784,안서연,53,경기도 평택시 706-66,010-1972-6105,여행
6785,오재훈,65,경상남도 진주시 249-1,010-8339-4402,보드게임
6786,최복자,67,인천광역시 중구 879-75,010-7867-4918,필라테스
6787,임현서,35,부산광역시 중구 54-40,010-4789-9717,게임
6788,안말순,56,경기도 광주시 70-26,010-3595-4941,도예
6789,서정숙,48,부천시 원미구 중동 221-60,010-6100-3238,여행
6790,안나윤,67,부산광역시 금정구 598-44,010-3608-4060,콜라주 아트
6791,한세호,60,대전광역시 중구 630-47,010-7579-2505,드로잉
6792,권세아,34,서울특별시 성동구 837-58,010-8742-5678,유튜브 보기
6793,권수아,72,대구광역시 북구 706-26,010-7644-2103,플로리스트
6794,권정순,60,경기도 용인시 기흥구 854-39,010-5996-4730,필라테스
6795,안서준,69,대구광역시 남구 679-89,010-8800-6303,디지털 사진 전시
6796,송미영,79,경기도 수원시 장안구 246-26,010-7723-5844,도예
6797,신춘식,63,서울특별시 은평구 4-54,010-6637-7868,일기 쓰기
6798,안순자,44,부산광역시 강서구 304-25,010-7381-3419,스크래치 프로그램 만들기
6799,임말옥,75,부산광역시 강서구 151-72,010-9208-3432,운동
6800,황은채,41,충청북도 청주시 147-61,010-8931-8367,애니메이션 제작
6801,임은숙,66,서울특별시 강북구 463-75,010-3031-6985,배우기
6802,임종순,65,서울특별시 서대문구 864-85,010-4854-5198,코딩
6803,황서준,57,대전광역시 대덕구 71-1,010-8264-2496,생활 해킹
6804,한순희,78,서울특별시 관악구 26-16,010-8528-3279,집콕 놀이
6805,윤현진,36,전라남도 목포시 858-3,010-1813-8403,디지털 콘텐츠 제작
6806,안로운,78,부산광역시 기장군 152-36,010-6218-3655,모바일 촬영
6807,안성민,40,경기도 고양시 일산동구 148-62,010-6896-5594,골프
6808,홍명자,30,충청남도 공주시 296-17,010-3396-2679,보드게임
6809,홍세호,68,부산광역시 사상구 636-30,010-9509-3934,시뮬레이션 게임
6810,한경자,75,경기도 화성시 121-96,010-3947-1299,모바일 촬영
6811,조민서,34,부산광역시 강서구 949-2,010-6946-5534,영화감상
6812,홍시헌,74,김해시 장유동 258-71,010-4261-7046,스크래치 프로그램 만들기
6813,조남수,42,경상남도 사천시 364-98,010-6661-6467,피크닉
6814,강창수,44,대전광역시 중구 765-46,010-9396-6059,디지털 아트
6815,최찬우,34,경상북도 포항시 198-0,010-9210-6882,벽화 그리기
6816,김미영,64,충청북도 충주시 981-36,010-5735-1847,사진편집
6817,이현서,45,경기도 수원시 장안구 701-3,010-1427-5159,배드민턴
6818,서시윤,57,서울특별시 중랑구 78-45,010-9058-8807,사진촬영
6819,최춘자,59,세종특별자치시 도담동 708-54,010-5256-8678,보드게임
6820,홍다은,47,경상남도 통영시 915-76,010-9130-6715,헬로윈 파티 준비
6821,서정자,31,경기도 성남시 분당구 834-40,010-5957-8113,웹툰 그리기
6822,박다온,40,제주시 오라동 909-24,010-9889-6070,수영
6823,박현진,54,부산광역시 중구 688-97,010-7378-2676,배드민턴
6824,윤태윤,69,경기도 안산시 상록구 46-22,010-3068-6636,웹툰 그리기
6825,서광호,45,대구광역시 달서구 873-72,010-3290-2251,로봇 공학
6826,오창수,68,대구광역시 북구 755-33,010-3637-1987,요리
6827,송지우,25,경기도 성남시 분당구 723-21,010-1806-3583,음악감상
6828,황진숙,79,서울특별시 용산구 654-69,010-7241-9404,캔들 만들기
6829,황윤서,50,서울특별시 송파구 961-98,010-5087-3419,스트리밍
6830,김말자,53,대전광역시 중구 472-55,010-3151-3179,스트리트 댄스
6831,홍은숙,54,전라남도 나주시는 784-61,010-4056-1330,시뮬레이션 게임
6832,서하진,58,전라북도 전주시 469-22,010-5377-5014,스크래치 프로그램 만들기
6833,신춘자,30,전라북도 전주시 205-4,010-2382-8179,시뮬레이션 게임
6834,최기영,44,전라북도 군산시 175-72,010-3426-3318,배우기
6835,한다온,79,전라남도 나주시는 566-17,010-6232-5099,요가
6836,이철수,55,대전광역시 동구 259-14,010-8721-3885,DIY
6837,박명숙,25,울산광역시 동구 957-90,010-6555-1431,미술관 관람
6838,권만수,48,강원도 동해시 935-91,010-5829-5236,영화감상
6839,홍윤호,55,서울특별시 성북구 296-37,010-6263-4040,애니메이션 제작
6840,한지원,44,부천시 상동 880-21,010-8014-1083,비즈 공예
6841,이재훈,61,제주시 이도이동 177-58,010-4863-2079,캠핑
6842,이서준,45,서울특별시 도봉구 881-5,010-5114-4913,모바일 게임 개발
6843,서숙자,49,전라북도 익산시 326-59,010-7170-8393,독서
6844,이유진,25,서울특별시 성동구 4-5,010-2854-5403,벽화 그리기
6845,홍상민,68,경상북도 김천시 991-25,010-6289-3181,드로잉
6846,오서준,56,경기도 용인시 처인구 962-25,010-4968-6610,요가
6847,정광호,51,서울특별시 양천구 443-46,010-2575-1519,수영
6848,홍은숙,40,경기도 성남시 분당구 958-76,010-5625-9314,테니스
6849,권종수,51,서울특별시 은평구 582-82,010-2035-3207,영화감상
6850,한현우,43,전라남도 광양시 773-39,010-5549-7361,애니메이션 제작
6851,전말순,26,전라남도 나주시는 419-87,010-4806-9461,애니메이션 제작
6852,김현진,41,경기도 화성시 300-34,010-1159-3514,웹툰 그리기
6853,임소율,33,경기도 고양시 일산동구 531-42,010-3954-5584,필라테스
6854,이경수,50,강원도 속초시 671-19,010-2920-6462,시뮬레이션 게임
6855,강시윤,68,경상남도 김해시 520-9,010-2787-1294,스크래치 프로그램 만들기
6856,권광호,32,전라북도 전주시 537-81,010-2083-3760,콜라주 아트
6857,정기석,62,강원도 속초시 924-96,010-6481-1547,수채화 그리기
6858,신정희,22,서울특별시 용산구 430-59,010-3581-8416,캘리그라피
6859,신순영,41,서울특별시 종로구 109-83,010-3210-5294,피크닉
6860,홍수아,28,부산광역시 남구 449-57,010-5183-5400,헬스
6861,오진호,58,제주시 아라동 185-39,010-6752-3193,사진편집
6862,김유진,73,인천광역시 부평구 14-63,010-4272-1564,유튜브 보기
6863,임미영,55,경기도 오산시 860-54,010-7835-2332,테니스
6864,정로운,31,세종특별자치시 도담동 401-76,010-3513-4023,스트리밍
6865,서순희,43,인천광역시 서구 104-61,010-2064-2564,마인드맵 만들기
6866,권태윤,54,대전광역시 대덕구 542-43,010-5534-8260,영화 제작
6867,안상호,28,서울특별시 강서구 517-78,010-7911-8511,마인드맵 만들기
6868,정말옥,23,부산광역시 부산진구 498-36,010-1237-4824,디지털 아트
6869,전성자,30,전라북도 전주시 244-85,010-1777-6747,자원봉사
6870,장은채,43,경기도 용인시 수지구 848-69,010-4114-6986,드로잉
6871,신춘희,29,충청남도 공주시 506-17,010-8275-4231,영화감상
6872,전연희,53,전라북도 군산시 997-83,010-5740-1026,낚시
6873,신영수,67,부산광역시 서구 807-36,010-3022-7072,게임
6874,강순자,52,서울특별시 동작구 839-26,010-6413-1310,일기 쓰기
6875,홍순자,36,인천광역시 계양구 747-43,010-5892-5399,코딩
6876,강경수,37,충청북도 청주시 396-86,010-6989-9176,생활 해킹
6877,윤윤호,20,대구광역시 북구 316-22,010-2624-5584,미술관 관람
6878,황시우,35,경기도 성남시 수정구 529-5,010-9456-2422,책 클럽
6879,한시윤,62,강원도 삼척시 971-27,010-3466-6649,웹툰 그리기
6880,전지원,57,인천광역시 중구 636-0,010-7041-3194,필라테스
6881,전경수,23,강원도 태백시 804-23,010-9625-7202,음악감상
6882,서세아,68,경기도 군포시 316-7,010-9326-6284,마인드맵 만들기
6883,윤준호,43,서울특별시 동작구 290-64,010-4816-2057,카페 투어
6884,정하진,45,대구광역시 동구 38-89,010-7012-2548,DIY
6885,전서아,70,제주시 오라동 674-52,010-1092-8451,게임
6886,신재영,25,부산광역시 남구 375-68,010-5460-4221,봉사활동
6887,김말자,73,서울특별시 은평구 308-80,010-8244-4997,낚시
6888,한유진,45,광주광역시 남구 791-3,010-5626-4332,음악감상
6889,임현철,27,경기도 오산시 329-1,010-9234-2600,운동
6890,강서아,46,울산광역시 북구 559-90,010-7723-4592,골프
6891,임은우,54,울산광역시 동구 347-15,010-8987-1469,사진촬영
6892,최희정,56,대전광역시 서구 627-22,010-4343-6577,모바일 게임 개발
6893,강복희,35,전라북도 익산시 295-17,010-5822-6500,스키
6894,권주원,76,충청남도 공주시 250-93,010-4441-7677,보드게임
6895,신정숙,33,경상남도 거제시 667-96,010-5760-5678,스트리트 댄스
6896,김명숙,74,충청남도 천안시 704-17,010-7203-7761,스트리트 댄스
6897,오영희,60,부산광역시 동구 382-44,010-3837-3891,웹툰 그리기
6898,정하율,61,강원도 홍천군 380-60,010-6108-8127,생활 해킹
6899,홍경자,39,경상북도 경주시 441-9,010-3766-7069,배우기
6900,조승호,21,경상남도 거제시 920-31,010-7829-4874,게임
6901,오영수,73,인천광역시 연수구 393-57,010-2895-6135,캘리그라피
6902,정순영,71,서울특별시 중랑구 844-0,010-9200-6092,독서
6903,강지후,63,인천광역시 부평구 974-73,010-6651-8041,펜팔
6904,김소율,34,전라북도 전주시 89-1,010-8726-1244,배드민턴
6905,권현우,65,경상남도 진주시 508-29,010-6378-5162,봉사활동
6906,송수아,58,부산광역시 동구 740-96,010-6530-8387,비즈 공예
6907,한우진,41,경기도 성남시 수정구 137-39,010-5255-2240,퍼즐 맞추기
6908,박명숙,44,대구광역시 서구 390-51,010-9728-6294,퍼즐 맞추기
6909,박태수,29,서울특별시 강북구 670-65,010-5888-6661,시뮬레이션 게임
6910,한준호,44,울산광역시 동구 49-72,010-6076-8878,퍼즐 맞추기
6911,조희정,42,경상남도 창녕군 487-13,010-4995-6126,배드민턴
6912,송윤호,31,경기도 파주시 137-78,010-5848-5927,디지털 사진 전시
6913,조다은,45,경기도 안양시 만안구 699-33,010-1951-6456,일기 쓰기
6914,이광호,65,서울특별시 관악구 581-29,010-9795-2386,낚시
6915,권진숙,26,경상남도 김해시 452-10,010-6070-1307,벽화 그리기
6916,강진호,79,서울특별시 송파구 470-46,010-1793-6391,웹서핑
6917,김서준,38,서울특별시 성동구 55-29,010-9897-6017,여행
6918,강호철,68,광주광역시 동구 34-89,010-5934-5123,콜라주 아트
6919,전정자,50,부천시 상동 262-56,010-9677-5123,콜라주 아트
6920,서하람,67,전라북도 전주시 812-10,010-5393-3615,자원봉사
6921,김춘희,63,서울특별시 송파구 178-11,010-3780-6673,펜팔
6922,이지율,75,부산광역시 연제구 948-26,010-2545-9732,패션
6923,정예은,28,울산광역시 중구 974-51,010-6218-6987,유튜브 보기
6924,정복희,54,대구광역시 달성군 707-4,010-5361-3045,스키
6925,황다은,61,대전광역시 유성구 934-45,010-7323-9693,보드게임
6926,장재호,30,충청북도 충주시 430-74,010-6626-4646,콜라주 아트
6927,송정호,21,서울특별시 서대문구 522-85,010-2072-9377,스트리트 댄스
6928,윤영일,66,경기도 안양시 만안구 64-97,010-5008-4739,수채화 그리기
6929,송서아,78,서울특별시 동대문구 86-69,010-7141-7265,요가
6930,윤희정,75,부산광역시 해운대구 224-23,010-1963-7736,낚시
6931,정다온,65,김해시 장유동 480-29,010-1669-9116,웹툰 그리기
6932,조지민,26,서울특별시 서초구 28-57,010-7024-2105,낚시
6933,윤명숙,72,부산광역시 남구 706-49,010-6621-8651,코딩
6934,서지호,56,제주시 노형동 402-94,010-6416-7920,유튜브 보기
6935,이채은,77,전라남도 광양시 921-23,010-2600-8501,자원봉사
6936,정말옥,73,부산광역시 동래구 523-25,010-5516-2529,DIY
6937,김혜숙,67,서울특별시 용산구 83-24,010-6003-7558,사진촬영
6938,한주아,22,서울특별시 성북구 253-87,010-9274-1680,스트리트 댄스
6939,장도윤,57,충청북도 진천군 44-30,010-3579-5685,웹서핑
6940,서민수,77,경기도 안양시 만안구 670-45,010-1986-1283,헬로윈 파티 준비
6941,한다은,34,서울특별시 양천구 213-6,010-3675-6828,웹툰 그리기
6942,장예은,40,경상남도 창원시 231-1,010-3476-9619,배우기
6943,조상민,64,부산광역시 연제구 515-21,010-4531-4504,일기 쓰기
6944,오철수,23,강원도 속초시 709-44,010-4532-1634,유튜브 보기
6945,장승호,25,전라남도 여수시 31-41,010-5908-1864,로봇 공학
6946,오옥희,51,성남시 분당구 정자동 570-22,010-5413-3416,캘리그라피
6947,오남수,33,경기도 군포시 461-41,010-2991-5825,등산
6948,안수빈,75,경기도 안양시 동안구 458-14,010-5988-2149,테니스
6949,한종순,77,부천시 원미구 중동 83-96,010-5498-6556,사진편집
6950,서현우,36,경상북도 안동시 790-89,010-1342-9503,디지털 사진 전시
6951,전병호,38,경상남도 양산시 15-28,010-5575-5400,도예
6952,김하연,67,부산광역시 연제구 331-87,010-1545-6089,피크닉
6953,서시헌,20,부산광역시 수영구 586-72,010-6334-6080,보드게임
6954,박민준,34,강원도 평창군 930-5,010-6645-3923,보드게임
6955,정예린,42,김해시 장유동 155-23,010-1927-8272,음악감상
6956,송은우,23,강원도 삼척시 539-55,010-8116-2213,디지털 아트
6957,권영자,53,인천광역시 남동구 974-6,010-2646-1091,스트리트 댄스
6958,서지원,51,부산광역시 동구 923-18,010-6459-9393,낚시
6959,권윤호,35,전라북도 익산시 162-58,010-2034-6525,운동
6960,한선자,36,부산광역시 기장군 692-28,010-9415-1687,카페 투어
6961,홍지원,70,부천시 상동 490-78,010-2632-1374,디지털 아트
6962,권성자,65,대구광역시 수성구 339-65,010-1498-6239,집콕 놀이
6963,전영희,70,부산광역시 중구 404-59,010-6363-3540,디지털 일러스트
6964,황도윤,52,부산광역시 부산진구 644-78,010-2894-2191,스크래치 프로그램 만들기
6965,서상호,46,대전광역시 서구 710-75,010-2500-6318,골프
6966,전승호,54,충청남도 아산시 724-52,010-2594-5934,캔들 만들기
6967,김하은,50,부산광역시 중구 794-32,010-1585-7804,여행
6968,임지민,64,서울특별시 서대문구 391-72,010-2119-9818,일기 쓰기
6969,안상호,73,부산광역시 중구 760-27,010-7953-1746,디지털 사진 전시
6970,이명숙,31,경상남도 통영시 769-2,010-5573-1132,생활 해킹
6971,오서아,63,부산광역시 동구 844-96,010-8290-8813,골프
6972,장동수,29,대전광역시 서구 444-24,010-9216-6969,낚시
6973,박다빈,61,서울특별시 은평구 924-58,010-6640-3540,스트리트 댄스
6974,이종순,51,강원도 춘천시 311-42,010-4112-1540,등산
6975,신로운,43,인천광역시 연수구 409-13,010-3002-3263,마인드맵 만들기
6976,조명자,52,경기도 오산시 128-88,010-1815-9953,요가
6977,권정호,60,전라남도 여수시 382-96,010-2911-1980,자원봉사
6978,송시헌,56,강원도 속초시 8-35,010-5523-8233,퍼즐 맞추기
6979,강다빈,53,제주시 이도이동 296-79,010-6716-9541,자원봉사
6980,한지한,30,대구광역시 중구 392-14,010-9791-2525,마인드맵 만들기
6981,장정순,27,경기도 화성시 600-58,010-3392-3146,보드게임
6982,황종순,65,경기도 안양시 만안구 311-55,010-1884-4650,로봇 공학
6983,신명훈,34,경기도 용인시 처인구 625-34,010-4450-5786,미술관 관람
6984,서기영,63,경기도 오산시 403-77,010-9169-4913,피크닉
6985,이혜숙,33,서울특별시 강북구 496-56,010-7026-6555,자전거 타기
6986,임주아,36,부천시 원미구 중동 962-96,010-1281-1966,필라테스
6987,윤종수,45,서울특별시 도봉구 874-60,010-5777-8292,스키
6988,정우진,61,대구광역시 남구 289-35,010-3872-1090,자전거 타기
6989,최지원,33,울산광역시 동구 909-56,010-9478-2752,자전거 타기
6990,안경자,26,경기도 안양시 만안구 629-24,010-2380-4555,카페 투어
6991,서정우,62,경기도 평택시 354-5,010-2935-1216,음악감상
6992,조춘자,70,경상남도 진주시 325-79,010-6072-8084,비즈 공예
6993,홍지율,24,경기도 용인시 수지구 691-31,010-2414-6330,사진편집
6994,신기석,51,경상남도 밀양시 311-52,010-2770-2195,플로리스트
6995,윤현철,73,서울특별시 양천구 204-14,010-6537-7310,도예
6996,장정순,70,강원도 강릉시 126-70,010-9592-3635,캠핑
6997,조말옥,51,인천광역시 부평구 555-23,010-5674-6201,캘리그라피
6998,임우진,28,경기도 의정부시 740-52,010-2302-4320,패션
6999,이복희,39,경기도 의정부시 66-12,010-6167-4373,콜라주 아트
7000,서희정,27,서울특별시 용산구 510-14,010-1470-1261,생활 해킹
7001,이순영,39,전라남도 순천시 395-67,010-9501-3406,음악감상
7002,강희정,42,경상남도 창원시 611-79,010-6938-5560,헬로윈 파티 준비
7003,임지민,53,인천광역시 동구 536-16,010-7521-3248,게임
7004,정순자,26,서울특별시 강서구 844-53,010-4652-4542,시뮬레이션 게임
7005,홍채원,61,충청북도 충주시 812-19,010-2806-9991,요가
7006,이서준,65,경기도 안산시 단원구 449-39,010-5639-3098,캔들 만들기
7007,강말자,24,광주광역시 광산구 347-3,010-8823-6577,테니스
7008,한영호,79,경기도 파주시 490-61,010-5577-9669,비즈 공예
7009,홍하율,52,충청남도 아산시 564-73,010-2290-3170,스포츠 카드 수집
7010,황태윤,60,부산광역시 강서구 942-55,010-5895-2867,사진촬영
7011,전지율,69,경상남도 밀양시 766-34,010-5413-1694,책 클럽
7012,임수아,39,대구광역시 동구 988-75,010-7009-9823,DIY
7013,한시윤,33,경기도 오산시 268-86,010-6833-2764,도예
7014,홍세호,51,서울특별시 금천구 584-61,010-6496-1948,봉사활동
7015,권창수,78,서울특별시 송파구 977-59,010-4301-3867,VR 게임
7016,오지민,54,경기도 광주시 606-84,010-4281-1769,디지털 사진 전시
7017,홍종순,22,부산광역시 북구 76-49,010-7735-7419,독서
7018,홍로운,79,서울특별시 종로구 425-8,010-3755-1461,자전거 타기
7019,강도윤,20,전라남도 나주시는 944-87,010-9536-2096,패션
7020,임현우,27,부산광역시 동구 454-14,010-1133-6819,여행
7021,오광호,26,경기도 안산시 단원구 459-23,010-4877-1002,집콕 놀이
7022,황세아,45,경기도 안양시 만안구 370-74,010-8564-5871,자원봉사
7023,박민서,74,경기도 수원시 팔달구 488-59,010-8855-9940,스트리트 댄스
7024,최상호,71,전라북도 군산시 623-83,010-4555-7322,음악감상
7025,최진호,44,부산광역시 영도구 613-13,010-3344-5597,플로리스트
7026,김현서,49,대전광역시 서구 253-89,010-3187-1877,사진편집
7027,임은채,38,강원도 동해시 100-4,010-3214-5705,미술관 관람
7028,최종순,69,김해시 장유동 347-17,010-9581-6773,스트리밍
7029,홍시우,58,서울특별시 마포구 818-47,010-3585-4796,배드민턴
7030,김준서,68,대구광역시 남구 701-60,010-4612-4355,명상
7031,임정자,31,서울특별시 영등포구 428-22,010-5857-3256,캔들 만들기
7032,정하율,68,광주광역시 동구 625-82,010-6665-5995,사진편집
7033,홍하은,21,경기도 용인시 기흥구 267-0,010-2365-7036,자전거 타기
7034,신정자,63,대구광역시 달성군 420-91,010-5539-4187,유튜브 보기
7035,오세호,35,대구광역시 중구 345-62,010-7515-8694,보드게임
7036,조은숙,23,경기도 용인시 처인구 930-8,010-7604-4028,도예
7037,홍혜숙,46,경기도 용인시 수지구 510-48,010-6495-1107,펜팔
7038,임연희,38,서울특별시 강남구 128-15,010-9219-4237,헬스
7039,김나윤,34,서울특별시 광진구 930-48,010-4435-9784,웹툰 그리기
7040,황말옥,55,울산광역시 동구 21-73,010-9088-9319,요리
7041,장소율,34,서울특별시 강동구 813-66,010-4588-9459,수채화 그리기
7042,조유하,77,인천광역시 남동구 950-98,010-8807-2990,보드게임
7043,장다은,27,강원도 속초시 499-19,010-3265-2837,수영
7044,이예준,67,서울특별시 도봉구 485-38,010-4763-1178,DIY
7045,임종순,57,울산광역시 울주군 974-23,010-4750-2962,도예
7046,이말옥,58,경기도 안산시 상록구 928-66,010-8617-8732,플라워 아트
7047,최성호,53,부산광역시 강서구 781-37,010-9225-2459,스크래치 프로그램 만들기
7048,윤복자,32,부산광역시 남구 47-71,010-4825-2480,테니스
7049,최다은,51,울산광역시 북구 115-66,010-1557-4112,책 클럽
7050,박정우,24,경상북도 경주시 824-79,010-5563-1255,플로리스트
7051,조주아,44,경상북도 경주시 804-27,010-3685-4507,음악감상
7052,송세아,53,부산광역시 중구 55-71,010-6251-8535,VR 게임
7053,조찬우,41,서울특별시 은평구 168-7,010-6962-7602,사진편집
7054,김현진,42,강원도 동해시 690-34,010-4156-3794,독서
7055,전하진,44,경상남도 김해시 979-2,010-4361-6880,게임
7056,임채원,24,경기도 화성시 773-28,010-1673-9313,명상
7057,오재영,79,경상남도 김해시 804-26,010-3188-6454,캔들 만들기
7058,황주아,74,부천시 원미구 중동 403-11,010-8509-9124,봉사활동
7059,신경자,63,대구광역시 남구 334-40,010-5130-1245,드로잉
7060,한미영,39,대구광역시 수성구 908-14,010-5101-1541,캔들 만들기
7061,이태수,61,경기도 안양시 만안구 99-81,010-8575-2103,로봇 공학
7062,신경자,48,부천시 원미구 중동 387-27,010-3099-6505,캔들 만들기
7063,안예린,23,경상남도 창녕군 605-67,010-5960-5733,수영
7064,강하람,49,인천광역시 연수구 600-73,010-8729-5837,스키
7065,권명숙,63,부산광역시 동래구 79-92,010-5482-9018,보드게임
7066,강하연,74,충청북도 청주시 967-47,010-1894-3646,독서
7067,송옥희,58,서울특별시 용산구 719-5,010-4918-4864,콜라주 아트
7068,권정호,61,경상북도 김천시 483-70,010-8931-2514,웹툰 그리기
7069,임채원,56,서울특별시 은평구 673-83,010-6858-3553,디지털 아트
7070,윤호철,49,서울특별시 중구 558-77,010-4746-1692,스트리트 댄스
7071,홍영자,66,서울특별시 마포구 988-51,010-9302-8380,디지털 콘텐츠 제작
7072,김서준,28,서울특별시 중구 867-93,010-7622-6117,배우기
7073,정춘자,59,경상남도 진주시 589-89,010-9869-6223,보드게임
7074,오명숙,22,대구광역시 수성구 334-21,010-2268-5683,음악감상
7075,안옥희,51,광주광역시 남구 752-39,010-2024-8297,등산
7076,임소율,57,충청남도 천안시 45-50,010-2948-9560,마인드맵 만들기
7077,안태현,24,서울특별시 노원구 235-85,010-3368-5492,디지털 사진 전시
7078,윤준서,65,강원도 평창군 383-11,010-8425-5666,게임
7079,권지민,75,경기도 안양시 만안구 369-43,010-4501-2000,독서
7080,송유진,26,경상북도 안동시 355-58,010-1906-3390,자전거 타기
7081,정지민,60,경기도 수원시 팔달구 32-42,010-6267-2962,VR 게임
7082,윤승호,22,부산광역시 해운대구 191-85,010-4019-9301,스크래치 프로그램 만들기
7083,정찬우,24,경기도 시흥시 112-97,010-5808-1894,VR 게임
7084,서지후,44,경기도 성남시 수정구 837-94,010-9355-8048,시뮬레이션 게임
7085,이다온,20,경상남도 진주시 207-77,010-5453-1120,게임
7086,임건우,26,대구광역시 북구 664-54,010-7804-7807,VR 게임
7087,강찬우,28,강원도 평창군 666-61,010-7814-2380,도예
7088,박남수,55,부산광역시 서구 686-62,010-9857-1113,낚시
7089,한종순,39,제주시 연동 435-1,010-5699-8374,마인드맵 만들기
7090,한말순,40,인천광역시 중구 325-86,010-2615-5953,애니메이션 제작
7091,황광호,49,부산광역시 해운대구 975-29,010-3127-2602,필라테스
7092,신말자,23,경상남도 통영시 538-63,010-2704-6707,집콕 놀이
7093,최지후,35,인천광역시 서구 24-26,010-8518-9930,영화감상
7094,홍영일,36,대구광역시 중구 302-86,010-1308-8330,스크래치 프로그램 만들기
7095,권현서,78,충청북도 청주시 743-0,010-9572-1709,캘리그라피
7096,송민준,78,강원도 속초시 230-33,010-1381-9121,캔들 만들기
7097,윤소율,37,경상북도 김천시 559-45,010-2005-5089,벽화 그리기
7098,강채원,78,서울특별시 강남구 944-87,010-4876-9976,여행
7099,강하윤,70,서울특별시 동작구 532-14,010-4786-5317,디지털 일러스트
7100,조서연,47,충청북도 청주시 12-36,010-3798-1455,독서
7101,전나윤,47,제주시 이도이동 585-31,010-8951-5729,일기 쓰기
7102,안윤호,36,경기도 화성시 275-20,010-3621-2224,자전거 타기
7103,최형민,36,부산광역시 동구 972-66,010-1447-6323,애니메이션 제작
7104,정종수,54,강원도 양양군 504-52,010-6307-6497,사진촬영
7105,안서연,41,서울특별시 영등포구 976-83,010-7573-5190,피크닉
7106,신채원,50,광주광역시 광산구 916-10,010-4566-1666,집콕 놀이
7107,한영자,22,부산광역시 해운대구 5-1,010-5387-5482,디지털 사진 전시
7108,박정자,25,부산광역시 북구 758-69,010-2540-6768,코딩
7109,최성호,23,경기도 광주시 987-61,010-4974-6610,운동
7110,전민준,58,강원도 속초시 115-21,010-6366-7903,유튜브 보기
7111,장복자,21,서울특별시 강서구 100-7,010-2738-8164,사진촬영
7112,김지후,79,부산광역시 금정구 285-27,010-9859-4987,자원봉사
7113,윤광호,74,인천광역시 부평구 866-31,010-9627-3881,요가
7114,한예준,35,경상북도 경주시 483-35,010-1553-3422,콜라주 아트
7115,강영수,77,광주광역시 남구 756-16,010-2664-2240,피크닉
7116,이태윤,55,전라남도 나주시는 471-82,010-4885-9693,생활 해킹
7117,장정우,37,김해시 장유동 168-78,010-6669-9324,영화감상
7118,임복희,68,경상북도 안동시 688-69,010-8892-7180,게임
7119,오말옥,65,경기도 성남시 수정구 616-13,010-2597-6249,디지털 아트
7120,황지원,23,세종특별자치시 도담동 797-96,010-8236-8530,사진편집
7121,장재호,74,서울특별시 서초구 706-84,010-5846-7645,콜라주 아트
7122,신희정,69,부천시 원미구 중동 505-24,010-4043-6555,음악감상
7123,최예은,43,경상남도 거제시 117-70,010-5451-8689,마인드맵 만들기
7124,송지호,45,경기도 안양시 동안구 689-76,010-1023-4335,패션
7125,이진숙,60,부산광역시 금정구 843-54,010-4653-8980,퍼즐 맞추기
7126,박서진,70,광주광역시 광산구 673-57,010-9519-5878,콜라주 아트
7127,권하율,21,광주광역시 남구 14-19,010-2812-1087,캔들 만들기
7128,전정희,41,강원도 삼척시 629-76,010-5501-1329,애니메이션 제작
7129,신기영,51,전라남도 목포시 265-72,010-8764-7641,콜라주 아트
7130,황예린,20,서울특별시 강동구 772-87,010-4013-8090,영화 제작
7131,서지민,22,광주광역시 광산구 486-52,010-5816-7390,영화 제작
7132,전영희,73,강원도 원주시 150-5,010-6455-7373,도예
7133,조희정,71,강원도 평창군 951-70,010-8822-5307,플라워 아트
7134,송상호,65,경기도 파주시 736-20,010-5979-7848,디지털 콘텐츠 제작
7135,황현진,63,경기도 수원시 팔달구 159-91,010-2382-7735,유튜브 보기
7136,윤재영,46,서울특별시 동작구 331-35,010-3269-1641,요리
7137,박시헌,22,부산광역시 강서구 286-8,010-4660-4511,필라테스
7138,윤세호,50,서울특별시 중구 47-86,010-5645-2298,뜨개질
7139,강주원,72,인천광역시 중구 163-5,010-4922-7345,책 클럽
7140,김혜숙,79,경기도 군포시 240-64,010-9523-8202,여행
7141,최준호,41,경기도 고양시 덕양구 994-10,010-3991-3539,사진편집
7142,황은우,55,제주시 신제주 813-9,010-1321-7155,디지털 아트
7143,임정호,31,제주시 연동 958-1,010-8567-3015,벽화 그리기
7144,조수빈,75,대구광역시 남구 916-17,010-4645-4047,벽화 그리기
7145,오민준,71,서울특별시 성북구 885-13,010-2844-5436,스포츠 카드 수집
7146,안현철,21,충청남도 아산시 782-70,010-8255-2619,디지털 콘텐츠 제작
7147,임현진,51,전라북도 익산시 450-94,010-4886-9537,생활 해킹
7148,임기석,78,부산광역시 남구 752-41,010-6359-4174,뜨개질
7149,이현서,70,경상북도 경주시 74-25,010-1460-6254,캠핑
7150,김우진,62,인천광역시 서구 84-1,010-9308-6977,패션
7151,조준서,40,전라남도 나주시는 317-78,010-5887-4686,마인드맵 만들기
7152,홍서진,64,울산광역시 울주군 269-96,010-8865-6820,요가
7153,송경자,46,경기도 오산시 838-49,010-2043-8211,게임
7154,서지우,38,인천광역시 미추홀구 555-61,010-4375-7227,헬스
7155,안성자,22,강원도 동해시 76-66,010-1758-4729,자원봉사
7156,박승호,57,제주시 이도이동 936-77,010-9465-1393,애니메이션 제작
7157,장건우,40,경기도 평택시 634-12,010-9051-3999,피크닉
7158,권영희,25,대구광역시 달서구 653-43,010-5516-5220,미술관 관람
7159,박말자,44,경기도 광명시 412-71,010-6289-5628,자원봉사
7160,임재훈,24,경기도 오산시 44-71,010-2202-6692,수채화 그리기
7161,김지호,58,경기도 광명시 971-14,010-6113-4650,디지털 일러스트
7162,한윤호,65,경상북도 구미시 993-60,010-9416-9308,플라워 아트
7163,조말순,43,부산광역시 강서구 104-80,010-3576-3730,봉사활동
7164,전말순,31,서울특별시 서대문구 254-88,010-6621-7387,콜라주 아트
7165,박주영,72,강원도 홍천군 307-54,010-6191-4158,테니스
7166,서동수,37,경상남도 밀양시 528-40,010-9694-6141,명상
7167,조현서,71,경기도 파주시 253-71,010-7644-7199,테니스
7168,최재훈,27,경상남도 통영시 270-89,010-3262-7415,코딩
7169,안기영,72,경기도 오산시 53-42,010-5770-2387,모바일 게임 개발
7170,신로운,38,제주시 이도이동 2-8,010-9569-3579,영화감상
7171,홍소율,28,충청남도 공주시 758-48,010-6372-4148,음악감상
7172,임희정,24,인천광역시 남동구 29-11,010-9730-4095,여행
7173,윤민준,49,전라남도 광양시 445-62,010-6373-5312,수채화 그리기
7174,장성민,73,서울특별시 강남구 495-70,010-7210-2621,카페 투어
7175,이지율,40,서울특별시 도봉구 951-41,010-3877-7311,콜라주 아트
7176,윤준서,35,강원도 홍천군 854-29,010-6686-7259,여행
7177,김예린,36,인천광역시 동구 182-85,010-4343-5548,책 클럽
7178,윤명숙,77,경기도 광명시 93-72,010-9795-4067,비즈 공예
7179,홍진호,45,대전광역시 중구 330-45,010-1281-8321,테니스
7180,황순희,25,경상남도 창원시 800-87,010-8539-2026,책 클럽
7181,정현서,53,대전광역시 동구 368-5,010-2345-2917,모바일 게임 개발
7182,전호철,42,인천광역시 서구 299-51,010-5443-1752,배드민턴
7183,김태수,53,강원도 춘천시 85-27,010-6347-1356,애니메이션 제작
7184,오윤호,31,부산광역시 기장군 987-90,010-2728-4223,패션
7185,이우진,41,경상남도 양산시 481-87,010-1924-1832,디지털 아트
7186,홍로운,59,부산광역시 금정구 215-71,010-5388-6208,자원봉사
7187,서말자,33,경기도 안양시 만안구 396-13,010-8113-4027,독서
7188,홍예준,76,부천시 상동 182-97,010-5751-4145,미술관 관람
7189,홍은우,68,경기도 파주시 498-17,010-2850-9001,웹툰 그리기
7190,오유진,20,경기도 광명시 922-32,010-3355-1220,스크래치 프로그램 만들기
7191,서상민,22,대구광역시 달서구 759-49,010-2402-4322,수영
7192,신현철,79,인천광역시 부평구 638-46,010-3683-2121,디지털 콘텐츠 제작
7193,신희정,40,대구광역시 수성구 287-31,010-2314-1444,헬스
7194,장명자,75,경기도 고양시 일산동구 877-49,010-3551-3125,스포츠 카드 수집
7195,권정숙,32,광주광역시 북구 735-59,010-1345-6065,스트리밍
7196,신정희,42,경기도 광명시 8-11,010-5937-2681,일기 쓰기
7197,임예린,54,강원도 춘천시 407-3,010-6538-1195,배우기
7198,황말옥,52,부산광역시 남구 360-25,010-7140-1166,스트리밍
7199,윤찬우,69,강원도 강릉시 181-98,010-4793-5924,스트리트 댄스
7200,송유하,65,경상남도 김해시 170-25,010-1502-7130,독서
7201,권시우,49,경기도 고양시 일산동구 438-92,010-3527-1442,피크닉
7202,오춘식,69,부산광역시 기장군 781-66,010-1753-9223,디지털 일러스트
7203,권상호,39,경기도 용인시 기흥구 545-28,010-9818-8470,플라워 아트
7204,김준호,63,세종특별자치시 조치원읍 987-94,010-5536-4509,카페 투어
7205,홍서연,49,부산광역시 강서구 752-23,010-1207-7857,등산
7206,황종수,51,경상남도 거제시 701-84,010-8688-6062,헬로윈 파티 준비
7207,황유하,61,강원도 태백시 316-98,010-1812-8510,테니스
7208,홍주아,49,경상남도 창녕군 629-22,010-6337-3525,명상
7209,박희정,30,강원도 삼척시 72-73,010-5762-1489,캠핑
7210,조영자,31,전라남도 나주시는 948-49,010-5966-5047,필라테스
7211,임채은,51,경기도 평택시 755-71,010-4530-2209,스키
7212,안준서,45,경상남도 김해시 62-49,010-6568-6619,테니스
7213,권정순,37,부산광역시 서구 519-76,010-9605-4826,모바일 게임 개발
7214,홍건우,54,인천광역시 계양구 905-9,010-1122-5078,낚시
7215,황명숙,55,강원도 원주시 60-74,010-2666-9081,사진촬영
7216,전채원,43,서울특별시 강남구 362-63,010-1505-9892,스크래치 프로그램 만들기
7217,임재영,53,전라남도 목포시 905-13,010-1104-5923,자전거 타기
7218,최말옥,55,경기도 시흥시 147-64,010-5674-5075,집콕 놀이
7219,이정숙,62,경기도 안산시 상록구 244-4,010-1452-6894,드로잉
7220,조시헌,30,전라남도 여수시 853-77,010-2144-2687,요리
7221,최나윤,66,서울특별시 동대문구 559-58,010-1785-9435,독서
7222,임주아,24,충청남도 공주시 82-93,010-3291-5231,수채화 그리기
7223,신현우,51,인천광역시 부평구 104-94,010-4112-7555,뜨개질
7224,한기석,68,서울특별시 도봉구 107-92,010-8680-6514,게임 방송
7225,오지한,74,세종특별자치시 조치원읍 237-5,010-5849-2006,수영
7226,윤지후,58,광주광역시 북구 818-33,010-6072-6142,드로잉
7227,최지호,66,서울특별시 도봉구 554-41,010-5739-4131,시뮬레이션 게임
7228,박하은,41,서울특별시 강남구 820-2,010-5978-2039,스크래치 프로그램 만들기
7229,오현진,49,서울특별시 금천구 34-11,010-4247-5298,여행
7230,이서진,57,서울특별시 중랑구 865-6,010-6431-3780,디지털 사진 전시
7231,박경자,49,서울특별시 강서구 694-12,010-6180-4581,유튜브 보기
7232,장재호,41,강원도 원주시 205-5,010-8131-2314,비즈 공예
7233,권예준,79,경기도 수원시 장안구 826-84,010-3003-1116,디지털 일러스트
7234,권시헌,21,경상남도 창녕군 512-85,010-2270-5740,캠핑
7235,정주아,52,서울특별시 광진구 705-33,010-1819-1892,스크래치 프로그램 만들기
7236,윤재영,36,광주광역시 북구 908-14,010-3630-6573,스키
7237,김경자,24,전라남도 목포시 156-66,010-6413-6678,테니스
7238,홍세아,55,부산광역시 북구 97-14,010-6149-9725,드로잉
7239,송소율,70,대구광역시 동구 907-84,010-6843-6459,사진촬영
7240,김종순,64,서울특별시 마포구 296-15,010-6339-5734,모바일 게임 개발
7241,박복자,23,강원도 속초시 696-17,010-2190-4651,스트리트 댄스
7242,안지후,27,경기도 광명시 405-49,010-7447-2246,뜨개질
7243,권춘자,66,부산광역시 서구 717-78,010-5489-8128,책 클럽
7244,홍채은,41,경기도 용인시 수지구 108-59,010-3831-2616,골프
7245,전시윤,33,경기도 안산시 단원구 24-70,010-9886-9461,미술관 관람
7246,안채원,68,충청북도 청주시 201-48,010-8746-1325,봉사활동
7247,장주영,42,서울특별시 성북구 407-82,010-2860-4847,카페 투어
7248,한경수,40,경기도 군포시 730-63,010-4805-5497,DIY
7249,임호철,52,서울특별시 성북구 410-64,010-8342-7022,사진촬영
7250,한다온,36,부천시 원미구 중동 936-80,010-8944-9884,드로잉
7251,서진숙,49,경기도 용인시 기흥구 416-29,010-3118-8258,캠핑
7252,오예준,73,강원도 속초시 302-65,010-8756-9483,퍼즐 맞추기
7253,최서연,55,경기도 고양시 일산동구 169-97,010-2192-9020,디지털 일러스트
7254,김춘희,25,경기도 고양시 일산동구 262-85,010-9086-1933,캘리그라피
7255,정주원,69,서울특별시 노원구 315-91,010-8098-7175,웹서핑
7256,송만수,37,전라북도 익산시 866-57,010-2018-2982,낚시
7257,강지우,37,경기도 성남시 분당구 277-41,010-9949-6442,등산
7258,송은숙,64,경기도 안양시 만안구 934-26,010-7148-4134,봉사활동
7259,정말옥,53,인천광역시 부평구 560-80,010-7320-3513,웹툰 그리기
7260,권호철,64,강원도 동해시 223-0,010-2240-9613,웹서핑
7261,최승호,58,경기도 용인시 수지구 396-47,010-1998-8315,로봇 공학
7262,조정우,66,서울특별시 마포구 5-96,010-1181-7863,캠핑
7263,조승호,79,경기도 용인시 기흥구 772-98,010-7182-6538,콜라주 아트
7264,이연희,66,대전광역시 대덕구 473-56,010-9687-6246,디지털 아트
7265,전희정,40,대전광역시 중구 629-65,010-9486-8505,플로리스트
7266,안재훈,32,경상남도 창원시 441-25,010-4240-7890,헬스
7267,강만수,44,경기도 평택시 244-55,010-1808-5616,패션
7268,윤로운,72,대전광역시 대덕구 903-69,010-9242-2783,영화감상
7269,장채원,45,강원도 원주시 518-40,010-3207-1479,스크래치 프로그램 만들기
7270,황명숙,55,경상남도 밀양시 274-10,010-3487-6883,생활 해킹
7271,임명훈,70,강원도 양양군 411-57,010-7163-9471,운동
7272,최지민,41,대전광역시 유성구 833-85,010-8902-9687,퍼즐 맞추기
7273,윤태윤,37,대구광역시 동구 621-84,010-6931-7082,일기 쓰기
7274,권숙자,36,부산광역시 북구 842-53,010-3736-9761,사진촬영
7275,안다은,74,서울특별시 마포구 424-68,010-9885-3014,자원봉사
7276,임윤호,62,서울특별시 동작구 233-64,010-7327-5353,사진편집
7277,서다온,31,충청남도 천안시 201-89,010-9669-2342,보드게임
7278,오수빈,24,울산광역시 울주군 605-23,010-3144-2885,캔들 만들기
7279,송진숙,79,경기도 성남시 분당구 516-60,010-1896-6870,디지털 아트
7280,서윤호,59,울산광역시 중구 554-92,010-3395-3855,캘리그라피
7281,황춘희,45,제주시 아라동 518-97,010-1688-9015,헬스
7282,신경자,24,전라북도 익산시 899-0,010-8568-3026,배우기
7283,송다빈,36,강원도 홍천군 729-75,010-6864-8055,미술관 관람
7284,권영일,75,용인시 수지구 풍덕천동 604-23,010-4707-9294,마인드맵 만들기
7285,최혜숙,40,충청남도 아산시 305-66,010-5471-5982,헬로윈 파티 준비
7286,신수빈,31,광주광역시 남구 713-48,010-4234-4725,배드민턴
7287,홍영자,57,전라남도 나주시는 888-75,010-8833-9956,디지털 아트
7288,권주아,73,경상북도 경주시 259-48,010-3984-5085,캘리그라피
7289,황예은,23,강원도 평창군 486-66,010-2990-5902,영화감상
7290,임남수,63,서울특별시 성북구 871-76,010-3907-6750,도예
7291,안진호,68,경기도 평택시 377-24,010-2518-2570,캠핑
7292,정정자,76,서울특별시 종로구 674-55,010-4923-8315,마인드맵 만들기
7293,임성민,47,부산광역시 사하구 724-49,010-4303-8134,낚시
7294,송재영,73,제주시 오라동 463-97,010-7206-5782,수채화 그리기
7295,강유하,53,전라남도 광양시 816-90,010-1662-3788,테니스
7296,황주아,64,경기도 고양시 덕양구 597-63,010-1169-9352,웹툰 그리기
7297,임정희,71,경기도 파주시 480-5,010-4713-6288,미술관 관람
7298,황하은,79,광주광역시 광산구 545-80,010-8439-1002,캠핑
7299,윤형민,30,울산광역시 북구 192-78,010-2321-6617,배우기
7300,황종수,38,강원도 홍천군 213-78,010-4919-5468,낚시
7301,전말자,26,경상남도 창녕군 127-63,010-4173-4467,집콕 놀이
7302,송태윤,21,인천광역시 계양구 746-3,010-8799-3367,필라테스
7303,김경자,29,서울특별시 용산구 936-28,010-3523-2249,스트리밍
7304,정민수,58,부산광역시 동구 348-69,010-9929-1702,도예
7305,송영호,46,경기도 용인시 기흥구 41-61,010-6506-9877,디지털 아트
7306,전선자,63,부산광역시 금정구 769-76,010-3519-5096,애니메이션 제작
7307,조숙자,26,강원도 홍천군 914-35,010-4855-9188,헬로윈 파티 준비
7308,박재훈,55,서울특별시 은평구 656-17,010-5296-5695,로봇 공학
7309,김재훈,54,서울특별시 동작구 595-9,010-5034-5957,낚시
7310,신정순,64,용인시 수지구 풍덕천동 69-76,010-7655-5174,디지털 콘텐츠 제작
7311,홍경수,66,인천광역시 서구 402-65,010-7302-3988,시뮬레이션 게임
7312,전정자,75,서울특별시 용산구 418-19,010-2971-5071,플로리스트
7313,이민준,72,전라남도 순천시 578-95,010-1869-6143,골프
7314,이주영,24,광주광역시 북구 671-30,010-3728-8070,모바일 게임 개발
7315,오정우,36,서울특별시 노원구 825-27,010-5849-1534,테니스
7316,한서준,31,경기도 용인시 처인구 961-19,010-9430-3478,디지털 아트
7317,오경자,51,서울특별시 양천구 366-71,010-2622-8511,헬스
7318,전혜숙,61,경기도 성남시 수정구 816-7,010-8504-6800,테니스
7319,김시우,38,경기도 평택시 148-27,010-7581-2300,콜라주 아트
7320,임상민,69,서울특별시 영등포구 752-32,010-7330-8599,벽화 그리기
7321,신병호,34,서울특별시 광진구 568-28,010-8868-7499,시뮬레이션 게임
7322,강종순,69,경기도 평택시 396-66,010-8293-4349,마인드맵 만들기
7323,송경자,35,강원도 속초시 256-20,010-5173-9742,애니메이션 제작
7324,신정순,44,인천광역시 남동구 957-26,010-9844-5961,일기 쓰기
7325,권영희,37,제주시 연동 676-27,010-5275-3611,웹툰 그리기
7326,안민서,63,서울특별시 강남구 448-90,010-1364-8233,유튜브 보기
7327,황혜숙,34,세종특별자치시 아름동 654-66,010-8277-2553,필라테스
7328,서정우,48,서울특별시 동작구 528-70,010-1506-4807,골프
7329,안준서,44,서울특별시 용산구 840-91,010-3402-8571,요가
7330,신정자,34,경상남도 양산시 326-79,010-5299-2579,디지털 아트
7331,전하윤,47,대구광역시 남구 403-85,010-6837-5183,DIY
7332,오진호,46,인천광역시 동구 201-62,010-1978-1786,플로리스트
7333,황다은,50,충청남도 아산시 297-27,010-2495-4355,헬로윈 파티 준비
7334,서하율,30,경기도 화성시 756-11,010-9221-3499,퍼즐 맞추기
7335,한수빈,36,전라북도 전주시 416-47,010-9932-1729,보드게임
7336,권희정,62,서울특별시 강동구 68-65,010-2948-1781,스키
7337,이수빈,76,인천광역시 동구 169-57,010-5649-6326,스포츠 카드 수집
7338,정숙자,60,대전광역시 대덕구 816-69,010-3301-7626,벽화 그리기
7339,오재영,35,강원도 춘천시 450-74,010-3942-6441,수채화 그리기
7340,송유하,44,부산광역시 중구 327-80,010-7594-5336,스트리밍
7341,윤로운,42,경기도 용인시 기흥구 775-73,010-6126-7761,퍼즐 맞추기
7342,박명훈,54,광주광역시 남구 859-34,010-9886-7862,코딩
7343,조태현,74,전라남도 나주시는 705-2,010-6400-8275,웹툰 그리기
7344,정유진,48,성남시 분당구 정자동 434-65,010-2926-1159,게임 방송
7345,전하진,77,대전광역시 동구 361-59,010-6061-9302,캘리그라피
7346,장현철,32,세종특별자치시 도담동 416-19,010-7033-9455,DIY
7347,김다은,47,경상북도 김천시 574-65,010-5570-3022,웹툰 그리기
7348,강지율,34,서울특별시 광진구 901-33,010-7436-9997,디지털 일러스트
7349,안성민,21,제주시 오라동 580-88,010-4477-1304,게임
7350,서말옥,37,대전광역시 동구 76-70,010-6631-8141,펜팔
7351,신예은,38,경기도 화성시 238-71,010-4093-5375,스키
7352,김하연,28,서울특별시 은평구 937-35,010-8200-3748,일기 쓰기
7353,김순영,33,대구광역시 달서구 454-98,010-4159-9392,헬로윈 파티 준비
7354,권명자,40,부산광역시 남구 603-13,010-1369-6092,일기 쓰기
7355,조태수,39,서울특별시 동작구 669-9,010-4766-8246,자전거 타기
7356,서형민,28,경기도 광명시 781-82,010-2362-6431,VR 게임
7357,임옥희,61,전라남도 목포시 935-63,010-6624-3569,헬로윈 파티 준비
7358,강하은,64,충청남도 공주시 695-46,010-3245-6402,배우기
7359,전기영,52,부산광역시 북구 938-54,010-4243-5987,영화 제작
7360,정만수,53,부산광역시 북구 538-81,010-8552-9771,피크닉
7361,한숙자,43,경기도 의정부시 996-42,010-8955-2504,명상
7362,정주아,49,부산광역시 수영구 607-84,010-6531-5071,스키
7363,박하은,75,서울특별시 종로구 761-56,010-3476-3379,코딩
7364,신승호,77,강원도 홍천군 356-56,010-3821-7731,자전거 타기
7365,이혜숙,49,대구광역시 중구 766-91,010-2885-3055,디지털 콘텐츠 제작
7366,서복자,33,서울특별시 금천구 470-35,010-1856-9388,낚시
7367,전정숙,67,서울특별시 용산구 10-18,010-8653-4471,봉사활동
7368,송순영,62,제주시 신제주 749-29,010-1488-6370,등산
7369,이주아,62,서울특별시 관악구 649-5,010-3545-7763,게임
7370,윤정숙,71,서울특별시 강동구 139-13,010-7938-5904,비즈 공예
7371,안현우,61,경상남도 양산시 517-78,010-5330-2645,캔들 만들기
7372,최채원,21,서울특별시 송파구 112-29,010-5318-4573,필라테스
7373,김진숙,23,인천광역시 미추홀구 339-2,010-3687-1251,펜팔
7374,황성자,40,대구광역시 서구 779-7,010-1644-2648,여행
7375,신수빈,64,경기도 평택시 291-17,010-6227-2427,캘리그라피
7376,신지호,50,경상북도 김천시 438-15,010-8579-5585,생활 해킹
7377,황철수,52,인천광역시 중구 67-12,010-2656-4971,뜨개질
7378,김민서,75,경상북도 구미시 221-46,010-4139-5798,도예
7379,전종수,25,서울특별시 구로구 667-68,010-3770-4855,음악감상
7380,권경수,70,전라북도 군산시 77-49,010-8781-3641,자원봉사
7381,조호철,63,부산광역시 영도구 397-68,010-5700-2793,자원봉사
7382,장경수,33,제주시 이도이동 117-33,010-2321-3989,시뮬레이션 게임
7383,안예은,25,울산광역시 동구 930-85,010-1681-5203,마인드맵 만들기
7384,강하람,58,세종특별자치시 아름동 534-43,010-2899-7972,명상
7385,이춘식,31,서울특별시 동대문구 95-66,010-1655-8399,스크래치 프로그램 만들기
7386,김채은,37,충청북도 진천군 112-66,010-7857-4387,웹툰 그리기
7387,송복자,72,경상남도 김해시 519-30,010-2416-9377,요리
7388,전진숙,77,대전광역시 서구 377-0,010-5614-9670,디지털 콘텐츠 제작
7389,권재영,30,대전광역시 유성구 407-13,010-9359-1641,DIY
7390,황재호,47,경상북도 구미시 665-16,010-3179-7262,스키
7391,정말자,48,전라북도 익산시 948-28,010-4495-5866,요가
7392,장유하,67,강원도 태백시 226-60,010-8094-6317,음악감상
7393,홍유하,20,경상남도 사천시 657-91,010-9522-9896,테니스
7394,강성자,20,경상남도 창녕군 139-93,010-7041-7491,일기 쓰기
7395,서성자,29,울산광역시 중구 970-66,010-9999-1116,비즈 공예
7396,오말옥,74,대전광역시 유성구 693-1,010-5927-8357,드로잉
7397,윤영호,51,대구광역시 중구 299-94,010-2191-8519,애니메이션 제작
7398,이정희,21,제주시 노형동 177-61,010-5314-9404,모바일 촬영
7399,강채원,37,인천광역시 동구 101-87,010-3511-3268,영화감상
7400,최종순,41,강원도 태백시 671-74,010-7700-5671,모바일 촬영
7401,김말순,75,대전광역시 중구 946-55,010-8595-2949,수채화 그리기
7402,조진호,20,광주광역시 동구 20-29,010-5478-3353,필라테스
7403,송하진,35,부산광역시 중구 229-34,010-9845-9289,요리
7404,황형민,55,부산광역시 중구 408-43,010-2179-5534,영화 제작
7405,김민서,53,경기도 오산시 703-84,010-2526-5355,미술관 관람
7406,권재훈,40,서울특별시 동작구 746-87,010-2010-6018,도예
7407,신주아,47,부산광역시 기장군 49-9,010-5154-1370,퍼즐 맞추기
7408,강윤서,26,제주시 신제주 791-10,010-9946-4332,VR 게임
7409,오주원,21,울산광역시 동구 516-1,010-4030-8519,모바일 촬영
7410,서지우,79,경상북도 구미시 298-27,010-3126-4123,명상
7411,박준호,26,인천광역시 부평구 424-9,010-4762-2986,스키
7412,오수빈,57,강원도 태백시 261-66,010-7298-9268,VR 게임
7413,전정우,68,경기도 군포시 92-29,010-8555-7914,디지털 사진 전시
7414,서유진,54,충청남도 논산시 294-71,010-2084-5375,음악감상
7415,임병호,52,인천광역시 연수구 22-89,010-7915-5274,낚시
7416,이종수,27,경기도 의정부시 782-1,010-1962-8695,뜨개질
7417,최로운,22,인천광역시 서구 471-48,010-5364-9686,플라워 아트
7418,장희정,59,경상남도 창원시 666-13,010-4291-3977,골프
7419,서태현,37,인천광역시 중구 527-22,010-1188-8207,테니스
7420,황로운,62,부산광역시 해운대구 904-65,010-4582-7756,사진편집
7421,권정숙,47,세종특별자치시 한솔동 825-2,010-6625-2123,캔들 만들기
7422,최하율,66,부산광역시 강서구 142-35,010-4692-4048,벽화 그리기
7423,정채은,61,인천광역시 연수구 383-7,010-3761-4965,벽화 그리기
7424,정광호,26,제주시 연동 516-28,010-4073-3731,독서
7425,최정숙,71,전라북도 익산시 558-93,010-3169-6907,헬스
7426,신순희,70,제주시 신제주 396-39,010-1083-7569,게임
7427,서기영,77,경기도 광주시 761-88,010-4342-5850,캘리그라피
7428,신재영,61,충청북도 청주시 751-48,010-5552-7858,VR 게임
7429,강세호,53,세종특별자치시 도담동 83-42,010-4862-2667,사진촬영
7430,최창수,49,부산광역시 기장군 94-60,010-8937-7707,요가
7431,정준호,43,인천광역시 중구 97-49,010-2585-3303,DIY
7432,조성자,35,경상남도 창원시 39-77,010-8432-5563,디지털 사진 전시
7433,황은채,65,서울특별시 도봉구 353-83,010-2414-6995,벽화 그리기
7434,조말자,43,강원도 동해시 664-68,010-5248-2806,스트리트 댄스
7435,송은채,45,서울특별시 서대문구 920-27,010-5485-7564,디지털 콘텐츠 제작
7436,전영수,29,인천광역시 계양구 935-17,010-6897-5716,보드게임
7437,전시우,60,광주광역시 북구 912-84,010-8588-5809,디지털 일러스트
7438,이유진,27,인천광역시 미추홀구 809-56,010-4032-8485,드로잉
7439,박유하,60,경상남도 양산시 493-23,010-3266-2194,명상
7440,윤서아,75,대구광역시 중구 779-52,010-3668-8759,테니스
7441,권영수,24,전라남도 나주시는 159-93,010-8007-7667,수채화 그리기
7442,김연희,42,부산광역시 동래구 586-9,010-2425-2557,비즈 공예
7443,김유진,73,서울특별시 중랑구 987-61,010-3265-4142,퍼즐 맞추기
7444,임준서,51,울산광역시 동구 558-90,010-6898-5332,여행
7445,홍윤호,67,광주광역시 북구 167-63,010-5603-9339,책 클럽
7446,강지우,28,부산광역시 해운대구 486-50,010-1865-7052,디지털 일러스트
7447,권은숙,27,울산광역시 북구 932-51,010-4384-6003,스포츠 카드 수집
7448,송복자,20,전라남도 순천시 452-14,010-1318-9022,캠핑
7449,한예은,21,경기도 용인시 기흥구 388-79,010-1510-5542,펜팔
7450,한영희,56,경기도 화성시 734-73,010-5096-9014,테니스
7451,장윤서,55,부산광역시 북구 643-17,010-4250-6656,헬스
7452,박수빈,75,강원도 춘천시 645-77,010-4028-4299,일기 쓰기
7453,서민수,66,부산광역시 강서구 345-26,010-8861-6351,필라테스
7454,박주아,79,충청남도 아산시 435-26,010-5121-9014,유튜브 보기
7455,송승호,55,경상북도 포항시 772-58,010-6794-9452,자원봉사
7456,최경수,47,경상남도 창원시 655-67,010-5667-5054,웹서핑
7457,홍예은,76,부천시 원미구 중동 860-29,010-5478-4352,명상
7458,안윤호,32,서울특별시 송파구 979-85,010-6730-3137,게임 방송
7459,강세아,77,대전광역시 동구 289-94,010-3776-3046,사진촬영
7460,서복희,35,경상북도 포항시 595-60,010-1728-6489,캘리그라피
7461,김윤호,33,경상남도 밀양시 331-12,010-8872-6922,책 클럽
7462,강호철,22,경기도 군포시 761-86,010-5574-9480,헬로윈 파티 준비
7463,신하은,76,부산광역시 북구 234-45,010-5980-6688,헬로윈 파티 준비
7464,한하람,56,대구광역시 동구 382-72,010-5460-6373,로봇 공학
7465,김춘식,71,인천광역시 중구 386-87,010-6065-1599,콜라주 아트
7466,윤로운,51,제주시 연동 6-19,010-6234-3271,게임 방송
7467,한채원,48,경기도 성남시 수정구 556-38,010-4122-6046,모바일 촬영
7468,홍미영,64,서울특별시 관악구 741-49,010-8041-5141,게임
7469,박다은,53,서울특별시 용산구 39-33,010-3344-4781,캔들 만들기
7470,박지우,60,경상남도 밀양시 141-76,010-1030-8048,드로잉
7471,정민준,63,경기도 안산시 상록구 366-48,010-6750-5378,플로리스트
7472,황서진,50,경상남도 양산시 614-5,010-6384-5284,애니메이션 제작
7473,서선자,45,경상남도 진주시 866-78,010-1091-1021,일기 쓰기
7474,황영희,49,제주시 신제주 146-75,010-5590-4404,헬스
7475,황현우,66,세종특별자치시 한솔동 325-92,010-1712-2059,비즈 공예
7476,홍수아,55,제주시 이도이동 595-40,010-3573-1659,캔들 만들기
7477,송하율,42,경기도 고양시 덕양구 549-37,010-8538-6475,스키
7478,안채원,66,경기도 광명시 496-16,010-6880-4100,게임
7479,권혜숙,69,제주시 연동 909-85,010-3939-7967,카페 투어
7480,안준호,60,서울특별시 노원구 34-46,010-5357-9039,봉사활동
7481,오형민,68,대구광역시 달서구 74-18,010-6765-5607,VR 게임
7482,전태현,30,광주광역시 남구 112-0,010-2815-5060,비즈 공예
7483,윤태윤,54,세종특별자치시 아름동 644-44,010-8409-2653,영화 제작
7484,윤복희,76,서울특별시 강북구 208-39,010-4024-7273,캔들 만들기
7485,정진숙,46,서울특별시 중랑구 550-58,010-7106-4397,영화감상
7486,정윤서,51,서울특별시 양천구 178-92,010-2769-5208,캠핑
7487,권나윤,64,경기도 용인시 기흥구 269-97,010-7138-4423,사진편집
7488,강태수,77,서울특별시 송파구 20-19,010-4907-5238,영화 제작
7489,강지호,31,경상북도 구미시 747-0,010-9179-4097,운동
7490,오경자,62,강원도 강릉시 15-32,010-7245-2970,드로잉
7491,조말옥,30,대전광역시 동구 535-49,010-3054-5551,웹툰 그리기
7492,장태윤,47,경기도 성남시 수정구 613-8,010-9336-3801,웹툰 그리기
7493,황서진,44,경기도 화성시 83-54,010-7566-4446,유튜브 보기
7494,강서진,21,인천광역시 미추홀구 445-79,010-1273-6164,도예
7495,조정순,53,세종특별자치시 아름동 569-64,010-5824-6000,웹서핑
7496,장춘자,73,부산광역시 기장군 955-53,010-3257-2183,마인드맵 만들기
7497,권주아,29,부천시 원미구 중동 587-84,010-1598-6343,벽화 그리기
7498,정기석,41,경상남도 사천시 98-0,010-6074-3858,낚시
7499,권나윤,64,경기도 군포시 321-45,010-2269-9320,자원봉사
7500,홍도윤,78,서울특별시 강북구 794-50,010-8186-8203,도예
7501,장종순,74,전라북도 익산시 175-38,010-2865-7247,자전거 타기
7502,오하연,25,인천광역시 서구 36-94,010-5292-3036,테니스
7503,윤시헌,39,경기도 고양시 일산동구 629-23,010-8740-4403,영화감상
7504,전민수,50,인천광역시 부평구 231-87,010-5358-5698,생활 해킹
7505,권지후,68,부산광역시 부산진구 937-70,010-8538-2005,여행
7506,윤영희,20,경상남도 창녕군 567-44,010-9755-9145,코딩
7507,임지율,22,전라북도 익산시 831-69,010-9103-8858,피크닉
7508,권상민,33,울산광역시 동구 124-36,010-1556-1600,카페 투어
7509,김로운,28,제주시 아라동 387-85,010-7122-2235,플로리스트
7510,정재훈,70,서울특별시 서대문구 52-98,010-5313-1622,보드게임
7511,안지원,34,대전광역시 동구 24-55,010-4985-2205,캔들 만들기
7512,최지한,27,서울특별시 종로구 944-19,010-7097-3283,드로잉
7513,정연희,79,강원도 양양군 382-41,010-5249-9177,플라워 아트
7514,서종수,22,서울특별시 강남구 716-81,010-9882-4080,디지털 사진 전시
7515,권수아,24,경기도 안산시 상록구 326-33,010-9186-4206,캠핑
7516,정정희,74,대구광역시 남구 125-66,010-8952-5256,등산
7517,홍현우,62,충청북도 충주시 648-38,010-3234-2068,플로리스트
7518,신예준,34,부산광역시 동래구 332-27,010-2678-3703,카페 투어
7519,송춘자,49,강원도 홍천군 249-84,010-2592-4671,테니스
7520,김윤호,37,용인시 수지구 풍덕천동 905-83,010-8057-1988,게임
7521,이숙자,69,충청남도 아산시 632-26,010-9751-9196,비즈 공예
7522,권하연,76,서울특별시 강서구 950-17,010-6478-6949,요리
7523,오지후,43,서울특별시 관악구 106-16,010-3496-7453,스크래치 프로그램 만들기
7524,안지호,61,서울특별시 용산구 721-69,010-5800-6252,자원봉사
7525,윤다은,78,제주시 연동 601-91,010-1889-6365,마인드맵 만들기
7526,윤건우,55,경기도 화성시 537-62,010-4890-4990,음악감상
7527,오민준,26,경기도 고양시 덕양구 587-42,010-7500-2974,마인드맵 만들기
7528,황다빈,21,경기도 용인시 수지구 939-70,010-3222-2752,테니스
7529,강선자,43,제주시 아라동 522-17,010-4740-3469,디지털 콘텐츠 제작
7530,한나윤,25,충청북도 청주시 725-70,010-2457-8858,골프
7531,박종순,48,대전광역시 유성구 227-25,010-7382-5048,스키
7532,권영수,65,강원도 속초시 590-41,010-7756-8892,피크닉
7533,신혜숙,24,경기도 성남시 수정구 841-77,010-6361-1846,디지털 일러스트
7534,홍예준,72,경상북도 안동시 319-44,010-8841-8264,웹서핑
7535,최윤호,76,제주시 아라동 277-30,010-5932-5140,디지털 일러스트
7536,송옥희,75,제주시 노형동 292-80,010-5318-9081,자전거 타기
7537,윤순자,73,부산광역시 수영구 294-98,010-1821-4005,패션
7538,오세아,71,서울특별시 은평구 563-67,010-1713-1596,디지털 일러스트
7539,서건우,37,울산광역시 남구 323-50,010-9381-5666,보드게임
7540,이유진,49,강원도 홍천군 220-16,010-5461-3875,드로잉
7541,한민준,61,충청북도 진천군 658-17,010-1945-6267,보드게임
7542,조영호,70,경상북도 김천시 207-15,010-9388-6443,등산
7543,임춘식,44,경기도 용인시 수지구 972-67,010-4421-1149,뜨개질
7544,송준서,50,광주광역시 광산구 727-17,010-4786-4507,독서
7545,김시윤,38,경기도 수원시 팔달구 591-53,010-7602-9131,수영
7546,임소율,60,부산광역시 금정구 591-44,010-5311-2685,운동
7547,조도윤,76,부천시 원미구 중동 116-5,010-8668-8865,콜라주 아트
7548,전서연,65,부산광역시 동구 455-84,010-6974-4118,피크닉
7549,안하율,72,광주광역시 동구 670-79,010-6716-2909,VR 게임
7550,신종순,48,대구광역시 중구 581-2,010-1854-1827,패션
7551,정정자,69,부산광역시 중구 316-27,010-4213-3915,캘리그라피
7552,강준호,37,서울특별시 은평구 138-22,010-3542-8686,디지털 아트
7553,한형민,52,광주광역시 북구 149-52,010-2890-4754,패션
7554,조지민,30,전라남도 목포시 763-7,010-1859-2130,책 클럽
7555,박하율,50,광주광역시 광산구 230-58,010-5133-3921,모바일 게임 개발
7556,서선자,53,부산광역시 동래구 756-35,010-8854-4825,미술관 관람
7557,오예준,28,성남시 분당구 정자동 375-18,010-6847-2848,사진촬영
7558,강재영,75,서울특별시 강남구 351-42,010-2480-8447,VR 게임
7559,신채원,54,광주광역시 북구 996-60,010-1953-8506,DIY
7560,김정숙,68,세종특별자치시 아름동 40-39,010-4380-9056,요리
7561,최순자,77,세종특별자치시 조치원읍 783-45,010-1203-2263,플로리스트
7562,강미영,75,경상남도 창녕군 791-19,010-3959-7197,사진촬영
7563,한소율,45,서울특별시 동작구 312-50,010-9020-6441,보드게임
7564,황정희,25,부산광역시 기장군 151-49,010-8952-6266,운동
7565,정복희,20,경상북도 경주시 983-98,010-6567-7027,웹서핑
7566,한은우,74,인천광역시 중구 935-40,010-9742-6805,골프
7567,홍춘희,40,경기도 성남시 수정구 920-3,010-8280-4621,낚시
7568,김지율,21,부산광역시 해운대구 782-23,010-5385-3889,골프
7569,황정호,65,인천광역시 계양구 685-22,010-7322-6915,모바일 게임 개발
7570,윤희정,41,경상남도 밀양시 969-31,010-9375-4516,독서
7571,송재훈,66,대전광역시 서구 844-97,010-7131-1691,미술관 관람
7572,신영호,20,경상남도 창원시 486-23,010-4379-5804,DIY
7573,신상민,77,인천광역시 미추홀구 163-11,010-1201-2187,미술관 관람
7574,오다온,67,충청북도 청주시 740-63,010-2760-4482,집콕 놀이
7575,송명자,28,인천광역시 중구 276-78,010-2701-1927,웹툰 그리기
7576,오정호,36,경기도 안산시 단원구 51-80,010-5830-1909,캠핑
7577,장나윤,45,충청남도 천안시 607-76,010-1609-3471,요가
7578,오말순,52,부산광역시 강서구 307-41,010-9240-3352,캔들 만들기
7579,정유진,36,서울특별시 서초구 62-81,010-7656-6264,책 클럽
7580,안지호,39,부산광역시 연제구 781-25,010-2098-1869,명상
7581,윤순영,43,경상남도 진주시 274-66,010-1855-1736,피크닉
7582,송은숙,48,부산광역시 강서구 734-75,010-9114-1163,플로리스트
7583,황은우,34,서울특별시 중랑구 496-80,010-8617-8267,영화감상
7584,장미영,28,제주시 신제주 265-52,010-6249-2934,등산
7585,오영자,21,서울특별시 성북구 157-48,010-5739-7299,사진촬영
7586,서진호,67,인천광역시 계양구 753-6,010-7478-5208,일기 쓰기
7587,황명자,67,울산광역시 동구 963-31,010-4869-3434,낚시
7588,전채원,40,경상북도 경주시 285-3,010-7780-3872,수채화 그리기
7589,윤말옥,60,강원도 동해시 118-98,010-3282-3031,콜라주 아트
7590,조성민,64,경상남도 창녕군 729-12,010-4837-2047,여행
7591,송시윤,77,서울특별시 강서구 330-46,010-2382-5957,책 클럽
7592,황윤서,75,서울특별시 동대문구 285-30,010-4522-1055,골프
7593,송정순,43,전라북도 전주시 986-55,010-7146-7437,웹툰 그리기
7594,서연희,71,강원도 원주시 929-71,010-5579-8444,스키
7595,권영일,78,울산광역시 북구 636-89,010-1919-4016,일기 쓰기
7596,한서준,44,서울특별시 성북구 420-15,010-3517-1212,일기 쓰기
7597,조정자,76,전라남도 나주시는 170-25,010-7051-6206,VR 게임
7598,김주영,35,서울특별시 마포구 758-84,010-4491-9058,명상
7599,이도윤,40,인천광역시 미추홀구 602-19,010-5525-8342,스크래치 프로그램 만들기
7600,박주원,45,강원도 양양군 814-16,010-6678-7634,코딩
7601,황현진,42,부산광역시 강서구 682-16,010-9179-2825,캘리그라피
7602,최정희,36,인천광역시 미추홀구 150-55,010-3471-1538,애니메이션 제작
7603,김기석,42,경기도 파주시 862-66,010-9576-2150,테니스
7604,강민서,53,제주시 이도이동 848-10,010-9011-7235,웹툰 그리기
7605,안주아,64,강원도 태백시 128-18,010-9144-3419,미술관 관람
7606,임서연,73,경상남도 거제시 554-29,010-2126-1380,콜라주 아트
7607,윤주영,49,대구광역시 수성구 480-91,010-4538-4364,DIY
7608,정세아,29,경상북도 포항시 905-12,010-5567-8675,시뮬레이션 게임
7609,한영수,52,강원도 속초시 559-55,010-8036-4315,자전거 타기
7610,윤정순,73,경기도 성남시 분당구 357-67,010-1923-1508,캔들 만들기
7611,황연희,37,제주시 오라동 437-80,010-7054-5810,퍼즐 맞추기
7612,안하윤,38,부산광역시 사상구 611-33,010-9106-2276,웹서핑
7613,장경수,63,서울특별시 도봉구 742-60,010-5021-6565,요리
7614,윤수아,36,경상남도 밀양시 926-92,010-7938-3623,피크닉
7615,정하연,52,전라남도 여수시 445-46,010-1907-7840,게임 방송
7616,조춘식,43,제주시 이도이동 559-53,010-1690-1082,테니스
7617,김재호,25,인천광역시 남동구 343-97,010-8660-8942,사진편집
7618,황옥희,56,충청북도 청주시 746-52,010-3309-5287,디지털 사진 전시
7619,전말순,23,경상북도 안동시 389-90,010-8017-7248,유튜브 보기
7620,최하연,77,전라남도 여수시 194-80,010-2633-6345,영화감상
7621,윤윤호,20,김해시 장유동 568-71,010-3401-4785,일기 쓰기
7622,이영자,53,부산광역시 동래구 837-48,010-8255-1861,콜라주 아트
7623,장동수,36,부산광역시 중구 948-78,010-8244-5846,미술관 관람
7624,오만수,73,서울특별시 서초구 29-73,010-8064-4621,배드민턴
7625,서기영,38,성남시 분당구 정자동 973-51,010-2947-8289,플라워 아트
7626,송승호,72,강원도 춘천시 695-84,010-8831-9342,사진촬영
7627,조수빈,64,경상남도 사천시 489-9,010-7921-1607,헬스
7628,신춘자,56,경상남도 사천시 869-84,010-4811-2218,미술관 관람
7629,신우진,22,경기도 군포시 396-48,010-3517-7535,헬스
7630,안종수,47,부산광역시 수영구 385-61,010-4624-5912,자원봉사
7631,윤경자,55,인천광역시 연수구 985-3,010-6437-3960,골프
7632,김재영,78,인천광역시 계양구 623-17,010-5406-9204,헬스
7633,권창수,58,충청남도 천안시 86-80,010-3974-4405,배우기
7634,윤미영,38,대구광역시 수성구 591-96,010-9919-5237,DIY
7635,이재영,40,인천광역시 미추홀구 671-10,010-5349-1106,퍼즐 맞추기
7636,윤나윤,56,전라남도 순천시 158-39,010-1607-2688,배우기
7637,김유진,74,강원도 태백시 602-64,010-1632-7050,VR 게임
7638,송현철,52,경상남도 양산시 279-80,010-1382-9568,운동
7639,이명자,53,서울특별시 관악구 558-54,010-4131-5211,드로잉
7640,한서진,58,서울특별시 성동구 211-72,010-5261-8667,드로잉
7641,신형민,28,대구광역시 달성군 998-57,010-8637-7672,디지털 일러스트
7642,송주원,65,서울특별시 은평구 559-48,010-1504-1679,집콕 놀이
7643,조기영,78,서울특별시 성북구 544-17,010-3941-6455,모바일 게임 개발
7644,권태수,73,충청북도 충주시 178-60,010-5328-9546,스크래치 프로그램 만들기
7645,김건우,44,인천광역시 서구 182-86,010-4181-7684,명상
7646,이은채,58,경기도 광명시 17-78,010-2614-9609,수채화 그리기
7647,박하람,52,전라북도 익산시 437-72,010-9747-8368,벽화 그리기
7648,이지민,76,대구광역시 남구 622-63,010-1842-5628,펜팔
7649,윤찬우,30,부산광역시 북구 418-13,010-8692-3685,벽화 그리기
7650,박동수,69,경기도 성남시 분당구 690-17,010-2144-6345,캔들 만들기
7651,박윤서,62,부산광역시 서구 611-85,010-1993-5468,음악감상
7652,전만수,45,울산광역시 울주군 100-85,010-2854-5492,비즈 공예
7653,정태윤,70,광주광역시 북구 88-47,010-9707-3719,봉사활동
7654,오기석,67,서울특별시 영등포구 765-11,010-9303-7682,스크래치 프로그램 만들기
7655,전서진,59,광주광역시 남구 434-78,010-4554-6621,스포츠 카드 수집
7656,조재훈,70,부산광역시 기장군 554-61,010-4118-5914,디지털 일러스트
7657,조나윤,52,서울특별시 관악구 13-62,010-1965-5001,여행
7658,윤나윤,52,대구광역시 수성구 371-51,010-9953-6740,캔들 만들기
7659,장재호,43,서울특별시 노원구 581-71,010-2575-8053,도예
7660,이시우,49,경기도 군포시 294-17,010-1667-1603,캔들 만들기
7661,오지율,72,인천광역시 남동구 281-34,010-5733-7901,벽화 그리기
7662,장지후,33,부산광역시 수영구 736-40,010-2109-1511,애니메이션 제작
7663,박하윤,75,강원도 평창군 961-27,010-9272-8826,벽화 그리기
7664,전병호,21,경상남도 밀양시 570-42,010-5544-9239,디지털 아트
7665,안주영,55,대구광역시 남구 914-35,010-3277-2448,피크닉
7666,황태현,64,경기도 의정부시 707-44,010-6456-4526,수영
7667,황정자,61,세종특별자치시 아름동 188-76,010-3722-5935,영화 제작
7668,신준서,45,부산광역시 서구 193-84,010-5422-1443,캔들 만들기
7669,윤기석,39,제주시 연동 465-46,010-7120-7210,낚시
7670,권하은,55,광주광역시 서구 665-72,010-6232-9735,플로리스트
7671,조진숙,48,서울특별시 중구 703-63,010-1776-7845,카페 투어
7672,임지한,58,경기도 의정부시 406-80,010-8870-6503,명상
7673,송수아,47,대구광역시 동구 508-71,010-9842-3134,마인드맵 만들기
7674,한말순,58,부산광역시 부산진구 59-42,010-4249-1338,피크닉
7675,김태현,44,인천광역시 미추홀구 306-1,010-3805-1768,사진촬영
7676,홍서준,48,서울특별시 양천구 640-68,010-1939-4113,시뮬레이션 게임
7677,권춘희,78,경상북도 김천시 923-47,010-3903-2116,캘리그라피
7678,신주원,43,서울특별시 성북구 989-45,010-7397-5775,집콕 놀이
7679,김말순,30,전라북도 전주시 376-56,010-8058-3518,자원봉사
7680,박예린,70,전라북도 익산시 175-80,010-3376-3818,테니스
7681,권시우,62,경기도 안산시 상록구 515-25,010-5627-6110,스트리트 댄스
7682,신예은,58,강원도 강릉시 263-8,010-9665-5299,DIY
7683,송춘식,67,경기도 안양시 만안구 360-66,010-5692-2204,독서
7684,이은채,35,전라남도 목포시 539-47,010-5585-2161,디지털 일러스트
7685,송민준,76,경기도 광명시 866-6,010-2074-4714,스트리밍
7686,임태현,74,대구광역시 북구 730-46,010-2980-8093,패션
7687,최지한,25,경기도 용인시 처인구 396-15,010-5049-3659,플라워 아트
7688,안순자,23,인천광역시 남동구 463-42,010-8957-1702,배드민턴
7689,윤만수,50,경기도 수원시 장안구 193-39,010-9473-9343,스트리밍
7690,최현서,49,세종특별자치시 아름동 762-4,010-8466-5197,펜팔
7691,안하진,66,서울특별시 서대문구 49-36,010-3308-8810,패션
7692,신민서,73,경상남도 거제시 14-76,010-4531-8289,VR 게임
7693,최태윤,52,경기도 의정부시 870-19,010-4763-4466,헬로윈 파티 준비
7694,안현철,59,서울특별시 강서구 60-75,010-6489-9326,디지털 사진 전시
7695,신만수,48,충청남도 공주시 446-10,010-6846-4452,생활 해킹
7696,오영자,20,충청남도 천안시 341-69,010-2924-8595,게임 방송
7697,강영일,55,서울특별시 양천구 20-25,010-1566-7633,배드민턴
7698,김윤호,33,경기도 평택시 436-20,010-2939-8261,스키
7699,정지우,24,대구광역시 동구 557-14,010-4374-7789,집콕 놀이
7700,홍정호,77,광주광역시 서구 256-26,010-8097-8148,콜라주 아트
7701,안정호,31,경기도 안양시 만안구 16-28,010-8359-4761,여행
7702,김희정,36,부산광역시 사상구 193-41,010-9276-4128,디지털 사진 전시
7703,장서준,51,충청남도 공주시 141-64,010-2723-8640,게임
7704,강명훈,41,서울특별시 동작구 662-16,010-2516-4478,카페 투어
7705,오정우,30,경기도 화성시 888-10,010-9301-3412,캘리그라피
7706,안주원,57,서울특별시 중랑구 325-46,010-6469-3828,게임 방송
7707,강유진,34,경기도 광명시 71-42,010-3240-2556,배우기
7708,최복희,72,경기도 오산시 880-30,010-2892-2848,영화감상
7709,황영자,38,전라남도 순천시 526-16,010-4819-5855,배우기
7710,신세호,78,경기도 수원시 팔달구 157-89,010-1513-6105,음악감상
7711,오현철,49,대전광역시 중구 989-37,010-4016-1183,유튜브 보기
7712,임성민,45,경기도 안산시 상록구 267-59,010-3820-1118,운동
7713,이성호,23,경기도 용인시 기흥구 395-87,010-8474-5690,스크래치 프로그램 만들기
7714,정진숙,75,경상남도 통영시 462-65,010-9670-2408,웹툰 그리기
7715,임춘식,62,대구광역시 북구 191-78,010-5347-8419,스키
7716,정성호,75,전라남도 목포시 380-97,010-8356-4800,벽화 그리기
7717,강채원,33,충청남도 아산시 120-3,010-4669-4616,스트리밍
7718,임시헌,62,경기도 안양시 만안구 271-83,010-8328-4239,로봇 공학
7719,오준호,79,경상북도 경주시 468-6,010-5793-9799,집콕 놀이
7720,이유진,43,서울특별시 마포구 488-25,010-2316-8810,보드게임
7721,한말자,37,강원도 평창군 32-52,010-6493-4737,책 클럽
7722,박민수,52,경상남도 거제시 1-98,010-2546-3610,캘리그라피
7723,최종순,53,서울특별시 노원구 655-61,010-6414-9111,퍼즐 맞추기
7724,권예준,78,서울특별시 동작구 875-41,010-4398-3491,사진편집
7725,박경자,61,성남시 분당구 정자동 34-13,010-7575-4356,로봇 공학
7726,한태현,79,경상남도 김해시 128-6,010-7741-2781,디지털 콘텐츠 제작
7727,한기영,27,울산광역시 중구 977-18,010-1998-2047,골프
7728,오예은,73,서울특별시 금천구 548-37,010-1842-2577,사진촬영
7729,윤현철,48,서울특별시 마포구 73-12,010-5075-6226,자원봉사
7730,서주원,55,부산광역시 사상구 438-84,010-5341-9937,스키
7731,권만수,26,서울특별시 강동구 147-65,010-9625-2133,카페 투어
7732,한정숙,40,제주시 오라동 771-54,010-5510-8051,음악감상
7733,정영희,38,충청남도 아산시 579-50,010-7239-7304,VR 게임
7734,김현진,25,부산광역시 서구 265-8,010-2689-8253,테니스
7735,강영호,70,대구광역시 동구 913-42,010-3545-4134,피크닉
7736,조하진,48,경기도 화성시 469-19,010-2014-1871,스트리밍
7737,전명자,74,경상북도 김천시 971-3,010-4877-7644,DIY
7738,신민서,66,서울특별시 영등포구 750-89,010-2435-6133,수채화 그리기
7739,김건우,45,강원도 동해시 814-44,010-4011-5940,카페 투어
7740,신경자,32,경상북도 김천시 705-25,010-1682-1383,코딩
7741,임남수,62,인천광역시 연수구 573-37,010-2929-4931,디지털 사진 전시
7742,오지한,49,울산광역시 울주군 751-92,010-6224-2536,명상
7743,홍희정,38,서울특별시 중랑구 31-6,010-2588-6885,디지털 콘텐츠 제작
7744,송현철,66,대구광역시 달서구 672-19,010-5239-6439,봉사활동
7745,한경자,55,서울특별시 강남구 845-78,010-9151-2785,테니스
7746,안태현,51,광주광역시 동구 615-65,010-9081-8869,골프
7747,최춘식,61,인천광역시 계양구 486-60,010-7829-9846,카페 투어
7748,서은채,77,대구광역시 동구 408-84,010-1471-8922,스포츠 카드 수집
7749,오종순,32,강원도 춘천시 882-60,010-3564-3777,뜨개질
7750,권주영,38,경상남도 통영시 256-37,010-6121-7983,피크닉
7751,신순자,57,충청북도 충주시 909-15,010-1337-5273,요리
7752,황민수,46,부산광역시 금정구 282-77,010-3324-8972,배우기
7753,오복자,63,서울특별시 강동구 471-95,010-7730-6727,독서
7754,황기석,44,강원도 춘천시 143-37,010-1257-6051,헬스
7755,이민수,58,세종특별자치시 한솔동 386-98,010-4365-3731,코딩
7756,황로운,23,전라남도 광양시 648-94,010-3033-5561,패션
7757,최남수,54,서울특별시 영등포구 864-97,010-2433-3436,여행
7758,황예준,26,경상북도 구미시 837-53,010-8346-3166,뜨개질
7759,홍서연,71,서울특별시 광진구 322-63,010-1824-9746,도예
7760,오승호,55,경상북도 안동시 326-39,010-6059-4703,디지털 사진 전시
7761,최정호,76,서울특별시 종로구 971-84,010-5483-1145,음악감상
7762,정진숙,20,부산광역시 사하구 304-29,010-3529-8922,명상
7763,전도윤,79,서울특별시 광진구 948-70,010-3204-9974,콜라주 아트
7764,송연희,24,서울특별시 성북구 291-68,010-3623-3697,헬로윈 파티 준비
7765,조종수,32,경기도 평택시 107-25,010-8175-2174,영화 제작
7766,정은숙,59,울산광역시 울주군 11-79,010-6617-5867,플라워 아트
7767,최기석,60,경기도 고양시 덕양구 893-38,010-8309-3255,로봇 공학
7768,이주원,66,충청남도 천안시 645-87,010-8573-7876,영화감상
7769,전세아,41,강원도 평창군 210-6,010-9417-9244,캔들 만들기
7770,정채은,52,충청남도 공주시 455-35,010-1236-4647,배우기
7771,임서진,48,서울특별시 은평구 336-12,010-4065-3654,패션
7772,한선자,28,광주광역시 서구 650-42,010-1885-2950,모바일 촬영
7773,홍정숙,43,인천광역시 서구 69-27,010-5762-7577,마인드맵 만들기
7774,임준호,38,부산광역시 사하구 931-18,010-5227-2099,캔들 만들기
7775,안태수,68,전라북도 익산시 675-98,010-9767-7607,요가
7776,윤준호,52,광주광역시 남구 888-33,010-4783-8373,디지털 일러스트
7777,홍현우,21,경상북도 포항시 674-92,010-2331-6107,사진촬영
7778,황말순,72,서울특별시 양천구 171-18,010-1936-2525,운동
7779,윤재영,26,서울특별시 광진구 50-54,010-9723-8767,카페 투어
7780,조영일,30,인천광역시 남동구 940-62,010-6545-5405,생활 해킹
7781,신현우,39,부산광역시 기장군 20-78,010-8591-3519,게임 방송
7782,최말옥,23,부산광역시 서구 674-7,010-8337-1982,시뮬레이션 게임
7783,강서진,34,제주시 노형동 204-49,010-7794-3241,드로잉
7784,황말자,68,대구광역시 달성군 225-31,010-3571-2141,명상
7785,조진호,62,경기도 화성시 278-84,010-3640-9675,보드게임
7786,송말자,47,용인시 수지구 풍덕천동 371-46,010-1478-1231,수영
7787,서영일,74,충청북도 진천군 654-0,010-1274-6526,미술관 관람
7788,강은우,37,서울특별시 동대문구 230-32,010-6518-8379,마인드맵 만들기
7789,강주원,25,인천광역시 서구 883-23,010-6433-6842,일기 쓰기
7790,황성호,76,강원도 춘천시 810-25,010-8517-7182,여행
7791,송영자,70,전라북도 익산시 269-5,010-5445-8846,디지털 사진 전시
7792,오찬우,23,울산광역시 남구 337-31,010-5422-4942,영화감상
7793,황영호,74,부산광역시 동구 839-52,010-6917-1127,생활 해킹
7794,신미영,70,서울특별시 성북구 344-80,010-1485-6530,웹서핑
7795,서재훈,46,경상남도 밀양시 582-68,010-1711-8401,보드게임
7796,임수아,67,서울특별시 송파구 294-81,010-6940-7764,피크닉
7797,박호철,66,경기도 안산시 상록구 976-34,010-4487-3981,헬로윈 파티 준비
7798,임다은,37,경기도 파주시 82-46,010-6170-5524,자원봉사
7799,황진호,46,충청남도 천안시 179-34,010-4101-7929,웹서핑
7800,홍지원,51,전라북도 익산시 932-77,010-7400-4204,로봇 공학
7801,김서연,77,용인시 수지구 풍덕천동 83-96,010-9683-6053,필라테스
7802,서상민,69,전라북도 익산시 482-81,010-4848-9935,펜팔
7803,오기석,72,서울특별시 성동구 659-41,010-4679-2140,모바일 게임 개발
7804,송윤서,73,김해시 장유동 173-82,010-8853-2917,등산
7805,박태윤,74,인천광역시 계양구 647-75,010-3980-7528,디지털 아트
7806,박순자,31,인천광역시 동구 583-15,010-6258-1315,디지털 사진 전시
7807,신은숙,32,서울특별시 금천구 128-97,010-5568-8494,플로리스트
7808,전하은,51,충청남도 논산시 141-38,010-4839-4032,자전거 타기
7809,윤혜숙,65,경상남도 창녕군 119-50,010-4134-8951,DIY
7810,황채은,56,서울특별시 금천구 904-65,010-8627-5622,운동
7811,임말순,53,부산광역시 강서구 114-94,010-7717-5309,영화감상
7812,한지호,69,강원도 강릉시 814-94,010-5202-2426,스트리밍
7813,윤하람,21,경기도 용인시 처인구 221-25,010-3718-2200,피크닉
7814,강성민,74,서울특별시 중랑구 643-72,010-2758-2683,여행
7815,박우진,34,대구광역시 동구 660-69,010-6995-1560,DIY
7816,조준호,70,부천시 원미구 중동 822-69,010-3811-3254,요가
7817,안현서,28,대구광역시 중구 243-57,010-3592-3364,캠핑
7818,강진숙,75,서울특별시 송파구 989-93,010-1978-1038,수채화 그리기
7819,한다온,44,서울특별시 마포구 895-13,010-6429-6129,모바일 게임 개발
7820,최지호,55,강원도 춘천시 837-58,010-9780-3729,수영
7821,최민준,53,세종특별자치시 도담동 635-14,010-2503-2677,콜라주 아트
7822,한현서,72,경기도 의정부시 993-13,010-8745-2168,게임 방송
7823,정성자,37,인천광역시 미추홀구 433-49,010-4005-7105,배드민턴
7824,박동수,52,울산광역시 동구 167-28,010-6547-2479,피크닉
7825,한승호,26,전라북도 익산시 425-43,010-1491-1332,캠핑
7826,신현우,23,부산광역시 연제구 197-1,010-9011-4174,캠핑
7827,홍지우,44,서울특별시 노원구 490-89,010-2457-5812,플라워 아트
7828,이재훈,64,강원도 춘천시 580-10,010-6275-5229,등산
7829,최춘자,46,부산광역시 금정구 187-34,010-1023-7763,코딩
7830,최태현,29,경기도 광명시 257-83,010-4733-2032,생활 해킹
7831,이시우,67,경기도 안양시 만안구 888-60,010-5337-2942,자전거 타기
7832,권현진,27,용인시 수지구 풍덕천동 597-8,010-2559-6247,VR 게임
7833,윤수아,72,울산광역시 남구 894-71,010-4186-1031,미술관 관람
7834,홍시윤,63,전라남도 광양시 601-61,010-8831-8904,벽화 그리기
7835,서나윤,29,울산광역시 중구 834-29,010-5848-1758,요리
7836,윤영수,70,부천시 원미구 중동 453-54,010-7787-8181,독서
7837,서소율,49,서울특별시 노원구 965-40,010-8080-2026,뜨개질
7838,한진숙,74,부산광역시 수영구 516-18,010-2556-9960,여행
7839,윤은우,62,강원도 홍천군 15-32,010-1264-2617,테니스
7840,서지원,27,경기도 안양시 만안구 176-27,010-2180-6208,VR 게임
7841,윤재훈,71,경기도 안산시 단원구 38-93,010-7129-3271,코딩
7842,권춘자,60,제주시 연동 917-87,010-6436-1280,웹서핑
7843,정은우,55,광주광역시 서구 933-13,010-1138-1376,웹서핑
7844,김세호,38,서울특별시 구로구 794-57,010-3218-9298,디지털 콘텐츠 제작
7845,전찬우,74,대전광역시 중구 998-40,010-4977-2382,스포츠 카드 수집
7846,한윤서,61,서울특별시 동작구 801-2,010-5136-9559,비즈 공예
7847,임성호,38,서울특별시 성북구 810-77,010-8101-4013,독서
7848,안순자,63,대구광역시 수성구 105-41,010-1724-1157,배드민턴
7849,임현철,35,부산광역시 부산진구 184-72,010-7472-1393,비즈 공예
7850,신정희,69,경기도 광명시 432-77,010-9181-8465,운동
7851,이영희,29,용인시 수지구 풍덕천동 973-80,010-5453-7019,카페 투어
7852,정정순,45,광주광역시 광산구 19-86,010-3755-3924,마인드맵 만들기
7853,홍지율,74,광주광역시 북구 690-68,010-1708-3783,비즈 공예
7854,신예준,44,인천광역시 미추홀구 859-90,010-4717-1642,독서
7855,김다빈,51,부천시 상동 855-51,010-4439-6677,플로리스트
7856,조진숙,62,경상남도 거제시 926-4,010-1443-2480,수채화 그리기
7857,정명훈,60,경기도 화성시 99-10,010-2764-8504,비즈 공예
7858,권병호,60,부산광역시 금정구 824-84,010-7561-2681,음악감상
7859,송채원,28,강원도 평창군 341-69,010-9323-9849,비즈 공예
7860,강윤서,36,대구광역시 중구 278-82,010-2526-9901,피크닉
7861,이희정,46,부산광역시 연제구 366-50,010-1231-5601,필라테스
7862,황복희,25,경상남도 사천시 839-50,010-6657-2758,플로리스트
7863,박민수,20,대전광역시 동구 171-95,010-7618-8542,자원봉사
7864,윤춘자,47,경기도 안양시 동안구 235-53,010-3346-8381,운동
7865,최미영,56,경상북도 구미시 774-52,010-3886-8722,헬스
7866,안명자,59,인천광역시 남동구 905-39,010-1632-5168,헬로윈 파티 준비
7867,임연희,66,대전광역시 중구 336-68,010-1898-2802,책 클럽
7868,홍선자,31,대구광역시 서구 603-75,010-1126-6236,헬로윈 파티 준비
7869,김종순,57,인천광역시 연수구 904-56,010-6623-4045,카페 투어
7870,정경수,71,경기도 고양시 덕양구 465-43,010-3795-8601,배우기
7871,홍혜숙,49,부산광역시 금정구 588-81,010-2687-3744,퍼즐 맞추기
7872,조다빈,57,서울특별시 서대문구 269-53,010-7816-9909,보드게임
7873,박하연,50,세종특별자치시 한솔동 317-83,010-6634-4137,로봇 공학
7874,전영일,35,서울특별시 광진구 434-97,010-2226-4796,캘리그라피
7875,권예은,59,경기도 용인시 수지구 388-40,010-6722-3185,수영
7876,강은우,50,강원도 원주시 171-30,010-3074-5091,캘리그라피
7877,송복자,50,대구광역시 동구 91-38,010-3232-1127,미술관 관람
7878,오재훈,72,경상남도 거제시 316-47,010-2657-5802,디지털 콘텐츠 제작
7879,홍영자,62,충청남도 논산시 615-26,010-3991-8081,모바일 게임 개발
7880,이하윤,44,대전광역시 동구 26-51,010-6684-2220,수채화 그리기
7881,홍현서,21,세종특별자치시 조치원읍 142-10,010-1313-3787,미술관 관람
7882,전지우,69,경기도 고양시 덕양구 53-33,010-8327-1448,배드민턴
7883,오도윤,40,울산광역시 동구 174-44,010-9683-9684,모바일 게임 개발
7884,권수아,55,경기도 평택시 644-39,010-1692-1874,게임 방송
7885,이기석,60,서울특별시 서초구 442-53,010-5406-5270,벽화 그리기
7886,전서진,54,인천광역시 서구 805-21,010-7160-4684,코딩
7887,김숙자,57,강원도 춘천시 0-8,010-8940-9177,보드게임
7888,황찬우,46,경기도 수원시 팔달구 53-90,010-2813-4563,캘리그라피
7889,이상호,36,서울특별시 강서구 461-28,010-6512-7506,봉사활동
7890,권하연,24,경기도 광명시 716-63,010-7480-4816,자전거 타기
7891,장지한,63,강원도 양양군 627-32,010-1132-1536,음악감상
7892,안재영,77,경기도 화성시 437-37,010-1597-3954,펜팔
7893,황영호,36,경기도 안산시 상록구 762-82,010-3928-2079,게임
7894,최수아,23,제주시 연동 459-90,010-1800-7791,모바일 촬영
7895,한철수,65,경기도 의정부시 795-62,010-3640-2671,수영
7896,박로운,50,경기도 파주시 560-51,010-4450-5894,스크래치 프로그램 만들기
7897,송기석,44,대전광역시 중구 276-80,010-1959-3789,수영
7898,오숙자,45,경기도 군포시 215-19,010-9588-2447,헬스
7899,권준호,52,경상남도 통영시 64-47,010-3869-8490,요리
7900,한찬우,69,전라남도 목포시 454-73,010-9695-6947,드로잉
7901,박다빈,75,부산광역시 수영구 174-27,010-4767-6298,보드게임
7902,박정순,60,경상남도 거제시 90-94,010-1917-2599,웹툰 그리기
7903,황하은,73,부산광역시 사상구 727-65,010-8388-4571,미술관 관람
7904,전하윤,21,서울특별시 성동구 618-31,010-3378-4591,펜팔
7905,김선자,72,서울특별시 양천구 267-9,010-4651-7974,콜라주 아트
7906,이하진,27,울산광역시 북구 604-42,010-1516-1338,영화 제작
7907,조춘식,55,서울특별시 강동구 385-3,010-1383-9727,운동
7908,신찬우,52,인천광역시 서구 956-9,010-5097-8551,집콕 놀이
7909,서상민,49,서울특별시 노원구 860-3,010-2715-2236,배우기
7910,임영수,21,서울특별시 동작구 478-46,010-5847-7699,비즈 공예
7911,오광호,33,강원도 동해시 459-12,010-2642-5634,모바일 게임 개발
7912,최지호,60,경기도 파주시 665-65,010-6997-4722,플라워 아트
7913,권춘식,64,부산광역시 강서구 782-75,010-9900-4154,스포츠 카드 수집
7914,이진호,79,부산광역시 영도구 136-27,010-4544-3026,테니스
7915,서민준,79,부산광역시 강서구 808-42,010-3558-6693,애니메이션 제작
7916,오현우,38,인천광역시 계양구 909-48,010-8918-9628,일기 쓰기
7917,한윤서,71,서울특별시 금천구 910-10,010-2023-8987,사진편집
7918,황세아,59,경상남도 진주시 154-47,010-4003-4935,수영
7919,전승호,22,서울특별시 강서구 159-69,010-2723-7382,도예
7920,이순자,71,인천광역시 남동구 506-82,010-8753-2791,생활 해킹
7921,권시헌,50,경기도 광명시 932-90,010-8727-6324,수영
7922,윤주아,25,강원도 속초시 684-1,010-6927-1918,뜨개질
7923,이하윤,28,대구광역시 북구 667-4,010-1117-8671,일기 쓰기
7924,강말순,21,경기도 안양시 만안구 434-20,010-4702-7398,VR 게임
7925,신춘식,34,강원도 평창군 454-0,010-7224-5981,사진촬영
7926,임세아,45,제주시 오라동 268-34,010-7288-5315,카페 투어
7927,조정숙,61,인천광역시 중구 759-33,010-2586-2667,배우기
7928,강은채,73,서울특별시 양천구 16-94,010-9022-2595,플라워 아트
7929,김기석,68,세종특별자치시 조치원읍 979-20,010-7261-1322,웹서핑
7930,안혜숙,24,서울특별시 은평구 272-36,010-4388-6406,스트리밍
7931,최말자,22,인천광역시 연수구 140-54,010-8138-9742,보드게임
7932,안명자,43,전라북도 익산시 563-85,010-8556-4706,자원봉사
7933,오유진,74,강원도 강릉시 704-28,010-9506-5001,낚시
7934,오하은,36,용인시 수지구 풍덕천동 173-59,010-3907-1569,게임
7935,홍현철,43,전라남도 목포시 133-57,010-5015-3723,게임 방송
7936,윤서아,37,경상남도 거제시 947-32,010-2731-6926,헬스
7937,신윤호,57,서울특별시 종로구 823-72,010-6626-1557,일기 쓰기
7938,신형민,78,경상북도 안동시 503-3,010-3411-2481,등산
7939,권종수,76,대구광역시 서구 55-21,010-3902-8842,수채화 그리기
7940,김나윤,64,서울특별시 동작구 692-92,010-1695-4949,VR 게임
7941,오은숙,63,부천시 원미구 중동 99-90,010-3722-4012,유튜브 보기
7942,서명훈,42,경기도 용인시 기흥구 903-16,010-5668-6259,패션
7943,권도윤,52,서울특별시 금천구 349-78,010-2213-9242,스키
7944,최시우,23,경상남도 창녕군 429-10,010-3359-9694,플라워 아트
7945,오다온,55,경기도 성남시 수정구 399-91,010-7464-4454,여행
7946,조지민,42,서울특별시 중구 685-63,010-2312-5416,스크래치 프로그램 만들기
7947,전지민,42,제주시 연동 414-9,010-9463-7157,헬스
7948,오명훈,53,인천광역시 남동구 334-55,010-5538-8995,비즈 공예
7949,송현진,31,전라북도 군산시 142-49,010-2349-2982,피크닉
7950,권정숙,27,서울특별시 성동구 351-97,010-4678-9987,플라워 아트
7951,김정호,44,경기도 안양시 만안구 444-26,010-8029-8995,낚시
7952,한우진,61,서울특별시 구로구 971-32,010-7824-3675,플라워 아트
7953,한영자,78,충청남도 논산시 363-19,010-3081-3292,자전거 타기
7954,서철수,65,서울특별시 중랑구 65-95,010-2720-7801,헬스
7955,서지호,72,부산광역시 사하구 805-6,010-5614-6832,낚시
7956,송수빈,60,경기도 오산시 573-87,010-1907-9304,모바일 게임 개발
7957,정숙자,22,울산광역시 동구 141-46,010-4600-8363,요리
7958,윤진숙,67,경기도 수원시 장안구 943-89,010-2683-9697,테니스
7959,윤영일,40,경기도 군포시 84-25,010-5665-4097,보드게임
7960,최명숙,31,세종특별자치시 조치원읍 970-40,010-5607-3202,코딩
7961,안정호,27,울산광역시 울주군 287-56,010-4400-1687,자원봉사
7962,홍경수,78,전라북도 군산시 347-58,010-5301-8045,패션
7963,황영수,25,강원도 원주시 715-71,010-9793-1092,애니메이션 제작
7964,안현서,49,서울특별시 광진구 814-57,010-6623-4042,VR 게임
7965,신말옥,33,인천광역시 동구 652-8,010-8430-6338,패션
7966,정경자,66,울산광역시 중구 225-6,010-9413-1384,사진촬영
7967,조경자,47,부천시 원미구 중동 333-72,010-5401-3215,디지털 아트
7968,윤순영,23,부산광역시 수영구 903-88,010-8361-3570,여행
7969,권세호,75,전라남도 나주시는 146-6,010-5993-6320,플로리스트
7970,이윤호,26,대구광역시 달성군 132-95,010-8903-1210,유튜브 보기
7971,신준호,52,인천광역시 서구 952-18,010-5474-4915,수영
7972,안채은,70,인천광역시 연수구 641-92,010-5053-1924,코딩
7973,최종수,68,서울특별시 강서구 217-30,010-2614-8265,사진촬영
7974,서연희,21,강원도 속초시 132-63,010-8814-8281,봉사활동
7975,정시우,38,강원도 춘천시 519-18,010-6962-7169,플로리스트
7976,안재영,77,강원도 삼척시 447-66,010-1696-1082,영화감상
7977,이기영,74,부산광역시 영도구 906-6,010-1220-8534,일기 쓰기
7978,임종수,48,경기도 광주시 35-79,010-7998-9242,영화 제작
7979,장시헌,70,경기도 광주시 154-77,010-8117-6500,뜨개질
7980,전준서,44,경상북도 경주시 964-13,010-2966-9917,음악감상
7981,한영호,65,전라남도 여수시 204-54,010-6778-8343,게임
7982,조지호,22,서울특별시 서대문구 568-86,010-4121-9759,일기 쓰기
7983,윤시윤,71,부산광역시 남구 197-22,010-3121-9648,책 클럽
7984,윤명훈,60,강원도 원주시 264-49,010-3513-4249,유튜브 보기
7985,전하연,40,경상남도 진주시 25-50,010-9766-4403,사진편집
7986,송서진,45,부산광역시 해운대구 322-80,010-5793-3617,카페 투어
7987,송건우,30,광주광역시 서구 807-57,010-3902-5443,보드게임
7988,정숙자,53,부산광역시 기장군 480-7,010-3052-6343,펜팔
7989,홍지원,22,강원도 삼척시 150-35,010-6833-7016,애니메이션 제작
7990,오재호,35,부산광역시 강서구 291-56,010-9583-5401,카페 투어
7991,윤지후,59,경상남도 김해시 415-3,010-8644-3386,도예
7992,전기석,64,경기도 용인시 수지구 514-1,010-5980-2956,뜨개질
7993,신재영,43,충청북도 충주시 630-97,010-5200-6445,보드게임
7994,정지민,61,강원도 홍천군 234-91,010-3258-9307,게임 방송
7995,장은채,44,광주광역시 남구 366-78,010-4025-2622,퍼즐 맞추기
7996,박수아,52,인천광역시 연수구 216-46,010-3048-2313,운동
7997,오순영,58,경상북도 포항시 402-85,010-6429-1997,도예
7998,최명훈,67,경상남도 양산시 282-91,010-9355-1476,캔들 만들기
7999,오민수,52,부천시 상동 681-76,010-1474-3831,캠핑
8000,황준호,66,부산광역시 남구 64-91,010-4222-2628,보드게임
8001,전은우,43,강원도 속초시 420-58,010-8631-4509,요리
8002,조지호,21,서울특별시 서대문구 215-72,010-6104-7916,자원봉사
8003,임주영,27,광주광역시 동구 59-9,010-3160-9873,뜨개질
8004,조진숙,23,부산광역시 부산진구 593-31,010-7897-6414,유튜브 보기
8005,황병호,69,인천광역시 미추홀구 54-22,010-9117-8769,시뮬레이션 게임
8006,이예린,64,서울특별시 구로구 629-77,010-7486-9358,피크닉
8007,임상민,32,서울특별시 도봉구 30-69,010-1630-5837,벽화 그리기
8008,윤지민,59,인천광역시 부평구 573-79,010-8098-7349,집콕 놀이
8009,정세호,77,충청북도 충주시 248-87,010-8298-4131,여행
8010,전경자,43,경기도 수원시 장안구 639-45,010-9323-2999,요가
8011,조예준,59,경기도 안양시 만안구 413-75,010-5953-7691,생활 해킹
8012,황현진,56,강원도 춘천시 570-78,010-7932-3636,애니메이션 제작
8013,송건우,47,경기도 수원시 장안구 591-83,010-2764-2125,캠핑
8014,전연희,43,부산광역시 해운대구 903-11,010-4003-1660,콜라주 아트
8015,홍시윤,32,경상남도 창녕군 384-43,010-9056-4438,코딩
8016,장주영,21,인천광역시 미추홀구 715-7,010-5236-5688,VR 게임
8017,신현우,44,경상북도 경주시 15-48,010-2351-6001,음악감상
8018,권남수,61,부산광역시 연제구 643-25,010-5899-8464,디지털 아트
8019,오말순,44,부산광역시 해운대구 469-72,010-3366-9934,배드민턴
8020,정서진,56,경기도 평택시 905-52,010-1751-6021,모바일 게임 개발
8021,박옥희,29,부산광역시 기장군 631-53,010-2065-9701,VR 게임
8022,홍옥희,75,인천광역시 남동구 637-15,010-5556-2380,스트리밍
8023,홍도윤,46,서울특별시 양천구 424-80,010-5780-4725,플라워 아트
8024,황정호,48,대구광역시 서구 268-49,010-1541-4473,골프
8025,장정순,63,제주시 신제주 661-72,010-7630-4971,모바일 게임 개발
8026,홍찬우,50,대구광역시 남구 251-73,010-9074-2545,디지털 아트
8027,정순자,24,제주시 연동 288-54,010-3435-5955,유튜브 보기
8028,김선자,47,서울특별시 도봉구 900-15,010-3133-5177,벽화 그리기
8029,권현서,72,대전광역시 서구 558-53,010-9525-1937,플로리스트
8030,신지호,35,경상남도 양산시 902-57,010-3924-8764,사진촬영
8031,홍은숙,35,부산광역시 영도구 154-78,010-7417-4676,요리
8032,박찬우,23,제주시 신제주 523-92,010-3962-9882,독서
8033,강하율,45,서울특별시 강남구 656-3,010-8403-9798,도예
8034,정태윤,51,세종특별자치시 도담동 801-15,010-6245-6096,요리
8035,최서진,73,경기도 성남시 분당구 379-8,010-8203-7188,사진편집
8036,전명훈,54,울산광역시 동구 461-36,010-4038-8490,카페 투어
8037,정하율,52,서울특별시 금천구 273-37,010-7793-6037,애니메이션 제작
8038,윤형민,35,전라남도 여수시 388-30,010-3155-9337,자전거 타기
8039,이지원,38,경기도 고양시 일산동구 762-18,010-7987-8600,요리
8040,장하진,28,서울특별시 광진구 588-53,010-1812-3871,요가
8041,김태윤,36,인천광역시 동구 588-26,010-9345-2798,스트리트 댄스
8042,임춘자,20,대전광역시 대덕구 80-68,010-4895-1591,등산
8043,한주영,44,대구광역시 북구 405-28,010-6275-5777,디지털 아트
8044,강하연,60,인천광역시 동구 847-25,010-4476-6294,테니스
8045,오유하,46,광주광역시 서구 26-63,010-9829-6658,여행
8046,황태현,67,경상북도 경주시 379-54,010-9502-4657,캠핑
8047,윤세호,79,부산광역시 북구 193-23,010-9378-4083,미술관 관람
8048,정종수,31,부산광역시 금정구 788-34,010-4569-6152,시뮬레이션 게임
8049,윤서준,75,부산광역시 북구 456-94,010-1458-7013,낚시
8050,박서진,53,서울특별시 송파구 540-28,010-9446-2307,운동
8051,최정우,75,경상남도 양산시 7-64,010-1101-5587,코딩
8052,정찬우,33,경상북도 구미시 926-8,010-4238-8673,게임 방송
8053,신정우,67,충청북도 진천군 561-58,010-4041-6450,일기 쓰기
8054,송정우,53,부산광역시 해운대구 636-32,010-1908-5146,피크닉
8055,신종수,40,경상북도 구미시 408-15,010-4585-7394,여행
8056,조주영,48,부산광역시 해운대구 371-18,010-1154-6658,독서
8057,정채은,39,경상남도 사천시 859-34,010-5944-6531,모바일 촬영
8058,서남수,45,전라남도 순천시 642-77,010-6612-7214,코딩
8059,김정희,69,경상북도 포항시 309-70,010-2030-7028,테니스
8060,최시우,42,강원도 홍천군 126-39,010-5656-1425,뜨개질
8061,장유진,79,전라남도 여수시 356-75,010-5040-8087,캘리그라피
8062,전순희,30,경기도 군포시 370-25,010-6514-6728,스키
8063,황명숙,32,충청북도 진천군 754-38,010-5671-3621,스포츠 카드 수집
8064,신채원,60,대구광역시 중구 507-98,010-9851-6870,음악감상
8065,안복희,69,서울특별시 금천구 290-33,010-2623-2441,드로잉
8066,안춘자,62,서울특별시 금천구 70-45,010-8375-4958,책 클럽
8067,정민서,52,부산광역시 사하구 145-25,010-4249-8413,영화 제작
8068,윤춘희,24,인천광역시 부평구 87-48,010-7057-3288,로봇 공학
8069,정지원,26,부천시 원미구 중동 563-21,010-6264-6621,일기 쓰기
8070,박영희,76,서울특별시 중구 921-78,010-1495-3323,헬로윈 파티 준비
8071,오나윤,43,서울특별시 관악구 427-95,010-9593-3506,독서
8072,한정우,36,경기도 안산시 단원구 197-47,010-9783-8008,디지털 아트
8073,권춘희,39,서울특별시 양천구 721-34,010-9689-5741,요리
8074,박희정,71,경기도 군포시 463-87,010-1674-1331,헬스
8075,황창수,50,경상북도 안동시 967-57,010-9258-3350,시뮬레이션 게임
8076,정예린,24,부산광역시 수영구 617-29,010-5412-3797,자전거 타기
8077,황윤호,55,부산광역시 서구 450-91,010-6860-3468,카페 투어
8078,최시헌,22,인천광역시 연수구 742-80,010-2992-3439,운동
8079,신진숙,79,충청남도 천안시 241-44,010-9190-6538,카페 투어
8080,장세아,79,경상북도 안동시 470-20,010-4785-6553,수영
8081,김하진,79,충청남도 천안시 697-95,010-4856-5025,집콕 놀이
8082,오선자,44,경기도 고양시 일산동구 852-28,010-6730-3756,DIY
8083,이숙자,41,부산광역시 강서구 264-42,010-6540-3226,비즈 공예
8084,신다온,77,충청남도 논산시 346-69,010-6984-7467,애니메이션 제작
8085,임서진,24,울산광역시 남구 140-81,010-2034-8799,로봇 공학
8086,장명자,75,서울특별시 은평구 467-55,010-6981-5162,디지털 일러스트
8087,한지우,54,부산광역시 기장군 88-11,010-3898-3673,드로잉
8088,임병호,51,부천시 상동 491-0,010-1612-6093,스크래치 프로그램 만들기
8089,전진호,60,경기도 성남시 수정구 730-54,010-1079-4275,드로잉
8090,황다온,42,경기도 고양시 일산동구 777-12,010-2161-2947,마인드맵 만들기
8091,김춘희,70,인천광역시 연수구 76-98,010-5459-9320,코딩
8092,권다빈,25,경기도 군포시 675-2,010-7241-6144,콜라주 아트
8093,정나윤,51,제주시 오라동 450-85,010-2661-5343,헬로윈 파티 준비
8094,강현우,35,서울특별시 강동구 895-5,010-3787-7569,모바일 게임 개발
8095,윤주영,26,인천광역시 연수구 308-60,010-6699-1930,플로리스트
8096,서명숙,71,부천시 원미구 중동 164-81,010-2395-2342,시뮬레이션 게임
8097,윤춘자,76,서울특별시 관악구 183-67,010-4282-3815,패션
8098,서유하,36,경상남도 김해시 116-14,010-3735-2277,등산
8099,박윤서,31,제주시 오라동 211-69,010-7818-5643,애니메이션 제작
8100,강채원,72,서울특별시 구로구 831-15,010-4620-3240,헬로윈 파티 준비
8101,신하윤,36,서울특별시 종로구 837-88,010-7524-9737,비즈 공예
8102,윤준서,38,부산광역시 금정구 74-67,010-8448-2212,로봇 공학
8103,송영호,43,인천광역시 서구 558-79,010-9031-2529,펜팔
8104,신하람,60,경상남도 사천시 628-84,010-7650-1336,필라테스
8105,신지원,70,경기도 용인시 처인구 62-46,010-3337-1288,디지털 사진 전시
8106,임로운,64,경기도 평택시 822-77,010-2740-4403,자전거 타기
8107,정예준,36,경기도 평택시 559-82,010-8023-8010,카페 투어
8108,송영일,77,울산광역시 중구 224-81,010-6638-4416,수영
8109,조춘희,48,대전광역시 동구 435-41,010-1577-4588,수영
8110,권정우,36,서울특별시 서초구 64-42,010-5658-6789,스포츠 카드 수집
8111,윤연희,65,울산광역시 울주군 365-36,010-3085-4144,디지털 콘텐츠 제작
8112,황하은,47,광주광역시 동구 869-14,010-2851-2947,애니메이션 제작
8113,조태수,29,경상남도 진주시 911-78,010-7298-9203,캠핑
8114,신유진,68,서울특별시 강동구 542-95,010-8630-9595,봉사활동
8115,신주영,34,경기도 화성시 509-10,010-4058-3217,펜팔
8116,홍정희,51,충청남도 논산시 490-38,010-4310-8939,스트리밍
8117,조건우,48,부천시 원미구 중동 994-22,010-1219-8716,스트리트 댄스
8118,장성호,30,대구광역시 달서구 831-22,010-9553-8989,봉사활동
8119,신재영,23,부산광역시 수영구 808-22,010-1047-7235,캘리그라피
8120,홍경수,21,충청북도 충주시 223-45,010-3098-8580,웹툰 그리기
8121,조미영,64,서울특별시 마포구 202-29,010-6420-2941,유튜브 보기
8122,이영자,21,강원도 태백시 748-17,010-4593-4783,디지털 일러스트
8123,홍지호,27,경기도 화성시 265-8,010-4010-2623,모바일 촬영
8124,홍진숙,33,강원도 원주시 856-96,010-3054-6024,모바일 게임 개발
8125,오서아,72,대전광역시 서구 524-91,010-4908-5873,플로리스트
8126,전주영,75,서울특별시 서초구 14-87,010-1376-5815,비즈 공예
8127,임지원,61,부산광역시 중구 870-95,010-6526-6796,일기 쓰기
8128,전종수,36,부산광역시 수영구 966-69,010-4026-5964,요리
8129,정유진,72,서울특별시 관악구 18-42,010-2124-4415,생활 해킹
8130,이남수,63,전라남도 나주시는 969-11,010-7379-9309,모바일 게임 개발
8131,전만수,76,서울특별시 성북구 458-45,010-7839-7518,여행
8132,서세호,62,제주시 신제주 587-94,010-6702-6450,자전거 타기
8133,윤진호,48,서울특별시 노원구 35-29,010-1627-5177,웹서핑
8134,김윤서,40,울산광역시 중구 8-23,010-7159-5691,음악감상
8135,조서아,43,경기도 광명시 512-97,010-7374-8807,DIY
8136,전정순,75,강원도 속초시 238-48,010-1445-8111,DIY
8137,권나윤,25,대전광역시 동구 851-19,010-7587-4121,스포츠 카드 수집
8138,최순희,70,강원도 원주시 512-49,010-4756-5934,퍼즐 맞추기
8139,장예린,59,강원도 속초시 269-22,010-4793-9742,모바일 게임 개발
8140,장춘식,34,대구광역시 동구 737-76,010-2593-6022,웹툰 그리기
8141,권영일,23,경상북도 구미시 775-56,010-9300-4321,집콕 놀이
8142,김준서,77,서울특별시 성북구 942-73,010-4348-7212,테니스
8143,한정숙,24,세종특별자치시 한솔동 434-70,010-7214-4175,독서
8144,박예은,38,서울특별시 송파구 226-24,010-8128-8910,사진촬영
8145,이춘희,74,경기도 성남시 수정구 495-91,010-3750-6140,영화감상
8146,강지우,59,경기도 용인시 수지구 896-34,010-4148-1248,사진촬영
8147,황소율,21,경기도 용인시 처인구 236-73,010-8368-1242,DIY
8148,신시우,39,경상남도 거제시 610-27,010-3847-6689,수영
8149,강동수,23,부산광역시 연제구 575-56,010-9299-6744,비즈 공예
8150,신로운,21,대구광역시 달성군 558-50,010-7670-3674,디지털 일러스트
8151,장지호,72,서울특별시 관악구 943-48,010-3385-7447,게임 방송
8152,권하람,51,세종특별자치시 도담동 881-67,010-2028-5365,캠핑
8153,송경수,32,서울특별시 용산구 827-75,010-8565-3383,캔들 만들기
8154,김태윤,61,대구광역시 동구 577-69,010-3436-3403,요가
8155,최진호,74,충청남도 논산시 974-60,010-5378-8041,게임 방송
8156,강명훈,29,경상남도 거제시 503-27,010-4809-4352,콜라주 아트
8157,안현우,58,인천광역시 연수구 885-74,010-7829-1581,일기 쓰기
8158,서연희,55,강원도 홍천군 183-53,010-5184-3481,스트리트 댄스
8159,서예린,78,서울특별시 송파구 718-42,010-6128-4338,디지털 사진 전시
8160,오다은,46,경상북도 김천시 515-52,010-7798-6382,테니스
8161,송희정,31,전라북도 군산시 905-17,010-3109-8859,도예
8162,임채은,29,대구광역시 달서구 377-58,010-9251-1415,독서
8163,최정숙,20,대구광역시 동구 993-52,010-1648-5758,웹서핑
8164,안도윤,66,경상북도 김천시 366-55,010-1288-7782,피크닉
8165,안현진,60,경상남도 진주시 518-0,010-7463-2396,디지털 아트
8166,최영희,27,서울특별시 금천구 615-54,010-1580-6169,생활 해킹
8167,김명훈,55,강원도 양양군 876-24,010-9254-1172,카페 투어
8168,송진숙,25,서울특별시 성동구 905-76,010-2432-1341,영화감상
8169,오영자,21,서울특별시 동대문구 957-30,010-7878-4502,필라테스
8170,한진호,50,경상남도 거제시 414-42,010-5579-1157,게임 방송
8171,정시우,35,경상남도 사천시 609-85,010-9505-3537,자원봉사
8172,권경자,75,경상남도 사천시 356-25,010-1030-2553,게임
8173,이승호,70,서울특별시 강북구 490-50,010-8645-6941,사진편집
8174,신창수,73,강원도 동해시 899-94,010-3486-7236,피크닉
8175,강명숙,29,대구광역시 수성구 736-72,010-9218-1134,집콕 놀이
8176,김정호,65,서울특별시 노원구 897-19,010-5671-2930,캔들 만들기
8177,장종순,76,제주시 이도이동 672-6,010-4862-9476,미술관 관람
8178,황채원,30,강원도 양양군 527-84,010-2170-2010,운동
8179,윤성자,59,대전광역시 동구 761-30,010-2661-9524,게임
8180,황말자,61,성남시 분당구 정자동 483-59,010-9235-2613,배우기
8181,오병호,65,강원도 평창군 758-29,010-2348-8324,생활 해킹
8182,황지민,30,경기도 용인시 수지구 200-41,010-6116-4290,헬로윈 파티 준비
8183,조지율,25,서울특별시 용산구 87-34,010-1288-8606,스크래치 프로그램 만들기
8184,한영일,28,경상북도 김천시 709-33,010-3979-5914,모바일 게임 개발
8185,한순영,44,경기도 의정부시 188-31,010-9100-8345,봉사활동
8186,한로운,27,제주시 아라동 205-80,010-3034-7591,일기 쓰기
8187,전병호,36,서울특별시 동대문구 529-19,010-4435-9223,필라테스
8188,서숙자,26,경기도 군포시 572-3,010-4761-9480,골프
8189,홍춘희,45,부산광역시 남구 465-82,010-2144-9106,필라테스
8190,박경수,61,경상남도 사천시 988-62,010-1549-6144,스포츠 카드 수집
8191,윤윤서,69,울산광역시 울주군 952-46,010-3576-1372,테니스
8192,신영희,65,경기도 파주시 532-73,010-3001-3998,콜라주 아트
8193,임준호,75,경상남도 김해시 183-75,010-6109-3113,골프
8194,송성민,79,경기도 안양시 만안구 416-13,010-4417-7363,게임
8195,윤성자,50,경상남도 창원시 346-88,010-1452-2860,벽화 그리기
8196,안하율,45,인천광역시 남동구 309-72,010-3745-6468,캘리그라피
8197,한하율,35,광주광역시 동구 477-33,010-3287-1427,펜팔
8198,강혜숙,23,부산광역시 강서구 513-57,010-3095-2149,시뮬레이션 게임
8199,조태윤,22,경상남도 통영시 56-74,010-5558-9382,수영
8200,신말순,43,부산광역시 사하구 836-68,010-4732-5714,캔들 만들기
8201,전우진,32,강원도 태백시 672-77,010-4635-2889,게임 방송
8202,정춘희,48,울산광역시 울주군 336-38,010-3113-2711,게임
8203,신재영,55,서울특별시 강북구 916-85,010-2662-9931,DIY
8204,권진숙,53,전라북도 군산시 797-41,010-8244-4544,여행
8205,강서진,79,대구광역시 동구 225-9,010-3828-5454,자전거 타기
8206,임하윤,23,경기도 의정부시 781-9,010-9159-3948,헬로윈 파티 준비
8207,황경수,51,대전광역시 서구 386-9,010-3528-5149,디지털 일러스트
8208,한말자,42,대구광역시 중구 572-25,010-1232-5479,플라워 아트
8209,황춘식,53,경기도 고양시 덕양구 890-15,010-2800-4507,웹서핑
8210,안서연,76,경기도 평택시 373-21,010-5169-1121,웹툰 그리기
8211,장말옥,64,경상남도 사천시 430-76,010-6234-5368,패션
8212,강선자,66,대전광역시 중구 612-65,010-3962-2279,디지털 콘텐츠 제작
8213,장정자,62,서울특별시 송파구 845-56,010-3269-6241,디지털 콘텐츠 제작
8214,권복희,71,경기도 고양시 덕양구 38-82,010-4181-5701,요가
8215,임상호,21,경기도 안산시 단원구 63-72,010-6691-2934,헬스
8216,안복자,64,제주시 연동 874-72,010-2453-7674,웹툰 그리기
8217,송진호,25,인천광역시 미추홀구 285-58,010-4055-1925,보드게임
8218,임경수,75,인천광역시 미추홀구 502-94,010-3154-3610,봉사활동
8219,임시윤,48,충청남도 천안시 279-42,010-8390-3128,플라워 아트
8220,이성호,22,부산광역시 해운대구 348-48,010-7783-7128,VR 게임
8221,안채원,65,경기도 시흥시 422-40,010-4869-9362,마인드맵 만들기
8222,한서준,57,광주광역시 남구 141-61,010-9149-8868,게임 방송
8223,윤윤서,77,충청북도 진천군 502-1,010-1199-1643,로봇 공학
8224,임말자,49,경상북도 김천시 866-42,010-2851-9123,요리
8225,장다온,62,서울특별시 광진구 210-20,010-3748-7802,헬스
8226,조주아,20,서울특별시 강남구 286-63,010-5291-4560,드로잉
8227,서지율,66,대구광역시 달성군 472-50,010-6636-5631,명상
8228,김말옥,46,대구광역시 수성구 280-33,010-8145-3572,VR 게임
8229,임상민,40,전라북도 익산시 723-34,010-2651-9734,헬로윈 파티 준비
8230,윤정우,28,전라북도 전주시 641-13,010-5360-2856,헬로윈 파티 준비
8231,전윤서,25,강원도 삼척시 88-18,010-6198-2895,캠핑
8232,윤준서,64,경상북도 김천시 160-84,010-1232-6902,플로리스트
8233,황유진,59,부산광역시 수영구 511-86,010-1728-5552,모바일 촬영
8234,오민준,56,경기도 용인시 수지구 407-46,010-2918-1413,비즈 공예
8235,이혜숙,60,부산광역시 북구 152-26,010-8481-2309,요리
8236,조정희,47,울산광역시 중구 509-52,010-4611-6363,테니스
8237,권예은,33,부산광역시 사상구 249-94,010-3433-5374,사진편집
8238,안상민,68,제주시 신제주 761-5,010-3264-5157,로봇 공학
8239,장명자,43,서울특별시 서대문구 724-96,010-3601-2045,모바일 촬영
8240,장만수,28,서울특별시 도봉구 60-30,010-6491-1245,디지털 콘텐츠 제작
8241,신창수,76,경기도 안양시 동안구 422-33,010-2878-5416,스트리밍
8242,송혜숙,79,서울특별시 종로구 698-51,010-8505-2694,코딩
8243,황영수,23,울산광역시 동구 608-7,010-8255-7084,카페 투어
8244,전명숙,42,대구광역시 북구 22-86,010-9293-2247,펜팔
8245,조다빈,58,인천광역시 중구 761-30,010-6566-3940,플로리스트
8246,박순자,45,울산광역시 북구 871-48,010-7888-7026,캘리그라피
8247,정희정,65,부천시 상동 315-6,010-3715-3353,명상
8248,장하윤,39,경상남도 통영시 71-76,010-9117-5773,마인드맵 만들기
8249,임시윤,49,충청남도 아산시 550-39,010-1912-6105,수영
8250,최춘희,49,전라남도 광양시 262-90,010-9382-8061,미술관 관람
8251,장형민,72,경기도 고양시 일산동구 397-83,010-5163-9028,DIY
8252,장재영,67,경기도 파주시 38-89,010-8986-3544,캔들 만들기
8253,정명자,46,인천광역시 계양구 936-41,010-2084-5459,수채화 그리기
8254,박로운,69,서울특별시 동작구 472-79,010-9793-4508,생활 해킹
8255,정말옥,59,경상북도 구미시 520-43,010-8812-5821,유튜브 보기
8256,전성자,51,부산광역시 남구 692-25,010-2722-5285,음악감상
8257,전태수,67,서울특별시 중구 371-77,010-6867-4366,마인드맵 만들기
8258,강명훈,38,서울특별시 성동구 312-38,010-2411-5823,캔들 만들기
8259,홍상민,26,경상북도 경주시 152-29,010-6991-9728,웹서핑
8260,조주아,73,제주시 노형동 267-34,010-8944-1990,배드민턴
8261,황채은,53,부산광역시 서구 297-75,010-8707-5517,로봇 공학
8262,장은우,45,세종특별자치시 도담동 864-83,010-8766-9537,보드게임
8263,송성민,68,인천광역시 동구 827-67,010-6647-2790,음악감상
8264,홍민수,68,서울특별시 중랑구 931-44,010-3676-6258,펜팔
8265,김순영,23,부산광역시 영도구 416-97,010-5782-2651,드로잉
8266,조말옥,46,대구광역시 달서구 885-15,010-4138-2951,벽화 그리기
8267,장세호,37,서울특별시 종로구 903-13,010-6281-4062,플로리스트
8268,권수빈,21,경상남도 진주시 660-91,010-2515-7442,일기 쓰기
8269,장주아,63,경상남도 양산시 57-37,010-6340-4179,디지털 콘텐츠 제작
8270,박윤호,76,전라북도 전주시 336-56,010-2129-6766,플라워 아트
8271,최예준,61,강원도 홍천군 514-98,010-5917-7341,보드게임
8272,이기영,75,서울특별시 중구 98-77,010-3753-2133,디지털 일러스트
8273,전주영,44,광주광역시 광산구 565-96,010-4159-8436,DIY
8274,황주영,29,충청남도 공주시 487-16,010-3658-4481,애니메이션 제작
8275,김은숙,56,서울특별시 영등포구 91-12,010-5603-3835,게임
8276,황지한,31,경상북도 구미시 464-72,010-2571-2750,드로잉
8277,홍숙자,30,경상남도 창녕군 857-8,010-9271-5144,영화 제작
8278,오세호,68,경기도 군포시 633-93,010-6228-8410,스트리트 댄스
8279,박은우,64,인천광역시 계양구 514-19,010-3111-2407,모바일 촬영
8280,신은채,50,경상남도 통영시 713-91,010-8096-4555,집콕 놀이
8281,강순자,46,경상북도 구미시 836-78,010-8134-3687,스트리트 댄스
8282,박다온,32,전라남도 광양시 5-82,010-7956-6719,뜨개질
8283,황호철,76,경기도 군포시 684-97,010-9777-2972,카페 투어
8284,조상호,33,전라북도 익산시 774-70,010-7794-2880,모바일 게임 개발
8285,권세호,41,충청남도 논산시 417-55,010-8005-4014,영화감상
8286,조찬우,39,인천광역시 서구 345-32,010-2865-8176,피크닉
8287,박혜숙,66,전라북도 전주시 782-61,010-3792-8973,디지털 아트
8288,한종순,70,서울특별시 강동구 107-46,010-9688-3227,스포츠 카드 수집
8289,안나윤,25,대전광역시 동구 277-94,010-5984-8901,캘리그라피
8290,박순희,75,경기도 시흥시 343-96,010-6199-5376,도예
8291,정영희,76,경기도 수원시 장안구 991-13,010-1414-4278,낚시
8292,황시윤,31,서울특별시 구로구 584-76,010-2375-3219,운동
8293,권정순,77,대구광역시 수성구 61-7,010-5207-9015,스트리밍
8294,윤세호,31,강원도 춘천시 975-20,010-2442-9001,자원봉사
8295,홍미영,58,서울특별시 구로구 162-83,010-1561-5148,뜨개질
8296,서채원,28,제주시 신제주 131-23,010-5273-7884,로봇 공학
8297,윤복자,54,부산광역시 북구 754-77,010-6333-4932,패션
8298,정현서,57,서울특별시 중랑구 752-24,010-1340-3420,요가
8299,정로운,38,부천시 원미구 중동 981-46,010-4328-9431,생활 해킹
8300,권찬우,32,서울특별시 중랑구 146-7,010-3189-8349,요가
8301,서정호,39,서울특별시 동작구 967-37,010-1029-2157,디지털 일러스트
8302,윤옥희,47,서울특별시 종로구 726-18,010-6890-3864,사진촬영
8303,전지우,64,세종특별자치시 한솔동 549-22,010-7979-3949,스키
8304,조예준,55,부산광역시 사하구 547-75,010-1089-2957,카페 투어
8305,홍호철,79,충청북도 진천군 43-65,010-5923-5223,골프
8306,김말옥,28,인천광역시 부평구 55-95,010-5227-3641,플라워 아트
8307,최영수,32,서울특별시 영등포구 495-78,010-4263-1322,명상
8308,윤은숙,67,부산광역시 금정구 417-82,010-4684-3314,집콕 놀이
8309,임만수,32,경기도 수원시 팔달구 311-27,010-3088-2308,운동
8310,임우진,20,제주시 연동 972-58,010-3234-7788,스포츠 카드 수집
8311,홍경수,30,부산광역시 북구 959-45,010-8352-3638,스포츠 카드 수집
8312,안정순,49,울산광역시 울주군 144-25,010-4912-5347,플라워 아트
8313,조서연,58,울산광역시 북구 223-3,010-7865-8893,사진촬영
8314,김지한,74,경기도 광명시 372-19,010-5701-6001,펜팔
8315,이호철,25,전라남도 나주시는 963-31,010-6433-7087,로봇 공학
8316,권명자,62,서울특별시 구로구 416-40,010-1479-8584,등산
8317,한춘식,32,부천시 상동 695-17,010-3377-2915,스키
8318,윤지한,76,인천광역시 중구 440-20,010-6717-5777,배드민턴
8319,정건우,63,경상남도 사천시 93-87,010-3770-8160,드로잉
8320,조주영,22,인천광역시 계양구 536-91,010-7212-1679,VR 게임
8321,권예은,62,전라북도 군산시 963-40,010-9836-9854,모바일 촬영
8322,한기석,64,충청남도 공주시 357-30,010-8431-3313,자전거 타기
8323,최현진,60,울산광역시 동구 421-88,010-2977-5793,사진편집
8324,조세호,71,서울특별시 중랑구 73-78,010-6981-1585,필라테스
8325,조민수,48,용인시 수지구 풍덕천동 103-45,010-7967-8670,벽화 그리기
8326,최세아,47,충청남도 공주시 288-51,010-6020-4543,헬로윈 파티 준비
8327,장명숙,23,부산광역시 사하구 998-72,010-3227-9440,캘리그라피
8328,권옥희,26,부천시 원미구 중동 261-59,010-5158-4566,패션
8329,서유진,70,경기도 성남시 수정구 116-14,010-4669-7026,사진촬영
8330,한영희,27,서울특별시 종로구 115-88,010-1374-1556,요가
8331,홍윤서,61,경기도 파주시 425-22,010-7755-8662,디지털 일러스트
8332,조수빈,78,광주광역시 북구 789-50,010-6408-3180,스키
8333,박주영,52,경기도 고양시 덕양구 727-69,010-1580-1262,자전거 타기
8334,정서준,61,경상남도 사천시 81-32,010-8115-6634,게임
8335,한성민,49,서울특별시 강남구 243-25,010-8315-7014,DIY
8336,송명자,49,서울특별시 송파구 192-86,010-4195-3823,VR 게임
8337,권영수,56,경상남도 사천시 4-18,010-1897-1553,등산
8338,권말옥,54,광주광역시 광산구 638-98,010-3397-2511,애니메이션 제작
8339,김종수,79,서울특별시 중랑구 465-90,010-3858-9563,봉사활동
8340,신은우,57,광주광역시 서구 682-86,010-8065-2764,모바일 촬영
8341,황말순,21,세종특별자치시 조치원읍 520-89,010-3481-9391,낚시
8342,신현진,41,세종특별자치시 아름동 670-67,010-1370-1585,디지털 콘텐츠 제작
8343,한철수,69,세종특별자치시 한솔동 171-65,010-3398-8216,시뮬레이션 게임
8344,장하진,70,서울특별시 강동구 633-45,010-1316-7159,모바일 게임 개발
8345,조현서,79,강원도 홍천군 215-60,010-1233-2532,자원봉사
8346,장현진,65,인천광역시 중구 735-81,010-5560-2730,뜨개질
8347,오영일,67,경상북도 김천시 685-30,010-3203-6045,벽화 그리기
8348,이정자,40,경기도 성남시 분당구 745-56,010-1322-4704,자전거 타기
8349,조지율,24,경기도 성남시 분당구 429-39,010-2846-7481,자원봉사
8350,윤찬우,60,강원도 강릉시 971-24,010-4669-5471,뜨개질
8351,오정숙,49,서울특별시 은평구 478-0,010-9403-1304,스트리밍
8352,서영자,47,제주시 노형동 526-5,010-7759-6048,웹서핑
8353,전지원,65,제주시 아라동 291-7,010-6144-4026,자전거 타기
8354,오영일,57,울산광역시 동구 52-70,010-3469-4909,비즈 공예
8355,최소율,75,광주광역시 동구 298-38,010-6159-3025,시뮬레이션 게임
8356,김지후,21,서울특별시 마포구 296-61,010-3850-8713,운동
8357,이진숙,34,강원도 태백시 137-81,010-4403-2192,자전거 타기
8358,장수빈,79,세종특별자치시 아름동 445-96,010-9868-6252,독서
8359,김지후,52,강원도 속초시 271-88,010-1886-6298,보드게임
8360,박승호,73,경상남도 양산시 955-50,010-2627-1534,영화감상
8361,조현철,34,전라남도 광양시 718-16,010-2991-2220,배드민턴
8362,한나윤,26,서울특별시 강북구 2-58,010-5814-4504,요리
8363,최우진,60,서울특별시 서대문구 693-36,010-6340-7853,로봇 공학
8364,박하율,21,경기도 안산시 단원구 333-86,010-1493-5168,디지털 콘텐츠 제작
8365,윤민준,26,서울특별시 광진구 705-82,010-3370-9485,자원봉사
8366,최태현,29,전라북도 군산시 471-25,010-5644-2517,모바일 게임 개발
8367,한하진,35,경상북도 구미시 234-10,010-3942-2303,생활 해킹
8368,이혜숙,33,서울특별시 서초구 745-35,010-3464-5745,디지털 아트
8369,한정우,31,강원도 평창군 219-58,010-1491-9018,벽화 그리기
8370,윤영호,68,서울특별시 마포구 601-72,010-1776-6762,모바일 촬영
8371,강말자,64,부산광역시 금정구 467-29,010-2725-4349,피크닉
8372,황남수,54,경기도 수원시 팔달구 386-63,010-6225-3597,요리
8373,강경자,22,서울특별시 용산구 514-72,010-9050-2090,운동
8374,이영일,58,서울특별시 성동구 28-32,010-5908-4552,VR 게임
8375,장상호,79,경상북도 포항시 95-8,010-2072-4541,비즈 공예
8376,권예은,43,충청남도 아산시 970-77,010-2453-2750,운동
8377,박성자,27,경상북도 김천시 939-21,010-6582-9067,디지털 일러스트
8378,박다은,26,세종특별자치시 아름동 787-86,010-5903-8603,플라워 아트
8379,전세아,61,인천광역시 미추홀구 724-38,010-4333-6831,등산
8380,한수빈,51,부산광역시 남구 271-85,010-7450-1584,웹툰 그리기
8381,한영자,58,경상남도 양산시 699-4,010-8821-4609,집콕 놀이
8382,홍승호,71,제주시 오라동 71-14,010-7312-4209,요가
8383,서태윤,50,서울특별시 강남구 592-26,010-1138-6324,콜라주 아트
8384,박말순,54,경기도 성남시 분당구 752-90,010-6647-3958,드로잉
8385,한수아,58,서울특별시 송파구 744-8,010-9842-4874,콜라주 아트
8386,홍지호,78,강원도 태백시 453-78,010-4864-3306,등산
8387,조로운,40,서울특별시 성동구 101-41,010-2312-6343,자원봉사
8388,홍준호,78,서울특별시 중랑구 743-58,010-5383-1364,도예
8389,조병호,27,부산광역시 동래구 701-80,010-7531-6262,일기 쓰기
8390,한춘자,39,경상남도 양산시 12-58,010-7858-1472,수채화 그리기
8391,오순희,61,서울특별시 용산구 139-33,010-9337-6354,모바일 게임 개발
8392,안건우,38,대구광역시 북구 366-52,010-5441-3542,디지털 아트
8393,장성민,61,부산광역시 북구 803-14,010-3017-1851,디지털 일러스트
8394,정다온,31,경상남도 김해시 173-18,010-7981-7280,스포츠 카드 수집
8395,강성자,31,제주시 연동 77-78,010-7267-5876,집콕 놀이
8396,강재호,77,강원도 홍천군 49-87,010-9075-5607,마인드맵 만들기
8397,권희정,49,강원도 강릉시 496-92,010-8677-8785,영화감상
8398,이지한,72,부산광역시 사하구 94-7,010-6052-4440,펜팔
8399,서정희,43,대구광역시 수성구 188-28,010-6972-7816,마인드맵 만들기
8400,임지우,61,울산광역시 남구 44-5,010-7447-9957,음악감상
8401,김기영,56,부산광역시 기장군 88-9,010-4632-4402,패션
8402,임만수,29,경상남도 사천시 230-95,010-9788-6011,집콕 놀이
8403,강영희,72,세종특별자치시 조치원읍 397-70,010-5767-4320,뜨개질
8404,임주원,60,광주광역시 광산구 580-0,010-6684-5067,독서
8405,임태윤,61,대전광역시 대덕구 941-26,010-5459-4605,낚시
8406,오진숙,64,강원도 동해시 75-44,010-8319-9394,명상
8407,이지원,28,대전광역시 동구 901-47,010-2615-5635,피크닉
8408,조서아,23,광주광역시 광산구 75-8,010-4626-3793,스키
8409,이종수,28,인천광역시 부평구 352-76,010-3936-8012,패션
8410,송하진,69,강원도 평창군 547-85,010-8376-4492,수채화 그리기
8411,최재훈,35,전라남도 여수시 778-93,010-7714-5972,스크래치 프로그램 만들기
8412,권영자,21,서울특별시 영등포구 426-8,010-1231-7472,디지털 일러스트
8413,신민서,28,인천광역시 동구 815-63,010-6847-4092,코딩
8414,박우진,73,광주광역시 북구 199-42,010-4976-8968,스트리트 댄스
8415,조정숙,79,광주광역시 남구 910-41,010-8680-2764,디지털 콘텐츠 제작
8416,임윤서,38,광주광역시 북구 13-12,010-7663-7018,요리
8417,이지우,53,경기도 고양시 덕양구 833-75,010-9779-1436,집콕 놀이
8418,안은숙,22,서울특별시 서초구 712-52,010-8215-5825,봉사활동
8419,권재호,44,서울특별시 광진구 135-72,010-5966-4122,로봇 공학
8420,오은우,29,제주시 연동 29-13,010-4523-3128,시뮬레이션 게임
8421,신현서,63,대구광역시 달성군 361-74,010-2663-1832,사진편집
8422,송철수,25,서울특별시 중랑구 79-23,010-7061-2338,웹툰 그리기
8423,서나윤,69,서울특별시 성동구 384-53,010-3101-6329,패션
8424,오상호,35,경기도 용인시 처인구 574-78,010-6751-1484,벽화 그리기
8425,정윤서,53,부천시 상동 38-63,010-1613-3679,자원봉사
8426,정순자,42,서울특별시 은평구 107-84,010-4922-3611,플로리스트
8427,김우진,51,경기도 군포시 884-39,010-2359-2681,DIY
8428,서건우,65,경기도 성남시 분당구 532-35,010-3330-9858,스트리트 댄스
8429,서서준,21,울산광역시 중구 719-91,010-7543-2627,영화 제작
8430,황영희,22,서울특별시 관악구 273-71,010-1420-7660,카페 투어
8431,박수아,32,대구광역시 중구 196-75,010-7468-8946,독서
8432,최상민,27,전라남도 순천시 846-38,010-9392-3137,비즈 공예
8433,권지후,27,전라남도 목포시 431-16,010-3160-3768,게임
8434,박세호,35,서울특별시 서대문구 537-82,010-2745-7281,디지털 사진 전시
8435,장건우,54,제주시 신제주 970-91,010-1833-9357,헬로윈 파티 준비
8436,임세호,69,전라남도 나주시는 441-91,010-2579-1800,보드게임
8437,정지민,32,부산광역시 동구 878-70,010-1436-9336,스트리트 댄스
8438,임서진,35,서울특별시 영등포구 165-82,010-6813-5910,책 클럽
8439,신광호,29,서울특별시 동작구 988-4,010-2898-5988,디지털 콘텐츠 제작
8440,권말순,50,서울특별시 강남구 788-81,010-9371-9942,배드민턴
8441,이유하,65,서울특별시 은평구 231-42,010-8839-1301,로봇 공학
8442,최말자,22,김해시 장유동 358-64,010-6820-9908,도예
8443,이시우,39,서울특별시 노원구 974-34,010-4872-1076,영화 제작
8444,서재영,48,부산광역시 부산진구 168-10,010-9418-2913,게임
8445,황말순,56,충청북도 청주시 308-46,010-2298-6296,여행
8446,안희정,65,충청북도 진천군 339-44,010-6955-3979,요가
8447,한은우,42,경상남도 진주시 736-63,010-8757-8865,카페 투어
8448,강다빈,48,서울특별시 금천구 630-90,010-8284-6514,스키
8449,안주영,70,경기도 용인시 수지구 894-70,010-6556-2640,독서
8450,조예은,23,경기도 평택시 902-22,010-7779-1889,디지털 사진 전시
8451,오재영,75,부산광역시 기장군 933-6,010-7286-3818,플로리스트
8452,홍순희,70,경기도 안산시 단원구 490-75,010-7526-6663,드로잉
8453,송예준,62,부산광역시 사하구 702-72,010-6479-4286,디지털 콘텐츠 제작
8454,임나윤,39,서울특별시 양천구 860-57,010-8358-4011,여행
8455,신유하,77,제주시 노형동 617-43,010-2794-4942,비즈 공예
8456,김말자,39,서울특별시 광진구 784-6,010-4941-3778,플로리스트
8457,박은우,69,부산광역시 해운대구 713-36,010-9929-2280,도예
8458,강복희,74,전라남도 나주시는 212-13,010-2735-2794,마인드맵 만들기
8459,황순자,64,부천시 상동 55-0,010-3385-8998,자전거 타기
8460,조시헌,73,세종특별자치시 조치원읍 504-21,010-4514-9650,보드게임
8461,정현서,34,경상남도 창녕군 820-39,010-5910-1211,웹서핑
8462,홍민수,47,대전광역시 동구 453-97,010-2796-5921,게임 방송
8463,강현철,31,서울특별시 마포구 572-95,010-4823-2780,유튜브 보기
8464,전윤서,30,서울특별시 영등포구 642-38,010-5244-1719,수영
8465,황명자,52,경기도 화성시 300-48,010-3899-6373,봉사활동
8466,안호철,40,서울특별시 송파구 462-84,010-2846-5469,영화 제작
8467,장지한,71,강원도 강릉시 132-63,010-6178-4955,여행
8468,장숙자,53,울산광역시 울주군 471-46,010-1053-5019,골프
8469,안현진,42,광주광역시 서구 827-96,010-3613-5723,카페 투어
8470,신말옥,63,울산광역시 남구 575-10,010-5636-6853,웹툰 그리기
8471,김명자,50,부산광역시 동구 176-45,010-8978-2783,도예
8472,송예은,45,부산광역시 부산진구 277-3,010-9384-8838,퍼즐 맞추기
8473,강선자,34,경상남도 김해시 581-52,010-8211-4991,사진촬영
8474,황말자,72,경기도 안양시 동안구 90-43,010-9891-7771,디지털 콘텐츠 제작
8475,홍세호,62,대전광역시 동구 459-91,010-4744-3760,디지털 사진 전시
8476,박말자,59,서울특별시 강서구 979-86,010-4002-6281,웹서핑
8477,황상민,41,강원도 삼척시 335-49,010-2384-6789,보드게임
8478,이지한,69,충청북도 청주시 601-42,010-4817-1499,보드게임
8479,임민수,31,서울특별시 중랑구 997-61,010-6120-9562,웹서핑
8480,최명훈,71,경기도 오산시 55-8,010-6152-8719,스포츠 카드 수집
8481,조은채,65,대구광역시 서구 888-68,010-4220-2000,요가
8482,전찬우,23,부산광역시 연제구 226-56,010-6164-3403,애니메이션 제작
8483,최호철,64,경상남도 창녕군 850-13,010-2315-2432,낚시
8484,장태수,70,제주시 아라동 594-8,010-3729-3224,골프
8485,전다온,20,인천광역시 부평구 540-50,010-1492-1583,디지털 콘텐츠 제작
8486,전선자,39,세종특별자치시 조치원읍 100-19,010-2061-5906,웹툰 그리기
8487,장명자,52,경기도 오산시 871-45,010-2751-4305,게임
8488,박말옥,70,인천광역시 중구 726-67,010-8252-4983,패션
8489,이성민,29,경기도 용인시 기흥구 346-29,010-1495-5653,스트리밍
8490,한수빈,33,인천광역시 부평구 19-87,010-6170-9605,디지털 사진 전시
8491,권말옥,41,전라북도 전주시 149-44,010-1681-9634,캔들 만들기
8492,김다은,33,경기도 안산시 상록구 208-46,010-7660-7541,음악감상
8493,전정자,29,경상남도 양산시 668-71,010-6484-6008,뜨개질
8494,윤성자,63,경기도 군포시 807-49,010-3500-2990,플라워 아트
8495,강수아,67,경기도 안산시 단원구 258-81,010-9149-1334,요리
8496,김명자,51,경기도 성남시 수정구 639-64,010-3338-1814,자전거 타기
8497,안태윤,55,경상남도 통영시 964-95,010-4890-5057,필라테스
8498,전예은,53,경상남도 양산시 65-81,010-5341-3879,유튜브 보기
8499,한지우,31,울산광역시 중구 50-53,010-7164-2154,생활 해킹
8500,임채원,31,서울특별시 용산구 297-79,010-1330-4011,VR 게임
8501,정재영,54,경상남도 진주시 114-69,010-6383-2173,애니메이션 제작
8502,신현서,20,경기도 용인시 수지구 909-72,010-1701-4071,수영
8503,임재호,30,울산광역시 중구 112-85,010-9238-8829,디지털 사진 전시
8504,송영수,67,경기도 안양시 만안구 436-35,010-9754-7033,도예
8505,서주영,43,서울특별시 노원구 431-66,010-3260-1722,캘리그라피
8506,임현철,28,전라남도 여수시 935-76,010-6901-4875,집콕 놀이
8507,정기석,35,경기도 화성시 10-97,010-4137-2255,게임 방송
8508,송기석,59,인천광역시 중구 270-44,010-3056-4322,사진촬영
8509,임지율,39,충청남도 공주시 478-43,010-1375-7877,도예
8510,임지원,55,인천광역시 연수구 621-41,010-5868-2575,독서
8511,장성민,69,인천광역시 연수구 647-48,010-6546-4720,피크닉
8512,김성자,27,전라남도 순천시 260-6,010-8066-2121,낚시
8513,전로운,34,부산광역시 동구 398-72,010-3802-6450,요리
8514,전정숙,59,강원도 양양군 7-53,010-2098-5070,캔들 만들기
8515,신재훈,52,대전광역시 서구 266-58,010-7034-4507,필라테스
8516,권지후,20,서울특별시 광진구 729-80,010-5475-7131,펜팔
8517,최시윤,49,전라남도 광양시 312-60,010-2276-7117,음악감상
8518,안다온,59,강원도 춘천시 862-46,010-2522-5232,수영
8519,조은숙,47,대구광역시 달서구 805-47,010-4100-5995,마인드맵 만들기
8520,전지원,29,충청북도 진천군 455-58,010-3155-4947,사진촬영
8521,조성호,49,경상남도 밀양시 676-63,010-5894-6384,캠핑
8522,김영자,25,전라남도 여수시 784-31,010-7797-8387,펜팔
8523,장은채,46,서울특별시 도봉구 754-49,010-2062-9174,패션
8524,박세호,46,경상북도 구미시 218-22,010-3111-7925,시뮬레이션 게임
8525,한현서,64,서울특별시 양천구 958-91,010-6639-4692,독서
8526,전우진,29,부산광역시 동구 432-73,010-6819-9428,요가
8527,전하연,49,충청남도 논산시 16-66,010-3885-7784,모바일 게임 개발
8528,이진호,53,전라남도 순천시 175-40,010-5706-8750,배우기
8529,윤서아,20,인천광역시 서구 524-68,010-7619-6780,스크래치 프로그램 만들기
8530,서춘식,62,서울특별시 강동구 935-93,010-3436-2686,골프
8531,신현서,77,광주광역시 남구 116-27,010-4092-4771,스포츠 카드 수집
8532,임순영,79,강원도 평창군 869-18,010-4411-7898,스키
8533,김순영,54,제주시 이도이동 288-28,010-8504-4831,카페 투어
8534,오주아,53,대구광역시 서구 497-2,010-9495-5899,집콕 놀이
8535,송혜숙,65,경기도 광명시 465-88,010-8551-6165,유튜브 보기
8536,홍순희,21,경기도 의정부시 280-3,010-8568-4832,게임 방송
8537,서정숙,68,부산광역시 남구 835-61,010-1874-6254,요가
8538,강현철,67,경기도 수원시 팔달구 815-51,010-1978-7417,수영
8539,조병호,60,제주시 노형동 422-79,010-1804-2033,뜨개질
8540,윤정자,63,김해시 장유동 771-98,010-1962-4306,도예
8541,권주원,29,경기도 평택시 344-68,010-6913-3134,헬스
8542,임진숙,68,대전광역시 유성구 358-31,010-2915-9280,로봇 공학
8543,이경수,77,경기도 군포시 862-85,010-7834-6593,영화감상
8544,송선자,36,서울특별시 동대문구 343-84,010-2290-3121,봉사활동
8545,오소율,34,부산광역시 동래구 837-5,010-7248-1743,시뮬레이션 게임
8546,윤주원,55,서울특별시 동대문구 495-49,010-5196-6075,스포츠 카드 수집
8547,정소율,46,서울특별시 동대문구 188-8,010-7302-9899,수채화 그리기
8548,장기석,20,울산광역시 남구 210-73,010-8188-1071,모바일 촬영
8549,장옥희,74,서울특별시 영등포구 82-22,010-6545-1782,DIY
8550,홍성민,44,경기도 안산시 단원구 737-62,010-4525-3452,캔들 만들기
8551,한기영,54,경기도 안산시 단원구 703-85,010-5762-2747,생활 해킹
8552,김현진,31,충청남도 아산시 351-29,010-9050-1893,캘리그라피
8553,오지후,61,경기도 수원시 팔달구 874-76,010-6086-5407,게임 방송
8554,안다은,71,제주시 이도이동 489-1,010-4605-3428,디지털 사진 전시
8555,전순자,61,대구광역시 남구 282-92,010-3680-1049,미술관 관람
8556,황종순,79,경기도 안산시 상록구 226-66,010-9291-2256,애니메이션 제작
8557,조은숙,32,울산광역시 남구 210-80,010-9513-9669,운동
8558,최시헌,39,광주광역시 동구 351-4,010-4779-4050,웹툰 그리기
8559,장순자,21,강원도 양양군 39-39,010-6959-3539,스크래치 프로그램 만들기
8560,오예린,44,서울특별시 중구 111-43,010-4844-1071,요가
8561,강순자,56,서울특별시 노원구 100-1,010-4791-5622,스포츠 카드 수집
8562,전승호,63,경기도 의정부시 186-71,010-8388-9778,수채화 그리기
8563,황승호,50,경기도 오산시 150-47,010-2140-5469,DIY
8564,황주아,21,울산광역시 동구 666-93,010-9143-6399,웹툰 그리기
8565,조병호,25,전라남도 나주시는 726-75,010-7338-2113,캠핑
8566,전태수,67,인천광역시 연수구 989-13,010-2708-1161,게임
8567,이현우,37,경상남도 양산시 534-63,010-6348-3991,책 클럽
8568,박영일,77,서울특별시 중구 953-87,010-4770-9217,미술관 관람
8569,이말순,33,인천광역시 부평구 872-41,010-6389-8235,사진편집
8570,장현진,42,부산광역시 사상구 573-92,010-9441-8776,생활 해킹
8571,강다온,73,세종특별자치시 조치원읍 924-59,010-5600-6414,애니메이션 제작
8572,안진호,75,경기도 수원시 팔달구 142-73,010-9418-5643,웹서핑
8573,신병호,73,제주시 오라동 966-38,010-1469-5106,음악감상
8574,오민수,59,경기도 성남시 수정구 496-85,010-5197-4174,DIY
8575,강진숙,34,광주광역시 서구 645-81,010-8809-5671,애니메이션 제작
8576,김도윤,63,세종특별자치시 조치원읍 328-4,010-1017-6405,캔들 만들기
8577,윤현진,71,서울특별시 양천구 238-8,010-1253-5752,명상
8578,김호철,78,경기도 시흥시 867-11,010-7124-5705,요리
8579,신하윤,27,부산광역시 북구 244-21,010-3845-1545,펜팔
8580,황다빈,38,서울특별시 강남구 474-75,010-2604-8798,VR 게임
8581,한종수,45,서울특별시 영등포구 139-32,010-8769-5979,펜팔
8582,오정숙,53,서울특별시 구로구 642-75,010-2430-5591,플라워 아트
8583,한미영,72,부산광역시 강서구 874-40,010-8377-8689,웹서핑
8584,최재호,64,전라북도 군산시 917-94,010-6266-5103,모바일 게임 개발
8585,조우진,73,서울특별시 구로구 927-34,010-9014-5547,VR 게임
8586,강현서,71,대전광역시 서구 640-84,010-1941-7425,독서
8587,김진호,51,부산광역시 기장군 769-45,010-7632-4931,게임
8588,강시헌,52,서울특별시 서초구 454-11,010-1401-1128,테니스
8589,권우진,42,전라남도 여수시 567-85,010-1377-9156,스크래치 프로그램 만들기
8590,김정숙,75,울산광역시 중구 310-54,010-7674-2697,콜라주 아트
8591,오채원,26,부산광역시 서구 938-28,010-1324-3630,보드게임
8592,최현우,40,용인시 수지구 풍덕천동 34-16,010-8873-2537,로봇 공학
8593,송영호,37,제주시 이도이동 42-48,010-1559-4014,헬스
8594,김유진,75,부산광역시 연제구 854-2,010-3109-3613,운동
8595,박지율,41,서울특별시 동작구 194-73,010-5892-5152,코딩
8596,임서진,22,부산광역시 부산진구 90-52,010-7150-5834,보드게임
8597,전윤서,67,부산광역시 영도구 30-94,010-2075-1403,독서
8598,박유진,62,인천광역시 부평구 966-7,010-6763-2779,헬스
8599,강재호,56,강원도 태백시 240-63,010-9550-8435,책 클럽
8600,오정숙,33,대구광역시 동구 522-31,010-2537-2926,집콕 놀이
8601,정은채,30,인천광역시 계양구 647-28,010-7126-2432,디지털 콘텐츠 제작
8602,김유진,28,울산광역시 북구 776-56,010-7659-8198,수채화 그리기
8603,황기석,31,울산광역시 중구 962-58,010-7326-5031,드로잉
8604,장영수,72,대구광역시 서구 764-2,010-3127-6340,패션
8605,강철수,26,서울특별시 중구 402-39,010-2811-2839,테니스
8606,정서준,62,서울특별시 강동구 843-63,010-3531-9376,플로리스트
8607,안영희,41,서울특별시 용산구 623-89,010-6086-1601,생활 해킹
8608,김창수,39,서울특별시 은평구 365-83,010-1830-5039,배드민턴
8609,한윤서,50,경기도 안양시 만안구 64-49,010-2961-8002,스트리트 댄스
8610,송예준,42,서울특별시 동대문구 421-45,010-6504-5889,펜팔
8611,정지한,79,부산광역시 동래구 892-55,010-5103-5924,헬스
8612,박말옥,23,대전광역시 동구 288-85,010-5004-7663,콜라주 아트
8613,정성민,72,전라남도 광양시 595-56,010-1326-1843,캘리그라피
8614,신찬우,64,세종특별자치시 아름동 17-77,010-1260-3625,코딩
8615,서지우,25,울산광역시 동구 251-42,010-3912-3950,수영
8616,정로운,57,경기도 군포시 386-24,010-5521-4232,스트리밍
8617,이지원,73,경기도 수원시 장안구 256-18,010-6376-2515,영화 제작
8618,강정호,76,충청북도 진천군 870-7,010-4500-2946,디지털 콘텐츠 제작
8619,박로운,43,대구광역시 중구 878-77,010-6118-4876,자원봉사
8620,오재훈,22,경기도 안양시 만안구 448-90,010-7184-8659,VR 게임
8621,조영자,64,세종특별자치시 아름동 201-28,010-9567-2033,플로리스트
8622,서현서,30,울산광역시 북구 381-27,010-5537-1000,패션
8623,권시헌,41,경기도 수원시 팔달구 558-13,010-9492-7786,명상
8624,윤우진,78,서울특별시 동대문구 653-55,010-7376-7588,운동
8625,강태현,68,부산광역시 해운대구 521-86,010-9057-3045,배우기
8626,권채원,23,경상남도 거제시 902-5,010-9094-3125,요가
8627,오진호,27,서울특별시 강동구 316-60,010-7803-8340,디지털 콘텐츠 제작
8628,황정순,61,세종특별자치시 도담동 66-46,010-6600-6051,플로리스트
8629,오재영,48,경기도 시흥시 624-39,010-5973-4589,드로잉
8630,권성자,42,전라북도 익산시 331-67,010-5587-4159,골프
8631,오연희,70,경기도 안양시 동안구 727-91,010-4869-7786,자전거 타기
8632,신준호,53,경기도 의정부시 778-36,010-2972-5605,필라테스
8633,김지호,79,서울특별시 동작구 488-66,010-6851-4198,모바일 촬영
8634,권지호,40,경기도 화성시 121-35,010-3888-7571,게임 방송
8635,서복자,50,경기도 안산시 단원구 414-95,010-7885-1523,코딩
8636,이재훈,40,전라북도 익산시 347-28,010-9410-1164,등산
8637,이정숙,20,부산광역시 금정구 732-28,010-2843-4350,드로잉
8638,임병호,59,부산광역시 서구 537-9,010-1933-3031,사진편집
8639,한주원,26,서울특별시 성북구 850-13,010-3770-6424,퍼즐 맞추기
8640,홍성민,77,경상남도 양산시 925-4,010-1777-6373,낚시
8641,장남수,20,서울특별시 성북구 198-18,010-2732-9608,모바일 촬영
8642,한민수,45,대구광역시 서구 785-87,010-7777-4731,일기 쓰기
8643,신태현,69,서울특별시 성동구 213-64,010-1621-9524,로봇 공학
8644,권희정,46,부산광역시 남구 339-11,010-3211-7082,캠핑
8645,강명훈,57,강원도 양양군 990-31,010-8654-2016,음악감상
8646,최찬우,79,제주시 연동 428-45,010-3080-4625,배드민턴
8647,신현진,50,울산광역시 동구 592-66,010-3360-8049,운동
8648,권현서,25,전라북도 전주시 711-50,010-8001-6457,비즈 공예
8649,최승호,29,경상남도 사천시 698-35,010-5547-3609,시뮬레이션 게임
8650,신정우,28,부산광역시 중구 134-28,010-4097-7966,드로잉
8651,홍말옥,79,충청북도 청주시 496-54,010-2281-2181,펜팔
8652,윤경수,64,울산광역시 울주군 877-57,010-4000-6339,미술관 관람
8653,오지율,40,전라북도 익산시 505-2,010-9251-2220,플라워 아트
8654,윤경수,47,대구광역시 남구 162-7,010-1600-7848,코딩
8655,권수빈,57,울산광역시 중구 761-17,010-1694-9430,봉사활동
8656,오수아,29,울산광역시 남구 805-20,010-4866-4416,로봇 공학
8657,최주아,54,경상북도 구미시 936-17,010-2638-9619,스크래치 프로그램 만들기
8658,장건우,72,경기도 수원시 팔달구 817-36,010-4728-3586,배드민턴
8659,이지민,47,경기도 안산시 상록구 410-60,010-8042-3330,책 클럽
8660,강민준,46,인천광역시 중구 445-39,010-7742-1570,캔들 만들기
8661,서재훈,36,부산광역시 영도구 360-28,010-7119-5526,웹툰 그리기
8662,장은우,55,경기도 파주시 511-62,010-7845-6197,운동
8663,황준호,72,서울특별시 종로구 170-98,010-3808-4563,콜라주 아트
8664,이나윤,35,충청북도 진천군 640-60,010-1571-3656,뜨개질
8665,조세호,20,경상남도 진주시 150-24,010-8550-9541,스크래치 프로그램 만들기
8666,황서준,25,경상남도 밀양시 224-55,010-7272-4960,펜팔
8667,안미영,77,강원도 동해시 976-83,010-4358-6379,디지털 콘텐츠 제작
8668,강말순,61,부산광역시 사상구 323-4,010-5594-6557,마인드맵 만들기
8669,윤동수,51,전라남도 광양시 665-34,010-7532-2462,웹툰 그리기
8670,정지호,55,전라남도 순천시 436-47,010-5387-1002,스키
8671,권예린,28,울산광역시 울주군 203-98,010-3757-1411,게임
8672,강순희,75,대전광역시 중구 810-0,010-9603-9673,디지털 일러스트
8673,한순자,75,경기도 수원시 장안구 550-22,010-3374-7800,DIY
8674,서정호,40,경상북도 포항시 107-10,010-2502-8742,골프
8675,안병호,73,경기도 의정부시 311-1,010-1351-2449,낚시
8676,강다은,24,대구광역시 중구 642-69,010-7362-2839,모바일 게임 개발
8677,임상호,62,전라북도 전주시 288-66,010-3027-5336,수채화 그리기
8678,오태윤,47,경기도 광명시 166-39,010-5154-5152,배드민턴
8679,조태현,35,경기도 안양시 동안구 284-36,010-4665-1434,드로잉
8680,이서준,52,용인시 수지구 풍덕천동 771-61,010-8586-1864,벽화 그리기
8681,전시윤,53,서울특별시 강남구 523-13,010-2583-3243,모바일 게임 개발
8682,조지민,77,서울특별시 동대문구 713-42,010-6670-7102,등산
8683,정서아,79,인천광역시 동구 934-39,010-5138-4989,비즈 공예
8684,권기석,30,용인시 수지구 풍덕천동 739-65,010-7681-1255,모바일 촬영
8685,오철수,64,김해시 장유동 899-72,010-6965-3373,스키
8686,이민준,52,용인시 수지구 풍덕천동 374-64,010-1903-6153,요가
8687,윤말순,59,서울특별시 서대문구 38-15,010-5723-2146,자전거 타기
8688,황상민,33,경상남도 밀양시 253-28,010-6014-5893,벽화 그리기
8689,장하연,33,서울특별시 중구 311-60,010-3567-2296,콜라주 아트
8690,전복희,56,경기도 용인시 처인구 614-83,010-6284-5445,마인드맵 만들기
8691,한윤호,78,제주시 노형동 994-26,010-1113-6498,음악감상
8692,박태수,61,부산광역시 연제구 207-3,010-9367-1671,집콕 놀이
8693,권민수,67,경기도 화성시 315-60,010-3736-7343,캘리그라피
8694,윤지호,76,경상북도 경주시 660-47,010-4473-1118,사진촬영
8695,신찬우,25,제주시 오라동 561-79,010-1592-4679,스포츠 카드 수집
8696,홍민서,45,제주시 노형동 152-28,010-5527-8157,스포츠 카드 수집
8697,홍희정,66,충청북도 진천군 211-91,010-6421-8053,자원봉사
8698,신말옥,76,부천시 원미구 중동 431-76,010-8307-1069,배드민턴
8699,김병호,65,경기도 안산시 상록구 176-35,010-8697-4861,게임
8700,송종수,23,대구광역시 수성구 250-92,010-6087-8718,사진편집
8701,최주영,75,서울특별시 종로구 932-58,010-6680-3897,생활 해킹
8702,최복희,22,서울특별시 금천구 523-91,010-3684-4018,로봇 공학
8703,강순자,60,인천광역시 서구 983-44,010-5734-9762,게임
8704,서은숙,63,울산광역시 남구 342-69,010-4675-2185,필라테스
8705,오태현,53,광주광역시 동구 858-94,010-4679-1700,디지털 일러스트
8706,송재영,39,부산광역시 동래구 262-21,010-8593-3307,스트리밍
8707,안주영,45,경상남도 진주시 716-12,010-5884-9348,드로잉
8708,홍우진,72,대전광역시 동구 138-89,010-1672-4782,명상
8709,장영수,45,인천광역시 서구 475-44,010-6780-4453,일기 쓰기
8710,홍경수,48,경상남도 밀양시 845-5,010-7554-2789,보드게임
8711,서현진,39,부산광역시 해운대구 931-20,010-5402-3250,음악감상
8712,윤미영,27,인천광역시 부평구 574-10,010-5547-7062,애니메이션 제작
8713,권영수,58,인천광역시 연수구 821-3,010-7828-6723,사진촬영
8714,안영호,76,충청남도 아산시 814-75,010-5273-8145,애니메이션 제작
8715,권순희,20,제주시 아라동 330-90,010-8344-8453,스키
8716,오민준,25,경상남도 창녕군 952-81,010-1676-8791,스포츠 카드 수집
8717,이예린,22,대구광역시 중구 629-74,010-8541-5883,자원봉사
8718,전성호,55,경기도 의정부시 464-50,010-7685-3618,필라테스
8719,김세호,55,서울특별시 강서구 903-25,010-8626-9214,웹툰 그리기
8720,전순영,51,경기도 성남시 분당구 81-56,010-3420-3875,애니메이션 제작
8721,윤주원,35,대구광역시 북구 293-58,010-5627-3988,뜨개질
8722,장하람,67,부산광역시 연제구 629-73,010-8848-2789,수채화 그리기
8723,김숙자,47,경기도 의정부시 412-2,010-4695-3226,피크닉
8724,권지원,35,부산광역시 사상구 451-18,010-8812-2002,명상
8725,안은채,41,대전광역시 서구 788-3,010-5578-1905,배드민턴
8726,윤민수,59,경상북도 김천시 855-57,010-2838-3401,집콕 놀이
8727,강다빈,42,서울특별시 강남구 525-77,010-2772-5204,애니메이션 제작
8728,한다온,35,대구광역시 북구 277-17,010-3495-9174,생활 해킹
8729,최민준,67,경상남도 김해시 675-76,010-1346-5982,웹툰 그리기
8730,권복희,69,세종특별자치시 아름동 210-92,010-2608-2473,스크래치 프로그램 만들기
8731,조태윤,29,강원도 동해시 559-59,010-7797-1316,캠핑
8732,윤은숙,57,부산광역시 북구 411-63,010-5842-6519,마인드맵 만들기
8733,한상민,33,경기도 안산시 상록구 292-74,010-6687-5949,캘리그라피
8734,김하은,56,부산광역시 금정구 310-38,010-6282-8758,집콕 놀이
8735,홍성자,49,경상북도 경주시 718-90,010-2110-4070,보드게임
8736,신성민,61,경상남도 통영시 968-72,010-7593-1607,등산
8737,황지후,45,강원도 양양군 880-90,010-4119-7778,게임 방송
8738,한병호,42,부산광역시 동구 651-60,010-3384-3449,집콕 놀이
8739,황주아,58,전라남도 여수시 188-43,010-3989-5876,게임
8740,장춘자,38,경기도 성남시 수정구 487-4,010-4901-6592,요리
8741,윤지호,20,대구광역시 수성구 366-17,010-1617-8445,게임 방송
8742,신말자,70,울산광역시 중구 409-70,010-8783-1913,디지털 사진 전시
8743,신하은,71,부산광역시 북구 372-36,010-5563-9032,콜라주 아트
8744,권하진,61,경상남도 김해시 247-4,010-3084-6803,독서
8745,황건우,38,경기도 안양시 동안구 310-74,010-3003-3935,영화감상
8746,안태현,37,경기도 용인시 처인구 169-90,010-1314-9992,헬로윈 파티 준비
8747,강태윤,78,경기도 광주시 446-68,010-1732-5571,드로잉
8748,황민수,20,세종특별자치시 도담동 763-82,010-7208-3699,스트리밍
8749,박선자,73,울산광역시 울주군 164-21,010-9411-2111,미술관 관람
8750,전유하,74,인천광역시 연수구 806-7,010-5691-3204,테니스
8751,오재훈,44,서울특별시 광진구 498-11,010-4244-5843,벽화 그리기
8752,장지원,34,강원도 동해시 500-42,010-3916-2666,퍼즐 맞추기
8753,권나윤,59,서울특별시 마포구 153-75,010-3513-6726,낚시
8754,홍정호,43,세종특별자치시 한솔동 324-62,010-6164-7115,등산
8755,정다은,59,경기도 안양시 만안구 31-30,010-3108-9516,자전거 타기
8756,오세아,36,인천광역시 계양구 605-74,010-1260-5811,캔들 만들기
8757,윤만수,75,제주시 이도이동 707-94,010-2996-5809,일기 쓰기
8758,조준호,34,인천광역시 미추홀구 703-15,010-4118-4783,독서
8759,박수빈,35,경기도 용인시 처인구 506-82,010-1389-8444,봉사활동
8760,최정순,43,경기도 수원시 팔달구 910-63,010-8755-9218,독서
8761,김명자,52,부산광역시 부산진구 773-15,010-2724-6391,필라테스
8762,안명훈,76,경기도 광주시 754-35,010-3144-2924,뜨개질
8763,정영희,50,경기도 시흥시 103-58,010-3427-7629,디지털 아트
8764,황상민,27,충청남도 아산시 15-96,010-4121-7824,스트리트 댄스
8765,윤예린,63,김해시 장유동 925-26,010-1015-1115,골프
8766,송명훈,49,서울특별시 종로구 630-65,010-1675-3927,필라테스
8767,송영자,52,경상남도 창원시 163-26,010-3620-4622,플라워 아트
8768,오성자,63,서울특별시 성동구 265-21,010-6350-7850,자전거 타기
8769,최기영,62,인천광역시 연수구 803-82,010-5150-5859,디지털 일러스트
8770,홍복자,40,경기도 광주시 1-4,010-9261-2369,사진촬영
8771,황영수,75,부산광역시 사하구 702-36,010-2537-1538,디지털 콘텐츠 제작
8772,권태현,50,경기도 광명시 682-60,010-4817-3779,펜팔
8773,홍만수,78,김해시 장유동 799-12,010-3841-8664,캘리그라피
8774,윤종순,68,경기도 수원시 장안구 921-53,010-1851-2155,배우기
8775,전시우,51,부산광역시 기장군 662-45,010-2237-1548,드로잉
8776,박은숙,78,서울특별시 서대문구 445-12,010-1629-6591,독서
8777,전준서,39,부산광역시 강서구 530-22,010-5346-1424,테니스
8778,오철수,40,부산광역시 수영구 634-83,010-9627-4483,게임 방송
8779,최다은,56,서울특별시 양천구 467-23,010-8006-5889,스트리트 댄스
8780,한태수,27,서울특별시 동대문구 542-54,010-4814-1795,자원봉사
8781,신명자,60,울산광역시 동구 997-88,010-3607-5225,게임 방송
8782,송현우,31,부산광역시 동구 895-54,010-1633-3126,피크닉
8783,전복희,78,경기도 의정부시 786-86,010-8673-6632,보드게임
8784,한찬우,30,경상남도 사천시 48-80,010-6191-6787,일기 쓰기
8785,신주영,68,대구광역시 동구 390-0,010-3675-1896,플로리스트
8786,신춘식,54,경상남도 창녕군 289-44,010-3562-5559,모바일 촬영
8787,전성자,50,대구광역시 달성군 643-53,010-7081-4607,유튜브 보기
8788,서은채,42,경기도 수원시 장안구 220-75,010-8135-6643,요리
8789,조혜숙,63,성남시 분당구 정자동 422-47,010-5478-6394,뜨개질
8790,오혜숙,46,경기도 파주시 329-26,010-4687-9560,사진편집
8791,신수빈,79,서울특별시 송파구 976-31,010-4042-7863,배우기
8792,신선자,43,대구광역시 달성군 70-69,010-7051-2017,플로리스트
8793,한정숙,66,전라북도 군산시 957-59,010-6098-2001,콜라주 아트
8794,송태수,65,부산광역시 서구 184-67,010-6772-4584,비즈 공예
8795,안민서,24,대전광역시 유성구 804-37,010-3226-7234,VR 게임
8796,임주아,33,부산광역시 영도구 593-85,010-7735-9401,콜라주 아트
8797,박세호,50,부산광역시 북구 41-31,010-8729-3395,드로잉
8798,정하은,68,경상북도 김천시 44-40,010-5632-5557,음악감상
8799,서철수,20,충청남도 천안시 293-87,010-7257-1634,캠핑
8800,장예준,59,인천광역시 동구 927-93,010-9632-3042,도예
8801,이진숙,38,인천광역시 부평구 236-70,010-5677-4654,캘리그라피
8802,조민서,43,제주시 연동 957-60,010-8030-1674,캔들 만들기
8803,조수빈,57,부산광역시 부산진구 68-30,010-1345-1149,게임
8804,임성민,61,전라남도 광양시 438-14,010-5037-1992,디지털 콘텐츠 제작
8805,윤정자,47,서울특별시 성북구 838-24,010-5286-3200,비즈 공예
8806,홍영자,72,부산광역시 금정구 574-48,010-1268-4172,VR 게임
8807,송현진,38,제주시 오라동 286-60,010-5768-2958,집콕 놀이
8808,정예은,39,대구광역시 서구 150-60,010-5007-3147,보드게임
8809,한예은,75,제주시 노형동 448-62,010-2778-5085,펜팔
8810,윤복자,60,서울특별시 도봉구 390-85,010-3323-4097,미술관 관람
8811,서다온,79,서울특별시 강동구 806-6,010-1045-2727,로봇 공학
8812,황민준,46,강원도 속초시 584-90,010-6341-5263,보드게임
8813,전시우,21,서울특별시 노원구 452-33,010-8225-3057,모바일 촬영
8814,윤경수,50,전라북도 전주시 154-0,010-7263-5161,스트리밍
8815,한하윤,46,경기도 안산시 상록구 359-11,010-3032-1181,비즈 공예
8816,안옥희,28,인천광역시 연수구 183-27,010-5164-6204,캔들 만들기
8817,강준호,68,서울특별시 강북구 128-38,010-1240-3304,로봇 공학
8818,최세아,62,서울특별시 용산구 834-43,010-1793-5896,모바일 촬영
8819,강재호,71,충청북도 진천군 69-8,010-2982-4819,자원봉사
8820,권기석,23,경상남도 창녕군 973-28,010-3709-2408,스트리트 댄스
8821,김예린,58,충청남도 아산시 308-43,010-1272-6731,모바일 게임 개발
8822,권옥희,31,대구광역시 서구 188-83,010-4426-2515,음악감상
8823,박복자,71,부산광역시 연제구 32-7,010-1052-9315,스트리트 댄스
8824,조영일,74,강원도 평창군 496-90,010-8056-2747,디지털 아트
8825,한은숙,27,서울특별시 영등포구 508-86,010-9766-8652,헬로윈 파티 준비
8826,정시윤,79,용인시 수지구 풍덕천동 543-86,010-9697-6482,디지털 아트
8827,안지호,54,제주시 오라동 91-93,010-2011-5874,퍼즐 맞추기
8828,윤경수,44,경상남도 거제시 604-27,010-9801-7314,뜨개질
8829,오예린,26,서울특별시 중랑구 69-75,010-2493-9757,등산
8830,윤호철,46,제주시 연동 35-11,010-2817-1167,유튜브 보기
8831,윤정자,78,경기도 고양시 덕양구 711-57,010-2036-2786,자전거 타기
8832,정순자,29,경기도 고양시 일산동구 783-24,010-1826-8759,영화감상
8833,서채원,56,전라남도 광양시 216-73,010-9586-8997,비즈 공예
8834,강윤서,45,경기도 고양시 일산동구 701-75,010-2084-6309,스트리트 댄스
8835,김춘희,43,서울특별시 강남구 313-59,010-6101-2301,요가
8836,장정희,62,부산광역시 수영구 790-26,010-4488-9408,애니메이션 제작
8837,오하연,31,서울특별시 영등포구 372-23,010-7919-2643,게임 방송
8838,김정우,52,강원도 삼척시 483-40,010-3819-6411,게임 방송
8839,홍호철,64,전라북도 전주시 753-37,010-6987-2119,게임 방송
8840,정창수,39,부산광역시 부산진구 465-38,010-8201-8869,책 클럽
8841,최지호,60,부산광역시 연제구 857-32,010-7203-5400,스트리트 댄스
8842,한기영,38,서울특별시 강동구 544-61,010-1705-3418,자전거 타기
8843,서정자,26,서울특별시 송파구 700-65,010-5601-2019,시뮬레이션 게임
8844,한동수,74,부산광역시 수영구 711-95,010-9949-6583,낚시
8845,강시윤,51,전라북도 전주시 269-75,010-2962-7479,여행
8846,송상호,29,부산광역시 해운대구 329-36,010-2533-6340,테니스
8847,오경자,32,광주광역시 동구 30-91,010-2234-3715,캠핑
8848,조상민,59,경기도 파주시 494-95,010-4915-5871,펜팔
8849,황창수,34,강원도 동해시 314-22,010-6320-1039,VR 게임
8850,한현철,65,서울특별시 양천구 798-24,010-4192-3079,마인드맵 만들기
8851,서서연,74,강원도 동해시 749-28,010-6818-6321,수영
8852,송동수,54,부산광역시 남구 467-52,010-5799-7620,게임
8853,안준호,45,부산광역시 연제구 367-37,010-3530-1163,도예
8854,권민수,28,서울특별시 중랑구 257-59,010-6719-2225,책 클럽
8855,황경자,42,서울특별시 성북구 994-42,010-4299-2658,퍼즐 맞추기
8856,한종수,25,인천광역시 중구 258-44,010-9370-2336,피크닉
8857,최광호,53,인천광역시 중구 928-93,010-3239-8768,배우기
8858,서다은,75,경상남도 거제시 800-26,010-1018-7061,영화감상
8859,황희정,36,경기도 고양시 일산동구 609-23,010-8773-1373,명상
8860,황남수,75,세종특별자치시 아름동 832-30,010-1985-7763,카페 투어
8861,황철수,76,강원도 양양군 68-23,010-1803-5208,필라테스
8862,임서준,39,부산광역시 동래구 613-12,010-1237-3765,게임 방송
8863,장기영,65,대전광역시 유성구 45-67,010-2462-4383,캠핑
8864,김옥희,63,경기도 수원시 장안구 778-6,010-3473-7561,보드게임
8865,신태수,36,서울특별시 은평구 801-33,010-9446-1838,자전거 타기
8866,안숙자,43,경기도 안양시 만안구 927-26,010-2166-1930,책 클럽
8867,박서진,55,경기도 화성시 696-58,010-3900-1130,명상
8868,정재영,49,서울특별시 노원구 106-74,010-9642-5801,로봇 공학
8869,최지우,49,경상남도 진주시 514-50,010-6541-9555,배드민턴
8870,권영수,25,부산광역시 남구 89-96,010-7952-5809,일기 쓰기
8871,정춘희,34,부천시 상동 397-79,010-2823-8582,비즈 공예
8872,조서연,22,강원도 춘천시 820-92,010-5659-2911,생활 해킹
8873,한기석,20,대전광역시 중구 771-89,010-6974-3039,디지털 아트
8874,오재호,51,경상북도 김천시 927-11,010-2894-7975,사진촬영
8875,안유진,66,서울특별시 영등포구 13-44,010-6604-3175,요가
8876,정현서,34,서울특별시 관악구 667-82,010-9806-5835,영화 제작
8877,황지한,70,경상북도 구미시 621-16,010-2112-1098,운동
8878,이명숙,54,인천광역시 연수구 893-37,010-3667-1488,요리
8879,조우진,35,제주시 아라동 839-79,010-1678-4153,펜팔
8880,강다은,27,서울특별시 동대문구 892-61,010-6453-5186,모바일 게임 개발
8881,최선자,50,용인시 수지구 풍덕천동 120-4,010-5475-7612,애니메이션 제작
8882,이주아,63,경기도 안양시 만안구 744-79,010-1912-6931,보드게임
8883,최윤서,53,제주시 연동 154-43,010-3774-4520,디지털 사진 전시
8884,김영희,36,경상남도 진주시 828-75,010-9532-3317,디지털 콘텐츠 제작
8885,황시우,78,대전광역시 서구 825-56,010-9932-8771,디지털 일러스트
8886,서성호,74,경상남도 창녕군 839-15,010-1150-4521,수영
8887,전만수,77,제주시 노형동 10-12,010-5454-5604,캠핑
8888,송선자,74,서울특별시 마포구 346-7,010-5519-4856,마인드맵 만들기
8889,조종순,59,인천광역시 연수구 348-4,010-6477-1429,요가
8890,황시헌,69,울산광역시 남구 50-51,010-8414-4167,콜라주 아트
8891,강지민,75,전라남도 광양시 834-18,010-8841-8796,게임 방송
8892,송철수,78,전라북도 익산시 785-13,010-4030-4709,캔들 만들기
8893,이수빈,46,대구광역시 달서구 321-4,010-1684-2726,배우기
8894,전민수,55,서울특별시 광진구 712-59,010-7334-2225,독서
8895,조재영,54,제주시 아라동 948-91,010-2134-2192,VR 게임
8896,오경자,51,대전광역시 유성구 387-94,010-5047-6688,헬스
8897,권서준,22,서울특별시 노원구 78-11,010-7042-4714,음악감상
8898,임로운,40,서울특별시 강동구 465-25,010-2214-3832,집콕 놀이
8899,조채원,61,서울특별시 영등포구 97-55,010-2478-6389,스포츠 카드 수집
8900,서동수,43,경기도 성남시 분당구 674-39,010-7516-5549,보드게임
8901,안지호,39,서울특별시 성북구 202-18,010-4246-2998,골프
8902,임연희,62,울산광역시 남구 556-67,010-5922-2862,벽화 그리기
8903,오진숙,48,서울특별시 관악구 976-39,010-4155-2524,골프
8904,오진호,44,강원도 평창군 571-29,010-9990-1335,로봇 공학
8905,전춘식,61,경상북도 안동시 35-18,010-8657-1955,독서
8906,전시윤,69,경상남도 창녕군 497-69,010-3666-7936,자전거 타기
8907,조혜숙,42,세종특별자치시 도담동 228-84,010-7083-2755,필라테스
8908,조영수,71,광주광역시 광산구 324-74,010-3697-7468,도예
8909,장창수,66,인천광역시 연수구 301-20,010-4500-9259,미술관 관람
8910,조태현,79,충청남도 아산시 444-63,010-9856-5148,게임
8911,김말자,20,경상남도 창녕군 853-76,010-6093-7343,카페 투어
8912,강유진,53,제주시 신제주 612-57,010-4481-6999,자원봉사
8913,오지호,36,부산광역시 연제구 345-55,010-3481-4657,디지털 아트
8914,오하율,74,경상북도 안동시 560-41,010-7833-8685,패션
8915,정순희,78,전라북도 전주시 975-82,010-2906-1673,스트리트 댄스
8916,황지후,71,경기도 군포시 307-37,010-8580-7677,사진촬영
8917,홍지한,79,경상남도 진주시 333-1,010-4526-4603,보드게임
8918,권기영,54,경기도 수원시 팔달구 565-92,010-7110-3028,운동
8919,정춘식,44,서울특별시 송파구 249-40,010-6909-5095,자원봉사
8920,임희정,44,경기도 평택시 279-14,010-9193-4899,도예
8921,조옥희,45,부산광역시 강서구 122-56,010-1120-6298,퍼즐 맞추기
8922,서미영,57,대전광역시 대덕구 908-64,010-4220-1520,애니메이션 제작
8923,신철수,23,부산광역시 금정구 267-68,010-7487-7590,캠핑
8924,한성호,46,부산광역시 동구 294-3,010-7224-4782,스트리트 댄스
8925,임형민,26,서울특별시 양천구 134-23,010-6598-7253,일기 쓰기
8926,한남수,26,부산광역시 서구 794-56,010-4050-5832,일기 쓰기
8927,최서진,65,부산광역시 수영구 896-55,010-8605-3678,미술관 관람
8928,오예린,52,경상남도 진주시 608-2,010-2947-4596,디지털 아트
8929,전다은,74,세종특별자치시 한솔동 956-92,010-1140-5049,스트리트 댄스
8930,홍건우,74,서울특별시 종로구 662-22,010-2674-6184,운동
8931,박상민,58,부산광역시 기장군 420-75,010-5749-4837,영화 제작
8932,신지원,75,서울특별시 성동구 908-14,010-7437-6858,플로리스트
8933,임성민,25,경기도 안양시 동안구 799-12,010-5267-1541,캠핑
8934,조명훈,33,경기도 용인시 수지구 177-90,010-8955-2321,디지털 일러스트
8935,박명숙,77,전라북도 전주시 674-12,010-7424-5351,수채화 그리기
8936,정서준,34,경기도 군포시 597-13,010-9497-4959,자전거 타기
8937,윤주원,34,서울특별시 용산구 313-18,010-4270-7292,영화 제작
8938,최복자,36,서울특별시 중랑구 933-3,010-3381-5108,스포츠 카드 수집
8939,안현철,71,제주시 오라동 458-23,010-3017-3021,패션
8940,안현서,31,인천광역시 동구 76-5,010-3413-9456,요가
8941,한옥희,31,경상북도 김천시 129-30,010-6855-1043,도예
8942,황병호,58,전라북도 전주시 303-60,010-5797-1961,스트리트 댄스
8943,최숙자,70,광주광역시 남구 962-30,010-3926-2829,게임 방송
8944,강서준,23,서울특별시 금천구 415-75,010-2863-2140,유튜브 보기
8945,한혜숙,64,서울특별시 종로구 12-76,010-8562-3388,낚시
8946,전진호,41,울산광역시 울주군 858-73,010-5346-2212,디지털 콘텐츠 제작
8947,오윤서,29,전라북도 전주시 334-72,010-9445-5042,배우기
8948,오형민,45,강원도 동해시 881-81,010-4160-4706,모바일 촬영
8949,안승호,62,경상북도 경주시 966-39,010-3425-3211,디지털 사진 전시
8950,권희정,34,경기도 수원시 장안구 785-21,010-6425-1394,캔들 만들기
8951,신채은,26,대구광역시 달성군 908-1,010-5617-6237,골프
8952,윤수아,28,경기도 안양시 동안구 100-60,010-5543-9505,보드게임
8953,이호철,74,강원도 원주시 27-16,010-4328-3161,등산
8954,황하람,43,울산광역시 북구 923-1,010-8357-8017,스포츠 카드 수집
8955,김윤서,51,서울특별시 서대문구 32-61,010-3622-3443,자전거 타기
8956,송순자,77,충청남도 아산시 718-38,010-4632-2375,여행
8957,정하윤,55,대구광역시 중구 238-56,010-3003-6006,요리
8958,조말순,51,충청북도 충주시 641-92,010-4834-5509,피크닉
8959,임다온,65,경기도 고양시 덕양구 393-27,010-5987-8159,디지털 일러스트
8960,이명훈,75,전라남도 순천시 166-1,010-5270-2493,보드게임
8961,한복자,44,충청북도 진천군 573-86,010-2958-1155,플라워 아트
8962,조채은,31,광주광역시 북구 395-96,010-1955-2561,수영
8963,조건우,22,서울특별시 도봉구 796-44,010-2958-3010,캘리그라피
8964,홍은우,21,서울특별시 종로구 947-0,010-8277-4002,자원봉사
8965,오명자,57,세종특별자치시 한솔동 95-87,010-4132-3487,퍼즐 맞추기
8966,한윤서,48,대전광역시 유성구 767-84,010-4777-6731,카페 투어
8967,윤우진,50,인천광역시 남동구 501-45,010-4326-2633,마인드맵 만들기
8968,이시윤,23,경기도 성남시 분당구 304-67,010-1644-9046,일기 쓰기
8969,이다온,63,서울특별시 은평구 896-16,010-4043-3010,생활 해킹
8970,박세아,78,서울특별시 도봉구 843-15,010-3286-9708,스키
8971,서하은,57,충청남도 공주시 442-96,010-2019-6623,디지털 사진 전시
8972,강정희,37,경상남도 사천시 44-12,010-3826-1912,뜨개질
8973,홍건우,69,부산광역시 남구 150-55,010-1967-3031,웹서핑
8974,송나윤,72,경상남도 진주시 716-56,010-9922-8519,디지털 아트
8975,최진호,22,강원도 춘천시 879-32,010-8418-1548,요가
8976,임민수,52,강원도 춘천시 188-69,010-2392-2891,디지털 콘텐츠 제작
8977,장태윤,74,부산광역시 서구 368-81,010-7926-4679,애니메이션 제작
8978,임경수,71,제주시 오라동 975-74,010-9269-4561,게임
8979,장채원,63,경상남도 거제시 968-30,010-1727-4277,게임 방송
8980,정수빈,30,강원도 속초시 252-67,010-4335-4710,플라워 아트
8981,서창수,73,강원도 평창군 227-14,010-5875-4651,생활 해킹
8982,강시헌,74,서울특별시 종로구 580-12,010-8189-4290,DIY
8983,신재훈,63,전라남도 나주시는 10-10,010-2786-2061,스키
8984,최민서,56,충청북도 진천군 974-2,010-1113-5394,스크래치 프로그램 만들기
8985,서지후,24,경기도 성남시 분당구 269-69,010-7173-6456,스트리트 댄스
8986,김세아,38,경상남도 사천시 962-30,010-6633-8194,자전거 타기
8987,전우진,64,경기도 안양시 동안구 476-79,010-4567-5659,사진편집
8988,홍성자,30,인천광역시 부평구 142-64,010-5165-2017,스키
8989,조하람,44,부산광역시 동구 593-51,010-8721-7705,디지털 사진 전시
8990,황현철,28,서울특별시 노원구 565-34,010-2870-3590,게임
8991,조현철,75,세종특별자치시 아름동 965-25,010-6415-4725,테니스
8992,홍지율,27,대구광역시 북구 507-23,010-2270-2499,보드게임
8993,이건우,64,강원도 춘천시 87-21,010-5926-8696,보드게임
8994,권복희,32,강원도 강릉시 863-65,010-4281-7180,캘리그라피
8995,한말옥,60,충청남도 공주시 982-78,010-5836-7829,DIY
8996,정성자,77,세종특별자치시 도담동 257-8,010-9989-4619,수영
8997,조지한,60,인천광역시 부평구 502-72,010-5506-4878,독서
8998,안형민,77,전라남도 나주시는 667-54,010-9085-2355,벽화 그리기
8999,윤준호,50,용인시 수지구 풍덕천동 289-28,010-2348-9634,플라워 아트
9000,조춘식,43,인천광역시 동구 21-78,010-1360-3307,스트리밍
9001,신연희,56,전라남도 여수시 703-57,010-6194-7724,드로잉
9002,홍서연,49,세종특별자치시 조치원읍 957-42,010-9751-1824,책 클럽
9003,황하율,71,울산광역시 남구 141-36,010-2812-6448,테니스
9004,홍종순,22,경상남도 사천시 473-50,010-7353-3781,운동
9005,전영일,65,경기도 평택시 434-81,010-5694-3546,피크닉
9006,신영호,64,서울특별시 도봉구 58-64,010-8167-2509,영화 제작
9007,정시윤,44,울산광역시 남구 945-25,010-6832-1668,피크닉
9008,서순희,37,서울특별시 강남구 742-49,010-6555-9515,애니메이션 제작
9009,조태수,38,부산광역시 사하구 686-12,010-4461-2984,모바일 게임 개발
9010,오말옥,73,서울특별시 강동구 376-78,010-6768-2652,코딩
9011,윤다온,67,경기도 평택시 251-78,010-5033-3730,캘리그라피
9012,이종순,73,강원도 속초시 47-59,010-7409-1128,펜팔
9013,이태수,71,서울특별시 동작구 441-42,010-1421-9946,집콕 놀이
9014,서순자,28,경상북도 구미시 153-64,010-1235-5876,스트리트 댄스
9015,홍병호,40,서울특별시 중랑구 199-32,010-3184-6296,영화감상
9016,김채은,27,경기도 성남시 분당구 197-50,010-7680-9039,자전거 타기
9017,홍서준,74,서울특별시 은평구 476-24,010-3479-6208,유튜브 보기
9018,최다온,36,강원도 속초시 418-55,010-2208-7226,음악감상
9019,조채은,78,경상북도 경주시 376-3,010-2977-8015,뜨개질
9020,김다은,46,부천시 상동 371-35,010-1511-7530,카페 투어
9021,장지우,55,부산광역시 기장군 779-28,010-9946-1501,모바일 촬영
9022,정시우,59,경기도 용인시 처인구 998-40,010-1310-5275,게임
9023,임종수,62,인천광역시 계양구 967-15,010-5050-3856,생활 해킹
9024,신지호,64,경기도 수원시 팔달구 807-60,010-4901-3719,콜라주 아트
9025,윤예준,58,강원도 동해시 484-44,010-1158-9919,영화감상
9026,안철수,49,충청북도 충주시 991-77,010-9996-9200,낚시
9027,장남수,37,경상남도 밀양시 559-0,010-2444-1685,수영
9028,황서진,44,경상북도 포항시 625-59,010-5300-9183,퍼즐 맞추기
9029,윤말자,30,서울특별시 구로구 59-68,010-1811-8488,보드게임
9030,황하연,30,부산광역시 사하구 343-88,010-1847-2786,보드게임
9031,권지후,22,전라남도 목포시 897-0,010-1002-5776,음악감상
9032,권순희,43,충청북도 청주시 602-88,010-8964-1440,사진편집
9033,박기석,73,전라북도 군산시 675-12,010-6618-9868,수채화 그리기
9034,박지호,54,충청북도 진천군 335-58,010-4726-5255,DIY
9035,윤다빈,25,강원도 평창군 741-69,010-8594-4769,요리
9036,임창수,40,대전광역시 대덕구 335-77,010-2721-9533,디지털 일러스트
9037,윤종순,65,인천광역시 연수구 675-63,010-5491-6643,스크래치 프로그램 만들기
9038,이영호,44,부산광역시 강서구 223-83,010-2203-2572,콜라주 아트
9039,박시헌,31,서울특별시 서초구 327-93,010-2225-7979,생활 해킹
9040,오병호,24,경기도 수원시 장안구 213-86,010-3536-5188,사진편집
9041,강정우,64,서울특별시 중구 864-29,010-3807-6879,웹서핑
9042,한재영,23,대구광역시 수성구 446-52,010-4900-4044,DIY
9043,윤시윤,54,부천시 상동 972-30,010-5515-4903,헬스
9044,오현철,42,강원도 홍천군 617-33,010-6302-7231,영화감상
9045,강지호,51,인천광역시 중구 158-6,010-2672-2393,캔들 만들기
9046,한수빈,55,대구광역시 중구 830-57,010-1667-9641,헬스
9047,서유진,49,경기도 성남시 수정구 947-81,010-4297-9061,일기 쓰기
9048,황순자,73,인천광역시 중구 182-79,010-4411-1822,낚시
9049,안주원,68,부산광역시 중구 104-8,010-2751-9793,모바일 촬영
9050,김주원,27,충청남도 천안시 810-18,010-5897-6466,뜨개질
9051,오은우,63,인천광역시 동구 529-9,010-1756-4670,사진편집
9052,오진호,71,부산광역시 사상구 738-18,010-5439-5876,일기 쓰기
9053,이기영,47,제주시 신제주 206-79,010-1165-3124,시뮬레이션 게임
9054,서경자,64,서울특별시 성동구 501-47,010-6113-8485,모바일 게임 개발
9055,최태현,79,전라남도 광양시 574-6,010-1307-7190,일기 쓰기
9056,황은숙,34,서울특별시 중랑구 564-61,010-8811-8703,코딩
9057,안형민,50,김해시 장유동 974-31,010-9517-9497,캠핑
9058,박시윤,78,경기도 군포시 32-19,010-3331-1118,골프
9059,송채원,76,인천광역시 남동구 930-17,010-4025-3354,웹서핑
9060,강호철,25,부산광역시 동구 766-82,010-2786-5229,시뮬레이션 게임
9061,신상민,76,경상남도 김해시 30-47,010-7144-2598,보드게임
9062,최말옥,20,부산광역시 사하구 786-62,010-5767-7871,게임 방송
9063,홍서연,74,광주광역시 남구 411-46,010-4058-3413,플로리스트
9064,서서아,22,울산광역시 울주군 428-3,010-3704-2588,마인드맵 만들기
9065,임순자,50,경기도 군포시 977-71,010-1427-2296,시뮬레이션 게임
9066,황성자,57,서울특별시 동대문구 754-67,010-1588-5369,디지털 아트
9067,한지율,45,서울특별시 광진구 55-22,010-2133-6329,웹서핑
9068,홍복자,62,제주시 노형동 924-66,010-4202-2546,보드게임
9069,윤지율,34,서울특별시 성동구 394-30,010-5413-7649,게임
9070,안형민,38,용인시 수지구 풍덕천동 434-93,010-9440-6443,디지털 일러스트
9071,신태현,23,경기도 성남시 분당구 12-76,010-1909-6739,영화감상
9072,송영호,68,부산광역시 사하구 62-11,010-6143-6070,수채화 그리기
9073,박동수,69,경기도 안양시 동안구 26-15,010-9284-5598,낚시
9074,신말자,41,부산광역시 동래구 498-97,010-7537-9242,코딩
9075,권경자,64,대구광역시 북구 752-97,010-6732-2774,캘리그라피
9076,송연희,21,광주광역시 동구 240-72,010-4711-2821,자원봉사
9077,장성민,39,서울특별시 도봉구 755-66,010-5370-5488,테니스
9078,강미영,54,경기도 오산시 466-57,010-9252-2793,사진촬영
9079,서동수,25,강원도 속초시 751-14,010-3944-5708,시뮬레이션 게임
9080,황재호,63,강원도 홍천군 474-24,010-6634-6416,수영
9081,권다온,62,부산광역시 부산진구 830-75,010-5707-5242,게임 방송
9082,오명자,28,경상남도 양산시 383-88,010-4798-7369,헬스
9083,조태윤,38,경기도 오산시 162-70,010-1378-9561,펜팔
9084,임하연,36,울산광역시 동구 504-86,010-6724-1309,콜라주 아트
9085,신정우,48,인천광역시 연수구 502-67,010-2465-8732,배드민턴
9086,김서진,61,서울특별시 중구 957-83,010-6904-5700,요가
9087,송상민,33,전라남도 순천시 391-55,010-4627-1065,패션
9088,황정희,54,경기도 파주시 401-38,010-7270-7989,게임 방송
9089,신춘식,73,경상남도 창원시 993-76,010-4547-5686,펜팔
9090,장만수,55,부천시 상동 158-9,010-3872-4373,플로리스트
9091,오지원,42,제주시 아라동 130-43,010-9689-3853,VR 게임
9092,강형민,37,서울특별시 강남구 721-19,010-1264-9125,디지털 콘텐츠 제작
9093,안호철,24,경기도 안양시 동안구 502-53,010-5362-9224,카페 투어
9094,안춘희,66,부산광역시 금정구 711-33,010-8516-6251,수채화 그리기
9095,정재호,21,경기도 안산시 단원구 337-97,010-7305-2825,일기 쓰기
9096,김서아,33,경상북도 구미시 803-80,010-6060-3575,사진촬영
9097,송현서,43,경기도 오산시 603-45,010-4948-1681,배우기
9098,박윤서,74,인천광역시 서구 324-9,010-4761-7479,카페 투어
9099,조주영,56,부산광역시 부산진구 718-17,010-4143-1488,봉사활동
9100,오희정,48,대구광역시 달서구 462-92,010-9149-7259,책 클럽
9101,신서아,25,경기도 고양시 덕양구 334-79,010-5582-6093,플로리스트
9102,이재영,43,경기도 용인시 기흥구 439-62,010-5788-7811,필라테스
9103,김숙자,69,경기도 용인시 처인구 16-52,010-5219-8131,유튜브 보기
9104,최서준,69,강원도 춘천시 674-14,010-8649-4073,도예
9105,조하윤,75,부산광역시 연제구 717-78,010-9661-6419,마인드맵 만들기
9106,김지한,30,경기도 오산시 372-51,010-4975-4085,요가
9107,전도윤,64,경기도 광명시 832-90,010-5885-4934,도예
9108,서남수,43,충청북도 진천군 916-73,010-4876-1601,스키
9109,박유하,34,강원도 춘천시 832-53,010-4557-9535,배우기
9110,황하윤,30,세종특별자치시 도담동 840-14,010-5336-8867,배우기
9111,최숙자,33,경상북도 안동시 334-36,010-4891-3981,사진편집
9112,조광호,52,전라북도 익산시 740-73,010-2142-7870,DIY
9113,전현철,32,서울특별시 구로구 359-96,010-4284-1173,카페 투어
9114,송서준,26,부산광역시 수영구 107-77,010-7733-7568,사진편집
9115,홍영호,41,서울특별시 중랑구 522-59,010-4257-2399,유튜브 보기
9116,조다빈,66,대전광역시 동구 50-25,010-1990-2455,캔들 만들기
9117,홍다빈,74,부산광역시 영도구 928-28,010-8768-3222,스키
9118,박남수,69,충청남도 논산시 778-54,010-5116-9119,웹서핑
9119,서지민,21,대전광역시 중구 443-70,010-1009-1513,보드게임
9120,서재호,59,서울특별시 노원구 68-59,010-2016-4559,수영
9121,임남수,49,서울특별시 관악구 601-93,010-7544-1862,애니메이션 제작
9122,강명훈,23,경기도 안양시 만안구 669-0,010-9321-1278,마인드맵 만들기
9123,최태현,75,전라북도 군산시 10-86,010-2492-4276,DIY
9124,전찬우,31,충청남도 아산시 851-16,010-6396-5607,플로리스트
9125,오예린,47,부산광역시 사상구 991-1,010-5223-8886,미술관 관람
9126,최윤호,22,광주광역시 남구 759-42,010-1272-6286,헬스
9127,최광호,31,강원도 양양군 210-36,010-7562-3754,모바일 게임 개발
9128,박지민,50,대전광역시 유성구 558-46,010-7137-6513,수채화 그리기
9129,권지한,60,서울특별시 은평구 568-69,010-1495-2119,게임
9130,최재훈,33,인천광역시 부평구 273-58,010-1860-1537,유튜브 보기
9131,황은채,29,대구광역시 서구 795-72,010-1973-3614,펜팔
9132,권지후,67,경기도 고양시 덕양구 92-47,010-7689-4943,게임 방송
9133,이민수,56,서울특별시 송파구 666-83,010-1485-1775,미술관 관람
9134,권창수,67,서울특별시 노원구 909-40,010-4128-3924,플라워 아트
9135,서현서,29,경기도 화성시 579-49,010-6747-1267,플라워 아트
9136,정상호,68,서울특별시 금천구 562-41,010-8021-1021,코딩
9137,정순영,47,전라남도 목포시 913-43,010-2224-5584,배드민턴
9138,홍춘자,23,경기도 성남시 수정구 229-84,010-4862-9126,뜨개질
9139,서창수,27,부천시 상동 83-16,010-5349-2752,애니메이션 제작
9140,서예은,39,제주시 연동 774-37,010-1115-4339,모바일 게임 개발
9141,정시윤,72,강원도 원주시 17-65,010-5407-3270,패션
9142,이채원,51,경기도 성남시 분당구 854-62,010-2461-4888,애니메이션 제작
9143,임영일,60,대전광역시 유성구 38-2,010-7002-8553,배우기
9144,정창수,64,부산광역시 기장군 973-79,010-8422-2982,스트리트 댄스
9145,권정우,30,부산광역시 기장군 20-68,010-8635-4856,로봇 공학
9146,장선자,79,부산광역시 연제구 473-23,010-8807-4103,등산
9147,김명자,37,제주시 연동 486-43,010-6449-2512,스크래치 프로그램 만들기
9148,안정우,60,경기도 수원시 팔달구 84-26,010-1174-2465,코딩
9149,정하진,29,전라남도 여수시 166-67,010-4593-1298,영화감상
9150,윤서연,23,서울특별시 노원구 498-53,010-3842-4270,디지털 아트
9151,윤지율,43,경기도 오산시 783-1,010-5174-3492,등산
9152,김호철,46,부산광역시 금정구 237-53,010-3249-4847,헬스
9153,정만수,31,전라남도 나주시는 884-24,010-1484-6521,VR 게임
9154,정옥희,72,광주광역시 동구 393-81,010-4503-6321,헬로윈 파티 준비
9155,이재훈,46,대전광역시 동구 452-49,010-7363-1034,디지털 아트
9156,홍윤호,23,서울특별시 도봉구 49-31,010-1161-8243,헬로윈 파티 준비
9157,박진숙,46,서울특별시 강서구 434-79,010-3249-1071,골프
9158,한세아,58,강원도 동해시 297-15,010-2481-4431,웹툰 그리기
9159,송민서,58,대구광역시 서구 389-84,010-5202-9338,사진편집
9160,신민수,51,부산광역시 강서구 848-77,010-9734-8658,디지털 아트
9161,장현우,57,부산광역시 서구 314-0,010-5827-3521,스포츠 카드 수집
9162,오지후,57,강원도 삼척시 560-25,010-4319-9670,테니스
9163,강영자,54,서울특별시 양천구 571-7,010-9385-5924,모바일 촬영
9164,홍도윤,70,경상남도 창원시 687-27,010-3262-8936,자원봉사
9165,정현우,21,전라남도 나주시는 584-85,010-9138-4463,디지털 일러스트
9166,전정호,70,경기도 고양시 덕양구 43-62,010-5380-7821,스트리트 댄스
9167,조성자,71,부산광역시 북구 966-43,010-7879-8188,여행
9168,송민서,44,경기도 시흥시 562-4,010-1388-2186,등산
9169,권말순,66,경상북도 김천시 11-59,010-6407-5843,디지털 일러스트
9170,권준서,69,서울특별시 금천구 957-1,010-2661-3252,스포츠 카드 수집
9171,서하연,48,서울특별시 서초구 794-73,010-7605-4139,음악감상
9172,안하은,33,제주시 연동 264-76,010-4294-2099,마인드맵 만들기
9173,강창수,37,서울특별시 성동구 558-80,010-6626-5932,영화감상
9174,서하연,24,울산광역시 남구 138-20,010-7676-8135,게임
9175,송태수,59,제주시 아라동 37-9,010-5399-5559,골프
9176,신하윤,64,경상남도 양산시 290-53,010-1354-3538,웹서핑
9177,조다빈,53,서울특별시 동작구 766-8,010-5358-2380,골프
9178,이예준,69,용인시 수지구 풍덕천동 501-2,010-6548-8885,카페 투어
9179,권상호,21,경상북도 포항시 152-86,010-4115-1468,일기 쓰기
9180,한말순,50,울산광역시 남구 638-92,010-1219-1394,캔들 만들기
9181,윤성자,77,충청북도 충주시 919-67,010-6524-1327,필라테스
9182,장지민,52,경기도 용인시 처인구 774-59,010-2525-2171,벽화 그리기
9183,김영희,22,부산광역시 사하구 890-44,010-8402-5356,미술관 관람
9184,안지후,45,경상남도 밀양시 707-7,010-4023-6499,디지털 아트
9185,윤희정,52,경상남도 창녕군 552-27,010-3023-6278,모바일 촬영
9186,전철수,44,경상남도 통영시 278-73,010-6362-1325,시뮬레이션 게임
9187,이나윤,27,경기도 오산시 762-34,010-6870-3844,스포츠 카드 수집
9188,정소율,53,경기도 광주시 126-32,010-6308-2897,펜팔
9189,권예린,23,대구광역시 달성군 594-48,010-2863-3541,피크닉
9190,최태윤,67,대구광역시 중구 813-65,010-7792-2094,디지털 아트
9191,한수아,43,경상남도 밀양시 657-17,010-2324-7409,콜라주 아트
9192,전은숙,48,울산광역시 북구 153-18,010-4580-7482,일기 쓰기
9193,서철수,22,경기도 화성시 907-15,010-6616-7689,모바일 게임 개발
9194,서명훈,64,부산광역시 기장군 267-52,010-1688-3343,배드민턴
9195,장서준,55,광주광역시 동구 157-30,010-4243-6641,디지털 콘텐츠 제작
9196,황희정,33,경상북도 구미시 642-38,010-3621-6709,퍼즐 맞추기
9197,임남수,54,강원도 홍천군 509-2,010-6461-6196,생활 해킹
9198,조현우,39,부천시 상동 160-48,010-8896-7262,스트리트 댄스
9199,황기영,69,경상북도 포항시 469-55,010-7789-6093,퍼즐 맞추기
9200,신명숙,30,대구광역시 중구 634-69,010-4037-9128,미술관 관람
9201,홍예은,62,서울특별시 동작구 432-0,010-2624-7909,패션
9202,송지후,74,경상북도 구미시 369-41,010-4029-9064,게임
9203,조진호,56,부산광역시 북구 887-66,010-2308-5855,수채화 그리기
9204,이지민,37,경기도 시흥시 963-15,010-5820-1849,필라테스
9205,신수빈,45,경기도 수원시 팔달구 334-42,010-5517-4266,낚시
9206,김순자,59,경상남도 진주시 443-91,010-7765-5985,웹툰 그리기
9207,송선자,42,강원도 홍천군 127-4,010-5919-2528,코딩
9208,장민준,59,충청남도 공주시 733-66,010-7747-7465,독서
9209,정시헌,43,경상남도 진주시 179-53,010-8271-2257,드로잉
9210,임복희,41,경기도 평택시 936-27,010-5300-3002,스포츠 카드 수집
9211,윤말순,70,광주광역시 광산구 843-50,010-1127-6684,배드민턴
9212,권종순,48,대구광역시 달성군 74-35,010-5917-1828,배우기
9213,김영희,66,대구광역시 북구 725-76,010-5977-4487,헬로윈 파티 준비
9214,최성민,48,경기도 군포시 794-33,010-5500-2628,플라워 아트
9215,송재호,70,서울특별시 관악구 467-49,010-2996-4920,음악감상
9216,최채은,22,부산광역시 서구 3-71,010-2628-4149,콜라주 아트
9217,이연희,63,서울특별시 동대문구 739-83,010-7105-5103,캠핑
9218,이춘희,67,대전광역시 대덕구 800-35,010-4193-5363,미술관 관람
9219,강진호,36,울산광역시 북구 74-38,010-6756-3668,독서
9220,전종순,54,대전광역시 대덕구 423-95,010-7671-3569,디지털 콘텐츠 제작
9221,박숙자,56,경기도 의정부시 660-39,010-6785-8022,생활 해킹
9222,장윤서,73,전라남도 순천시 726-85,010-7356-1013,배드민턴
9223,강순희,61,부산광역시 부산진구 224-52,010-7814-9725,디지털 일러스트
9224,장찬우,43,인천광역시 부평구 76-66,010-3097-3210,보드게임
9225,이하은,52,부산광역시 수영구 440-13,010-1054-3541,헬로윈 파티 준비
9226,김정자,20,서울특별시 강동구 199-17,010-3408-9963,펜팔
9227,강진호,73,경상남도 사천시 892-55,010-2355-1838,모바일 촬영
9228,신성민,64,인천광역시 부평구 877-98,010-6061-3030,웹툰 그리기
9229,장정호,61,서울특별시 도봉구 884-16,010-9902-5752,사진촬영
9230,황다빈,44,경기도 시흥시 709-2,010-2067-5104,테니스
9231,박주아,74,부산광역시 수영구 1-56,010-4141-1879,카페 투어
9232,신유진,48,전라북도 전주시 665-63,010-9488-7015,DIY
9233,서성자,69,강원도 삼척시 227-55,010-1045-3541,요리
9234,송복자,58,광주광역시 동구 601-77,010-8206-7498,로봇 공학
9235,서은채,79,광주광역시 서구 303-88,010-5523-9668,디지털 사진 전시
9236,한지한,52,대구광역시 달성군 374-82,010-7181-9853,비즈 공예
9237,김춘식,37,경기도 시흥시 844-68,010-3752-3288,스트리밍
9238,이영희,58,서울특별시 동대문구 248-63,010-5248-2998,마인드맵 만들기
9239,홍순영,72,제주시 노형동 329-78,010-2501-9682,펜팔
9240,장만수,57,경기도 오산시 669-46,010-8872-8978,웹서핑
9241,임주영,45,서울특별시 강북구 860-66,010-1172-4046,헬로윈 파티 준비
9242,한영수,47,제주시 신제주 646-40,010-4830-3647,캔들 만들기
9243,서하연,23,경기도 고양시 일산동구 911-92,010-7228-9351,드로잉
9244,김윤서,63,경기도 광명시 71-76,010-6068-4254,패션
9245,윤희정,44,충청남도 천안시 937-19,010-4504-1384,뜨개질
9246,한선자,67,서울특별시 양천구 666-19,010-1910-3241,자전거 타기
9247,최정호,69,서울특별시 구로구 639-6,010-6749-5929,미술관 관람
9248,조윤서,37,울산광역시 남구 971-49,010-3280-8108,디지털 일러스트
9249,박예은,31,전라북도 군산시 608-97,010-9586-8850,요가
9250,오희정,71,서울특별시 서대문구 160-55,010-7182-8074,수채화 그리기
9251,조지원,30,인천광역시 서구 737-58,010-7102-6617,로봇 공학
9252,임지호,41,경상남도 통영시 4-8,010-1857-2323,펜팔
9253,강창수,32,부산광역시 동래구 46-53,010-4102-9747,보드게임
9254,황로운,68,경기도 성남시 수정구 975-57,010-9599-7177,운동
9255,송세아,53,광주광역시 광산구 123-58,010-1352-6976,마인드맵 만들기
9256,안승호,34,대구광역시 북구 148-80,010-4640-2744,영화 제작
9257,오진호,25,서울특별시 서대문구 427-18,010-4550-3118,요리
9258,신준호,62,부산광역시 사하구 287-32,010-9271-5579,명상
9259,정지율,48,인천광역시 계양구 536-85,010-4168-4129,피크닉
9260,강준서,64,대구광역시 동구 638-35,010-3190-4499,보드게임
9261,강정숙,68,부산광역시 북구 979-90,010-4277-6105,비즈 공예
9262,장경자,43,강원도 동해시 461-12,010-6022-3387,헬로윈 파티 준비
9263,송영수,28,대구광역시 남구 102-58,010-7160-1904,디지털 사진 전시
9264,신서아,32,세종특별자치시 조치원읍 266-74,010-8885-1071,여행
9265,정유진,66,울산광역시 북구 65-40,010-6981-6925,집콕 놀이
9266,안민수,23,인천광역시 미추홀구 719-19,010-1552-5201,피크닉
9267,박연희,60,경기도 의정부시 811-35,010-6418-3659,음악감상
9268,장서아,22,서울특별시 서초구 522-20,010-2642-7208,요리
9269,안명숙,71,대전광역시 서구 815-47,010-4834-9678,캠핑
9270,오춘희,34,인천광역시 계양구 758-8,010-6148-4061,요리
9271,안영호,50,서울특별시 구로구 489-73,010-5566-3943,스트리트 댄스
9272,임민수,43,대구광역시 북구 791-80,010-4161-3207,등산
9273,윤복자,24,부산광역시 동래구 840-30,010-4775-5269,패션
9274,박상민,27,경기도 수원시 팔달구 427-25,010-4955-5492,독서
9275,이지민,77,서울특별시 동대문구 330-68,010-7803-1742,헬스
9276,강광호,74,경상남도 창원시 637-47,010-1857-2688,명상
9277,송정순,35,부천시 상동 739-88,010-9417-6667,플라워 아트
9278,오준서,49,경기도 시흥시 824-51,010-8868-3331,집콕 놀이
9279,전상호,76,경상북도 포항시 759-52,010-1780-3286,미술관 관람
9280,장서준,44,서울특별시 송파구 788-10,010-1353-7671,등산
9281,홍유하,42,부산광역시 동구 941-94,010-9770-1496,자원봉사
9282,임채은,51,서울특별시 성북구 681-60,010-2631-7507,플라워 아트
9283,권성민,27,경상북도 구미시 338-84,010-9235-9044,책 클럽
9284,서예준,43,충청북도 진천군 457-65,010-4554-5287,게임
9285,최영희,47,성남시 분당구 정자동 989-68,010-1200-7452,모바일 게임 개발
9286,강서아,63,대전광역시 유성구 827-44,010-3375-3837,요가
9287,강상호,58,부산광역시 동래구 412-47,010-2876-4777,피크닉
9288,이승호,60,인천광역시 계양구 424-80,010-8718-4205,생활 해킹
9289,황하율,43,경상북도 안동시 812-71,010-9654-8812,봉사활동
9290,이연희,25,제주시 신제주 387-43,010-6188-4879,자원봉사
9291,강하율,71,강원도 동해시 79-27,010-9538-6676,게임 방송
9292,신준호,49,경상북도 김천시 894-80,010-4160-9852,보드게임
9293,강채원,45,대전광역시 동구 490-54,010-9002-4040,명상
9294,장건우,77,인천광역시 중구 515-49,010-1089-7014,골프
9295,강소율,47,경기도 안산시 단원구 337-28,010-7557-4386,비즈 공예
9296,김미영,42,부산광역시 서구 373-45,010-1837-9665,영화감상
9297,홍성호,28,경기도 성남시 분당구 247-92,010-1495-2059,수채화 그리기
9298,윤정자,43,서울특별시 양천구 707-10,010-9011-6389,웹툰 그리기
9299,이광호,51,충청남도 천안시 804-94,010-1872-9755,모바일 촬영
9300,전숙자,49,전라북도 익산시 360-77,010-8778-9608,봉사활동
9301,정말옥,48,제주시 아라동 798-41,010-5797-5924,게임
9302,박윤호,43,대전광역시 중구 699-80,010-1994-6086,디지털 콘텐츠 제작
9303,정재호,47,강원도 속초시 679-76,010-8565-1623,디지털 사진 전시
9304,송로운,60,전라북도 익산시 716-21,010-2207-3495,보드게임
9305,전상민,34,강원도 태백시 773-47,010-3311-9956,웹툰 그리기
9306,황하윤,29,대구광역시 북구 994-89,010-3451-4008,게임
9307,강유진,71,경기도 광명시 497-32,010-5643-7439,명상
9308,신성자,73,경상남도 통영시 108-85,010-8171-1978,모바일 게임 개발
9309,임지율,56,대구광역시 달성군 339-53,010-4700-3184,수채화 그리기
9310,안로운,73,서울특별시 서대문구 29-40,010-5222-5777,배드민턴
9311,한정우,34,김해시 장유동 207-76,010-7930-3591,유튜브 보기
9312,강찬우,21,경기도 안산시 상록구 550-75,010-1385-4584,코딩
9313,최지민,75,경상북도 김천시 752-22,010-3945-2368,시뮬레이션 게임
9314,정지한,34,강원도 평창군 15-11,010-1661-3653,스트리밍
9315,임희정,47,서울특별시 중구 478-6,010-6284-8379,뜨개질
9316,최성호,58,세종특별자치시 아름동 98-70,010-2995-4958,자전거 타기
9317,정영수,52,전라남도 나주시는 355-31,010-5598-4072,수채화 그리기
9318,홍춘희,24,경기도 시흥시 472-94,010-7350-2263,스키
9319,한영호,70,강원도 태백시 577-79,010-3111-5673,봉사활동
9320,장희정,42,강원도 양양군 684-44,010-2773-5930,요가
9321,안예준,56,광주광역시 서구 962-40,010-5207-1134,캘리그라피
9322,황현철,63,충청북도 충주시 682-32,010-9961-9726,명상
9323,장민수,31,인천광역시 서구 728-79,010-9426-1183,VR 게임
9324,윤진호,21,김해시 장유동 743-81,010-6972-2353,수채화 그리기
9325,장정호,31,경기도 수원시 장안구 536-11,010-1021-9541,음악감상
9326,정유하,26,대구광역시 남구 93-72,010-9636-7842,웹툰 그리기
9327,오수아,32,제주시 아라동 697-71,010-6069-9541,등산
9328,박복희,68,부산광역시 해운대구 47-84,010-6111-3147,캔들 만들기
9329,권정자,25,전라남도 여수시 294-70,010-5101-7600,애니메이션 제작
9330,황성민,68,부산광역시 부산진구 880-24,010-2718-7527,코딩
9331,신서진,41,경기도 용인시 수지구 700-55,010-3638-9893,디지털 사진 전시
9332,조종수,39,대전광역시 중구 963-16,010-7246-4350,봉사활동
9333,안기영,32,울산광역시 중구 967-82,010-1576-8250,필라테스
9334,한준서,25,서울특별시 용산구 926-22,010-6514-4475,스포츠 카드 수집
9335,강복자,40,서울특별시 송파구 395-22,010-5968-9496,필라테스
9336,조형민,60,강원도 원주시 188-73,010-2065-2170,DIY
9337,최정희,37,세종특별자치시 한솔동 537-46,010-3156-5332,낚시
9338,오복희,24,대전광역시 대덕구 994-87,010-4606-2380,웹서핑
9339,전재호,38,서울특별시 금천구 439-29,010-6181-1036,스크래치 프로그램 만들기
9340,서예준,77,충청북도 충주시 339-42,010-1051-8108,수채화 그리기
9341,황호철,73,용인시 수지구 풍덕천동 768-51,010-1330-3591,로봇 공학
9342,김춘식,52,전라남도 순천시 564-88,010-9324-5484,등산
9343,강민서,25,전라남도 순천시 183-11,010-3598-1373,피크닉
9344,윤세아,20,서울특별시 동작구 882-35,010-9911-9806,명상
9345,전서준,37,세종특별자치시 한솔동 873-51,010-3384-3148,플라워 아트
9346,전복희,57,경상남도 밀양시 138-0,010-7584-5609,미술관 관람
9347,박춘희,62,전라남도 광양시 591-10,010-8089-3832,스트리트 댄스
9348,홍지한,32,충청북도 청주시 965-40,010-3491-4662,배우기
9349,신하연,37,대구광역시 달성군 31-60,010-9344-8585,헬로윈 파티 준비
9350,신은숙,45,전라북도 익산시 626-40,010-8386-5055,비즈 공예
9351,신호철,73,성남시 분당구 정자동 125-62,010-9275-9135,배우기
9352,신선자,47,서울특별시 동대문구 433-8,010-3940-9701,마인드맵 만들기
9353,전만수,50,부산광역시 동구 467-11,010-4729-7486,플라워 아트
9354,권유진,58,경기도 용인시 수지구 79-13,010-2972-9856,골프
9355,이예린,43,전라남도 순천시 524-39,010-5736-7433,펜팔
9356,안시헌,42,경기도 광주시 205-91,010-8865-2402,책 클럽
9357,조만수,50,광주광역시 광산구 861-34,010-5951-3327,카페 투어
9358,전경수,37,경기도 평택시 539-23,010-9999-1286,수채화 그리기
9359,신형민,47,서울특별시 강북구 596-48,010-3760-2975,뜨개질
9360,신채원,20,전라남도 목포시 274-55,010-2939-2855,스포츠 카드 수집
9361,정정호,36,서울특별시 강동구 555-54,010-8294-8788,봉사활동
9362,강준호,48,서울특별시 양천구 675-74,010-3090-5879,마인드맵 만들기
9363,안영희,38,제주시 노형동 144-2,010-5571-8320,영화 제작
9364,김영호,71,경기도 수원시 장안구 736-4,010-8476-8259,명상
9365,정정호,48,경상북도 김천시 526-78,010-4403-1079,보드게임
9366,서시우,68,대구광역시 수성구 817-58,010-3476-7185,스트리트 댄스
9367,장기석,40,서울특별시 양천구 758-87,010-2271-1732,시뮬레이션 게임
9368,김서아,71,경기도 의정부시 72-5,010-8719-7240,캔들 만들기
9369,신하진,47,강원도 양양군 637-72,010-6974-4973,디지털 일러스트
9370,신상민,25,전라북도 익산시 795-95,010-1668-9663,사진촬영
9371,박유하,58,서울특별시 강북구 5-8,010-2024-8973,골프
9372,장연희,53,충청남도 천안시 715-77,010-4008-5127,디지털 일러스트
9373,서시헌,31,경상북도 구미시 683-91,010-4953-9975,테니스
9374,최다온,54,서울특별시 중랑구 840-78,010-4494-1612,미술관 관람
9375,안예준,49,부산광역시 수영구 317-35,010-7441-2854,봉사활동
9376,안주아,59,울산광역시 남구 932-30,010-4092-7513,사진편집
9377,서수빈,42,대구광역시 북구 567-71,010-5501-8938,플라워 아트
9378,이하은,60,서울특별시 성동구 147-55,010-2527-3879,스트리트 댄스
9379,서하율,39,경기도 용인시 처인구 730-75,010-9129-4691,마인드맵 만들기
9380,서숙자,61,부산광역시 기장군 624-96,010-2594-9561,콜라주 아트
9381,강은숙,77,전라남도 나주시는 328-46,010-8854-3933,비즈 공예
9382,김창수,79,경기도 용인시 기흥구 130-1,010-5851-1766,사진편집
9383,윤정자,36,대구광역시 수성구 389-50,010-8376-5099,스포츠 카드 수집
9384,최재영,39,부산광역시 동래구 500-69,010-5051-8520,사진촬영
9385,박다은,39,강원도 태백시 544-93,010-1421-3850,헬로윈 파티 준비
9386,장영호,23,경상북도 경주시 808-36,010-8726-6646,마인드맵 만들기
9387,권현서,56,울산광역시 남구 527-3,010-6243-7753,미술관 관람
9388,홍철수,23,경기도 성남시 수정구 822-73,010-4928-5927,드로잉
9389,오세호,42,대구광역시 동구 637-69,010-4398-2392,책 클럽
9390,홍종순,76,광주광역시 북구 927-26,010-2018-7555,집콕 놀이
9391,장우진,43,대전광역시 대덕구 475-58,010-9877-3226,스키
9392,권하은,37,경기도 용인시 처인구 565-81,010-7178-9803,카페 투어
9393,송혜숙,65,서울특별시 성동구 602-44,010-2482-7519,벽화 그리기
9394,한지후,31,대구광역시 남구 256-7,010-4735-3188,뜨개질
9395,서수아,37,서울특별시 중구 201-15,010-9240-4596,모바일 게임 개발
9396,서채은,42,경상남도 양산시 203-18,010-3446-5829,운동
9397,조도윤,34,경상북도 포항시 499-3,010-7110-7644,패션
9398,강정우,31,전라남도 광양시 275-97,010-4616-8435,펜팔
9399,안창수,32,전라남도 목포시 914-3,010-8763-8499,음악감상
9400,서정호,30,경상남도 창녕군 961-41,010-3545-5697,생활 해킹
9401,정지민,22,부산광역시 중구 601-0,010-6804-3806,집콕 놀이
9402,조경자,69,대전광역시 동구 691-36,010-5933-4090,자전거 타기
9403,전종수,66,울산광역시 남구 268-9,010-9653-2232,웹툰 그리기
9404,김연희,53,대전광역시 중구 344-57,010-2402-3377,테니스
9405,홍기석,39,부산광역시 동래구 966-58,010-5746-4162,애니메이션 제작
9406,이태윤,39,경기도 시흥시 192-78,010-7091-5880,수채화 그리기
9407,전춘희,63,부산광역시 금정구 658-76,010-3138-2884,일기 쓰기
9408,안승호,32,경상북도 구미시 973-65,010-6246-3329,모바일 촬영
9409,권창수,61,충청북도 진천군 518-96,010-4001-1123,마인드맵 만들기
9410,윤시헌,43,경상북도 김천시 669-41,010-6508-3142,펜팔
9411,송명자,26,강원도 양양군 178-84,010-3988-3323,게임 방송
9412,조말옥,63,세종특별자치시 도담동 563-72,010-9473-2877,애니메이션 제작
9413,서지민,36,부산광역시 남구 988-52,010-8145-3565,여행
9414,장숙자,22,울산광역시 동구 948-74,010-2619-3508,낚시
9415,서현서,39,경기도 고양시 덕양구 930-42,010-3214-2357,유튜브 보기
9416,홍서진,62,대전광역시 대덕구 841-83,010-2331-1369,패션
9417,오정호,21,경기도 수원시 장안구 435-19,010-6001-9867,등산
9418,안명자,70,경상북도 구미시 226-85,010-4383-9880,디지털 콘텐츠 제작
9419,오명훈,65,대전광역시 유성구 625-58,010-5900-6786,일기 쓰기
9420,서숙자,60,서울특별시 중랑구 669-1,010-6791-4224,모바일 촬영
9421,신시헌,35,강원도 홍천군 56-37,010-1875-6694,로봇 공학
9422,장호철,29,경기도 수원시 장안구 56-91,010-7036-6809,스트리밍
9423,홍건우,49,강원도 삼척시 799-54,010-9533-4526,VR 게임
9424,안지율,72,부산광역시 연제구 557-47,010-2915-1457,봉사활동
9425,신민준,44,서울특별시 중랑구 834-68,010-5593-5040,시뮬레이션 게임
9426,신준서,55,인천광역시 계양구 908-1,010-4845-1303,영화감상
9427,홍남수,55,부산광역시 기장군 365-70,010-7316-8361,디지털 아트
9428,신유진,58,서울특별시 동작구 617-49,010-4748-5318,운동
9429,권민서,36,서울특별시 강북구 737-6,010-1130-7841,생활 해킹
9430,권은숙,35,경기도 평택시 528-35,010-7174-9231,사진편집
9431,오기석,35,울산광역시 중구 36-41,010-4988-1051,배우기
9432,신복자,44,서울특별시 은평구 773-68,010-3384-2749,디지털 아트
9433,정미영,49,서울특별시 은평구 785-18,010-8976-7649,모바일 게임 개발
9434,최준서,69,대구광역시 남구 102-56,010-9352-2533,모바일 촬영
9435,박하람,23,울산광역시 남구 528-73,010-3188-4343,요가
9436,전창수,30,서울특별시 강북구 257-59,010-9673-5339,피크닉
9437,안순자,51,서울특별시 영등포구 326-5,010-7254-6782,스키
9438,한은숙,31,대구광역시 남구 77-41,010-4908-4729,영화감상
9439,이민수,31,전라북도 전주시 486-6,010-2394-7311,모바일 촬영
9440,이건우,70,부산광역시 사상구 7-4,010-4696-3094,애니메이션 제작
9441,윤남수,30,강원도 홍천군 37-60,010-2501-4047,마인드맵 만들기
9442,박정순,61,경기도 용인시 기흥구 56-53,010-6125-8182,피크닉
9443,윤윤호,52,경기도 시흥시 40-13,010-3964-3568,봉사활동
9444,오진숙,52,대구광역시 수성구 396-12,010-4839-8204,웹서핑
9445,권재영,62,강원도 태백시 374-14,010-1527-3897,디지털 아트
9446,신춘희,37,성남시 분당구 정자동 575-50,010-5761-4416,미술관 관람
9447,홍수빈,65,울산광역시 동구 331-88,010-4075-8470,시뮬레이션 게임
9448,정시헌,49,충청남도 논산시 536-66,010-3699-2914,펜팔
9449,송명훈,75,인천광역시 계양구 6-39,010-3103-2761,디지털 콘텐츠 제작
9450,한경자,55,세종특별자치시 도담동 614-79,010-8919-7517,스포츠 카드 수집
9451,김세호,35,서울특별시 송파구 530-97,010-8762-1945,게임 방송
9452,조창수,42,서울특별시 강서구 540-55,010-3400-1958,독서
9453,정준호,33,인천광역시 연수구 139-25,010-8959-7466,독서
9454,황은우,29,제주시 노형동 45-15,010-5598-9071,뜨개질
9455,정윤서,77,울산광역시 동구 457-31,010-1791-1265,자원봉사
9456,정남수,60,서울특별시 중랑구 810-94,010-1398-8799,플라워 아트
9457,임지우,57,서울특별시 노원구 873-69,010-9467-5185,카페 투어
9458,신동수,43,경상남도 양산시 646-72,010-3196-4712,등산
9459,오은채,35,울산광역시 동구 955-46,010-3416-1496,생활 해킹
9460,한호철,45,경기도 광주시 354-90,010-9444-1348,사진촬영
9461,최형민,72,인천광역시 계양구 117-7,010-9957-2374,카페 투어
9462,강말자,40,인천광역시 계양구 930-46,010-3589-3301,스크래치 프로그램 만들기
9463,신현서,42,경상북도 김천시 518-25,010-4977-6646,봉사활동
9464,정희정,50,강원도 춘천시 151-33,010-4003-4516,애니메이션 제작
9465,권재호,44,세종특별자치시 도담동 367-41,010-2730-1132,등산
9466,윤하율,36,강원도 강릉시 170-42,010-3230-3967,모바일 촬영
9467,강하율,36,광주광역시 서구 311-37,010-1156-1377,애니메이션 제작
9468,전지우,71,강원도 홍천군 415-71,010-5734-6326,패션
9469,김지율,61,경상남도 사천시 893-57,010-5851-9900,웹서핑
9470,한연희,37,강원도 원주시 881-1,010-6546-9390,마인드맵 만들기
9471,신지한,36,충청남도 아산시 903-46,010-2473-1606,웹서핑
9472,서유진,42,대구광역시 북구 952-65,010-9151-3865,책 클럽
9473,장병호,45,경상북도 포항시 857-22,010-1600-2870,스트리밍
9474,송영희,36,서울특별시 구로구 180-25,010-7171-1961,비즈 공예
9475,황지우,37,부산광역시 사상구 445-34,010-2454-6418,게임 방송
9476,전호철,51,서울특별시 관악구 63-63,010-3948-5964,보드게임
9477,조옥희,47,강원도 원주시 473-36,010-2449-1617,마인드맵 만들기
9478,홍윤서,70,부산광역시 기장군 622-96,010-7156-8651,디지털 사진 전시
9479,조순자,31,충청북도 진천군 201-81,010-3578-4853,웹툰 그리기
9480,황재호,35,강원도 동해시 988-92,010-5003-1033,헬로윈 파티 준비
9481,임윤호,29,경상남도 통영시 150-31,010-4573-6644,배우기
9482,전창수,54,세종특별자치시 도담동 979-70,010-3966-5622,VR 게임
9483,조세아,22,강원도 강릉시 578-2,010-8598-6496,테니스
9484,김찬우,56,부천시 상동 355-29,010-6707-6319,배드민턴
9485,박병호,68,세종특별자치시 아름동 730-96,010-2056-9140,봉사활동
9486,권민수,48,부산광역시 해운대구 541-73,010-5520-5549,자원봉사
9487,이상민,25,서울특별시 강동구 166-34,010-4044-2069,펜팔
9488,신기영,49,경상남도 김해시 212-26,010-5036-3959,플라워 아트
9489,장연희,24,김해시 장유동 567-17,010-2928-1440,음악감상
9490,신시헌,54,부산광역시 영도구 408-67,010-6524-5078,드로잉
9491,조상민,54,성남시 분당구 정자동 116-11,010-1260-2264,뜨개질
9492,서준서,59,경상남도 진주시 915-50,010-5984-5145,배드민턴
9493,임태윤,64,대전광역시 서구 140-1,010-4920-5146,자전거 타기
9494,정소율,34,서울특별시 성동구 760-97,010-3878-5238,보드게임
9495,송민수,21,전라북도 군산시 783-21,010-7627-1931,보드게임
9496,송윤호,62,경상남도 사천시 461-37,010-7099-4406,헬로윈 파티 준비
9497,한춘식,75,경상북도 구미시 351-7,010-1288-2848,책 클럽
9498,신준서,45,대전광역시 대덕구 164-15,010-7759-6081,자전거 타기
9499,권순영,30,경상남도 밀양시 165-34,010-9261-4255,로봇 공학
9500,이서아,44,광주광역시 광산구 498-89,010-3648-6712,코딩
9501,권재훈,36,경상북도 구미시 27-14,010-6211-9084,봉사활동
9502,조은숙,62,울산광역시 북구 314-81,010-1034-7656,게임
9503,송선자,43,광주광역시 동구 238-65,010-5590-3473,미술관 관람
9504,홍정자,55,서울특별시 광진구 62-36,010-5717-6144,수채화 그리기
9505,서세아,70,충청남도 아산시 542-59,010-8577-9104,시뮬레이션 게임
9506,오진숙,46,경상남도 창녕군 443-22,010-9718-6076,집콕 놀이
9507,임성호,40,인천광역시 미추홀구 151-18,010-1269-3106,게임 방송
9508,임도윤,49,경기도 성남시 수정구 826-91,010-5833-2879,보드게임
9509,황종순,68,세종특별자치시 한솔동 101-97,010-5655-9148,웹서핑
9510,권유진,67,부천시 상동 633-68,010-2885-9860,스트리밍
9511,전현우,40,전라북도 군산시 773-65,010-2521-8386,수영
9512,윤현철,49,충청북도 충주시 728-97,010-4787-1824,캠핑
9513,강도윤,27,대구광역시 북구 781-89,010-3781-3211,운동
9514,장명숙,46,서울특별시 도봉구 653-45,010-9739-3203,웹서핑
9515,이윤서,57,서울특별시 영등포구 331-54,010-2511-2711,테니스
9516,신명훈,27,경기도 안양시 만안구 958-24,010-2046-5101,도예
9517,전민서,44,부산광역시 영도구 500-86,010-4408-4188,수채화 그리기
9518,홍준호,26,경상북도 구미시 119-33,010-3354-8316,디지털 일러스트
9519,오민준,60,부산광역시 북구 863-52,010-5172-1649,VR 게임
9520,신진숙,20,강원도 양양군 372-3,010-3468-6816,배우기
9521,윤정순,33,세종특별자치시 도담동 189-0,010-5248-4646,스트리밍
9522,송예준,45,대전광역시 동구 254-70,010-4308-5705,요리
9523,안영희,72,울산광역시 동구 12-35,010-9743-4401,뜨개질
9524,강서진,35,경상북도 포항시 530-44,010-3287-5996,수영
9525,권경자,27,경기도 광주시 331-49,010-6716-9103,애니메이션 제작
9526,강만수,61,울산광역시 북구 419-32,010-4953-5049,사진촬영
9527,송경자,23,서울특별시 영등포구 278-44,010-2017-2251,패션
9528,홍복희,55,경기도 고양시 덕양구 795-45,010-8758-3204,필라테스
9529,권영수,77,충청남도 공주시 765-70,010-9091-1901,집콕 놀이
9530,조주아,23,경상남도 거제시 680-29,010-6483-6666,DIY
9531,임현우,60,서울특별시 동작구 664-92,010-3081-7672,스크래치 프로그램 만들기
9532,오옥희,74,세종특별자치시 한솔동 716-19,010-9951-5474,영화감상
9533,한성민,31,부산광역시 동구 108-43,010-5141-3405,웹서핑
9534,최유하,26,서울특별시 노원구 810-86,010-1447-3807,드로잉
9535,최명훈,31,부산광역시 해운대구 41-75,010-8522-1240,게임
9536,권남수,73,세종특별자치시 아름동 507-55,010-6265-7420,패션
9537,최소율,70,경기도 수원시 장안구 676-71,010-6466-2684,디지털 아트
9538,권민수,60,강원도 태백시 170-43,010-9262-5538,플로리스트
9539,안태현,42,경기도 수원시 팔달구 537-30,010-1622-3943,음악감상
9540,김태현,37,경기도 성남시 분당구 478-65,010-9909-3572,디지털 일러스트
9541,황순영,79,부산광역시 부산진구 94-48,010-7722-3883,디지털 사진 전시
9542,권윤호,21,강원도 평창군 674-5,010-4764-2020,생활 해킹
9543,권현진,33,서울특별시 동작구 506-26,010-1337-2646,애니메이션 제작
9544,이정자,33,강원도 강릉시 13-72,010-4988-8366,스크래치 프로그램 만들기
9545,정다은,28,서울특별시 서대문구 443-35,010-4702-5584,헬로윈 파티 준비
9546,서시헌,72,광주광역시 남구 490-26,010-5879-2603,코딩
9547,전정희,41,광주광역시 서구 177-34,010-7550-6708,음악감상
9548,임형민,53,울산광역시 북구 323-48,010-6763-5230,영화감상
9549,장순영,58,인천광역시 남동구 343-98,010-5086-1513,웹서핑
9550,정종수,26,광주광역시 광산구 674-39,010-8155-1628,테니스
9551,강시우,28,경상북도 포항시 316-25,010-9846-2486,테니스
9552,정연희,55,대구광역시 중구 27-45,010-5190-4698,웹서핑
9553,임주영,41,광주광역시 서구 636-29,010-2451-9531,테니스
9554,신하람,64,경기도 광주시 174-1,010-4525-9306,독서
9555,권주원,52,강원도 원주시 839-83,010-7633-2028,스포츠 카드 수집
9556,송건우,65,부산광역시 강서구 348-98,010-1658-4020,자원봉사
9557,이춘자,73,부산광역시 기장군 241-90,010-2567-5619,자원봉사
9558,강성호,28,경기도 오산시 637-82,010-6534-4608,도예
9559,최숙자,41,서울특별시 강북구 71-56,010-7788-1877,모바일 게임 개발
9560,한채은,78,서울특별시 서대문구 773-81,010-7070-3748,독서
9561,서선자,28,대전광역시 서구 466-13,010-4491-6587,책 클럽
9562,황태현,27,경기도 고양시 일산동구 36-71,010-3529-2922,퍼즐 맞추기
9563,장시우,51,인천광역시 계양구 8-42,010-5829-1636,자원봉사
9564,윤병호,55,제주시 연동 2-74,010-7796-3421,헬스
9565,이윤호,20,대전광역시 유성구 942-88,010-1280-7673,애니메이션 제작
9566,정주영,33,전라남도 나주시는 529-8,010-1288-3146,모바일 게임 개발
9567,송채원,25,서울특별시 강동구 90-39,010-2604-3932,웹툰 그리기
9568,조순영,60,서울특별시 송파구 987-24,010-2987-8630,스트리밍
9569,조순영,79,경기도 파주시 268-82,010-6210-8595,플로리스트
9570,임윤호,62,대구광역시 달서구 610-25,010-9650-5993,보드게임
9571,한철수,42,서울특별시 중구 210-35,010-7372-5553,펜팔
9572,서하진,55,서울특별시 성북구 332-64,010-3296-6195,스포츠 카드 수집
9573,강지호,65,부산광역시 중구 116-13,010-6360-2719,수채화 그리기
9574,오순영,32,인천광역시 서구 533-30,010-1112-7826,패션
9575,임시우,38,경기도 고양시 덕양구 684-98,010-8641-1600,게임 방송
9576,서서준,61,서울특별시 강남구 19-71,010-3774-3419,수채화 그리기
9577,황하윤,62,경기도 시흥시 302-7,010-1136-5697,음악감상
9578,권선자,32,인천광역시 서구 275-68,010-2306-1646,헬스
9579,박하율,57,울산광역시 울주군 526-14,010-4867-6153,자원봉사
9580,홍기영,60,경기도 오산시 942-23,010-3978-7164,피크닉
9581,송민수,68,전라남도 여수시 379-12,010-3297-3829,등산
9582,서진호,21,경기도 안양시 만안구 429-23,010-8717-2836,요리
9583,이복자,26,부산광역시 서구 114-36,010-8994-1451,플라워 아트
9584,정선자,44,서울특별시 구로구 838-35,010-5930-8917,헬로윈 파티 준비
9585,전태윤,62,울산광역시 울주군 433-39,010-2706-4406,모바일 촬영
9586,신영일,47,부천시 상동 479-8,010-6895-6465,스포츠 카드 수집
9587,신민수,74,서울특별시 동작구 614-17,010-2643-3271,필라테스
9588,김수아,25,경기도 평택시 46-46,010-6408-6939,게임 방송
9589,오숙자,58,세종특별자치시 한솔동 47-31,010-4602-4343,캠핑
9590,최진숙,20,인천광역시 중구 667-65,010-6076-4272,비즈 공예
9591,김영수,66,경기도 광주시 660-67,010-6372-6777,스트리트 댄스
9592,안병호,73,전라남도 나주시는 735-28,010-9979-7256,명상
9593,홍말옥,24,울산광역시 동구 731-34,010-1360-6554,자원봉사
9594,황서연,77,광주광역시 서구 874-67,010-7451-6227,애니메이션 제작
9595,최영일,67,서울특별시 종로구 622-5,010-4132-4932,패션
9596,한병호,54,경상남도 창녕군 12-81,010-3342-6424,카페 투어
9597,권지한,62,인천광역시 중구 764-63,010-1566-4198,사진촬영
9598,장춘식,43,대구광역시 남구 755-17,010-2636-8769,펜팔
9599,안하진,72,전라남도 순천시 589-61,010-2125-7804,등산
9600,홍서연,77,세종특별자치시 조치원읍 726-2,010-1612-1924,퍼즐 맞추기
9601,최현우,74,경기도 용인시 기흥구 555-38,010-9272-2245,스트리밍
9602,장시윤,67,부산광역시 영도구 940-36,010-5084-6729,피크닉
9603,송수아,37,서울특별시 중랑구 199-93,010-3781-9568,마인드맵 만들기
9604,임성자,71,부산광역시 동구 226-77,010-6267-4267,요가
9605,강서준,31,서울특별시 은평구 854-81,010-5043-4822,등산
9606,신호철,63,경기도 고양시 덕양구 928-51,010-1755-5303,사진촬영
9607,전재호,70,부산광역시 영도구 815-66,010-6378-3912,생활 해킹
9608,신명숙,53,전라남도 나주시는 54-8,010-2703-9191,게임 방송
9609,김정순,25,경기도 안산시 단원구 349-67,010-6490-3143,플라워 아트
9610,전창수,74,인천광역시 연수구 711-62,010-6900-1493,유튜브 보기
9611,한민준,66,경기도 시흥시 616-69,010-4557-2717,드로잉
9612,안주원,72,광주광역시 서구 839-76,010-4193-9957,퍼즐 맞추기
9613,정춘식,72,인천광역시 남동구 951-74,010-4011-3278,벽화 그리기
9614,황철수,63,대구광역시 수성구 130-4,010-3798-9781,카페 투어
9615,권민수,37,부산광역시 기장군 272-17,010-3569-4576,음악감상
9616,한로운,55,울산광역시 남구 991-10,010-4113-4697,헬로윈 파티 준비
9617,권채은,65,충청북도 충주시 525-85,010-7931-6473,독서
9618,신로운,73,부산광역시 동래구 809-79,010-5866-5173,집콕 놀이
9619,권로운,60,경상남도 창원시 182-96,010-5821-2573,테니스
9620,서연희,28,대구광역시 수성구 826-32,010-5929-6304,요가
9621,전지호,37,세종특별자치시 도담동 548-52,010-3014-9427,모바일 게임 개발
9622,안로운,45,경기도 의정부시 288-78,010-5237-2892,비즈 공예
9623,정지원,31,경기도 용인시 기흥구 767-31,010-4688-2543,로봇 공학
9624,최서준,39,대구광역시 남구 749-27,010-9427-8694,사진편집
9625,장남수,51,서울특별시 종로구 664-60,010-8019-3033,비즈 공예
9626,신철수,29,용인시 수지구 풍덕천동 966-71,010-2383-6827,카페 투어
9627,박수빈,47,서울특별시 금천구 953-2,010-2019-7190,디지털 일러스트
9628,윤윤호,52,경기도 시흥시 730-72,010-9597-3490,디지털 콘텐츠 제작
9629,신로운,21,경기도 의정부시 31-52,010-5070-9029,도예
9630,장명숙,72,부산광역시 영도구 499-74,010-6004-4261,모바일 촬영
9631,안우진,33,부산광역시 부산진구 765-1,010-9468-4200,운동
9632,안성호,71,서울특별시 서초구 73-6,010-5491-4136,캔들 만들기
9633,장성민,28,서울특별시 중랑구 597-1,010-9030-3394,게임 방송
9634,홍다빈,41,강원도 원주시 259-79,010-9650-3211,테니스
9635,전하람,27,경기도 오산시 560-63,010-8985-6469,콜라주 아트
9636,박재호,26,인천광역시 연수구 524-5,010-2332-8606,골프
9637,권춘희,23,경기도 안산시 상록구 225-23,010-1913-1328,스키
9638,송정호,24,경상북도 경주시 500-60,010-5251-6963,디지털 일러스트
9639,최명숙,53,전라남도 순천시 436-59,010-5211-5175,웹서핑
9640,서진호,47,경상남도 창녕군 945-51,010-3497-2410,명상
9641,한민수,31,경기도 파주시 1-1,010-3462-3330,웹서핑
9642,신지민,54,경기도 안산시 단원구 632-32,010-9589-2712,테니스
9643,임로운,47,경기도 군포시 909-69,010-4589-4225,배우기
9644,서재영,23,경상남도 진주시 957-48,010-2386-5499,드로잉
9645,임명자,32,인천광역시 서구 432-9,010-4331-3813,독서
9646,김하윤,36,인천광역시 미추홀구 649-80,010-7199-3327,영화감상
9647,오순영,38,서울특별시 관악구 29-45,010-7083-8357,골프
9648,이혜숙,79,경기도 성남시 분당구 399-71,010-8018-1246,비즈 공예
9649,강태현,71,서울특별시 마포구 487-46,010-2263-2050,헬스
9650,송정희,59,경기도 용인시 처인구 125-35,010-8165-9599,테니스
9651,이윤서,35,세종특별자치시 한솔동 9-76,010-3159-7683,여행
9652,이태수,37,대구광역시 동구 815-8,010-2622-1267,카페 투어
9653,신민서,52,부천시 상동 972-5,010-5290-4759,유튜브 보기
9654,윤재호,39,경기도 수원시 장안구 402-8,010-2711-2177,독서
9655,윤시윤,63,경기도 평택시 739-51,010-7448-3768,유튜브 보기
9656,황재호,48,충청남도 천안시 209-79,010-7216-6480,캘리그라피
9657,임정호,46,서울특별시 영등포구 195-35,010-9234-4913,로봇 공학
9658,권하은,70,제주시 오라동 805-78,010-1350-3378,생활 해킹
9659,송채원,55,부산광역시 북구 680-52,010-2933-8821,유튜브 보기
9660,오영자,23,인천광역시 미추홀구 466-91,010-5346-9925,자원봉사
9661,박승호,29,인천광역시 남동구 224-12,010-4392-3182,캠핑
9662,강세아,51,충청남도 아산시 94-23,010-9640-9534,캔들 만들기
9663,김경수,67,경상남도 통영시 470-55,010-4970-1233,수영
9664,이지한,78,전라남도 순천시 100-18,010-5904-7848,스포츠 카드 수집
9665,김미영,55,대구광역시 남구 79-63,010-1611-4154,운동
9666,박현우,30,부산광역시 동구 394-91,010-6557-2543,골프
9667,조지한,75,충청남도 공주시 575-0,010-7065-5816,봉사활동
9668,김정호,51,경상북도 경주시 117-53,010-6318-9931,테니스
9669,전미영,75,서울특별시 성북구 765-74,010-6644-2343,모바일 게임 개발
9670,신재훈,29,울산광역시 북구 414-33,010-7897-5109,사진촬영
9671,전예린,57,강원도 홍천군 701-50,010-3901-3676,수영
9672,장창수,25,경상남도 창원시 450-34,010-9875-8948,웹툰 그리기
9673,한상호,41,경기도 의정부시 99-13,010-2659-3857,스트리트 댄스
9674,신동수,47,광주광역시 서구 593-37,010-2188-2046,배드민턴
9675,임다은,45,부산광역시 북구 492-79,010-2338-9435,콜라주 아트
9676,권영자,59,경기도 평택시 768-84,010-6149-4813,디지털 콘텐츠 제작
9677,신광호,70,경기도 안양시 만안구 15-9,010-3193-2050,영화감상
9678,신종순,32,인천광역시 계양구 784-38,010-4152-1361,디지털 콘텐츠 제작
9679,송복희,20,강원도 동해시 251-47,010-7767-6219,디지털 사진 전시
9680,한서아,32,충청북도 진천군 96-75,010-9926-1524,필라테스
9681,신현서,50,울산광역시 중구 116-18,010-9287-3810,시뮬레이션 게임
9682,조성민,58,부산광역시 강서구 514-30,010-6946-6014,자전거 타기
9683,권종수,34,경상북도 경주시 388-12,010-1287-6899,음악감상
9684,강상민,44,제주시 이도이동 465-39,010-8269-8276,피크닉
9685,신기영,42,인천광역시 중구 369-14,010-5285-2194,스트리트 댄스
9686,윤로운,50,경기도 안양시 동안구 438-23,010-7163-6258,배우기
9687,김종순,35,경상남도 진주시 745-76,010-2389-4667,로봇 공학
9688,임순영,77,경상남도 사천시 829-45,010-7146-5012,비즈 공예
9689,장미영,61,성남시 분당구 정자동 677-23,010-2223-5666,보드게임
9690,김서아,73,서울특별시 중랑구 209-12,010-7728-9409,골프
9691,윤영일,33,부산광역시 동구 898-68,010-1416-2310,음악감상
9692,박동수,54,강원도 홍천군 251-91,010-3916-6864,테니스
9693,권정희,22,경기도 군포시 251-72,010-4804-3945,캠핑
9694,홍수아,45,울산광역시 울주군 0-89,010-3064-1219,스크래치 프로그램 만들기
9695,한수빈,52,경기도 고양시 덕양구 582-77,010-2063-4638,요가
9696,한로운,23,광주광역시 동구 6-75,010-9060-9094,퍼즐 맞추기
9697,장종순,73,울산광역시 울주군 909-31,010-2055-1756,수채화 그리기
9698,이은우,39,경상남도 김해시 492-49,010-8597-2932,애니메이션 제작
9699,송하진,77,경기도 용인시 기흥구 949-51,010-5973-1639,보드게임
9700,권소율,27,부산광역시 북구 818-40,010-7126-1490,자원봉사
9701,홍시윤,57,서울특별시 서초구 439-45,010-3739-9241,헬로윈 파티 준비
9702,오영희,27,울산광역시 중구 560-32,010-3725-2765,낚시
9703,서서연,27,부산광역시 남구 997-64,010-2927-1095,스키
9704,권유하,55,부산광역시 서구 48-45,010-5181-9197,비즈 공예
9705,강정호,47,광주광역시 북구 110-32,010-8441-5606,필라테스
9706,오도윤,78,경기도 광명시 76-71,010-5402-2112,요가
9707,장유하,23,제주시 노형동 278-61,010-6821-5261,수영
9708,황다은,24,서울특별시 중랑구 67-44,010-1080-9915,집콕 놀이
9709,홍다온,40,강원도 삼척시 319-38,010-4597-3180,퍼즐 맞추기
9710,조형민,35,부산광역시 강서구 58-47,010-9696-1563,시뮬레이션 게임
9711,서서진,44,경상남도 밀양시 229-93,010-6414-3977,드로잉
9712,안말자,70,경기도 수원시 팔달구 44-41,010-2276-3635,마인드맵 만들기
9713,최지후,44,전라남도 나주시는 235-23,010-7801-2545,모바일 게임 개발
9714,이민서,23,부천시 원미구 중동 192-55,010-6943-3867,유튜브 보기
9715,서순영,47,경기도 광명시 439-49,010-6248-1828,헬로윈 파티 준비
9716,오태현,41,충청남도 공주시 153-95,010-1129-8915,DIY
9717,조하람,52,경상남도 창원시 616-72,010-4457-4861,집콕 놀이
9718,서종순,54,서울특별시 종로구 350-74,010-3761-4125,디지털 아트
9719,임연희,22,세종특별자치시 도담동 783-4,010-5271-7921,스포츠 카드 수집
9720,안정숙,69,세종특별자치시 한솔동 254-47,010-7407-6372,캘리그라피
9721,송시헌,28,부산광역시 기장군 291-18,010-8184-3188,코딩
9722,장나윤,35,울산광역시 남구 322-34,010-3012-4392,플라워 아트
9723,조민서,66,경기도 광명시 934-62,010-2957-3155,명상
9724,오민서,41,경상북도 김천시 642-33,010-7483-3579,디지털 사진 전시
9725,장예준,68,경기도 오산시 443-35,010-5802-5109,유튜브 보기
9726,안나윤,26,경상남도 창원시 402-84,010-6299-7741,뜨개질
9727,장예준,41,강원도 홍천군 404-59,010-1130-4847,디지털 사진 전시
9728,강태수,45,부산광역시 강서구 116-75,010-2630-7352,게임 방송
9729,윤하람,28,세종특별자치시 도담동 627-40,010-4386-7553,자전거 타기
9730,김정순,28,인천광역시 부평구 32-54,010-9217-1298,헬로윈 파티 준비
9731,장현진,46,서울특별시 강서구 14-67,010-1532-6356,캘리그라피
9732,이지원,37,대전광역시 대덕구 967-92,010-4438-2132,플로리스트
9733,장말자,51,충청남도 논산시 35-17,010-5837-8903,요가
9734,신세아,54,김해시 장유동 955-3,010-8271-5821,플로리스트
9735,서예린,34,세종특별자치시 한솔동 532-71,010-9562-4345,봉사활동
9736,조태윤,23,서울특별시 성북구 142-36,010-5688-5693,필라테스
9737,김건우,22,제주시 연동 726-10,010-8080-4879,음악감상
9738,장말옥,59,서울특별시 강북구 487-61,010-3287-8165,사진편집
9739,오시헌,42,대구광역시 동구 1-75,010-2693-1623,모바일 게임 개발
9740,전병호,36,경상남도 밀양시 173-92,010-3397-5261,봉사활동
9741,홍채원,60,충청북도 진천군 189-33,010-2143-5060,로봇 공학
9742,안지후,40,제주시 신제주 115-61,010-7073-5870,봉사활동
9743,김지우,33,전라남도 나주시는 675-3,010-4839-3679,벽화 그리기
9744,임상호,78,경상남도 통영시 527-45,010-4668-2667,명상
9745,신형민,79,경기도 용인시 기흥구 691-4,010-7055-8935,퍼즐 맞추기
9746,임서연,57,세종특별자치시 도담동 892-33,010-5781-3014,봉사활동
9747,신채원,54,서울특별시 강남구 105-37,010-2952-7391,배드민턴
9748,신태수,57,경기도 고양시 일산동구 779-59,010-2303-2064,마인드맵 만들기
9749,이도윤,40,경기도 파주시 14-50,010-6093-7856,로봇 공학
9750,강선자,70,제주시 노형동 415-2,010-5641-7722,테니스
9751,안은채,42,대전광역시 중구 473-74,010-5877-4136,로봇 공학
9752,박춘식,28,제주시 오라동 251-62,010-3121-3855,디지털 아트
9753,최말자,72,세종특별자치시 한솔동 240-26,010-6767-4423,플라워 아트
9754,오연희,54,충청남도 공주시 614-39,010-4052-9670,미술관 관람
9755,오은숙,45,충청남도 논산시 137-43,010-4147-9235,운동
9756,박창수,41,서울특별시 노원구 325-87,010-5231-2870,헬로윈 파티 준비
9757,이민수,47,부천시 원미구 중동 558-72,010-7322-7899,웹서핑
9758,서순희,38,김해시 장유동 9-8,010-7571-7084,펜팔
9759,황현진,24,경기도 고양시 덕양구 462-44,010-6115-7220,코딩
9760,신상민,29,강원도 평창군 477-74,010-4678-8088,캠핑
9761,임하윤,22,경기도 오산시 192-42,010-5381-4553,애니메이션 제작
9762,장정우,41,대전광역시 유성구 11-50,010-4451-3667,스포츠 카드 수집
9763,정철수,50,충청남도 천안시 722-94,010-6279-1390,등산
9764,임경자,65,강원도 태백시 827-46,010-4781-5535,헬스
9765,이소율,68,제주시 노형동 764-42,010-4340-1409,스포츠 카드 수집
9766,조춘식,30,서울특별시 송파구 741-73,010-7807-3882,패션
9767,김소율,31,부산광역시 서구 540-85,010-5102-5729,웹툰 그리기
9768,전태윤,35,충청남도 아산시 663-16,010-9131-6261,코딩
9769,정미영,20,대전광역시 중구 864-15,010-9601-3101,요리
9770,박선자,62,서울특별시 송파구 958-70,010-6251-9406,애니메이션 제작
9771,권은우,22,인천광역시 서구 26-79,010-3555-9520,캔들 만들기
9772,안윤서,45,강원도 태백시 933-7,010-4787-2299,디지털 일러스트
9773,강준호,72,전라남도 목포시 695-6,010-6031-2587,코딩
9774,황현서,28,충청남도 공주시 329-18,010-4257-8242,마인드맵 만들기
9775,장말자,48,전라남도 광양시 732-41,010-9115-4998,테니스
9776,신현우,23,경상남도 밀양시 160-24,010-3398-5460,수영
9777,한말자,29,부산광역시 서구 558-26,010-4280-6011,모바일 촬영
9778,이성호,79,경상남도 김해시 281-22,010-3668-9182,요리
9779,황종순,40,서울특별시 송파구 952-20,010-5951-1051,요가
9780,장지호,60,경기도 성남시 수정구 971-20,010-1209-3204,유튜브 보기
9781,조은숙,63,경기도 안양시 만안구 886-86,010-3777-6547,음악감상
9782,송춘희,63,인천광역시 서구 237-25,010-4978-2322,보드게임
9783,박형민,40,인천광역시 연수구 263-79,010-1480-5314,캠핑
9784,정서진,62,경상북도 경주시 911-30,010-4335-2508,요가
9785,권옥희,23,경기도 평택시 751-83,010-1603-5970,스트리트 댄스
9786,최명훈,22,제주시 노형동 478-57,010-8350-4227,골프
9787,송명자,40,울산광역시 동구 879-14,010-9290-6134,마인드맵 만들기
9788,임지민,45,서울특별시 성동구 905-38,010-5425-6137,보드게임
9789,안나윤,48,강원도 속초시 980-30,010-2828-1579,로봇 공학
9790,한민준,76,김해시 장유동 455-35,010-4374-9183,유튜브 보기
9791,윤성민,73,서울특별시 중구 510-22,010-6524-1814,애니메이션 제작
9792,조말옥,45,경기도 성남시 수정구 864-87,010-5733-2213,디지털 아트
9793,홍윤호,57,대구광역시 북구 786-12,010-5958-6044,집콕 놀이
9794,윤지원,25,서울특별시 동대문구 955-11,010-3753-3237,사진편집
9795,박지후,56,충청북도 진천군 857-72,010-3318-5245,음악감상
9796,조정순,59,대구광역시 서구 590-47,010-1691-6516,수영
9797,전주영,27,서울특별시 강서구 69-46,010-3319-1879,보드게임
9798,이말자,22,대전광역시 대덕구 183-58,010-4340-3047,수채화 그리기
9799,박준서,29,경기도 안산시 단원구 878-72,010-5330-3479,캔들 만들기
9800,이다빈,30,대구광역시 북구 267-52,010-4407-4867,콜라주 아트
9801,신다온,34,경기도 성남시 분당구 265-43,010-6474-1048,영화 제작
9802,최춘자,47,인천광역시 부평구 945-93,010-5358-4139,스트리트 댄스
9803,임유하,66,경기도 화성시 736-26,010-5110-8960,미술관 관람
9804,이민서,78,울산광역시 중구 918-70,010-6323-1381,자원봉사
9805,윤채은,70,대전광역시 서구 533-34,010-1989-6391,요리
9806,장시헌,79,전라남도 여수시 997-40,010-9497-3662,사진편집
9807,조서연,45,제주시 아라동 965-23,010-2570-9605,자전거 타기
9808,이수아,57,전라북도 익산시 875-73,010-8691-1767,음악감상
9809,권순희,53,광주광역시 광산구 335-75,010-3387-6390,디지털 사진 전시
9810,전수빈,48,경기도 안산시 단원구 744-15,010-2003-9508,코딩
9811,오경수,61,서울특별시 광진구 576-34,010-1511-3816,필라테스
9812,황서연,52,대구광역시 수성구 882-80,010-7038-8413,낚시
9813,권채은,69,강원도 삼척시 987-90,010-4461-6270,마인드맵 만들기
9814,강춘자,77,제주시 노형동 943-53,010-1381-4453,책 클럽
9815,강태수,42,인천광역시 서구 423-56,010-4447-1687,콜라주 아트
9816,안은우,24,김해시 장유동 453-47,010-2562-2525,플라워 아트
9817,권다은,63,인천광역시 중구 83-43,010-8771-3782,플라워 아트
9818,전기영,37,경기도 평택시 834-50,010-1227-2457,보드게임
9819,황경수,31,서울특별시 강북구 762-80,010-4796-3589,캔들 만들기
9820,조희정,42,부산광역시 사하구 319-71,010-2640-1148,모바일 촬영
9821,송다빈,73,인천광역시 남동구 914-24,010-2384-2685,보드게임
9822,김민수,38,경기도 안양시 만안구 102-35,010-4173-3070,영화 제작
9823,정현철,64,경기도 광주시 525-28,010-9042-9076,요가
9824,서미영,23,경상북도 안동시 974-93,010-2945-2087,봉사활동
9825,김선자,67,경상북도 구미시 24-50,010-4022-5274,독서
9826,한영희,49,전라남도 여수시 315-48,010-1860-4848,모바일 게임 개발
9827,한유하,29,대전광역시 유성구 24-41,010-7231-2202,DIY
9828,이윤서,32,경상남도 사천시 967-50,010-2017-8883,펜팔
9829,안채원,50,대전광역시 대덕구 409-28,010-6142-8401,요리
9830,윤하윤,60,울산광역시 울주군 469-57,010-5919-3274,독서
9831,홍성민,58,세종특별자치시 한솔동 233-41,010-5126-7523,사진편집
9832,송하진,29,경상남도 거제시 133-74,010-7570-4000,패션
9833,최기영,73,대전광역시 중구 496-9,010-1388-7847,DIY
9834,강기영,58,경기도 군포시 630-63,010-9719-4843,유튜브 보기
9835,김연희,67,서울특별시 성동구 148-66,010-5703-4799,필라테스
9836,김수아,76,세종특별자치시 아름동 623-79,010-5083-2155,보드게임
9837,한철수,61,경기도 안산시 상록구 821-70,010-3185-6841,운동
9838,김혜숙,33,인천광역시 미추홀구 542-34,010-5009-2907,마인드맵 만들기
9839,오준서,23,인천광역시 계양구 563-5,010-1627-2029,패션
9840,신우진,57,울산광역시 중구 137-50,010-9698-5322,드로잉
9841,송승호,26,경기도 군포시 342-61,010-5274-5880,요가
9842,권숙자,45,경기도 광주시 195-38,010-8700-2767,디지털 일러스트
9843,송정순,56,서울특별시 성동구 193-22,010-6229-1774,봉사활동
9844,오춘자,63,제주시 이도이동 586-48,010-3062-9836,자원봉사
9845,홍영자,67,울산광역시 중구 91-48,010-4697-6865,사진편집
9846,홍준호,56,전라북도 군산시 989-73,010-9499-7898,디지털 아트
9847,한경수,64,서울특별시 구로구 50-87,010-5099-1645,스키
9848,전미영,65,광주광역시 남구 218-74,010-1705-3617,캔들 만들기
9849,정숙자,34,경기도 고양시 일산동구 710-80,010-6033-4699,플라워 아트
9850,황서준,29,강원도 양양군 925-18,010-8427-9158,로봇 공학
9851,안선자,31,서울특별시 성북구 610-37,010-9942-4807,펜팔
9852,신찬우,50,광주광역시 서구 820-88,010-2229-1967,헬로윈 파티 준비
9853,정지민,35,경상남도 김해시 792-42,010-8886-5649,요가
9854,송종순,34,대전광역시 대덕구 831-54,010-2472-6498,음악감상
9855,임주원,75,경상남도 밀양시 309-45,010-5224-9687,웹서핑
9856,권만수,54,제주시 아라동 833-24,010-4469-8054,콜라주 아트
9857,정정숙,75,경기도 의정부시 739-72,010-3461-1307,스포츠 카드 수집
9858,전선자,42,인천광역시 서구 467-5,010-3700-1213,스트리밍
9859,안세아,57,서울특별시 마포구 453-36,010-5709-1388,패션
9860,홍재호,43,부산광역시 사상구 600-19,010-1454-2117,보드게임
9861,한춘희,68,인천광역시 부평구 475-55,010-6473-2030,독서
9862,강주원,70,울산광역시 북구 318-51,010-7488-9475,디지털 사진 전시
9863,홍다온,74,제주시 이도이동 911-49,010-4324-6718,디지털 일러스트
9864,박은채,51,세종특별자치시 한솔동 166-67,010-3910-1293,골프
9865,한예준,47,충청북도 진천군 946-50,010-3711-1748,수채화 그리기
9866,권희정,78,서울특별시 강북구 520-42,010-8408-2870,자원봉사
9867,강현철,68,세종특별자치시 조치원읍 894-47,010-5622-9438,사진촬영
9868,송유하,34,강원도 원주시 667-38,010-5694-5405,스트리트 댄스
9869,장영호,49,경기도 광주시 505-41,010-8012-1040,일기 쓰기
9870,윤순자,26,경상북도 안동시 110-93,010-3513-6240,일기 쓰기
9871,박종순,42,부천시 원미구 중동 940-95,010-3894-8028,DIY
9872,김도윤,62,울산광역시 울주군 529-65,010-7267-9543,요리
9873,안하람,46,부산광역시 기장군 329-13,010-2052-3569,피크닉
9874,홍재훈,63,서울특별시 용산구 271-52,010-2629-7679,스키
9875,정시헌,29,경기도 안양시 동안구 647-13,010-9115-6558,책 클럽
9876,안서진,40,제주시 아라동 488-43,010-1330-7218,유튜브 보기
9877,김지우,23,서울특별시 동작구 998-12,010-6101-9139,콜라주 아트
9878,이순희,31,경기도 광주시 352-63,010-3178-4234,애니메이션 제작
9879,김시헌,77,대전광역시 서구 63-5,010-3084-4742,자전거 타기
9880,조주원,22,서울특별시 송파구 475-27,010-2596-6408,웹툰 그리기
9881,강병호,62,울산광역시 북구 739-96,010-6668-5913,스트리트 댄스
9882,송은우,52,경상남도 창원시 720-91,010-7510-1538,봉사활동
9883,권태윤,72,경기도 광명시 672-83,010-3491-4380,자전거 타기
9884,권유하,27,광주광역시 동구 395-97,010-1623-9026,벽화 그리기
9885,강영자,63,서울특별시 은평구 473-45,010-9063-1247,모바일 게임 개발
9886,신세호,61,부산광역시 수영구 455-28,010-2206-8011,수채화 그리기
9887,안지우,53,경기도 안산시 단원구 890-4,010-9572-8950,자원봉사
9888,서재호,43,세종특별자치시 아름동 188-75,010-3846-5906,헬로윈 파티 준비
9889,오명훈,77,충청남도 아산시 390-22,010-5844-7326,운동
9890,이연희,49,충청북도 충주시 908-58,010-7784-1755,사진촬영
9891,황만수,43,서울특별시 관악구 799-88,010-1310-4708,스트리트 댄스
9892,안광호,64,전라남도 목포시 651-28,010-3939-1992,애니메이션 제작
9893,임지민,33,부산광역시 북구 381-70,010-4880-5864,디지털 사진 전시
9894,권하연,53,경상남도 창녕군 570-7,010-9335-6355,게임
9895,권지호,50,용인시 수지구 풍덕천동 248-1,010-6313-4847,DIY
9896,송지민,56,강원도 평창군 994-79,010-3339-6128,모바일 촬영
9897,권민수,46,서울특별시 중구 836-26,010-4332-1421,로봇 공학
9898,임경자,72,서울특별시 종로구 244-33,010-2775-3749,코딩
9899,안형민,22,전라남도 나주시는 840-13,010-5258-3588,스키
9900,조종순,40,부산광역시 동구 599-59,010-1625-2907,독서
9901,황재영,46,대구광역시 수성구 752-41,010-3764-4366,DIY
9902,강소율,25,대전광역시 유성구 573-92,010-3232-2718,플로리스트
9903,강지호,76,서울특별시 용산구 139-47,010-1541-2756,웹서핑
9904,최태현,72,서울특별시 종로구 765-96,010-5639-1596,집콕 놀이
9905,한태현,76,인천광역시 연수구 467-83,010-1513-5505,게임
9906,홍명숙,47,서울특별시 도봉구 935-55,010-4479-1302,자원봉사
9907,박지율,26,경기도 오산시 7-41,010-4353-1343,웹서핑
9908,이수빈,64,서울특별시 광진구 911-92,010-2737-5365,배우기
9909,강미영,71,대전광역시 서구 336-10,010-3121-1941,디지털 아트
9910,송민준,32,경기도 광주시 335-81,010-4074-7292,배우기
9911,전준서,46,경상남도 김해시 811-83,010-8769-7458,요가
9912,전명훈,74,제주시 아라동 16-80,010-2300-2042,봉사활동
9913,윤현우,53,광주광역시 남구 898-11,010-1100-3968,피크닉
9914,한승호,24,인천광역시 서구 913-38,010-1691-1910,등산
9915,최지한,77,서울특별시 강북구 423-10,010-1001-8373,집콕 놀이
9916,홍시헌,44,경기도 안산시 상록구 748-18,010-2566-9821,코딩
9917,한재영,27,부산광역시 해운대구 637-66,010-6241-5686,카페 투어
9918,윤정희,75,세종특별자치시 도담동 905-72,010-6585-2944,일기 쓰기
9919,오지후,68,대전광역시 동구 721-78,010-9918-2633,낚시
9920,강은숙,21,서울특별시 마포구 313-1,010-3782-2883,사진편집
9921,한민수,41,충청북도 충주시 665-62,010-6489-2404,골프
9922,송준서,41,경기도 군포시 866-24,010-8746-4467,카페 투어
9923,안말순,39,서울특별시 서초구 344-30,010-1075-3608,모바일 촬영
9924,윤상민,20,경기도 평택시 810-59,010-2254-8118,집콕 놀이
9925,김은우,61,전라남도 순천시 64-82,010-4459-7965,플로리스트
9926,윤춘희,29,경기도 수원시 팔달구 191-79,010-1180-3410,헬로윈 파티 준비
9927,서미영,78,대전광역시 서구 201-45,010-6512-5855,필라테스
9928,강하진,24,서울특별시 구로구 975-16,010-6231-6875,디지털 아트
9929,정경수,61,경기도 용인시 수지구 604-19,010-7281-1819,요리
9930,박종수,20,용인시 수지구 풍덕천동 960-68,010-4365-9880,벽화 그리기
9931,박종수,56,경상북도 경주시 72-4,010-1180-5737,보드게임
9932,장민수,22,충청남도 천안시 885-66,010-2894-1645,패션
9933,한은숙,76,부산광역시 동구 561-41,010-9803-3625,디지털 콘텐츠 제작
9934,홍예준,27,경기도 오산시 128-90,010-3360-6189,디지털 사진 전시
9935,황태현,70,서울특별시 양천구 423-59,010-5061-2596,자원봉사
9936,조춘식,59,강원도 양양군 80-76,010-8517-2331,벽화 그리기
9937,장지후,28,부산광역시 강서구 755-46,010-5201-8784,마인드맵 만들기
9938,안은우,24,서울특별시 금천구 874-75,010-9826-1866,책 클럽
9939,신현우,72,강원도 강릉시 564-33,010-9999-6385,수영
9940,권민수,65,서울특별시 양천구 710-36,010-9955-1223,게임 방송
9941,서영자,53,경상남도 창원시 155-41,010-1037-5319,디지털 아트
9942,송진호,77,대구광역시 동구 366-71,010-8509-7465,스키
9943,박유하,79,경기도 안산시 단원구 65-51,010-5851-2503,봉사활동
9944,신지호,33,경기도 고양시 덕양구 757-72,010-1967-3807,모바일 게임 개발
9945,정복자,33,충청남도 공주시 343-62,010-6273-3064,필라테스
9946,이현우,46,강원도 원주시 524-59,010-2540-1761,모바일 촬영
9947,정기영,78,서울특별시 서초구 761-7,010-1280-8465,퍼즐 맞추기
9948,강말순,26,서울특별시 서초구 917-75,010-2810-2681,캔들 만들기
9949,장서아,61,충청남도 천안시 194-9,010-2349-2679,일기 쓰기
9950,조복자,43,강원도 양양군 645-92,010-4319-3122,보드게임
9951,황춘식,36,부산광역시 서구 679-95,010-1583-1432,수영
9952,최기영,32,경기도 안산시 단원구 606-14,010-3212-8977,디지털 아트
9953,조시윤,27,충청북도 진천군 673-78,010-4862-4197,스트리밍
9954,조하은,45,울산광역시 동구 291-47,010-6336-6053,집콕 놀이
9955,김선자,70,울산광역시 동구 194-85,010-6379-8618,영화감상
9956,신주원,46,강원도 태백시 692-6,010-2497-9701,요리
9957,최민준,64,서울특별시 광진구 688-79,010-6211-3133,음악감상
9958,신명자,45,강원도 속초시 471-1,010-3246-8623,카페 투어
9959,정춘희,77,부산광역시 기장군 554-82,010-4591-9916,마인드맵 만들기
9960,김하율,20,울산광역시 중구 588-42,010-4124-1812,펜팔
9961,김기석,56,충청남도 논산시 719-29,010-1344-2318,책 클럽
9962,조태수,30,대전광역시 유성구 950-16,010-6769-1838,책 클럽
9963,안준서,47,서울특별시 송파구 298-59,010-7363-8454,운동
9964,송영호,53,경상북도 구미시 125-90,010-3292-2828,카페 투어
9965,한순자,27,경기도 안산시 상록구 748-77,010-8087-9666,캠핑
9966,황형민,64,서울특별시 동작구 497-34,010-9823-1988,봉사활동
9967,안은우,43,전라남도 순천시 681-79,010-9369-6789,일기 쓰기
9968,오태윤,68,서울특별시 서대문구 632-95,010-1765-8346,생활 해킹
9969,조시윤,50,세종특별자치시 조치원읍 17-97,010-9108-6621,독서
9970,송지원,40,제주시 이도이동 703-78,010-7830-9011,책 클럽
9971,강민준,50,부천시 원미구 중동 638-13,010-7516-1949,플로리스트
9972,송서아,33,서울특별시 도봉구 460-18,010-6201-3262,캘리그라피
9973,한주원,55,서울특별시 송파구 930-75,010-6265-1057,캔들 만들기
9974,최지호,55,경기도 안양시 동안구 799-62,010-9841-5864,사진촬영
9975,송재호,79,인천광역시 미추홀구 620-75,010-3513-7215,필라테스
9976,송시우,63,대구광역시 중구 542-97,010-7287-9743,디지털 아트
9977,윤기영,25,인천광역시 동구 451-19,010-6579-9984,웹툰 그리기
9978,권재호,53,광주광역시 서구 96-90,010-6207-6756,플라워 아트
9979,이진호,69,광주광역시 북구 613-61,010-6473-7112,패션
9980,황하람,28,광주광역시 남구 57-8,010-3724-2532,애니메이션 제작
9981,신정숙,32,울산광역시 중구 874-49,010-1844-6442,여행
9982,한기석,39,충청남도 천안시 456-72,010-3089-9160,책 클럽
9983,정지민,31,경기도 성남시 수정구 467-24,010-4679-3972,스크래치 프로그램 만들기
9984,윤은채,25,인천광역시 계양구 592-85,010-7697-4860,사진촬영
9985,강지민,75,세종특별자치시 아름동 550-76,010-5713-2017,영화 제작
9986,안지원,44,부산광역시 영도구 257-9,010-5427-5856,코딩
9987,이찬우,68,부산광역시 기장군 678-77,010-3238-1810,스포츠 카드 수집
9988,임말옥,34,경상남도 김해시 236-69,010-6771-6783,벽화 그리기
9989,전영희,26,경기도 고양시 덕양구 441-17,010-4662-4442,봉사활동
9990,김나윤,35,부산광역시 동구 427-93,010-3262-6539,플라워 아트
9991,서채원,28,대구광역시 북구 717-56,010-7014-9064,모바일 촬영
9992,김춘희,75,제주시 노형동 637-83,010-9250-4205,수채화 그리기
9993,정태수,34,제주시 오라동 472-83,010-2519-1646,스크래치 프로그램 만들기
9994,한남수,61,경기도 고양시 덕양구 620-78,010-2237-2072,뜨개질
9995,강영호,27,전라북도 전주시 660-14,010-1888-8617,스트리트 댄스
9996,이말옥,72,제주시 오라동 835-73,010-6691-5566,사진촬영
9997,신현철,47,울산광역시 북구 960-64,010-9410-4073,사진편집
9998,오춘식,36,서울특별시 광진구 727-50,010-7590-6011,모바일 게임 개발
9999,한영호,33,인천광역시 계양구 430-1,010-3239-1806,필라테스
10000,김혜숙,30,인천광역시 동구 712-9,010-9944-2387,유튜브 보기
10001,임현우,66,서울특별시 도봉구 698-55,010-1138-5657,비즈 공예
10002,송예은,33,경기도 군포시 956-61,010-1074-7018,캘리그라피
10003,조광호,38,충청남도 공주시 772-4,010-4776-4682,디지털 아트
10004,황서연,64,경기도 용인시 처인구 263-95,010-6002-6324,헬로윈 파티 준비
10005,조춘식,59,제주시 신제주 964-54,010-3982-3978,퍼즐 맞추기
10006,임다온,70,경기도 안산시 상록구 313-64,010-8167-3930,일기 쓰기
10007,한승호,34,울산광역시 북구 698-77,010-2964-2393,디지털 사진 전시
10008,박명자,73,부산광역시 남구 337-9,010-1036-3339,캔들 만들기
10009,최철수,57,대전광역시 유성구 27-64,010-5322-9633,DIY
10010,신호철,31,서울특별시 강서구 297-2,010-1037-7895,플라워 아트
10011,송찬우,71,전라북도 익산시 525-55,010-3364-7851,낚시
10012,황남수,78,경기도 용인시 수지구 850-62,010-5915-4903,모바일 게임 개발
10013,서현철,23,서울특별시 성동구 835-35,010-1317-1927,독서
10014,한상호,53,부산광역시 동래구 650-83,010-1847-1467,여행
10015,신기영,78,부산광역시 사상구 812-79,010-4341-9036,피크닉
10016,김서준,42,대구광역시 서구 917-48,010-4259-7420,로봇 공학
10017,홍예린,77,광주광역시 동구 455-84,010-5708-5759,스포츠 카드 수집
10018,김복자,71,충청북도 청주시 964-28,010-1243-6557,사진편집
10019,홍숙자,72,세종특별자치시 도담동 353-27,010-9846-8798,플라워 아트
10020,임영자,36,세종특별자치시 한솔동 106-60,010-6029-7003,플로리스트
10021,전형민,51,인천광역시 남동구 338-24,010-5173-5395,퍼즐 맞추기
10022,안채원,77,인천광역시 중구 199-60,010-4693-7189,피크닉
10023,강다빈,22,서울특별시 동대문구 323-57,010-3270-6331,사진촬영
10024,조주원,26,인천광역시 중구 452-24,010-3767-3765,스트리밍
10025,한말순,77,제주시 연동 977-28,010-3256-3650,사진촬영
10026,신순자,23,세종특별자치시 도담동 502-94,010-2903-5438,모바일 게임 개발
10027,황시우,59,충청남도 아산시 518-98,010-9778-1653,음악감상
10028,최성민,23,강원도 춘천시 664-68,010-6508-5037,자전거 타기
10029,한시우,36,인천광역시 중구 866-85,010-5858-7934,드로잉
10030,전재영,59,서울특별시 금천구 192-53,010-3829-5644,모바일 촬영
10031,조윤호,64,경기도 수원시 장안구 210-65,010-4167-7047,캘리그라피
10032,신지원,50,울산광역시 북구 728-26,010-3773-8485,헬로윈 파티 준비
10033,김현서,56,경상남도 거제시 673-58,010-7251-3580,패션
10034,박재훈,29,경기도 안산시 상록구 899-59,010-3727-9807,벽화 그리기
10035,송창수,52,대전광역시 동구 533-23,010-3292-9936,비즈 공예
10036,윤채원,61,서울특별시 성북구 946-35,010-6966-1312,애니메이션 제작
10037,서재훈,79,대구광역시 서구 783-93,010-7498-2876,애니메이션 제작
10038,임주영,49,전라남도 여수시 509-75,010-1319-1591,로봇 공학
10039,황은채,45,대구광역시 중구 746-19,010-3203-8230,디지털 사진 전시
10040,강진숙,22,경기도 수원시 장안구 835-21,010-3989-1065,테니스
10041,송명자,53,인천광역시 계양구 299-7,010-5326-6803,비즈 공예
10042,강주아,58,부천시 원미구 중동 722-95,010-2422-3889,로봇 공학
10043,한채원,43,경기도 안산시 상록구 675-68,010-1912-1225,책 클럽
10044,한연희,21,서울특별시 마포구 307-92,010-4607-1387,피크닉
10045,송지원,36,김해시 장유동 859-86,010-4959-2054,보드게임
10046,박현서,78,광주광역시 서구 858-84,010-3745-3938,헬스
10047,장남수,28,대구광역시 달성군 667-30,010-7962-9104,보드게임
10048,오영일,46,울산광역시 중구 359-93,010-3852-9994,여행
10049,홍정호,61,경상남도 창녕군 375-55,010-4958-9209,디지털 콘텐츠 제작
10050,서호철,22,서울특별시 관악구 939-51,010-5664-3083,독서
10051,안서진,75,대구광역시 동구 799-50,010-4569-5512,집콕 놀이
10052,조준호,57,광주광역시 남구 91-98,010-7766-5064,독서
10053,전지호,76,경상남도 진주시 615-0,010-5241-2303,애니메이션 제작
10054,송도윤,32,부산광역시 영도구 452-93,010-8736-6166,패션
10055,강현서,64,경기도 시흥시 430-26,010-8335-2371,영화 제작
10056,서로운,67,경기도 성남시 분당구 488-9,010-2765-1956,피크닉
10057,송기석,28,경기도 성남시 분당구 779-31,010-2682-2532,스포츠 카드 수집
10058,한시윤,26,부산광역시 해운대구 52-34,010-8720-2967,운동
10059,조수아,48,대구광역시 북구 258-42,010-2162-2759,뜨개질
10060,장춘식,79,대전광역시 중구 781-33,010-9470-4015,등산
10061,신영자,35,대구광역시 달서구 960-96,010-5425-1536,웹서핑
10062,오유진,28,경기도 광명시 587-40,010-3443-9828,배우기
10063,신다빈,49,서울특별시 동작구 184-59,010-2978-2841,콜라주 아트
10064,박시윤,79,서울특별시 금천구 419-18,010-7436-6584,명상
10065,윤현철,77,경상남도 김해시 240-70,010-1016-5734,캔들 만들기
10066,황진호,65,인천광역시 미추홀구 918-37,010-5542-3705,웹서핑
10067,김춘희,53,경상북도 구미시 914-85,010-7216-4448,VR 게임
10068,강순희,28,경기도 성남시 수정구 62-14,010-5246-7266,비즈 공예
10069,오복자,58,강원도 원주시 736-79,010-4958-5509,일기 쓰기
10070,임성자,26,충청북도 충주시 718-78,010-2865-5566,콜라주 아트
10071,한성민,56,광주광역시 북구 635-14,010-4255-5149,헬로윈 파티 준비
10072,전은숙,35,경기도 안산시 상록구 55-7,010-7546-8074,보드게임
10073,장태수,45,부산광역시 서구 122-74,010-3864-5638,낚시
10074,송병호,23,세종특별자치시 아름동 491-13,010-6409-2555,보드게임
10075,한경자,75,충청북도 충주시 459-80,010-2486-5162,일기 쓰기
10076,윤도윤,32,제주시 노형동 360-65,010-5801-3406,자전거 타기
10077,장태수,54,경상남도 진주시 754-95,010-1492-7782,드로잉
10078,서태현,34,울산광역시 울주군 244-10,010-3206-2262,수영
10079,최정우,42,세종특별자치시 아름동 410-83,010-2725-8353,배우기
10080,윤유진,54,광주광역시 동구 613-71,010-5356-2900,집콕 놀이
10081,권채은,60,제주시 노형동 519-60,010-3094-2269,책 클럽
10082,장하윤,73,경기도 의정부시 32-67,010-6153-5931,게임 방송
10083,한하진,72,김해시 장유동 422-62,010-8343-4960,게임 방송
10084,강춘식,64,경기도 안양시 만안구 905-17,010-3254-6504,시뮬레이션 게임
10085,홍다빈,35,충청북도 청주시 538-17,010-1656-4679,수채화 그리기
10086,오정순,72,부산광역시 서구 979-63,010-5330-3317,패션
10087,전말자,66,경상남도 진주시 723-44,010-1512-6306,집콕 놀이
10088,신준서,28,부산광역시 수영구 525-37,010-3491-4386,보드게임
10089,전도윤,39,서울특별시 영등포구 245-84,010-5213-9146,일기 쓰기
10090,이동수,71,서울특별시 송파구 650-3,010-9296-7027,음악감상
10091,전현우,29,서울특별시 은평구 893-71,010-2880-6985,피크닉
10092,장주아,23,대구광역시 달성군 83-37,010-2849-1342,코딩
10093,최명훈,66,부산광역시 북구 363-25,010-6398-7208,펜팔
10094,김수빈,33,서울특별시 종로구 733-93,010-2610-7998,로봇 공학
10095,강경자,28,경기도 성남시 분당구 145-18,010-4448-8906,유튜브 보기
10096,한현서,77,서울특별시 중랑구 642-16,010-3509-7076,헬로윈 파티 준비
10097,이지원,35,경기도 안양시 동안구 521-73,010-6287-4583,애니메이션 제작
10098,정우진,20,경상남도 밀양시 127-1,010-6460-4680,헬스
10099,김형민,73,광주광역시 서구 936-5,010-2107-3729,보드게임
10100,최혜숙,41,인천광역시 연수구 685-12,010-7769-9753,스키
10101,권다온,20,경기도 수원시 장안구 401-70,010-7571-1910,미술관 관람
10102,홍정숙,79,부산광역시 동구 992-36,010-8645-8832,생활 해킹
10103,서은숙,38,서울특별시 성동구 460-22,010-4631-7198,배우기
10104,신말순,54,광주광역시 광산구 736-1,010-2571-2735,뜨개질
10105,김현철,29,서울특별시 강동구 576-21,010-4886-6401,스키
10106,홍지한,62,성남시 분당구 정자동 246-26,010-2632-7884,미술관 관람
10107,권명숙,55,경상북도 김천시 704-62,010-8093-7294,보드게임
10108,오하은,67,부천시 상동 864-54,010-5040-6218,디지털 일러스트
10109,박남수,65,서울특별시 은평구 751-25,010-2003-3040,애니메이션 제작
10110,조태현,57,울산광역시 울주군 890-88,010-1391-1151,헬로윈 파티 준비
10111,최말옥,47,충청북도 충주시 841-0,010-1303-2118,마인드맵 만들기
10112,박명숙,20,대구광역시 동구 304-92,010-4577-3676,골프
10113,송나윤,68,부산광역시 북구 124-92,010-9662-4428,집콕 놀이
10114,김현우,48,경기도 안산시 단원구 216-92,010-7528-3773,DIY
10115,한은채,64,경기도 군포시 253-71,010-1585-3924,사진편집
10116,장기영,22,대전광역시 중구 588-51,010-5382-6458,캘리그라피
10117,황상호,57,울산광역시 북구 394-19,010-7812-4307,캘리그라피
10118,권지민,36,대전광역시 동구 495-28,010-5914-8515,플로리스트
10119,이하람,39,서울특별시 광진구 112-46,010-8826-6184,캘리그라피
10120,오소율,65,강원도 태백시 868-73,010-2658-3951,캠핑
10121,서춘자,70,인천광역시 동구 562-0,010-7872-4165,모바일 촬영
10122,권동수,78,제주시 신제주 803-42,010-5823-7467,펜팔
10123,황말순,79,서울특별시 강남구 660-6,010-3107-7922,디지털 아트
10124,강형민,56,인천광역시 남동구 588-62,010-1998-3456,모바일 촬영
10125,최하율,62,제주시 아라동 220-70,010-8896-6478,드로잉
10126,서찬우,52,울산광역시 동구 580-78,010-4240-5375,VR 게임
10127,오영희,32,서울특별시 성동구 905-23,010-7912-8429,테니스
10128,권지한,48,경기도 안산시 상록구 187-9,010-7497-1873,DIY
10129,황춘식,67,충청북도 청주시 664-72,010-8601-4174,영화 제작
10130,임영일,32,경상북도 경주시 762-83,010-3244-1110,코딩
10131,권상호,79,전라북도 익산시 241-89,010-3166-9603,시뮬레이션 게임
10132,안지우,73,부산광역시 사상구 819-27,010-4543-1943,요리
10133,전민서,25,서울특별시 은평구 177-94,010-3911-1079,DIY
10134,강수빈,41,충청남도 공주시 309-1,010-3930-5388,애니메이션 제작
10135,임진숙,64,경상남도 진주시 343-46,010-3172-6657,디지털 일러스트
10136,김재영,53,부산광역시 부산진구 548-91,010-3857-5398,디지털 사진 전시
10137,조민수,33,전라남도 목포시 763-20,010-2865-5478,사진편집
10138,한춘희,43,인천광역시 서구 157-42,010-6377-2741,낚시
10139,강은채,40,부산광역시 기장군 58-86,010-9614-4638,낚시
10140,송세호,46,세종특별자치시 조치원읍 807-42,010-2180-9446,웹툰 그리기
10141,전순자,49,대전광역시 서구 708-10,010-7179-8724,캘리그라피
10142,이복희,54,경기도 성남시 분당구 206-26,010-6196-6340,시뮬레이션 게임
10143,안지민,61,경기도 안산시 상록구 591-80,010-4463-3895,비즈 공예
10144,안경수,59,서울특별시 구로구 379-26,010-6485-3768,드로잉
10145,최시우,38,인천광역시 미추홀구 448-71,010-7421-3598,일기 쓰기
10146,정하윤,42,경상남도 밀양시 592-80,010-4259-2688,카페 투어
10147,장정우,55,부천시 상동 147-88,010-6582-3502,스트리밍
10148,권복희,70,광주광역시 서구 304-52,010-8277-1894,게임 방송
10149,장영자,59,경기도 의정부시 297-23,010-2931-6171,피크닉
10150,황숙자,70,울산광역시 중구 839-31,010-4199-5656,헬스
10151,전말순,39,부산광역시 북구 127-12,010-2628-2443,모바일 촬영
10152,한정호,56,경상남도 김해시 947-40,010-6137-9923,피크닉
10153,오만수,46,대전광역시 유성구 552-11,010-6509-8685,운동
10154,박서준,34,전라남도 나주시는 345-27,010-7149-9703,낚시
10155,오연희,53,서울특별시 영등포구 621-67,010-8196-9939,봉사활동
10156,한종순,20,경기도 시흥시 244-93,010-9276-3863,스크래치 프로그램 만들기
10157,이수빈,44,강원도 홍천군 898-4,010-2641-8146,테니스
10158,오민수,50,울산광역시 울주군 600-48,010-8982-2442,일기 쓰기
10159,이재훈,58,서울특별시 강동구 307-1,010-7266-5287,디지털 아트
10160,임정호,49,강원도 속초시 962-46,010-7367-5031,모바일 게임 개발
10161,최종순,26,대구광역시 동구 43-94,010-2711-3980,웹서핑
10162,한나윤,79,서울특별시 양천구 787-55,010-6773-7776,사진촬영
10163,박현서,36,경상북도 김천시 694-44,010-7000-7671,헬로윈 파티 준비
10164,신하연,63,경상남도 창녕군 790-60,010-2120-2603,배드민턴
10165,홍지원,49,강원도 원주시 890-56,010-8852-9056,미술관 관람
10166,박명숙,24,부산광역시 부산진구 973-5,010-3801-5027,카페 투어
10167,조동수,70,인천광역시 연수구 32-40,010-6206-2431,모바일 게임 개발
10168,권예린,72,서울특별시 관악구 483-34,010-8355-1329,DIY
10169,정숙자,65,서울특별시 은평구 14-64,010-8650-7603,필라테스
10170,오다온,73,경상북도 구미시 117-3,010-5285-5398,헬로윈 파티 준비
10171,이영수,38,부산광역시 강서구 996-21,010-3105-8217,카페 투어
10172,강수아,58,서울특별시 동작구 94-24,010-3926-8777,게임
10173,송찬우,38,부산광역시 기장군 707-59,010-4774-6770,콜라주 아트
10174,조서진,67,울산광역시 남구 926-16,010-7789-9822,카페 투어
10175,송선자,32,충청남도 아산시 910-81,010-8926-5413,운동
10176,박유진,47,세종특별자치시 아름동 514-1,010-9744-3146,스키
10177,장춘자,31,충청남도 아산시 778-33,010-3115-5738,보드게임
10178,서시윤,32,대구광역시 중구 987-21,010-8171-8164,스포츠 카드 수집
10179,정지호,44,서울특별시 금천구 184-15,010-9728-6565,콜라주 아트
10180,송하람,20,인천광역시 부평구 144-78,010-3915-3148,낚시
10181,박성호,75,부산광역시 북구 584-15,010-9839-9062,도예
10182,장숙자,52,인천광역시 계양구 980-98,010-4562-9891,미술관 관람
10183,박은우,56,대구광역시 서구 729-65,010-5223-6525,드로잉
10184,서경자,75,경상북도 구미시 317-16,010-1960-9862,웹툰 그리기
10185,홍경자,41,부산광역시 사하구 652-73,010-7579-7849,디지털 아트
10186,윤지호,57,서울특별시 종로구 430-64,010-3473-3094,마인드맵 만들기
10187,장윤호,52,경상남도 창녕군 62-71,010-4906-6250,보드게임
10188,권민준,25,부산광역시 기장군 121-31,010-6891-6202,스크래치 프로그램 만들기
10189,한지우,74,서울특별시 서대문구 994-69,010-6184-3980,헬로윈 파티 준비
10190,조현서,46,경기도 수원시 장안구 187-36,010-9452-3237,스키
10191,임우진,77,강원도 양양군 413-29,010-1360-6754,등산
10192,서진숙,43,울산광역시 북구 806-36,010-6016-3126,펜팔
10193,윤서진,58,서울특별시 서대문구 53-90,010-4815-3521,로봇 공학
10194,홍혜숙,38,경상남도 사천시 290-24,010-2814-9337,스키
10195,서도윤,63,대전광역시 서구 392-73,010-9626-8380,책 클럽
10196,오병호,79,강원도 동해시 849-25,010-4901-2101,자전거 타기
10197,윤수빈,36,제주시 신제주 593-26,010-5633-3312,골프
10198,오종순,72,부산광역시 남구 412-69,010-6306-3796,유튜브 보기
10199,최채은,50,경기도 안양시 만안구 295-2,010-6316-7655,영화감상
10200,임예은,73,강원도 동해시 457-36,010-6713-8078,유튜브 보기
10201,안시헌,37,부산광역시 북구 83-71,010-8143-1401,플라워 아트
10202,전우진,46,광주광역시 북구 347-85,010-4348-3302,웹툰 그리기
10203,송우진,52,경기도 성남시 분당구 18-29,010-5261-8904,모바일 촬영
10204,한말옥,22,김해시 장유동 358-1,010-1453-1733,피크닉
10205,한만수,60,부천시 원미구 중동 856-51,010-2371-1314,비즈 공예
10206,오희정,42,경상남도 진주시 312-37,010-3770-7148,스포츠 카드 수집
10207,서상민,57,충청남도 천안시 477-97,010-5972-5023,게임 방송
10208,김순희,61,부산광역시 수영구 906-4,010-6712-5224,피크닉
10209,신철수,25,경기도 용인시 기흥구 425-37,010-6936-9002,펜팔
10210,안준호,26,경상남도 창녕군 749-34,010-3440-2027,게임
10211,전현진,35,부산광역시 금정구 272-52,010-5124-1602,플라워 아트
10212,서다은,56,부산광역시 남구 718-95,010-4048-5084,VR 게임
10213,황창수,43,경기도 오산시 621-56,010-5655-1206,뜨개질
10214,최기석,47,서울특별시 동대문구 7-42,010-1955-3932,골프
10215,조남수,47,경상북도 김천시 303-79,010-5778-9494,벽화 그리기
10216,박찬우,22,경기도 용인시 처인구 457-44,010-4623-1240,캔들 만들기
10217,신윤호,68,인천광역시 남동구 932-68,010-8058-9227,요리
10218,박현우,53,세종특별자치시 아름동 339-0,010-5581-3409,웹툰 그리기
10219,김지후,52,경기도 안산시 단원구 694-30,010-3870-6618,게임
10220,최현서,70,경상북도 안동시 12-82,010-2595-7641,배드민턴
10221,송예준,74,서울특별시 중랑구 129-81,010-3909-9788,디지털 아트
10222,한민서,22,성남시 분당구 정자동 465-61,010-4305-7056,로봇 공학
10223,정만수,42,경기도 파주시 316-28,010-7367-4797,집콕 놀이
10224,한하진,78,대구광역시 북구 479-45,010-3963-1646,피크닉
10225,황희정,29,경상북도 경주시 719-30,010-4331-6741,봉사활동
10226,김지율,41,광주광역시 북구 81-28,010-3488-4623,DIY
10227,홍다은,57,인천광역시 남동구 651-76,010-3931-5954,독서
10228,강윤호,29,인천광역시 중구 376-44,010-1757-8101,DIY
10229,장도윤,34,경상북도 경주시 361-52,010-6325-6592,배드민턴
10230,조선자,52,부산광역시 금정구 580-95,010-4693-4536,영화감상
10231,안진숙,35,제주시 신제주 531-79,010-8647-8626,스크래치 프로그램 만들기
10232,조순자,66,울산광역시 동구 914-70,010-7740-2343,영화 제작
10233,강하윤,38,경상남도 밀양시 547-82,010-3626-7616,스트리밍
10234,장소율,56,대구광역시 달서구 788-98,010-1445-2005,미술관 관람
10235,장채은,47,광주광역시 동구 847-72,010-8418-2577,영화 제작
10236,서경수,55,제주시 신제주 757-84,010-7553-2433,애니메이션 제작
10237,송진숙,23,부산광역시 금정구 87-36,010-2922-5763,봉사활동
10238,임다은,76,경기도 고양시 일산동구 745-50,010-3547-1359,마인드맵 만들기
10239,오연희,24,경기도 의정부시 794-76,010-3368-6309,스포츠 카드 수집
10240,임진호,72,경기도 의정부시 681-82,010-7911-5332,캠핑
10241,이경수,26,부산광역시 동구 523-65,010-5524-2588,테니스
10242,안진호,48,경상남도 사천시 155-77,010-8897-3346,영화감상
10243,임경자,53,충청남도 공주시 139-0,010-1748-5876,독서
10244,서기석,35,서울특별시 성동구 769-79,010-3509-1166,보드게임
10245,임도윤,46,대구광역시 달서구 795-77,010-4634-1329,테니스
10246,권하진,35,울산광역시 동구 535-55,010-7762-4980,골프
10247,오민수,79,제주시 노형동 256-75,010-1646-8340,스트리트 댄스
10248,오은채,27,경기도 수원시 팔달구 772-22,010-1783-5513,디지털 콘텐츠 제작
10249,정태현,79,경기도 오산시 483-91,010-5138-1737,스키
10250,장다온,75,대구광역시 달성군 481-9,010-4911-5287,스트리트 댄스
10251,김채은,40,서울특별시 동작구 457-54,010-6127-7808,스포츠 카드 수집
10252,김재영,68,충청남도 아산시 40-62,010-8453-6484,영화감상
10253,박다온,43,인천광역시 연수구 544-26,010-5800-3809,등산
10254,권재훈,52,충청남도 논산시 282-29,010-2167-8453,미술관 관람
10255,이주영,60,서울특별시 동대문구 929-65,010-4954-6312,영화감상
10256,서성호,43,서울특별시 종로구 266-4,010-3728-8831,시뮬레이션 게임
10257,조도윤,73,경기도 광명시 688-7,010-2425-2168,피크닉
10258,송태수,56,부산광역시 서구 700-40,010-2267-1570,독서
10259,조소율,77,경상북도 구미시 816-48,010-5980-7929,책 클럽
10260,송복자,34,서울특별시 양천구 468-48,010-3177-5636,비즈 공예
10261,송지원,59,부산광역시 사상구 495-50,010-1066-3376,독서
10262,서유하,33,강원도 동해시 355-71,010-9786-5343,애니메이션 제작
10263,송지민,71,대구광역시 중구 159-66,010-1366-9798,영화감상
10264,홍재영,50,경상남도 밀양시 21-64,010-1706-2803,보드게임
10265,장세아,34,대전광역시 유성구 413-56,010-5897-4575,패션
10266,최민서,36,서울특별시 중구 312-87,010-2810-9004,유튜브 보기
10267,오지호,78,경상북도 경주시 633-10,010-1089-4198,펜팔
10268,김지우,51,제주시 노형동 975-98,010-6562-8829,드로잉
10269,강창수,43,성남시 분당구 정자동 955-38,010-8675-7495,드로잉
10270,조채원,21,세종특별자치시 도담동 537-1,010-2727-5518,뜨개질
10271,윤철수,36,부산광역시 북구 789-10,010-9210-1480,자원봉사
10272,전예준,36,제주시 오라동 485-46,010-2789-4085,자원봉사
10273,안복자,68,세종특별자치시 아름동 832-24,010-6271-1353,모바일 촬영
10274,임하람,26,경기도 의정부시 204-42,010-4192-4995,낚시
10275,최유하,58,부산광역시 해운대구 342-52,010-2216-2427,모바일 게임 개발
10276,이재호,48,서울특별시 은평구 960-19,010-4673-3994,스트리밍
10277,정채원,23,부산광역시 기장군 520-82,010-8098-1432,요가
10278,홍기석,60,경기도 화성시 306-18,010-3406-1027,책 클럽
10279,최동수,49,세종특별자치시 아름동 622-18,010-5275-8521,자원봉사
10280,정윤호,20,경기도 군포시 794-11,010-7559-2585,영화 제작
10281,서시윤,39,부산광역시 수영구 621-66,010-2692-6420,요리
10282,윤병호,47,경기도 용인시 처인구 185-6,010-3791-6009,웹툰 그리기
10283,서옥희,68,강원도 강릉시 510-49,010-3126-1206,스크래치 프로그램 만들기
10284,윤영일,38,대전광역시 유성구 50-96,010-5537-3562,DIY
10285,한복희,24,대전광역시 유성구 912-64,010-3137-9556,집콕 놀이
10286,송영수,30,서울특별시 금천구 807-27,010-9396-3001,테니스
10287,오종순,60,광주광역시 북구 193-59,010-4343-2892,캔들 만들기
10288,강명자,57,충청남도 논산시 180-93,010-5455-3601,웹툰 그리기
10289,최정희,76,부산광역시 동래구 234-35,010-7643-7217,비즈 공예
10290,오경수,23,경기도 오산시 11-69,010-6047-1059,드로잉
10291,장재호,52,경상북도 안동시 254-84,010-1709-8154,테니스
10292,신순자,38,부산광역시 영도구 555-77,010-9191-2800,모바일 게임 개발
10293,박정희,35,경상남도 김해시 920-12,010-5591-5416,보드게임
10294,장진호,44,제주시 아라동 139-70,010-3840-5336,보드게임
10295,서영희,67,인천광역시 계양구 628-0,010-3898-6093,DIY
10296,오종순,78,경기도 안양시 동안구 270-8,010-6046-1354,스포츠 카드 수집
10297,서유진,66,경기도 고양시 일산동구 308-76,010-2206-5264,사진편집
10298,송정숙,70,서울특별시 강서구 511-33,010-1793-4899,수영
10299,권수아,66,부산광역시 중구 751-94,010-4658-2807,필라테스
10300,황하율,60,서울특별시 은평구 820-71,010-2593-5937,집콕 놀이
10301,한복자,24,경기도 안산시 단원구 46-51,010-2479-3156,헬로윈 파티 준비
10302,임복희,56,대구광역시 서구 922-20,010-3655-6018,플라워 아트
10303,서형민,42,서울특별시 성북구 214-37,010-3084-5974,디지털 콘텐츠 제작
10304,권춘희,74,광주광역시 북구 692-58,010-1488-6242,음악감상
10305,오정희,49,경상북도 안동시 339-37,010-2713-1505,벽화 그리기
10306,이미영,68,서울특별시 은평구 222-53,010-3627-1790,집콕 놀이
10307,강종순,49,서울특별시 서대문구 262-2,010-8552-2375,애니메이션 제작
10308,강민준,48,대구광역시 수성구 81-8,010-8461-1697,DIY
10309,권주아,72,경기도 성남시 수정구 234-46,010-4430-6715,웹툰 그리기
10310,서시헌,65,부산광역시 남구 186-95,010-1513-8089,필라테스
10311,황정우,32,경기도 의정부시 461-21,010-3832-6652,집콕 놀이
10312,장다빈,41,울산광역시 울주군 775-26,010-6695-8577,자원봉사
10313,전은우,22,인천광역시 연수구 886-39,010-4806-1900,모바일 게임 개발
10314,이태현,69,제주시 신제주 708-34,010-4599-2263,배드민턴
10315,김광호,57,서울특별시 강남구 242-20,010-3723-1203,배드민턴
10316,정경수,64,부산광역시 동구 812-23,010-5533-6613,수채화 그리기
10317,장춘희,31,세종특별자치시 도담동 127-26,010-3104-3277,마인드맵 만들기
10318,황수빈,53,충청남도 아산시 541-27,010-3089-7838,요리
10319,송유하,62,제주시 이도이동 73-71,010-5246-7520,캘리그라피
10320,오민서,68,부산광역시 북구 755-65,010-5521-1093,모바일 촬영
10321,장예린,73,경기도 의정부시 654-50,010-3584-2658,보드게임
10322,정동수,69,경기도 안산시 상록구 398-58,010-3772-3378,디지털 사진 전시
10323,송세호,26,경상북도 구미시 957-74,010-3461-8020,보드게임
10324,신태현,59,경상남도 김해시 987-82,010-9378-6290,요리
10325,장찬우,59,울산광역시 중구 989-96,010-4004-1664,독서
10326,이예린,70,인천광역시 계양구 261-45,010-2849-1427,캔들 만들기
10327,이현서,42,부산광역시 북구 208-68,010-3922-4823,뜨개질
10328,정윤서,65,세종특별자치시 조치원읍 478-48,010-8117-2339,디지털 일러스트
10329,권다빈,47,서울특별시 강북구 86-47,010-4480-7249,자전거 타기
10330,조옥희,45,전라남도 순천시 305-48,010-2635-5697,웹툰 그리기
10331,김남수,23,경상북도 구미시 600-82,010-3916-4683,배우기
10332,조정우,58,인천광역시 미추홀구 225-42,010-3373-1141,웹서핑
10333,정말자,35,대구광역시 북구 164-41,010-7548-2595,카페 투어
10334,안경수,39,경기도 수원시 장안구 659-21,010-2483-6435,사진촬영
10335,박춘자,41,부산광역시 해운대구 246-42,010-1595-5858,VR 게임
10336,권시우,49,경상북도 구미시 201-45,010-5314-4549,사진편집
10337,신현서,76,경상남도 진주시 653-51,010-5907-1140,게임
10338,조정우,29,부산광역시 해운대구 58-70,010-2859-2723,여행
10339,윤춘희,71,세종특별자치시 도담동 904-35,010-4186-3153,스포츠 카드 수집
10340,정서진,41,대전광역시 대덕구 444-51,010-2103-8001,요가
10341,이현서,32,세종특별자치시 아름동 401-15,010-1150-1417,수영
10342,최기석,76,경기도 안양시 동안구 564-36,010-9209-1437,웹서핑
10343,신성호,38,대전광역시 서구 56-46,010-6046-5278,배드민턴
10344,이광호,68,인천광역시 중구 297-48,010-1400-3823,요리
10345,신지우,50,경기도 성남시 분당구 48-71,010-3553-1456,운동
10346,이복자,44,경기도 안산시 상록구 33-77,010-8366-1680,플로리스트
10347,김순영,67,서울특별시 강서구 664-67,010-4645-7807,콜라주 아트
10348,안춘자,31,서울특별시 서초구 224-84,010-3907-4669,퍼즐 맞추기
10349,서준호,51,서울특별시 중랑구 506-13,010-3182-6492,코딩
10350,서서진,20,경상남도 통영시 703-86,010-2382-2588,수채화 그리기
10351,서명자,61,부산광역시 동래구 958-11,010-5168-5644,스트리트 댄스
10352,홍경자,53,대전광역시 유성구 454-21,010-6925-4425,퍼즐 맞추기
10353,신하진,55,서울특별시 영등포구 272-12,010-4991-1377,운동
10354,박춘자,47,인천광역시 연수구 576-84,010-4273-3150,일기 쓰기
10355,서소율,62,경상북도 김천시 545-6,010-4989-4232,수채화 그리기
10356,권혜숙,35,경기도 오산시 642-24,010-3391-3402,코딩
10357,강영희,49,대전광역시 동구 876-37,010-9937-5808,유튜브 보기
10358,오지민,62,경기도 화성시 576-39,010-1843-3785,스크래치 프로그램 만들기
10359,박하율,77,서울특별시 영등포구 194-6,010-7447-9530,애니메이션 제작
10360,오현진,39,경기도 안산시 상록구 389-92,010-1209-1320,웹툰 그리기
10361,정현진,20,충청남도 논산시 228-93,010-9399-9987,패션
10362,박민수,27,서울특별시 영등포구 136-79,010-3160-2351,사진편집
10363,오만수,32,경상북도 구미시 604-19,010-4296-4954,캠핑
10364,송선자,67,경상북도 안동시 47-63,010-1103-6889,독서
10365,안상민,42,광주광역시 동구 142-50,010-1395-3699,마인드맵 만들기
10366,조준호,60,부산광역시 부산진구 34-6,010-9259-7440,로봇 공학
10367,정건우,50,부산광역시 기장군 888-60,010-1146-7193,플라워 아트
10368,신주원,57,경기도 화성시 437-92,010-9266-3501,모바일 게임 개발
10369,한병호,57,경상남도 창녕군 210-37,010-6587-3473,디지털 일러스트
10370,강진호,50,충청북도 충주시 888-88,010-2664-2121,도예
10371,이순자,28,강원도 강릉시 99-40,010-5425-6504,명상
10372,전창수,33,서울특별시 성북구 891-64,010-4145-5003,운동
10373,안정호,63,서울특별시 도봉구 309-10,010-8306-4212,VR 게임
10374,윤경자,23,부산광역시 해운대구 759-71,010-1127-1671,사진촬영
10375,한정순,51,부산광역시 서구 314-96,010-1132-3870,웹툰 그리기
10376,홍유진,51,김해시 장유동 862-15,010-8809-4876,플로리스트
10377,조병호,53,서울특별시 송파구 96-51,010-6685-5490,게임
10378,전병호,38,강원도 동해시 265-50,010-5779-6228,캘리그라피
10379,황서연,33,인천광역시 연수구 13-85,010-5260-2267,캔들 만들기
10380,윤영일,49,경상남도 거제시 702-36,010-3666-9824,스크래치 프로그램 만들기
10381,윤로운,56,서울특별시 서초구 597-1,010-9145-3153,퍼즐 맞추기
10382,정순자,54,경상남도 창원시 642-48,010-1075-3899,캠핑
10383,장태윤,78,경상북도 경주시 65-35,010-2637-6641,헬스
10384,김명자,47,강원도 강릉시 863-27,010-8899-2167,모바일 게임 개발
10385,송은숙,72,세종특별자치시 아름동 34-1,010-8826-3383,미술관 관람
10386,오서준,57,울산광역시 중구 583-57,010-2807-2712,코딩
10387,서시윤,41,서울특별시 금천구 461-62,010-8452-1036,필라테스
10388,최기영,29,경기도 용인시 처인구 922-69,010-4896-1961,낚시
10389,안태수,46,대전광역시 서구 983-38,010-5390-7343,마인드맵 만들기
10390,황현서,31,대전광역시 유성구 860-76,010-5823-5602,웹서핑
10391,송선자,79,서울특별시 은평구 109-92,010-4201-3384,음악감상
10392,홍은채,73,충청북도 청주시 69-10,010-2537-8840,모바일 촬영
10393,김순영,44,울산광역시 중구 36-66,010-2322-5822,모바일 게임 개발
10394,전순영,78,부산광역시 강서구 375-12,010-3080-3916,영화 제작
10395,이기석,77,제주시 이도이동 612-51,010-1638-3060,골프
10396,장성민,65,인천광역시 서구 69-91,010-6365-7229,낚시
10397,윤건우,58,충청북도 진천군 438-84,010-8364-8558,플라워 아트
10398,권영호,52,전라북도 전주시 654-57,010-6607-8193,도예
10399,김민수,25,부산광역시 수영구 368-71,010-5623-4669,애니메이션 제작
10400,장윤호,75,경상북도 김천시 146-44,010-8505-5970,VR 게임
10401,황정자,28,울산광역시 남구 470-86,010-1474-2770,스키
10402,박경자,27,부산광역시 해운대구 412-35,010-8937-2024,생활 해킹
10403,전하율,67,대구광역시 수성구 503-0,010-6747-1181,여행
10404,서주아,52,대구광역시 동구 385-68,010-1443-4328,요가
10405,서영수,53,대구광역시 달성군 671-20,010-1082-6346,DIY
10406,장경수,23,경기도 화성시 210-19,010-9403-1576,보드게임
10407,박지한,24,경상북도 안동시 971-31,010-8867-4596,여행
10408,안유하,73,전라남도 목포시 504-21,010-6986-4737,등산
10409,황다온,33,서울특별시 강북구 846-89,010-9939-2216,디지털 콘텐츠 제작
10410,전서진,69,부산광역시 부산진구 235-2,010-8807-5052,자원봉사
10411,박주영,32,울산광역시 중구 150-73,010-3649-6142,책 클럽
10412,안정순,41,충청남도 천안시 594-40,010-8898-5079,스키
10413,윤건우,38,충청북도 청주시 769-34,010-3442-1251,집콕 놀이
10414,서영희,74,대전광역시 유성구 30-36,010-4775-4977,스트리밍
10415,이지우,56,전라북도 전주시 231-45,010-9436-5278,애니메이션 제작
10416,황하연,70,경기도 평택시 292-6,010-5068-7565,스키
10417,서유하,67,인천광역시 연수구 913-19,010-2568-4803,플로리스트
10418,임유하,43,제주시 오라동 981-24,010-1143-4503,독서
10419,오복자,78,부산광역시 금정구 172-24,010-7115-3762,게임 방송
10420,강다은,50,서울특별시 강남구 353-97,010-1636-4461,요리
10421,윤다온,59,경기도 고양시 덕양구 336-78,010-4427-6430,디지털 사진 전시
10422,홍현진,24,서울특별시 동대문구 818-67,010-2756-4325,스트리밍
10423,안예준,77,서울특별시 송파구 699-55,010-8703-5017,영화 제작
10424,임희정,41,서울특별시 송파구 709-26,010-8246-9355,패션
10425,강기석,25,대전광역시 서구 241-35,010-1595-5146,자원봉사
10426,서예준,47,강원도 춘천시 516-60,010-1458-4089,애니메이션 제작
10427,홍다은,63,부산광역시 기장군 300-22,010-3421-9217,스포츠 카드 수집
10428,권준서,36,경상남도 창원시 800-95,010-7754-6042,생활 해킹
10429,장경수,72,인천광역시 서구 135-28,010-3168-1530,VR 게임
10430,전성민,35,전라남도 순천시 457-41,010-2582-5648,디지털 아트
10431,정호철,25,세종특별자치시 한솔동 938-1,010-4474-1437,봉사활동
10432,오은우,54,제주시 노형동 803-3,010-9886-2116,사진편집
10433,한정호,36,서울특별시 중랑구 918-10,010-2969-6021,콜라주 아트
10434,최정숙,20,울산광역시 북구 256-72,010-8928-4577,VR 게임
10435,정채은,40,부산광역시 강서구 795-90,010-8505-9782,여행
10436,김순희,32,강원도 원주시 16-98,010-9627-6502,등산
10437,김하진,70,전라남도 광양시 28-9,010-4726-3964,골프
10438,권예린,40,충청북도 충주시 282-80,010-4140-9032,VR 게임
10439,서나윤,61,경기도 고양시 덕양구 387-47,010-5050-4016,드로잉
10440,조말순,67,인천광역시 부평구 974-24,010-1156-5621,디지털 아트
10441,한상민,61,경기도 평택시 943-16,010-9265-4811,스크래치 프로그램 만들기
10442,안호철,54,서울특별시 마포구 101-17,010-3610-7936,집콕 놀이
10443,신로운,52,경상북도 김천시 963-18,010-4460-8608,독서
10444,최상호,32,경기도 수원시 팔달구 972-69,010-4236-6194,디지털 아트
10445,홍서아,77,서울특별시 중구 816-33,010-1282-6516,보드게임
10446,박동수,30,경상남도 창녕군 262-61,010-2060-6521,수영
10447,권서아,76,세종특별자치시 아름동 524-92,010-4910-1555,필라테스
10448,오시헌,75,경상북도 포항시 178-42,010-6519-9621,헬로윈 파티 준비
10449,윤은채,40,경기도 용인시 처인구 908-89,010-8073-6887,독서
10450,강찬우,49,강원도 속초시 858-64,010-4774-7140,일기 쓰기
10451,황말옥,70,부산광역시 사상구 573-70,010-5185-4746,집콕 놀이
10452,장서진,48,서울특별시 중구 586-97,010-9435-4392,게임
10453,강시윤,62,대전광역시 동구 585-7,010-4248-9269,헬스
10454,정영희,58,부산광역시 영도구 477-4,010-2116-3499,플로리스트
10455,임은채,46,서울특별시 강동구 335-68,010-6265-6219,스키
10456,신예린,70,서울특별시 마포구 230-26,010-4943-8073,영화 제작
10457,김만수,50,서울특별시 강동구 595-90,010-2009-1542,여행
10458,안영호,38,광주광역시 서구 777-75,010-5015-1742,자원봉사
10459,신지율,26,대구광역시 동구 966-70,010-4301-1954,수영
10460,강채원,42,서울특별시 중랑구 672-53,010-1403-3270,헬로윈 파티 준비
10461,오서연,38,강원도 태백시 738-36,010-7349-3944,배우기
10462,송은채,56,경기도 수원시 장안구 899-12,010-5513-1010,등산
10463,임남수,22,부산광역시 해운대구 476-23,010-9404-7273,웹툰 그리기
10464,신성자,58,인천광역시 남동구 208-33,010-8193-6779,패션
10465,한우진,79,충청남도 공주시 266-45,010-8222-8731,스트리밍
10466,장현우,76,세종특별자치시 조치원읍 969-0,010-6539-2332,콜라주 아트
10467,장형민,60,충청북도 진천군 882-90,010-7226-8453,배드민턴
10468,정호철,31,경기도 용인시 처인구 596-96,010-3643-5583,생활 해킹
10469,김현진,74,대구광역시 북구 939-11,010-4550-5018,플로리스트
10470,이건우,57,부산광역시 수영구 866-43,010-1412-3406,사진편집
10471,전순영,69,부산광역시 사상구 143-94,010-3202-9691,애니메이션 제작
10472,정주아,75,서울특별시 송파구 754-38,010-1774-7423,유튜브 보기
10473,전준호,28,충청북도 진천군 851-84,010-1529-5963,테니스
10474,안재영,36,울산광역시 남구 143-12,010-5932-6071,VR 게임
10475,김다은,56,경상북도 김천시 365-10,010-2052-1314,비즈 공예
10476,강재호,40,충청북도 청주시 629-8,010-8855-8834,배우기
10477,서춘희,73,부산광역시 사하구 159-86,010-1007-1874,디지털 콘텐츠 제작
10478,장민준,44,서울특별시 마포구 61-18,010-3008-4481,비즈 공예
10479,신경자,45,부산광역시 수영구 833-74,010-6122-7865,디지털 일러스트
10480,강영수,49,충청남도 천안시 82-78,010-3964-9781,캔들 만들기
10481,안상민,51,대전광역시 대덕구 242-60,010-1717-1233,여행
10482,서경자,34,부산광역시 서구 426-92,010-4479-2878,드로잉
10483,임채은,28,용인시 수지구 풍덕천동 580-74,010-3743-3170,시뮬레이션 게임
10484,오나윤,53,서울특별시 동대문구 200-63,010-9894-4680,헬스
10485,신수아,69,경기도 화성시 607-42,010-1350-5028,모바일 촬영
10486,황하람,69,부산광역시 영도구 591-64,010-1413-9084,플로리스트
10487,서정자,23,서울특별시 강동구 413-53,010-1920-4712,캔들 만들기
10488,권예린,77,대전광역시 유성구 671-54,010-9628-1419,캠핑
10489,정윤호,26,충청남도 공주시 279-47,010-7572-9179,유튜브 보기
10490,한복희,42,광주광역시 광산구 502-45,010-8288-7386,마인드맵 만들기
10491,황종순,21,경기도 오산시 337-33,010-8039-2647,스트리밍
10492,서말자,69,인천광역시 중구 644-50,010-5066-8994,유튜브 보기
10493,임성호,62,강원도 속초시 580-33,010-5749-1400,음악감상
10494,윤서아,41,충청남도 공주시 968-5,010-9232-8050,사진촬영
10495,최시헌,41,부천시 원미구 중동 884-57,010-6141-3722,모바일 촬영
10496,한상호,24,서울특별시 마포구 483-57,010-9906-2248,디지털 일러스트
10497,안명자,73,경기도 성남시 수정구 48-48,010-3067-7596,명상
10498,장현우,57,경기도 용인시 수지구 427-48,010-5723-8480,펜팔
10499,한예준,39,경기도 시흥시 895-72,010-5310-4650,게임 방송
10500,김하진,20,서울특별시 동대문구 68-14,010-4515-8994,디지털 아트
10501,김지호,53,경기도 용인시 수지구 996-33,010-5003-9428,드로잉
10502,신예준,72,경상남도 거제시 380-75,010-2097-3626,미술관 관람
10503,권성자,33,충청북도 진천군 49-66,010-8170-3036,디지털 일러스트
10504,송기석,75,부산광역시 해운대구 450-39,010-2152-6329,애니메이션 제작
10505,장영자,72,강원도 춘천시 62-70,010-6881-2784,뜨개질
10506,한채은,41,김해시 장유동 368-41,010-6404-5522,카페 투어
10507,최상민,56,부산광역시 동구 690-33,010-3122-6523,웹서핑
10508,권유진,24,서울특별시 중랑구 487-44,010-7012-2189,캘리그라피
10509,서현철,58,제주시 이도이동 641-57,010-6027-5830,미술관 관람
10510,김상호,36,서울특별시 송파구 76-84,010-3900-4138,봉사활동
10511,장재호,52,인천광역시 부평구 873-34,010-3465-3295,등산
10512,서태수,56,경상북도 구미시 89-17,010-2348-9711,집콕 놀이
10513,한영희,44,경기도 성남시 분당구 761-96,010-5092-8331,디지털 콘텐츠 제작
10514,박서준,24,세종특별자치시 한솔동 424-57,010-4457-1382,코딩
10515,임연희,73,울산광역시 동구 937-9,010-3277-5764,유튜브 보기
10516,오춘자,53,전라남도 여수시 493-4,010-1156-2479,필라테스
10517,신지호,67,제주시 노형동 303-76,010-3059-1146,스트리트 댄스
10518,홍춘자,53,서울특별시 양천구 40-13,010-5593-2903,요가
10519,최순자,52,인천광역시 중구 355-78,010-3564-3447,뜨개질
10520,안말옥,28,인천광역시 서구 3-17,010-9229-4727,모바일 촬영
10521,이정희,31,김해시 장유동 97-42,010-7741-5578,로봇 공학
10522,권철수,49,경기도 안산시 단원구 759-87,010-7699-7174,영화감상
10523,송윤서,77,울산광역시 북구 159-43,010-2339-4910,패션
10524,이서아,28,경기도 화성시 200-83,010-8734-5591,게임 방송
10525,임정자,59,경기도 용인시 처인구 219-18,010-5574-4234,카페 투어
10526,정지후,60,부산광역시 수영구 771-43,010-8539-9486,수영
10527,조영희,38,제주시 아라동 491-70,010-5204-3415,헬로윈 파티 준비
10528,김희정,42,대구광역시 동구 676-56,010-1130-9561,헬로윈 파티 준비
10529,한춘희,24,김해시 장유동 823-97,010-3783-1895,미술관 관람
10530,임명훈,41,강원도 삼척시 30-82,010-2624-2158,캘리그라피
10531,강예준,20,세종특별자치시 조치원읍 590-8,010-7103-4371,피크닉
10532,조은채,48,제주시 이도이동 293-12,010-4809-2222,골프
10533,조말순,55,인천광역시 연수구 13-53,010-6595-2617,미술관 관람
10534,전서연,47,경상남도 진주시 363-33,010-2276-3342,디지털 콘텐츠 제작
10535,송은숙,56,서울특별시 노원구 938-6,010-7827-9931,스트리밍
10536,서성자,35,대구광역시 달서구 190-60,010-9835-5898,DIY
10537,권은우,20,경상북도 안동시 892-69,010-1387-6505,애니메이션 제작
10538,강성자,39,경상남도 창녕군 107-90,010-1476-2065,비즈 공예
10539,신광호,61,경기도 고양시 일산동구 103-69,010-9846-3275,마인드맵 만들기
10540,한복희,36,전라남도 목포시 192-81,010-5969-3588,봉사활동
10541,박채은,40,경기도 파주시 533-79,010-3580-2551,플라워 아트
10542,안희정,60,부산광역시 사하구 276-26,010-3824-6027,게임 방송
10543,김숙자,57,경기도 수원시 장안구 983-62,010-3818-8861,일기 쓰기
10544,박순희,68,충청남도 공주시 812-18,010-6774-5522,수영
10545,권성호,48,세종특별자치시 도담동 740-90,010-4703-3019,등산
10546,윤서진,25,세종특별자치시 한솔동 912-42,010-2491-9188,자전거 타기
10547,최정숙,61,경상북도 김천시 814-42,010-3682-5568,미술관 관람
10548,홍재영,67,경기도 고양시 일산동구 97-33,010-6213-4380,영화감상
10549,이재훈,71,전라남도 목포시 599-76,010-9536-6033,피크닉
10550,윤정숙,62,서울특별시 송파구 224-95,010-1869-1268,자원봉사
10551,장옥희,48,서울특별시 금천구 407-59,010-9277-6233,집콕 놀이
10552,안현서,66,경상남도 거제시 714-76,010-2371-9086,일기 쓰기
10553,장채원,60,경기도 용인시 수지구 277-31,010-6954-2913,디지털 일러스트
10554,안영자,73,세종특별자치시 한솔동 345-57,010-1560-1433,퍼즐 맞추기
10555,권세아,78,전라남도 순천시 608-30,010-5240-3441,헬로윈 파티 준비
10556,송태윤,60,인천광역시 남동구 744-59,010-3479-4267,골프
10557,최은우,76,울산광역시 동구 637-59,010-3634-3214,패션
10558,정나윤,34,부산광역시 금정구 944-30,010-4970-3134,헬로윈 파티 준비
10559,송다은,60,경기도 화성시 847-79,010-6602-2985,코딩
10560,정태현,35,대전광역시 서구 363-71,010-5968-5671,수채화 그리기
10561,오병호,33,부산광역시 서구 180-94,010-2401-5030,사진촬영
10562,권우진,65,충청남도 천안시 902-3,010-4970-1837,음악감상
10563,장세아,68,울산광역시 북구 546-61,010-2283-6394,모바일 촬영
10564,황주영,46,서울특별시 중구 660-61,010-4639-2125,게임 방송
10565,전지원,20,부천시 상동 426-22,010-9135-6978,명상
10566,김유진,71,울산광역시 동구 81-54,010-4765-8760,골프
10567,최수빈,63,경상남도 창원시 670-97,010-9765-8185,골프
10568,김주영,26,울산광역시 중구 228-94,010-5526-9209,피크닉
10569,윤지한,20,세종특별자치시 조치원읍 885-1,010-9558-9712,디지털 일러스트
10570,장순자,20,경기도 광명시 18-83,010-6786-7043,명상
10571,정하람,39,경기도 광명시 588-96,010-3967-5154,스포츠 카드 수집
10572,김준서,57,경기도 광명시 112-31,010-7608-5888,필라테스
10573,박수빈,64,대전광역시 유성구 928-57,010-6508-3479,스크래치 프로그램 만들기
10574,오순자,59,서울특별시 서대문구 961-88,010-9299-9172,골프
10575,임옥희,35,충청북도 진천군 531-96,010-2854-6507,디지털 일러스트
10576,안영자,42,제주시 이도이동 786-4,010-1274-8310,게임 방송
10577,박상민,53,부산광역시 연제구 276-52,010-2036-4489,여행
10578,임채원,26,부산광역시 사하구 682-64,010-1486-5239,사진편집
10579,강예은,67,세종특별자치시 도담동 801-38,010-1726-6396,봉사활동
10580,서윤서,51,전라남도 여수시 559-78,010-2297-7967,캘리그라피
10581,임하연,75,인천광역시 부평구 445-75,010-4078-2063,필라테스
10582,이은채,55,인천광역시 남동구 273-43,010-5428-3516,수영
10583,조재호,20,서울특별시 마포구 840-56,010-2697-7341,디지털 아트
10584,강말옥,71,전라북도 전주시 25-57,010-2605-5801,유튜브 보기
10585,안말옥,21,부산광역시 해운대구 673-94,010-4100-6944,게임
10586,서세아,67,인천광역시 부평구 375-42,010-3001-5364,생활 해킹
10587,최정숙,66,서울특별시 도봉구 83-23,010-3263-6247,시뮬레이션 게임
10588,오순자,60,경기도 파주시 14-91,010-2686-5832,헬로윈 파티 준비
10589,김명숙,27,세종특별자치시 한솔동 641-0,010-1799-3451,웹툰 그리기
10590,김재영,67,인천광역시 남동구 646-56,010-9332-9067,게임
10591,임옥희,72,제주시 오라동 732-42,010-4902-5686,로봇 공학
10592,신영호,24,서울특별시 영등포구 640-3,010-1148-9515,로봇 공학
10593,황혜숙,68,서울특별시 마포구 726-61,010-3403-8519,테니스
10594,홍예린,45,제주시 아라동 495-45,010-1840-9934,사진편집
10595,최찬우,46,서울특별시 노원구 170-97,010-3706-9879,디지털 사진 전시
10596,송시윤,46,강원도 홍천군 486-41,010-2660-3622,패션
10597,윤성자,53,부산광역시 강서구 299-61,010-4568-5943,자전거 타기
10598,최순희,28,부산광역시 북구 125-63,010-3652-9112,애니메이션 제작
10599,홍성민,46,대전광역시 서구 529-82,010-9671-8533,모바일 게임 개발
10600,이은채,44,강원도 동해시 546-97,010-8625-8024,드로잉
10601,장선자,48,대전광역시 중구 805-4,010-7890-1107,요가
10602,장종순,46,강원도 양양군 280-73,010-7791-3512,스크래치 프로그램 만들기
10603,강윤호,21,경상남도 거제시 159-90,010-5173-2361,운동
10604,서예준,62,인천광역시 중구 543-10,010-6584-8847,테니스
10605,조영호,28,전라북도 익산시 149-70,010-2482-8788,디지털 사진 전시
10606,김형민,72,경기도 의정부시 950-3,010-5887-1391,영화감상
10607,권소율,22,인천광역시 계양구 104-22,010-6269-2106,뜨개질
10608,임주원,61,서울특별시 성동구 73-53,010-8576-3083,사진편집
10609,이지민,40,경기도 평택시 692-16,010-4564-9359,디지털 아트
10610,윤채은,74,충청북도 충주시 443-75,010-6234-9656,웹툰 그리기
10611,윤영수,51,대구광역시 북구 519-61,010-5123-7378,영화감상
10612,송다온,61,서울특별시 종로구 358-71,010-6257-5495,자원봉사
10613,전명훈,46,강원도 삼척시 18-84,010-8507-7189,게임
10614,서민준,58,대구광역시 동구 241-71,010-4725-4239,스트리트 댄스
10615,장수아,63,서울특별시 서대문구 151-78,010-4491-3739,보드게임
10616,송태현,44,전라남도 나주시는 476-40,010-2411-1854,드로잉
10617,신서아,26,전라남도 광양시 365-34,010-1515-1553,미술관 관람
10618,박희정,51,대전광역시 대덕구 497-67,010-8340-9806,집콕 놀이
10619,정말순,48,서울특별시 구로구 209-43,010-4263-1881,모바일 게임 개발
10620,정다빈,76,광주광역시 남구 864-6,010-9282-6460,퍼즐 맞추기
10621,홍성호,47,경상남도 밀양시 663-53,010-3775-2722,펜팔
10622,전은채,51,서울특별시 강남구 361-95,010-3171-4077,웹서핑
10623,한하연,62,부산광역시 연제구 347-68,010-2161-7776,로봇 공학
10624,이순영,63,서울특별시 서대문구 333-12,010-4631-4243,운동
10625,윤은숙,53,경기도 용인시 처인구 498-42,010-5716-9003,DIY
10626,안우진,64,서울특별시 종로구 784-79,010-2204-4505,헬로윈 파티 준비
10627,정준호,71,경기도 광주시 491-78,010-2405-1688,콜라주 아트
10628,홍순영,76,경기도 광명시 10-42,010-7609-3465,뜨개질
10629,임재호,44,충청북도 충주시 721-65,010-4668-5144,보드게임
10630,윤예준,45,서울특별시 도봉구 211-66,010-2992-1119,유튜브 보기
10631,최춘희,56,충청남도 논산시 622-38,010-8186-9639,스포츠 카드 수집
10632,서경자,25,서울특별시 용산구 847-79,010-8461-3318,애니메이션 제작
10633,황하윤,60,경상남도 김해시 46-42,010-5862-7283,스크래치 프로그램 만들기
10634,오춘식,25,강원도 홍천군 401-52,010-4067-1633,콜라주 아트
10635,서은우,28,강원도 평창군 52-24,010-5561-5567,콜라주 아트
10636,윤서연,75,부산광역시 남구 508-48,010-2562-5755,영화 제작
10637,권상호,49,강원도 속초시 338-66,010-2237-9927,집콕 놀이
10638,신복희,32,대구광역시 북구 394-87,010-1346-1058,플라워 아트
10639,이병호,63,경상북도 포항시 118-69,010-9246-4225,애니메이션 제작
10640,이수빈,66,제주시 노형동 59-8,010-6569-1369,모바일 게임 개발
10641,윤예린,21,경기도 용인시 기흥구 935-37,010-8439-5291,벽화 그리기
10642,송형민,27,충청남도 아산시 834-63,010-2879-3430,캔들 만들기
10643,권철수,54,전라북도 익산시 9-69,010-3686-5489,골프
10644,윤유진,22,세종특별자치시 조치원읍 895-59,010-9716-9750,운동
10645,오은숙,56,전라북도 군산시 917-80,010-7249-8259,모바일 촬영
10646,황서연,77,울산광역시 동구 704-79,010-7183-4820,보드게임
10647,권성자,66,전라북도 군산시 60-81,010-6113-4787,골프
10648,박숙자,36,경상남도 사천시 137-68,010-5966-1214,캠핑
10649,홍서아,39,대구광역시 북구 457-74,010-4288-5274,플라워 아트
10650,강정우,61,서울특별시 구로구 676-87,010-4947-1776,웹서핑
10651,송시헌,22,대구광역시 달서구 834-13,010-3273-3742,애니메이션 제작
10652,홍복자,33,대전광역시 중구 80-35,010-3507-8089,스트리밍
10653,안지우,44,경상북도 포항시 162-5,010-2865-8075,요가
10654,최현우,77,대구광역시 달서구 700-8,010-8229-3819,디지털 일러스트
10655,정영희,61,경기도 수원시 장안구 920-13,010-3994-6366,코딩
10656,장하람,47,서울특별시 송파구 188-18,010-5000-9224,퍼즐 맞추기
10657,강철수,21,경기도 용인시 처인구 956-4,010-2716-2474,책 클럽
10658,이윤호,20,서울특별시 금천구 68-7,010-2148-8709,플로리스트
10659,윤하진,38,서울특별시 성동구 367-59,010-7515-1839,음악감상
10660,홍순영,41,제주시 오라동 993-60,010-8765-9238,요가
10661,오수빈,35,경기도 시흥시 206-0,010-8277-7949,캠핑
10662,조유하,40,경기도 성남시 수정구 978-57,010-4579-5596,디지털 콘텐츠 제작
10663,임지원,33,인천광역시 남동구 84-95,010-6277-7096,수채화 그리기
10664,이세호,62,경기도 오산시 164-11,010-6752-2051,디지털 아트
10665,최성자,36,경기도 안산시 단원구 222-1,010-4868-6648,플로리스트
10666,최지후,79,전라남도 여수시 213-45,010-6077-4510,헬스
10667,신옥희,31,인천광역시 연수구 729-66,010-9563-5293,미술관 관람
10668,송시윤,49,부산광역시 영도구 751-84,010-1357-3267,펜팔
10669,송건우,40,서울특별시 금천구 865-68,010-2879-5776,시뮬레이션 게임
10670,조현우,55,대구광역시 서구 762-43,010-9477-7037,테니스
10671,서병호,30,서울특별시 강동구 213-17,010-1530-1057,독서
10672,한말순,39,대구광역시 달성군 653-64,010-2836-3376,애니메이션 제작
10673,신수아,33,서울특별시 중랑구 779-91,010-6798-5607,여행
10674,황경자,23,경상남도 김해시 418-47,010-6452-6194,도예
10675,오지한,52,전라남도 순천시 540-18,010-7874-5946,드로잉
10676,강다온,49,울산광역시 동구 898-93,010-8611-5115,유튜브 보기
10677,김명훈,69,대구광역시 중구 372-18,010-7094-7160,시뮬레이션 게임
10678,안태현,56,경기도 고양시 덕양구 768-54,010-2500-4436,요리
10679,권성호,20,울산광역시 중구 715-67,010-6507-4542,독서
10680,임병호,67,광주광역시 서구 596-44,010-6069-2298,영화감상
10681,홍예준,21,서울특별시 서초구 278-58,010-3649-9692,뜨개질
10682,이하람,29,서울특별시 용산구 210-97,010-9076-1161,VR 게임
10683,권성민,45,경기도 수원시 장안구 435-50,010-1197-9702,스트리밍
10684,이하율,45,제주시 오라동 167-22,010-9146-1558,뜨개질
10685,최서진,38,서울특별시 성동구 617-11,010-6437-3062,애니메이션 제작
10686,오준호,71,제주시 아라동 396-35,010-4059-5133,책 클럽
10687,전기석,57,전라남도 여수시 304-75,010-2274-1265,스크래치 프로그램 만들기
10688,오소율,64,서울특별시 강서구 281-97,010-2535-5507,게임
10689,송선자,78,대구광역시 수성구 985-33,010-2763-4811,책 클럽
10690,전정우,79,서울특별시 은평구 373-67,010-6113-5186,피크닉
10691,안로운,57,부산광역시 북구 478-94,010-6350-2587,캘리그라피
10692,강성호,48,충청북도 충주시 328-7,010-8720-5893,시뮬레이션 게임
10693,신창수,56,서울특별시 종로구 92-2,010-3834-8998,스포츠 카드 수집
10694,홍지율,67,경기도 평택시 994-13,010-1475-6545,디지털 사진 전시
10695,한나윤,47,울산광역시 동구 474-29,010-9169-2423,영화 제작
10696,홍복희,74,광주광역시 북구 848-26,010-1453-8863,모바일 촬영
10697,정종순,65,서울특별시 노원구 176-83,010-9051-3265,유튜브 보기
10698,이예은,78,부산광역시 동래구 72-9,010-5639-9582,집콕 놀이
10699,황윤서,75,서울특별시 중구 477-83,010-2322-5370,집콕 놀이
10700,송진호,43,서울특별시 서초구 142-67,010-2257-9871,독서
10701,오예준,43,부산광역시 해운대구 126-68,010-3343-7023,로봇 공학
10702,서지우,61,대구광역시 동구 451-54,010-6512-4449,헬스
10703,장재호,70,경상남도 양산시 654-89,010-6656-6561,독서
10704,이성민,26,서울특별시 성북구 294-83,010-5122-9528,필라테스
10705,한만수,38,부산광역시 사하구 821-79,010-8455-4977,일기 쓰기
10706,송서연,63,대구광역시 중구 681-81,010-5035-6755,보드게임
10707,박다은,68,경상북도 포항시 606-60,010-8852-2812,패션
10708,조다온,34,대구광역시 남구 218-37,010-3189-1574,음악감상
10709,신수아,33,부산광역시 금정구 430-19,010-1900-9286,펜팔
10710,강동수,37,부산광역시 영도구 861-61,010-8338-6519,낚시
10711,권예준,62,경상남도 거제시 685-86,010-5643-5523,디지털 아트
10712,이세호,54,울산광역시 남구 175-27,010-6520-9505,영화감상
10713,안예린,66,제주시 오라동 582-53,010-5120-7583,사진편집
10714,이병호,30,부산광역시 사상구 114-20,010-2871-2794,콜라주 아트
10715,박민준,20,충청북도 진천군 509-69,010-6650-3249,VR 게임
10716,권민준,58,경상북도 경주시 960-21,010-6061-4003,스트리트 댄스
10717,조채은,69,서울특별시 종로구 737-1,010-4995-2435,코딩
10718,최세아,43,울산광역시 울주군 709-4,010-4645-1957,시뮬레이션 게임
10719,전태현,47,경기도 용인시 처인구 376-7,010-2129-3280,골프
10720,권영희,39,경기도 수원시 팔달구 409-90,010-5981-7123,여행
10721,박명숙,22,전라남도 순천시 296-42,010-2201-1016,사진촬영
10722,윤서아,74,경상북도 김천시 249-31,010-2427-1145,유튜브 보기
10723,홍명훈,29,경기도 광명시 528-37,010-6859-9501,디지털 사진 전시
10724,최호철,38,경기도 광명시 27-96,010-8610-4678,보드게임
10725,서하윤,49,울산광역시 남구 342-82,010-5378-9666,배우기
10726,홍은우,75,부산광역시 남구 351-92,010-2481-3059,뜨개질
10727,한하윤,43,제주시 아라동 574-63,010-8341-5604,뜨개질
10728,최지한,69,경상북도 안동시 381-13,010-2905-1611,배우기
10729,윤주원,25,경기도 오산시 375-20,010-2235-6320,로봇 공학
10730,강희정,56,서울특별시 양천구 659-38,010-8687-4002,수채화 그리기
10731,장예은,72,서울특별시 광진구 10-38,010-7623-2406,게임
10732,서은우,45,제주시 아라동 278-53,010-2399-3118,낚시
10733,황동수,44,제주시 아라동 339-32,010-7629-4787,골프
10734,한채원,77,경기도 군포시 185-90,010-7490-5742,스크래치 프로그램 만들기
10735,조윤호,72,경기도 용인시 처인구 732-59,010-8113-5321,게임
10736,송도윤,63,대전광역시 동구 142-81,010-9098-5697,스크래치 프로그램 만들기
10737,전다빈,78,김해시 장유동 85-23,010-6980-5730,자원봉사
10738,정남수,51,부산광역시 남구 838-58,010-8434-8794,웹툰 그리기
10739,홍서준,27,경기도 성남시 분당구 324-45,010-1127-3463,자전거 타기
10740,조서연,53,제주시 아라동 32-62,010-7706-5175,헬스
10741,최세아,52,경상북도 경주시 369-81,010-2818-6227,요리
10742,임시윤,55,서울특별시 도봉구 934-55,010-4097-3987,플로리스트
10743,김순자,64,서울특별시 마포구 569-35,010-3814-2107,카페 투어
10744,박영희,60,부산광역시 중구 714-36,010-5512-1146,콜라주 아트
10745,홍순영,55,서울특별시 성북구 148-49,010-6131-9771,웹서핑
10746,서희정,45,전라북도 익산시 335-19,010-3830-4843,피크닉
10747,권현철,64,경기도 화성시 582-80,010-2048-2416,골프
10748,조건우,36,서울특별시 강남구 218-91,010-6127-9927,자원봉사
10749,송명자,49,부산광역시 기장군 55-78,010-3803-3217,콜라주 아트
10750,이숙자,70,제주시 연동 825-27,010-3010-4713,피크닉
10751,권유하,27,대전광역시 동구 638-2,010-6478-3539,미술관 관람
10752,서옥희,59,서울특별시 광진구 98-94,010-6241-7087,캘리그라피
10753,오상호,47,세종특별자치시 조치원읍 624-61,010-1518-5671,스트리트 댄스
10754,안민준,77,부산광역시 사하구 771-6,010-9001-2506,수채화 그리기
10755,오채은,72,대구광역시 동구 449-34,010-1636-2228,자전거 타기
10756,장건우,50,용인시 수지구 풍덕천동 830-58,010-4884-3209,게임
10757,황채은,24,경기도 시흥시 745-22,010-2479-9066,생활 해킹
10758,홍시윤,32,서울특별시 관악구 663-43,010-8365-4956,여행
10759,임하윤,76,울산광역시 동구 396-66,010-2066-9480,사진편집
10760,정남수,56,충청북도 충주시 968-21,010-2918-9133,시뮬레이션 게임
10761,홍다은,61,부산광역시 기장군 709-60,010-1228-3115,시뮬레이션 게임
10762,김말자,59,서울특별시 강동구 380-60,010-5046-2025,배드민턴
10763,이현철,73,대구광역시 서구 260-89,010-1122-8857,낚시
10764,조재영,32,인천광역시 중구 477-8,010-6462-6698,모바일 촬영
10765,송영자,54,부산광역시 기장군 750-94,010-9337-1998,모바일 촬영
10766,윤정자,73,경상남도 양산시 211-6,010-7885-1315,카페 투어
10767,홍정우,28,부산광역시 강서구 961-44,010-4484-9081,자전거 타기
10768,정서진,40,경상북도 포항시 83-37,010-9900-7507,음악감상
10769,권춘식,51,제주시 이도이동 217-62,010-2620-1241,캠핑
10770,박유진,63,대전광역시 중구 27-98,010-5970-3166,자원봉사
10771,조말자,45,강원도 춘천시 637-22,010-2377-2284,웹서핑
10772,임성호,67,광주광역시 남구 440-49,010-9802-2567,낚시
10773,임미영,26,서울특별시 종로구 90-69,010-6672-4616,웹툰 그리기
10774,임지민,77,대전광역시 서구 69-75,010-8683-4859,디지털 콘텐츠 제작
10775,신현철,41,서울특별시 서대문구 186-53,010-9503-5436,피크닉
10776,신정우,21,부산광역시 해운대구 781-53,010-7164-5823,웹툰 그리기
10777,박진호,52,경기도 오산시 779-56,010-7564-4504,퍼즐 맞추기
10778,김은숙,62,서울특별시 중랑구 540-87,010-7567-1651,독서
10779,박서연,20,충청남도 천안시 3-93,010-1288-5778,디지털 아트
10780,강복희,34,울산광역시 남구 422-7,010-4293-9900,사진촬영
10781,장정숙,22,경기도 수원시 장안구 128-13,010-6029-5938,여행
10782,홍기영,75,대전광역시 대덕구 253-0,010-5379-1081,배우기
10783,홍도윤,44,제주시 노형동 20-0,010-7033-4171,음악감상
10784,전윤서,68,서울특별시 영등포구 394-65,010-6611-2561,콜라주 아트
10785,황주아,67,울산광역시 동구 130-43,010-6490-5017,스크래치 프로그램 만들기
10786,송하람,79,강원도 원주시 540-33,010-6405-6292,필라테스
10787,임소율,46,경상남도 양산시 597-31,010-6449-3960,여행
10788,조명자,52,충청북도 진천군 401-26,010-1533-4166,펜팔
10789,권세아,63,울산광역시 남구 514-75,010-9608-4046,보드게임
10790,이주영,46,서울특별시 송파구 70-92,010-5398-7612,웹서핑
10791,황서준,55,경기도 수원시 장안구 171-56,010-7640-3122,콜라주 아트
10792,황하율,33,강원도 춘천시 738-62,010-8923-3950,패션
10793,송현철,58,부천시 상동 895-74,010-5055-4771,영화감상
10794,조우진,68,경상북도 포항시 567-38,010-8356-1852,DIY
10795,박순희,58,부산광역시 사상구 393-95,010-2881-6188,캔들 만들기
10796,임수아,35,광주광역시 광산구 587-9,010-8670-5058,영화감상
10797,박복자,44,경상북도 김천시 29-68,010-3899-9014,피크닉
10798,윤경자,47,대전광역시 동구 498-38,010-3439-2432,명상
10799,송현서,57,부산광역시 연제구 482-13,010-1842-2050,수채화 그리기
10800,권영희,31,울산광역시 울주군 527-83,010-6056-7726,보드게임
10801,이정우,27,서울특별시 송파구 92-64,010-1606-7312,등산
10802,안하율,43,충청남도 아산시 707-63,010-6155-1368,카페 투어
10803,송시윤,37,제주시 아라동 914-31,010-5922-3737,시뮬레이션 게임
10804,권찬우,60,서울특별시 노원구 671-89,010-5358-5996,테니스
10805,장순자,63,성남시 분당구 정자동 917-24,010-7045-6285,헬스
10806,전형민,52,경기도 시흥시 265-40,010-2735-4101,독서
10807,신숙자,77,부산광역시 서구 784-35,010-7051-3744,디지털 사진 전시
10808,전다은,54,경기도 용인시 기흥구 868-16,010-9292-8743,시뮬레이션 게임
10809,황호철,70,경기도 수원시 팔달구 707-8,010-9818-6381,플로리스트
10810,황하연,33,서울특별시 관악구 923-54,010-9052-1739,게임 방송
10811,한다빈,29,제주시 아라동 945-12,010-6138-7223,퍼즐 맞추기
10812,강현우,44,세종특별자치시 아름동 380-46,010-2361-2089,영화 제작
10813,신만수,25,울산광역시 울주군 935-49,010-5137-8860,봉사활동
10814,김병호,72,부산광역시 북구 26-3,010-6017-9302,배드민턴
10815,송유하,43,경기도 안양시 만안구 71-95,010-2996-4231,모바일 촬영
10816,황영희,63,서울특별시 구로구 271-20,010-3388-4992,수영
10817,윤명훈,25,대전광역시 중구 597-67,010-9037-5878,플로리스트
10818,오영자,74,강원도 홍천군 281-87,010-8021-8936,코딩
10819,송정희,66,제주시 오라동 551-69,010-6938-6201,드로잉
10820,최창수,60,부산광역시 기장군 930-46,010-6862-5597,웹서핑
10821,한병호,69,서울특별시 구로구 89-66,010-4533-7190,배드민턴
10822,오다은,64,제주시 신제주 838-55,010-1358-1659,스트리트 댄스
10823,황복자,59,경기도 수원시 장안구 759-94,010-7382-5298,배우기
10824,황지율,31,경상북도 포항시 147-3,010-3352-9566,생활 해킹
10825,오시윤,58,경기도 군포시 676-57,010-4650-5600,스키
10826,최지호,66,경기도 의정부시 477-66,010-3912-5019,시뮬레이션 게임
10827,오철수,29,부산광역시 북구 795-9,010-2143-3942,마인드맵 만들기
10828,황하람,66,제주시 신제주 178-41,010-1791-4318,보드게임
10829,송정자,32,경기도 성남시 수정구 469-31,010-3347-3700,뜨개질
10830,전철수,52,경기도 고양시 일산동구 146-10,010-2401-4775,명상
10831,장하진,39,경기도 화성시 258-73,010-4051-3899,배드민턴
10832,김선자,76,서울특별시 광진구 811-20,010-4559-4411,시뮬레이션 게임
10833,최서아,29,인천광역시 계양구 806-15,010-7852-3093,디지털 콘텐츠 제작
10834,전춘자,54,충청남도 공주시 670-42,010-5316-2768,유튜브 보기
10835,윤유하,59,서울특별시 동작구 948-14,010-4492-1136,영화감상
10836,홍영일,70,강원도 평창군 277-84,010-9333-9007,피크닉
10837,박준서,68,인천광역시 남동구 804-56,010-1891-4338,요리
10838,임정숙,40,부천시 원미구 중동 254-58,010-3164-2778,헬로윈 파티 준비
10839,안성민,61,경기도 시흥시 33-15,010-9525-2031,음악감상
10840,안춘식,61,부산광역시 동구 793-22,010-9873-2938,웹서핑
10841,한숙자,39,인천광역시 부평구 583-58,010-8436-5588,낚시
10842,윤성자,45,인천광역시 중구 604-84,010-5139-1498,웹서핑
10843,권지한,54,대구광역시 수성구 210-40,010-8773-4952,디지털 콘텐츠 제작
10844,조종순,54,경상북도 안동시 826-1,010-4602-1958,디지털 일러스트
10845,정주원,60,경상남도 통영시 888-8,010-7959-5448,배우기
10846,황채은,67,성남시 분당구 정자동 304-2,010-3386-6871,유튜브 보기
10847,안태현,35,서울특별시 금천구 370-20,010-9356-2935,시뮬레이션 게임
10848,정성자,47,인천광역시 동구 30-32,010-2723-8740,코딩
10849,권우진,48,서울특별시 중구 838-28,010-3831-7966,사진편집
10850,안춘희,24,서울특별시 종로구 243-79,010-1426-3045,DIY
10851,윤시윤,61,강원도 양양군 919-88,010-6149-5464,뜨개질
10852,전창수,27,강원도 홍천군 131-74,010-3253-2311,플로리스트
10853,전동수,58,경기도 시흥시 930-92,010-5390-1122,스키
10854,황시윤,56,경기도 안산시 상록구 759-31,010-4987-2519,캔들 만들기
10855,박복희,34,경기도 성남시 수정구 44-91,010-5869-2168,디지털 일러스트
10856,송민준,31,광주광역시 광산구 374-70,010-2262-4702,뜨개질
10857,황은채,55,경상남도 거제시 619-24,010-2702-5729,헬스
10858,서영수,31,전라남도 여수시 890-77,010-5900-6005,모바일 촬영
10859,장주원,23,경기도 고양시 덕양구 678-80,010-9482-6975,보드게임
10860,서재영,65,울산광역시 북구 744-98,010-9210-7358,음악감상
10861,전기석,69,경상남도 김해시 592-37,010-1010-5960,골프
10862,서태윤,32,경기도 성남시 수정구 376-29,010-4987-3653,배우기
10863,이지호,43,경기도 성남시 분당구 81-89,010-4462-2388,스크래치 프로그램 만들기
10864,박지우,57,부산광역시 서구 199-0,010-6792-8760,VR 게임
10865,신정희,69,제주시 아라동 283-22,010-4253-8857,영화 제작
10866,조지후,73,경기도 안산시 단원구 27-63,010-7439-2909,게임 방송
10867,최정호,60,광주광역시 동구 757-8,010-2452-8265,퍼즐 맞추기
10868,신명훈,67,김해시 장유동 132-43,010-8232-6281,퍼즐 맞추기
10869,송창수,31,강원도 양양군 325-49,010-5761-7614,펜팔
10870,장순영,37,광주광역시 광산구 686-19,010-9851-1137,피크닉
10871,권민서,25,경기도 수원시 팔달구 630-76,010-4011-6151,운동
10872,장하윤,33,경기도 안산시 상록구 99-30,010-9577-1048,웹툰 그리기
10873,신주아,53,충청북도 충주시 289-82,010-7484-8963,게임 방송
10874,권순자,32,경상북도 포항시 627-74,010-1037-3193,모바일 게임 개발
10875,이소율,56,서울특별시 송파구 819-73,010-1474-4708,플로리스트
10876,전유하,25,광주광역시 서구 218-68,010-6673-4875,미술관 관람
10877,이상민,32,서울특별시 양천구 816-73,010-2624-9973,스트리밍
10878,강성자,54,서울특별시 동작구 972-45,010-8454-8309,배우기
10879,황예은,77,부산광역시 부산진구 321-58,010-9364-5427,캔들 만들기
10880,안미영,52,서울특별시 마포구 92-39,010-3768-5149,헬로윈 파티 준비
10881,정춘식,26,전라남도 순천시 887-45,010-6993-3880,골프
10882,박병호,38,부산광역시 기장군 203-52,010-1244-5100,음악감상
10883,오서연,34,전라북도 군산시 130-22,010-4005-1876,게임
10884,신복자,64,강원도 원주시 841-73,010-8332-7554,자원봉사
10885,전준서,73,광주광역시 남구 530-23,010-2611-2897,테니스
10886,안명훈,68,서울특별시 구로구 948-2,010-4070-2875,디지털 아트
10887,정종순,72,세종특별자치시 도담동 134-6,010-5468-9589,요리
10888,임진숙,55,전라남도 여수시 523-53,010-3172-4988,스키
10889,임창수,59,강원도 동해시 913-13,010-7883-1408,카페 투어
10890,홍춘희,65,대전광역시 유성구 115-37,010-7318-5162,도예
10891,김민수,59,서울특별시 마포구 478-58,010-7187-7152,캠핑
10892,서지율,37,충청북도 충주시 707-85,010-2782-9195,사진촬영
10893,박하람,63,전라남도 광양시 940-10,010-6118-7130,모바일 촬영
10894,박숙자,62,인천광역시 동구 336-86,010-2685-2565,독서
10895,권정희,25,경기도 파주시 167-64,010-8987-5278,필라테스
10896,오서아,52,충청남도 공주시 872-38,010-4603-7727,낚시
10897,박다온,54,전라남도 여수시 469-17,010-4153-2460,자원봉사
10898,홍민수,24,부산광역시 남구 813-88,010-1090-8976,책 클럽
10899,조은채,20,부천시 상동 385-48,010-3581-6523,유튜브 보기
10900,오현우,22,경상북도 김천시 840-83,010-7637-4024,DIY
10901,이명자,58,경기도 용인시 수지구 481-59,010-8735-7923,책 클럽
10902,김형민,74,전라남도 나주시는 542-97,010-5644-2291,헬로윈 파티 준비
10903,권순자,52,경기도 고양시 일산동구 696-50,010-2389-3426,게임 방송
10904,이시우,27,서울특별시 광진구 51-55,010-6007-3001,뜨개질
10905,강은채,47,대구광역시 서구 527-80,010-8705-4699,사진편집
10906,황다온,52,인천광역시 남동구 960-58,010-3841-7799,웹서핑
10907,이하은,67,서울특별시 서초구 625-12,010-2232-5011,명상
10908,박수빈,40,부산광역시 남구 339-59,010-3468-8737,피크닉
10909,조만수,78,경상남도 양산시 379-8,010-8626-8141,영화 제작
10910,김재훈,27,광주광역시 광산구 42-66,010-8695-2160,디지털 일러스트
10911,정말자,76,충청남도 아산시 749-40,010-7826-1548,사진편집
10912,서예린,35,경상남도 진주시 6-35,010-3299-4475,수채화 그리기
10913,박나윤,74,강원도 태백시 606-61,010-7857-4270,플라워 아트
10914,오성호,36,서울특별시 중랑구 259-84,010-2755-7221,배드민턴
10915,신민준,42,인천광역시 서구 241-6,010-8136-6342,스트리밍
10916,신현진,31,서울특별시 강서구 628-18,010-7339-4335,필라테스
10917,최말옥,76,경기도 성남시 수정구 400-97,010-8996-2844,스포츠 카드 수집
10918,한지율,33,부산광역시 사상구 48-35,010-6055-5429,비즈 공예
10919,이영자,26,부산광역시 부산진구 363-42,010-3804-7576,스키
10920,한채은,38,경기도 의정부시 27-97,010-3762-4346,모바일 촬영
10921,최예린,68,제주시 오라동 377-81,010-6010-5539,디지털 콘텐츠 제작
10922,최상민,73,경상북도 경주시 980-43,010-3055-4788,사진촬영
10923,김유진,70,경기도 군포시 258-85,010-1417-5720,골프
10924,한정호,69,서울특별시 강남구 212-16,010-8748-9907,펜팔
10925,윤유하,62,경상남도 밀양시 886-45,010-3432-7817,DIY
10926,강로운,60,서울특별시 중구 98-57,010-3414-5333,영화감상
10927,오찬우,44,인천광역시 부평구 153-53,010-9795-8256,명상
10928,안순자,25,세종특별자치시 조치원읍 146-10,010-8001-9710,보드게임
10929,권민준,62,경기도 성남시 분당구 141-50,010-8879-2182,등산
10930,권태수,27,서울특별시 구로구 396-13,010-9494-9560,플로리스트
10931,김로운,74,경상남도 양산시 698-62,010-8524-6086,배드민턴
10932,전서연,60,대구광역시 달성군 328-34,010-5910-3813,골프
10933,서지호,75,대전광역시 서구 698-11,010-4566-6343,로봇 공학
10934,전나윤,69,대구광역시 동구 925-53,010-9663-5303,펜팔
10935,임서준,47,서울특별시 강서구 578-15,010-8564-1872,영화감상
10936,정정우,45,광주광역시 광산구 643-76,010-5920-6405,낚시
10937,임주아,64,울산광역시 북구 626-72,010-8291-7339,여행
10938,한선자,26,세종특별자치시 아름동 499-1,010-5233-1629,캘리그라피
10939,장민준,70,서울특별시 구로구 500-44,010-2144-4766,영화 제작
10940,신윤서,35,전라남도 순천시 896-90,010-8965-1038,스키
10941,홍서아,60,서울특별시 은평구 656-44,010-2294-9694,보드게임
10942,조소율,54,충청남도 아산시 844-83,010-1548-1759,플로리스트
10943,송명자,37,전라북도 익산시 509-43,010-4806-2529,일기 쓰기
10944,장현진,27,부산광역시 해운대구 47-72,010-6557-1030,디지털 사진 전시
10945,홍세호,40,경기도 광주시 279-38,010-4977-2974,봉사활동
10946,임기영,46,부산광역시 강서구 638-89,010-3822-6703,모바일 촬영
10947,정기영,37,전라남도 순천시 331-65,010-2511-7076,음악감상
10948,이우진,33,서울특별시 금천구 579-90,010-2056-7031,패션
10949,황서아,54,부산광역시 북구 278-32,010-6409-7027,집콕 놀이
10950,이경자,39,경상남도 진주시 221-81,010-8965-4909,웹서핑
10951,서하율,40,서울특별시 관악구 689-48,010-2060-5842,플로리스트
10952,정재영,61,충청북도 진천군 38-10,010-4409-4070,패션
10953,윤재영,21,서울특별시 서대문구 850-13,010-6185-9843,책 클럽
10954,권영자,43,대구광역시 달서구 445-30,010-7887-7280,애니메이션 제작
10955,안순자,67,세종특별자치시 한솔동 104-3,010-9972-6399,캔들 만들기
10956,윤희정,22,경상북도 경주시 929-12,010-1818-2407,카페 투어
10957,장주영,38,부산광역시 사하구 23-14,010-3313-6366,낚시
10958,신경자,28,서울특별시 광진구 657-4,010-5672-2037,비즈 공예
10959,전도윤,21,대전광역시 서구 105-55,010-9078-1402,보드게임
10960,안예준,58,전라북도 익산시 653-47,010-5921-5327,골프
10961,조하람,72,울산광역시 북구 492-98,010-8441-5118,유튜브 보기
10962,조하연,54,경기도 파주시 659-66,010-4459-8126,책 클럽
10963,조숙자,55,대전광역시 유성구 391-80,010-1876-3442,미술관 관람
10964,권예은,51,서울특별시 성북구 46-34,010-5723-2593,콜라주 아트
10965,정복희,72,경기도 시흥시 29-4,010-1764-1691,시뮬레이션 게임
10966,장춘식,32,부산광역시 부산진구 663-30,010-2763-9566,봉사활동
10967,황유하,58,경상남도 밀양시 46-93,010-9464-9663,등산
10968,서하은,34,경기도 군포시 193-28,010-6542-9084,요가
10969,안만수,46,서울특별시 용산구 741-1,010-5186-8853,수채화 그리기
10970,강서준,46,부산광역시 해운대구 259-6,010-4547-8938,디지털 콘텐츠 제작
10971,황우진,38,전라남도 광양시 944-62,010-6482-5348,DIY
10972,전재호,71,강원도 원주시 323-91,010-2220-9643,수채화 그리기
10973,윤하윤,52,대전광역시 대덕구 157-85,010-1021-7346,운동
10974,신서준,69,부산광역시 서구 641-0,010-8492-9931,모바일 게임 개발
10975,홍다빈,48,경기도 고양시 일산동구 876-87,010-7857-3603,생활 해킹
10976,황민서,28,강원도 강릉시 612-64,010-4173-8734,수채화 그리기
10977,황종순,60,충청남도 논산시 616-62,010-6815-5417,보드게임
10978,전경자,36,경기도 광명시 490-15,010-6734-3483,모바일 촬영
10979,조민준,74,서울특별시 강남구 107-30,010-3273-8840,스트리트 댄스
10980,강건우,25,대구광역시 남구 110-83,010-5045-4848,헬로윈 파티 준비
10981,서로운,39,울산광역시 중구 329-8,010-2314-7014,웹서핑
10982,이재영,65,울산광역시 남구 561-77,010-9258-6069,카페 투어
10983,홍말순,33,대전광역시 대덕구 98-24,010-8909-4561,카페 투어
10984,신수아,26,경상북도 김천시 835-55,010-8880-7514,DIY
10985,서정희,69,대구광역시 수성구 202-9,010-3658-4696,영화감상
10986,황성자,67,인천광역시 계양구 189-67,010-3174-5449,모바일 촬영
10987,정복자,60,서울특별시 양천구 327-49,010-1830-1758,모바일 게임 개발
10988,강복자,27,서울특별시 관악구 56-7,010-2091-1975,요가
10989,전지원,59,경기도 평택시 170-53,010-5719-4625,필라테스
10990,김말옥,27,경기도 수원시 장안구 137-67,010-9617-1782,등산
10991,이정호,75,경상남도 밀양시 713-17,010-6819-4492,집콕 놀이
10992,장광호,69,경기도 화성시 957-43,010-2227-9872,카페 투어
10993,정기영,60,강원도 홍천군 748-56,010-7831-7022,책 클럽
10994,황윤서,32,전라남도 나주시는 418-14,010-7913-4314,필라테스
10995,안하람,23,서울특별시 중랑구 582-28,010-4331-8392,웹툰 그리기
10996,강정희,53,대전광역시 서구 772-28,010-5058-8835,수채화 그리기
10997,조영자,63,세종특별자치시 아름동 147-7,010-4210-5287,영화 제작
10998,오명숙,32,부산광역시 금정구 908-56,010-5306-3959,일기 쓰기
10999,장성호,48,광주광역시 서구 697-59,010-8504-8137,미술관 관람
11000,권현진,23,경기도 안양시 동안구 142-5,010-5256-6542,운동
11001,임윤호,40,충청남도 공주시 652-27,010-8246-4487,사진편집
11002,신남수,64,충청북도 진천군 587-6,010-3704-5856,요가
11003,조은숙,74,대구광역시 달성군 283-52,010-5157-5981,로봇 공학
11004,신시윤,75,용인시 수지구 풍덕천동 378-96,010-3296-7713,스키
11005,권시윤,56,울산광역시 동구 812-8,010-2797-9543,플라워 아트
11006,김명자,51,서울특별시 종로구 616-1,010-1208-6059,유튜브 보기
11007,강은채,60,서울특별시 마포구 356-46,010-1091-6624,사진편집
11008,송옥희,22,서울특별시 성북구 426-82,010-1012-1795,웹서핑
11009,한윤호,30,경기도 용인시 수지구 152-39,010-5893-7374,유튜브 보기
11010,장성자,65,서울특별시 서대문구 889-41,010-4827-3368,여행
11011,안주영,70,경상북도 경주시 698-22,010-2206-8474,자원봉사
11012,최혜숙,79,광주광역시 동구 557-0,010-2946-1060,자전거 타기
11013,박순자,24,경기도 파주시 540-82,010-6008-4341,벽화 그리기
11014,강예린,61,전라남도 여수시 82-43,010-3660-5682,유튜브 보기
11015,김민서,54,경상남도 진주시 996-13,010-1278-4767,디지털 콘텐츠 제작
11016,윤순희,44,경상북도 포항시 427-58,010-8175-1637,펜팔
11017,홍윤서,22,경상남도 창녕군 522-94,010-8659-1058,카페 투어
11018,전기석,61,경기도 안양시 만안구 619-56,010-4932-9508,유튜브 보기
11019,김채은,49,경기도 안산시 단원구 467-59,010-5837-6676,스트리트 댄스
11020,안현진,40,서울특별시 서대문구 910-41,010-1900-5188,게임 방송
11021,윤정우,41,경기도 의정부시 572-76,010-6676-8642,애니메이션 제작
11022,임상민,49,충청남도 아산시 984-78,010-3450-5696,집콕 놀이
11023,송재영,67,서울특별시 서초구 494-34,010-1491-9767,스포츠 카드 수집
11024,장우진,65,서울특별시 구로구 744-49,010-3480-2163,영화 제작
11025,강서진,62,서울특별시 서대문구 756-42,010-3255-6228,디지털 콘텐츠 제작
11026,전시헌,79,제주시 아라동 808-54,010-1903-6171,마인드맵 만들기
11027,임하율,48,충청북도 진천군 414-25,010-5761-8047,모바일 게임 개발
11028,오예준,34,서울특별시 성동구 408-73,010-9445-8378,시뮬레이션 게임
11029,이하람,26,인천광역시 부평구 354-66,010-5384-8882,보드게임
11030,안지우,53,경상남도 사천시 940-44,010-8386-2155,책 클럽
11031,안세아,65,대전광역시 중구 952-27,010-9429-5093,요리
11032,박선자,38,서울특별시 도봉구 258-61,010-5374-2803,스트리밍
11033,최영수,58,경상북도 김천시 760-39,010-2079-5450,캠핑
11034,한민준,39,제주시 노형동 153-73,010-6512-3916,VR 게임
11035,정시윤,39,경기도 안양시 동안구 464-97,010-6186-4434,퍼즐 맞추기
11036,홍재호,75,대구광역시 동구 743-53,010-3105-3006,게임
11037,윤경자,22,서울특별시 성북구 779-59,010-4216-1237,웹툰 그리기
11038,박병호,23,서울특별시 중랑구 479-56,010-3112-7248,일기 쓰기
11039,임지호,58,부산광역시 사하구 473-37,010-2411-4610,등산
11040,정만수,62,광주광역시 광산구 736-61,010-2096-9333,테니스
11041,송세아,30,충청남도 논산시 450-98,010-5337-3279,일기 쓰기
11042,전소율,22,경상북도 구미시 37-84,010-8093-5111,보드게임
11043,송기영,20,제주시 이도이동 62-59,010-8504-7824,DIY
11044,임정우,67,대구광역시 달서구 387-48,010-2173-3306,운동
11045,서만수,35,서울특별시 은평구 326-84,010-7385-4048,퍼즐 맞추기
11046,김희정,29,경기도 용인시 처인구 925-83,010-7868-1551,집콕 놀이
11047,서채원,74,경상남도 양산시 820-8,010-7193-3724,카페 투어
11048,강정자,24,인천광역시 연수구 341-4,010-2455-2454,비즈 공예
11049,오정숙,35,세종특별자치시 아름동 528-17,010-1406-5313,도예
11050,홍서아,36,경상남도 김해시 666-34,010-2224-5316,등산
11051,윤시헌,71,대전광역시 동구 883-66,010-8481-7577,독서
11052,김서진,49,대전광역시 서구 138-66,010-6199-7220,비즈 공예
11053,강태수,48,부산광역시 수영구 300-68,010-9806-9273,요리
11054,전세아,73,경기도 의정부시 172-51,010-9107-6930,스크래치 프로그램 만들기
11055,박상민,29,부산광역시 해운대구 187-45,010-4126-1323,웹툰 그리기
11056,오유하,75,대구광역시 북구 423-78,010-9935-6927,스트리밍
11057,서승호,51,부산광역시 금정구 788-94,010-6602-2961,생활 해킹
11058,조복자,33,경기도 오산시 494-21,010-6367-3849,영화감상
11059,김태윤,45,서울특별시 성동구 54-91,010-1911-9295,게임
11060,김정호,69,서울특별시 송파구 180-36,010-7491-6896,요리
11061,강찬우,40,전라북도 익산시 977-93,010-3831-3806,집콕 놀이
11062,박형민,30,서울특별시 강서구 962-90,010-4068-7314,모바일 게임 개발
11063,박시헌,30,대전광역시 서구 458-64,010-8702-8492,낚시
11064,오숙자,49,인천광역시 서구 232-12,010-3905-6035,등산
11065,황현진,40,경기도 파주시 299-44,010-4973-8230,펜팔
11066,신유진,76,부산광역시 동구 547-12,010-7131-8296,모바일 촬영
11067,권예은,52,대전광역시 중구 463-76,010-4064-2786,미술관 관람
11068,정영수,27,전라남도 나주시는 428-18,010-6567-5115,봉사활동
11069,권하율,77,충청남도 논산시 640-61,010-3700-3654,여행
11070,황순희,66,경기도 수원시 장안구 266-26,010-5123-9698,게임 방송
11071,전성호,61,전라북도 전주시 581-22,010-1209-7345,도예
11072,조서진,55,경기도 성남시 분당구 518-91,010-1075-3453,DIY
11073,최정순,44,경상남도 김해시 92-90,010-4565-2378,스키
11074,안수아,59,전라북도 군산시 258-96,010-4644-7567,뜨개질
11075,오성호,21,서울특별시 서초구 578-63,010-3765-6588,모바일 게임 개발
11076,정로운,54,경기도 화성시 189-50,010-3760-6290,배드민턴
11077,권준호,33,울산광역시 북구 723-16,010-4638-2446,뜨개질
11078,윤지원,70,충청북도 청주시 957-87,010-7618-4033,모바일 게임 개발
11079,오선자,22,전라남도 나주시는 427-45,010-5627-7855,보드게임
11080,윤진숙,20,충청북도 진천군 232-35,010-4271-3127,골프
11081,김하은,64,경기도 평택시 561-43,010-4794-9124,플로리스트
11082,강말옥,61,충청남도 천안시 588-73,010-9075-5135,벽화 그리기
11083,홍하진,22,광주광역시 서구 564-95,010-7195-1661,일기 쓰기
11084,오재영,47,세종특별자치시 조치원읍 911-42,010-1179-1849,수영
11085,황동수,77,경상북도 포항시 847-82,010-2567-1573,DIY
11086,한재호,57,부천시 상동 995-82,010-4491-2893,사진촬영
11087,서지율,36,인천광역시 부평구 755-39,010-3011-1254,미술관 관람
11088,신유하,65,세종특별자치시 아름동 732-2,010-4704-9876,독서
11089,김만수,29,대구광역시 수성구 943-74,010-8744-2565,수채화 그리기
11090,정하은,67,인천광역시 연수구 662-79,010-4591-1677,독서
11091,정지후,32,세종특별자치시 조치원읍 897-40,010-2701-2105,플로리스트
11092,권옥희,66,서울특별시 동대문구 239-92,010-1813-2892,보드게임
11093,최영일,56,제주시 노형동 566-76,010-8925-1049,미술관 관람
11094,장유하,49,경상남도 양산시 103-77,010-2687-1691,디지털 사진 전시
11095,정지율,59,대구광역시 중구 486-80,010-3116-5221,마인드맵 만들기
11096,강영자,60,전라남도 목포시 884-30,010-4480-2695,요리
11097,정순희,62,서울특별시 송파구 318-72,010-1969-1507,배우기
11098,최재영,48,강원도 홍천군 291-59,010-1609-5580,로봇 공학
11099,임소율,42,제주시 이도이동 878-69,010-2392-4893,마인드맵 만들기
11100,홍지율,64,서울특별시 성동구 963-54,010-4219-4233,퍼즐 맞추기
11101,윤정우,69,부산광역시 연제구 405-3,010-7971-3680,캔들 만들기
11102,최수빈,64,인천광역시 동구 933-46,010-4203-5560,스포츠 카드 수집
11103,황시우,54,경기도 용인시 기흥구 659-13,010-5903-1699,낚시
11104,오유진,22,경상남도 양산시 869-21,010-5133-1473,게임 방송
11105,송형민,29,경상남도 통영시 91-87,010-3904-9345,디지털 일러스트
11106,박지한,44,경상남도 밀양시 801-60,010-5712-5769,보드게임
11107,안창수,76,전라남도 여수시 652-43,010-5693-3005,웹툰 그리기
11108,윤주영,59,경기도 안양시 동안구 876-37,010-7978-3315,배드민턴
11109,장서연,58,서울특별시 마포구 997-45,010-9328-3280,음악감상
11110,홍종순,72,대구광역시 수성구 768-29,010-5078-4675,음악감상
11111,임상호,22,전라북도 전주시 100-12,010-9350-8280,영화감상
11112,임정우,47,강원도 속초시 880-54,010-1175-2799,웹툰 그리기
11113,권기석,29,부산광역시 영도구 587-67,010-2703-2116,봉사활동
11114,황소율,68,충청남도 천안시 765-77,010-6789-9101,뜨개질
11115,권다온,41,경기도 안양시 만안구 121-74,010-8515-7745,디지털 아트
11116,조건우,57,강원도 원주시 125-39,010-3648-5913,모바일 촬영
11117,황창수,74,경상남도 통영시 735-48,010-3782-5336,낚시
11118,서민수,35,부산광역시 해운대구 279-53,010-3780-3552,수영
11119,홍춘자,76,충청북도 진천군 192-49,010-5458-4818,드로잉
11120,윤하율,50,울산광역시 동구 132-48,010-5667-9170,모바일 촬영
11121,이소율,25,대전광역시 동구 544-68,010-4001-9735,등산
11122,최복희,44,서울특별시 은평구 625-34,010-6216-6623,웹툰 그리기
11123,최경자,26,경기도 용인시 수지구 561-84,010-8458-5220,독서
11124,서혜숙,25,대전광역시 서구 64-25,010-7642-8934,콜라주 아트
11125,이기석,76,경기도 용인시 수지구 498-71,010-1644-2180,플라워 아트
11126,서준호,68,경기도 안양시 동안구 413-69,010-3317-2727,캘리그라피
11127,장현우,27,대구광역시 수성구 732-37,010-5951-2864,퍼즐 맞추기
11128,전순영,66,강원도 홍천군 156-47,010-9499-1381,패션
11129,한명자,60,울산광역시 중구 898-74,010-6017-6776,캘리그라피
11130,강복자,36,서울특별시 도봉구 627-88,010-6577-8759,요가
11131,윤지원,61,인천광역시 동구 136-47,010-1641-9227,뜨개질
11132,신미영,73,대구광역시 중구 209-37,010-9604-4615,필라테스
11133,황숙자,70,서울특별시 동대문구 302-48,010-3652-9013,스포츠 카드 수집
11134,오지호,24,경기도 광주시 169-41,010-2206-2082,모바일 게임 개발
11135,조은숙,64,부산광역시 부산진구 906-69,010-4699-1010,여행
11136,김순희,26,울산광역시 북구 813-61,010-1772-9394,벽화 그리기
11137,임윤서,39,경상남도 사천시 680-85,010-6434-4434,요리
11138,정복자,49,경기도 수원시 장안구 45-95,010-7112-3156,테니스
11139,권명훈,58,전라남도 여수시 515-12,010-3705-8628,로봇 공학
11140,박채원,55,부산광역시 영도구 488-46,010-7180-7519,사진촬영
11141,최정우,51,서울특별시 양천구 237-20,010-4613-7334,캠핑
11142,정준호,39,제주시 신제주 274-65,010-8455-6883,자원봉사
11143,이현우,53,서울특별시 광진구 149-40,010-7690-2047,보드게임
11144,임순희,37,서울특별시 강남구 191-25,010-8575-6598,콜라주 아트
11145,전정숙,54,경상남도 사천시 798-97,010-3692-9961,배우기
11146,윤나윤,37,경기도 고양시 일산동구 704-90,010-4862-4527,요리
11147,송경자,41,경상남도 양산시 390-25,010-9384-4652,유튜브 보기
11148,이정순,55,인천광역시 부평구 599-36,010-8422-7854,디지털 아트
11149,조소율,48,광주광역시 북구 107-64,010-2035-4624,시뮬레이션 게임
11150,전상호,48,경기도 성남시 분당구 968-31,010-9884-5132,스트리밍
11151,박종순,79,제주시 이도이동 309-57,010-1804-7430,사진편집
11152,송성민,23,부산광역시 기장군 7-7,010-1329-3185,여행
11153,김호철,55,경상북도 포항시 737-79,010-1678-7289,낚시
11154,한혜숙,50,인천광역시 서구 223-21,010-1537-3830,도예
11155,오상호,70,제주시 오라동 487-35,010-1615-8232,애니메이션 제작
11156,황정순,47,부천시 상동 55-30,010-9218-2725,캘리그라피
11157,홍현철,63,전라남도 목포시 372-10,010-6562-1431,게임 방송
11158,신호철,40,서울특별시 구로구 673-16,010-5996-6957,필라테스
11159,최경자,43,경상남도 사천시 917-37,010-4510-5933,등산
11160,안현철,55,경기도 수원시 팔달구 713-57,010-9987-7679,드로잉
11161,이경자,70,대구광역시 수성구 944-24,010-9054-2423,미술관 관람
11162,황춘희,23,인천광역시 남동구 527-9,010-7092-9698,유튜브 보기
11163,장다은,52,전라북도 익산시 682-81,010-9996-4501,DIY
11164,임나윤,27,세종특별자치시 도담동 747-51,010-7810-5884,웹서핑
11165,조순희,52,부산광역시 기장군 990-33,010-1127-7083,사진촬영
11166,조민수,28,서울특별시 강서구 180-20,010-6333-2465,시뮬레이션 게임
11167,장주영,24,부산광역시 사하구 753-93,010-4829-9078,보드게임
11168,안재호,71,대구광역시 서구 498-82,010-4266-5737,헬로윈 파티 준비
11169,송세호,35,경상남도 양산시 121-97,010-7147-9021,영화 제작
11170,권건우,33,인천광역시 부평구 685-56,010-3317-3273,골프
11171,한지민,30,서울특별시 도봉구 823-75,010-8553-4016,여행
11172,홍진호,53,인천광역시 서구 990-27,010-7029-6869,일기 쓰기
11173,강예은,70,강원도 동해시 953-53,010-8951-4128,스트리밍
11174,오재훈,62,광주광역시 북구 916-38,010-8926-6785,스포츠 카드 수집
11175,임종수,59,경기도 광주시 308-9,010-9694-4364,디지털 아트
11176,최예준,79,전라남도 순천시 993-66,010-7880-2564,디지털 사진 전시
11177,홍지호,71,서울특별시 송파구 12-70,010-1075-2987,플로리스트
11178,정윤호,76,부산광역시 사상구 37-84,010-9606-5133,헬스
11179,오준호,49,경상남도 통영시 435-66,010-2922-5751,스포츠 카드 수집
11180,홍유하,50,서울특별시 서대문구 679-21,010-2398-3711,DIY
11181,조다빈,72,경기도 안양시 만안구 333-2,010-1813-2470,퍼즐 맞추기
11182,오유하,52,경상남도 밀양시 136-66,010-5452-2344,책 클럽
11183,황시헌,74,서울특별시 관악구 748-91,010-1409-1435,뜨개질
11184,박형민,50,대구광역시 달서구 71-28,010-6657-5281,플로리스트
11185,홍경자,40,부산광역시 서구 498-35,010-5525-1161,독서
11186,조하은,71,경기도 고양시 일산동구 815-10,010-4668-2315,사진편집
11187,조태수,61,강원도 속초시 346-96,010-5779-2509,로봇 공학
11188,오영자,47,대구광역시 서구 140-8,010-4094-3035,코딩
11189,임다온,45,서울특별시 송파구 616-91,010-5785-4841,디지털 아트
11190,오유진,25,서울특별시 중랑구 587-52,010-7806-6174,영화 제작
11191,정혜숙,51,경기도 수원시 팔달구 988-35,010-5121-1101,책 클럽
11192,최진호,51,서울특별시 종로구 749-9,010-6127-9387,모바일 게임 개발
11193,권기영,40,경상북도 포항시 985-16,010-3233-2182,로봇 공학
11194,한서진,56,광주광역시 북구 482-59,010-6258-5437,집콕 놀이
11195,박정우,31,경기도 평택시 995-41,010-8744-7506,미술관 관람
11196,장승호,37,경상남도 양산시 487-87,010-5541-3730,카페 투어
11197,전다온,39,부산광역시 남구 752-66,010-8684-4290,시뮬레이션 게임
11198,전예준,70,경상북도 포항시 102-76,010-1680-1237,요리
11199,안주영,30,서울특별시 금천구 452-38,010-3014-3557,패션
11200,김춘식,77,부산광역시 사상구 400-12,010-2279-3397,수채화 그리기
11201,조태수,70,대구광역시 달성군 499-65,010-9554-4604,여행
11202,안현서,57,부산광역시 중구 152-30,010-6151-2608,디지털 아트
11203,서종수,61,인천광역시 미추홀구 456-40,010-5932-9345,독서
11204,오기석,69,전라북도 전주시 671-38,010-5965-9165,영화 제작
11205,이민수,77,광주광역시 북구 87-35,010-3397-2149,테니스
11206,강시우,22,부산광역시 부산진구 259-74,010-4404-4070,게임 방송
11207,최하율,38,경기도 광명시 933-42,010-4203-9368,캘리그라피
11208,박재호,28,김해시 장유동 843-63,010-5121-2721,마인드맵 만들기
11209,강예은,52,경상남도 거제시 668-42,010-9611-8105,헬스
11210,윤영수,68,광주광역시 광산구 320-68,010-2220-6742,영화감상
11211,전지율,54,전라북도 군산시 541-15,010-6123-1025,콜라주 아트
11212,서지후,37,전라남도 여수시 435-92,010-1248-1051,VR 게임
11213,김순영,28,울산광역시 울주군 607-5,010-3670-8642,자원봉사
11214,오미영,67,서울특별시 성동구 377-94,010-1100-4997,웹툰 그리기
11215,장춘자,52,부천시 상동 774-28,010-5656-5639,웹툰 그리기
11216,윤세아,42,서울특별시 동작구 958-20,010-7244-5962,캔들 만들기
11217,이영수,42,서울특별시 은평구 621-84,010-4744-8176,테니스
11218,김지민,28,강원도 평창군 292-5,010-4607-4733,스트리밍
11219,정유진,50,서울특별시 관악구 429-70,010-7967-4964,디지털 아트
11220,황건우,73,경기도 용인시 기흥구 969-73,010-3132-6695,뜨개질
11221,장채원,78,대전광역시 동구 879-93,010-3087-2116,영화감상
11222,한서진,59,김해시 장유동 983-97,010-1025-2889,요리
11223,신정순,46,충청북도 청주시 717-29,010-2905-1503,애니메이션 제작
11224,장영호,78,인천광역시 계양구 782-16,010-9103-3523,캔들 만들기
11225,장종수,62,경기도 시흥시 575-67,010-7920-9446,필라테스
11226,안유하,42,대전광역시 동구 312-19,010-5835-7887,미술관 관람
11227,오유하,48,김해시 장유동 373-88,010-8814-3347,스포츠 카드 수집
11228,신종수,51,인천광역시 연수구 60-52,010-8742-7904,퍼즐 맞추기
11229,송재영,59,충청북도 충주시 894-25,010-1139-1540,헬스
11230,윤예린,31,경기도 용인시 수지구 994-87,010-8919-9413,디지털 일러스트
11231,장성자,21,경상북도 구미시 478-3,010-5301-5873,봉사활동
11232,정민서,25,광주광역시 동구 314-39,010-6865-2557,시뮬레이션 게임
11233,황상호,70,강원도 태백시 325-46,010-3313-4798,카페 투어
11234,박연희,45,강원도 홍천군 990-39,010-3022-3520,카페 투어
11235,최명숙,43,충청남도 논산시 918-6,010-5410-1568,여행
11236,신수아,75,부산광역시 수영구 344-45,010-6045-6039,보드게임
11237,신서연,66,경상남도 진주시 401-23,010-9374-4391,일기 쓰기
11238,최춘식,43,광주광역시 동구 595-85,010-2070-5914,자전거 타기
11239,장종순,67,부산광역시 강서구 613-14,010-1617-1659,뜨개질
11240,황숙자,76,부천시 원미구 중동 819-52,010-5795-7077,뜨개질
11241,박지한,46,대구광역시 서구 834-89,010-8972-5885,플라워 아트
11242,신은우,26,전라남도 목포시 433-85,010-8257-3891,캠핑
11243,서주아,24,광주광역시 남구 620-83,010-2616-9930,뜨개질
11244,장채원,68,경상남도 창원시 65-56,010-6258-2116,유튜브 보기
11245,이춘식,70,대구광역시 남구 550-88,010-6757-2947,스포츠 카드 수집
11246,강시우,21,경상북도 경주시 17-35,010-7715-6619,등산
11247,권준호,75,경기도 화성시 277-87,010-2186-3012,유튜브 보기
11248,윤시우,31,제주시 신제주 631-49,010-8681-1020,벽화 그리기
11249,박종순,71,세종특별자치시 조치원읍 932-0,010-6749-2742,퍼즐 맞추기
11250,오채은,53,부산광역시 남구 463-47,010-7011-9917,생활 해킹
11251,한순자,78,서울특별시 은평구 854-58,010-1066-6588,플로리스트
11252,황지후,61,서울특별시 서대문구 920-48,010-3511-3370,도예
11253,박현철,46,제주시 오라동 839-59,010-2238-3766,스트리밍
11254,권재영,69,서울특별시 서대문구 413-53,010-2670-2479,게임
11255,서기영,56,강원도 원주시 498-65,010-6238-8900,생활 해킹
11256,홍재영,41,부산광역시 부산진구 453-45,010-3956-8549,디지털 콘텐츠 제작
11257,오옥희,36,경상북도 경주시 692-18,010-4165-6423,스트리밍
11258,윤성호,62,서울특별시 은평구 961-95,010-3703-7136,명상
11259,조지원,64,경상남도 진주시 939-86,010-5078-2671,자원봉사
11260,한현우,37,인천광역시 연수구 224-53,010-6436-2294,뜨개질
11261,전영호,36,대전광역시 동구 949-60,010-5212-6472,디지털 일러스트
11262,권춘식,67,부산광역시 사상구 242-15,010-7922-8802,사진편집
11263,이지후,50,서울특별시 성북구 736-31,010-1460-5538,보드게임
11264,윤미영,50,인천광역시 동구 767-10,010-9850-1083,사진편집
11265,임다은,33,경기도 수원시 장안구 932-24,010-1368-4570,자원봉사
11266,김재훈,45,강원도 양양군 280-40,010-9529-4546,모바일 촬영
11267,신시우,43,부산광역시 금정구 145-71,010-6964-6948,DIY
11268,홍순자,64,서울특별시 은평구 149-26,010-2795-2491,보드게임
11269,송영자,63,인천광역시 미추홀구 82-51,010-5836-8348,도예
11270,김영자,37,경상남도 창녕군 339-66,010-4311-2516,로봇 공학
11271,윤종순,33,서울특별시 서초구 552-44,010-5055-5227,골프
11272,신미영,56,전라남도 광양시 927-36,010-6556-1088,필라테스
11273,홍병호,79,부산광역시 서구 603-14,010-2118-3245,봉사활동
11274,안영일,70,경상남도 밀양시 185-15,010-1157-6683,헬스
11275,권형민,74,경상남도 밀양시 411-82,010-8212-7306,로봇 공학
11276,강숙자,55,경기도 평택시 286-31,010-3190-5905,코딩
11277,안재호,33,경상남도 양산시 7-40,010-9522-8627,캠핑
11278,안태수,41,서울특별시 영등포구 299-91,010-3691-4993,모바일 촬영
11279,서정희,71,인천광역시 미추홀구 372-39,010-9199-9450,게임
11280,황다은,26,대구광역시 북구 175-44,010-1952-1927,보드게임
11281,황재훈,21,서울특별시 서초구 78-70,010-1174-6155,일기 쓰기
11282,한희정,78,부산광역시 금정구 869-10,010-5352-4571,스포츠 카드 수집
11283,조순희,60,부천시 상동 168-56,010-4373-5918,명상
11284,장지우,20,대구광역시 달서구 695-63,010-4180-7626,배우기
11285,송호철,69,전라남도 나주시는 797-6,010-1677-9040,패션
11286,홍정우,65,울산광역시 남구 556-10,010-5564-9503,요리
11287,강시헌,70,충청남도 천안시 554-36,010-3287-3282,미술관 관람
11288,최시윤,44,대구광역시 동구 731-28,010-4725-1379,웹툰 그리기
11289,정찬우,67,세종특별자치시 도담동 940-27,010-5998-6744,수영
11290,이정희,56,경상남도 창원시 498-35,010-6093-8145,디지털 일러스트
11291,강은채,42,부천시 상동 444-93,010-4743-8206,영화감상
11292,김정호,48,대구광역시 서구 264-13,010-6728-6084,헬스
11293,신말자,62,대구광역시 동구 474-96,010-5151-3229,골프
11294,조재훈,30,서울특별시 용산구 154-4,010-3296-9236,유튜브 보기
11295,오만수,48,경상남도 창원시 153-17,010-8584-8830,스크래치 프로그램 만들기
11296,강연희,48,제주시 아라동 805-33,010-7146-6054,펜팔
11297,최지민,62,인천광역시 계양구 483-1,010-2805-9777,플로리스트
11298,한옥희,73,대구광역시 남구 219-23,010-5322-4325,스크래치 프로그램 만들기
11299,정재영,74,부산광역시 연제구 486-32,010-9978-8525,캔들 만들기
11300,임하연,67,서울특별시 용산구 350-66,010-4361-8586,게임 방송
11301,신희정,67,울산광역시 울주군 347-20,010-8870-9253,애니메이션 제작
11302,홍수아,56,경기도 성남시 수정구 32-95,010-4782-2405,영화 제작
11303,권순희,58,충청남도 공주시 386-97,010-3197-7530,요리
11304,송말자,23,제주시 오라동 297-72,010-9991-3891,책 클럽
11305,송윤서,32,인천광역시 서구 490-35,010-1922-9690,캘리그라피
11306,권수빈,72,경상북도 경주시 505-67,010-7712-2703,요리
11307,정지우,61,서울특별시 서초구 74-17,010-8589-9002,도예
11308,오지한,35,제주시 연동 745-41,010-8419-6786,수채화 그리기
11309,전영자,72,경상남도 창원시 46-16,010-5781-4192,사진편집
11310,신세호,28,경상북도 김천시 799-52,010-4386-4000,사진촬영
11311,장현우,37,서울특별시 중구 798-0,010-4149-5007,코딩
11312,윤준호,50,서울특별시 강서구 801-91,010-1969-5603,퍼즐 맞추기
11313,전영일,62,대전광역시 중구 530-16,010-1633-6294,스트리밍
11314,송종순,71,서울특별시 금천구 373-2,010-3990-7574,드로잉
11315,강준서,53,서울특별시 중랑구 734-58,010-6360-5801,책 클럽
11316,강은숙,74,경기도 용인시 수지구 121-58,010-1941-3792,게임 방송
11317,신동수,20,울산광역시 남구 877-23,010-2372-9154,운동
11318,이순자,21,광주광역시 서구 615-36,010-4197-7618,자원봉사
11319,홍영호,56,인천광역시 부평구 731-83,010-7709-4035,시뮬레이션 게임
11320,송승호,25,인천광역시 남동구 507-54,010-2538-3444,게임 방송
11321,박하진,49,경기도 성남시 분당구 950-78,010-6437-6091,디지털 콘텐츠 제작
11322,안현서,40,충청남도 천안시 516-18,010-3127-6282,운동
11323,황은숙,48,부산광역시 부산진구 462-63,010-1498-3920,요리
11324,임준호,79,경상북도 경주시 386-62,010-7961-6826,봉사활동
11325,오성민,57,대전광역시 동구 253-28,010-5036-9692,피크닉
11326,박정숙,40,인천광역시 남동구 964-85,010-8922-6802,일기 쓰기
11327,전종수,76,부산광역시 중구 881-96,010-9491-4887,캘리그라피
11328,장창수,20,제주시 신제주 403-71,010-5663-9997,보드게임
11329,윤윤호,44,충청남도 천안시 563-4,010-3697-4395,캘리그라피
11330,송정희,36,서울특별시 강서구 133-15,010-7935-6674,책 클럽
11331,조상호,47,인천광역시 부평구 725-78,010-1708-1955,스트리밍
11332,장지민,37,김해시 장유동 337-62,010-2663-3450,코딩
11333,강성자,69,서울특별시 강동구 830-8,010-3628-9074,일기 쓰기
11334,강재호,36,경기도 안양시 동안구 140-39,010-9642-1060,벽화 그리기
11335,최기석,50,제주시 이도이동 173-90,010-6980-5183,자전거 타기
11336,전준서,61,경상남도 밀양시 983-80,010-3377-4604,디지털 일러스트
11337,송서아,74,서울특별시 서대문구 636-98,010-9238-3148,사진편집
11338,송말순,64,강원도 춘천시 51-88,010-5834-9871,드로잉
11339,한민수,40,울산광역시 울주군 395-92,010-3603-2409,펜팔
11340,오수아,76,서울특별시 구로구 214-23,010-9866-6727,봉사활동
11341,권은우,21,강원도 동해시 363-49,010-9183-7659,퍼즐 맞추기
11342,임옥희,22,부산광역시 서구 612-89,010-1665-9239,캘리그라피
11343,정재영,37,부천시 원미구 중동 722-30,010-4751-1973,디지털 콘텐츠 제작
11344,전건우,27,서울특별시 금천구 46-37,010-2573-9185,스트리밍
11345,전진호,49,서울특별시 서초구 389-69,010-1424-1232,스키
11346,임춘자,63,대구광역시 달서구 559-64,010-3405-7678,집콕 놀이
11347,조순희,49,대전광역시 유성구 548-53,010-4602-7629,벽화 그리기
11348,안경자,69,부산광역시 동래구 149-86,010-4369-7564,유튜브 보기
11349,임말순,45,제주시 연동 432-72,010-3891-2060,헬로윈 파티 준비
11350,김지호,30,경상북도 김천시 120-89,010-2327-5968,유튜브 보기
11351,최정자,41,인천광역시 남동구 899-93,010-9719-8775,요가
11352,안도윤,22,울산광역시 북구 398-69,010-2060-7552,게임 방송
11353,박로운,40,대구광역시 중구 575-76,010-2641-7798,패션
11354,박시우,30,서울특별시 광진구 535-57,010-5507-2090,도예
11355,황하연,58,충청북도 청주시 591-51,010-4598-1166,보드게임
11356,신영자,46,인천광역시 부평구 125-43,010-8863-9368,스크래치 프로그램 만들기
11357,최영일,29,경상남도 통영시 89-21,010-1083-5477,사진촬영
11358,황태윤,72,세종특별자치시 아름동 435-74,010-6880-4380,사진편집
11359,전주원,29,인천광역시 서구 698-60,010-2789-9308,디지털 아트
11360,박준서,77,경상남도 양산시 859-55,010-6707-5658,게임
11361,오창수,37,서울특별시 마포구 580-79,010-9332-7752,웹툰 그리기
11362,최도윤,52,서울특별시 성동구 870-74,010-9793-5816,배드민턴
11363,서철수,43,서울특별시 노원구 269-0,010-7353-3367,피크닉
11364,정하진,40,제주시 연동 624-18,010-8700-6580,모바일 게임 개발
11365,오말순,67,경상남도 사천시 199-59,010-9862-4282,테니스
11366,윤만수,76,강원도 홍천군 253-43,010-8020-6522,여행
11367,윤명자,30,부산광역시 사하구 198-80,010-4596-3963,헬로윈 파티 준비
11368,임종수,46,부산광역시 북구 166-37,010-6924-7332,플라워 아트
11369,한하은,35,세종특별자치시 아름동 210-69,010-4603-5899,배드민턴
11370,윤준서,70,부산광역시 중구 403-62,010-2322-6282,책 클럽
11371,서지우,71,서울특별시 강남구 988-9,010-7983-5535,수채화 그리기
11372,이민수,60,대구광역시 달성군 785-20,010-2994-6992,시뮬레이션 게임
11373,안순자,55,서울특별시 성북구 278-42,010-8206-2012,수채화 그리기
11374,이희정,23,전라북도 전주시 560-61,010-6360-6103,골프
11375,이주영,22,경기도 안양시 만안구 533-39,010-8507-1260,웹서핑
11376,장남수,62,부산광역시 기장군 170-84,010-9299-6791,게임 방송
11377,정영일,58,용인시 수지구 풍덕천동 176-90,010-3058-1321,플라워 아트
11378,정서진,63,충청남도 아산시 942-75,010-3428-2045,등산
11379,강정자,43,인천광역시 계양구 828-29,010-1852-8106,여행
11380,황지호,55,제주시 이도이동 254-6,010-5352-9471,영화 제작
11381,조서연,21,서울특별시 양천구 237-86,010-1170-9749,여행
11382,안다은,55,대구광역시 남구 320-11,010-7219-5720,캔들 만들기
11383,강성호,30,제주시 노형동 557-97,010-3790-3740,테니스
11384,송동수,46,광주광역시 남구 148-83,010-8810-2799,사진촬영
11385,한민준,66,세종특별자치시 아름동 694-48,010-6058-4858,스키
11386,박태수,29,대구광역시 북구 399-98,010-7826-8450,코딩
11387,장민준,29,인천광역시 중구 857-1,010-7244-4071,콜라주 아트
11388,오유진,42,경기도 성남시 분당구 936-2,010-4170-4926,영화 제작
11389,임세호,67,전라북도 익산시 618-14,010-3572-6472,애니메이션 제작
11390,최지후,31,부산광역시 수영구 848-70,010-3290-5875,디지털 아트
11391,홍서진,36,인천광역시 동구 407-38,010-8646-7622,비즈 공예
11392,최명훈,75,부산광역시 북구 399-65,010-8509-3996,캠핑
11393,한정숙,52,경상남도 김해시 773-97,010-1446-2527,로봇 공학
11394,신명숙,51,인천광역시 연수구 410-96,010-2672-7616,웹서핑
11395,조로운,25,대전광역시 유성구 547-82,010-1449-8040,테니스
11396,장만수,74,인천광역시 서구 51-49,010-8248-3305,스크래치 프로그램 만들기
11397,장로운,48,경상남도 거제시 340-93,010-1620-1319,모바일 촬영
11398,신현서,33,서울특별시 동작구 887-43,010-4780-6623,캘리그라피
11399,박우진,69,세종특별자치시 도담동 568-76,010-2564-5877,디지털 사진 전시
11400,강유하,47,충청북도 청주시 949-80,010-4999-4860,일기 쓰기
11401,안만수,65,서울특별시 동작구 800-35,010-1537-1038,VR 게임
11402,황호철,33,광주광역시 광산구 70-2,010-9794-5440,코딩
11403,임성호,32,서울특별시 마포구 890-62,010-5633-8629,마인드맵 만들기
11404,조은우,49,부산광역시 금정구 483-86,010-8811-9981,음악감상
11405,이병호,70,인천광역시 서구 335-69,010-7931-9738,플라워 아트
11406,황복자,59,제주시 이도이동 991-9,010-2575-5471,캠핑
11407,황영호,64,전라남도 나주시는 246-85,010-4946-3242,게임
11408,최혜숙,70,부산광역시 동구 960-1,010-6611-4991,여행
11409,권예린,45,광주광역시 동구 438-60,010-3495-6569,독서
11410,장우진,23,전라남도 광양시 561-47,010-5781-8472,웹서핑
11411,송채원,28,광주광역시 북구 618-69,010-3501-2481,캘리그라피
11412,오민서,35,강원도 평창군 242-84,010-6323-1871,영화 제작
11413,신현우,41,광주광역시 동구 292-71,010-9673-7647,디지털 콘텐츠 제작
11414,박지한,42,세종특별자치시 조치원읍 0-24,010-2641-9067,수채화 그리기
11415,홍춘자,58,서울특별시 성동구 25-79,010-3418-1636,패션
11416,오성호,74,서울특별시 중구 423-62,010-4004-6193,웹툰 그리기
11417,안희정,77,충청북도 충주시 212-41,010-2047-2543,로봇 공학
11418,윤주아,34,서울특별시 양천구 476-28,010-9795-9954,배우기
11419,정말순,49,제주시 신제주 110-62,010-5275-3771,영화감상
11420,장현철,78,전라남도 여수시 605-0,010-5163-7780,스키
11421,전하연,53,대구광역시 북구 695-18,010-4079-8996,도예
11422,한호철,45,인천광역시 남동구 814-57,010-8472-4679,유튜브 보기
11423,김찬우,36,울산광역시 동구 234-10,010-3948-6051,영화감상
11424,정말옥,43,인천광역시 연수구 767-47,010-2998-1419,영화감상
11425,이영수,29,충청남도 논산시 0-50,010-9528-6057,스키
11426,장말자,26,서울특별시 은평구 648-9,010-1468-2578,유튜브 보기
11427,윤희정,30,강원도 원주시 813-8,010-2245-7958,책 클럽
11428,송서진,63,강원도 춘천시 379-76,010-9395-2015,테니스
11429,조예린,36,전라남도 여수시 366-3,010-4854-1127,패션
11430,김지우,31,경기도 수원시 장안구 285-54,010-8290-8914,명상
11431,김남수,41,김해시 장유동 619-32,010-9125-4789,게임 방송
11432,김정숙,71,서울특별시 강동구 364-7,010-8434-8186,사진촬영
11433,김다은,23,부산광역시 수영구 626-4,010-1545-3086,시뮬레이션 게임
11434,서지호,34,경기도 안산시 단원구 482-56,010-6056-5491,명상
11435,박상호,41,경기도 의정부시 561-48,010-7560-3018,디지털 일러스트
11436,안채원,74,경상남도 사천시 650-87,010-4405-8391,수채화 그리기
11437,황영일,66,경기도 수원시 장안구 104-76,010-9502-6063,집콕 놀이
11438,김형민,33,성남시 분당구 정자동 975-56,010-8149-9552,수영
11439,한숙자,57,서울특별시 강남구 501-71,010-2619-8457,필라테스
11440,서건우,63,경기도 성남시 수정구 527-8,010-2902-8031,낚시
11441,최종수,37,부천시 원미구 중동 750-80,010-2447-6640,보드게임
11442,홍현진,51,강원도 태백시 177-23,010-5766-1706,사진촬영
11443,이병호,75,경상북도 안동시 983-56,010-5350-8313,웹툰 그리기
11444,홍영일,34,서울특별시 강남구 36-1,010-4025-2726,보드게임
11445,전현철,43,대구광역시 수성구 25-3,010-1000-4216,디지털 아트
11446,장숙자,45,대전광역시 대덕구 656-40,010-6793-1224,캠핑
11447,윤세아,34,부산광역시 서구 448-65,010-5122-6327,뜨개질
11448,오민서,33,경기도 안산시 상록구 16-32,010-7554-7958,자전거 타기
11449,윤정순,36,대구광역시 달서구 856-25,010-3186-7317,배드민턴
11450,최시헌,21,경기도 시흥시 61-60,010-7248-6064,골프
11451,김윤서,53,경상남도 밀양시 422-77,010-2940-4019,코딩
11452,홍정순,50,강원도 원주시 838-3,010-2969-9578,독서
11453,송남수,45,세종특별자치시 도담동 4-14,010-1085-3179,웹서핑
11454,정다온,66,제주시 신제주 268-2,010-2785-9279,스트리밍
11455,한순영,54,경기도 오산시 632-3,010-5146-8445,뜨개질
11456,이진호,52,경기도 고양시 일산동구 441-7,010-2797-2855,영화 제작
11457,최희정,60,서울특별시 광진구 346-49,010-9976-8031,플라워 아트
11458,최하윤,61,서울특별시 용산구 213-74,010-5660-7613,코딩
11459,서남수,30,부산광역시 사상구 951-56,010-1093-4490,비즈 공예
11460,박미영,37,부산광역시 동구 901-36,010-3310-6472,수영
11461,오희정,75,서울특별시 도봉구 418-50,010-6276-1691,운동
11462,장정우,34,부산광역시 동래구 10-79,010-3422-6507,독서
11463,이명자,75,서울특별시 용산구 308-47,010-9078-2331,독서
11464,안선자,59,부산광역시 사상구 165-72,010-4454-1528,시뮬레이션 게임
11465,송민준,60,울산광역시 남구 128-8,010-7041-7915,배드민턴
11466,김정호,49,대전광역시 대덕구 994-11,010-8197-1448,필라테스
11467,오재호,42,광주광역시 남구 490-57,010-5485-2342,캠핑
11468,전영희,51,광주광역시 북구 758-93,010-4641-2516,퍼즐 맞추기
11469,임수아,79,울산광역시 남구 179-82,010-6896-8945,사진촬영
11470,조복희,74,부산광역시 사하구 314-17,010-2660-1041,디지털 콘텐츠 제작
11471,조형민,70,울산광역시 동구 163-46,010-5335-2137,웹툰 그리기
11472,권세아,70,대전광역시 서구 507-88,010-6723-1681,디지털 사진 전시
11473,장명숙,20,경기도 광명시 508-74,010-6306-3478,로봇 공학
11474,황지후,55,제주시 노형동 478-83,010-3112-8056,디지털 사진 전시
11475,황현서,73,경기도 화성시 20-66,010-5838-2474,비즈 공예
11476,오성민,30,경기도 안양시 만안구 89-45,010-5282-8058,디지털 사진 전시
11477,윤영일,73,서울특별시 관악구 485-30,010-5815-3121,플로리스트
11478,황정자,66,대구광역시 달서구 922-51,010-4682-1200,게임 방송
11479,전성호,53,경상남도 진주시 798-28,010-6447-6371,유튜브 보기
11480,김재훈,39,울산광역시 중구 844-78,010-3533-4302,운동
11481,김하연,22,충청북도 진천군 782-93,010-1034-4459,자원봉사
11482,조종순,26,부산광역시 금정구 572-47,010-4367-2119,요리
11483,안정자,53,강원도 홍천군 894-83,010-4591-7110,디지털 일러스트
11484,임성호,59,경기도 평택시 70-89,010-2725-1265,시뮬레이션 게임
11485,강로운,49,강원도 평창군 251-57,010-4596-1347,패션
11486,조민수,74,경기도 광명시 868-55,010-1022-6116,사진촬영
11487,임지후,54,경기도 광주시 880-90,010-5942-2652,뜨개질
11488,송명자,54,대구광역시 서구 218-4,010-9154-5840,DIY
11489,장은우,21,경기도 성남시 분당구 722-30,010-6408-6486,카페 투어
11490,임숙자,59,경기도 파주시 653-90,010-6921-9505,사진촬영
11491,한하율,60,대전광역시 대덕구 665-3,010-6752-9779,게임 방송
11492,안창수,26,서울특별시 관악구 430-67,010-9936-7498,플라워 아트
11493,이정희,21,경기도 용인시 수지구 456-68,010-2734-5891,뜨개질
11494,임창수,77,경상남도 사천시 753-4,010-3015-8308,일기 쓰기
11495,안복희,37,광주광역시 광산구 619-70,010-3712-6760,펜팔
11496,임예린,62,강원도 동해시 831-93,010-9978-8549,디지털 콘텐츠 제작
11497,오복자,34,대구광역시 달서구 772-98,010-5195-7517,독서
11498,한영일,70,경상남도 양산시 890-81,010-7496-2506,피크닉
11499,장희정,52,경기도 안양시 동안구 588-77,010-3463-9786,시뮬레이션 게임
11500,한윤서,57,제주시 이도이동 602-88,010-4230-9253,모바일 촬영
11501,김예린,37,경기도 화성시 781-76,010-7455-9617,스키
11502,서태수,74,서울특별시 중랑구 124-81,010-2650-8659,운동
11503,한재호,74,부산광역시 사하구 323-8,010-5693-8208,배드민턴
11504,홍채원,69,충청북도 진천군 461-88,010-2322-8619,책 클럽
11505,장진호,69,서울특별시 성동구 337-87,010-3680-9218,운동
11506,오주원,78,경기도 광주시 876-44,010-6594-4317,스트리트 댄스
11507,오세호,33,광주광역시 광산구 643-75,010-6046-5381,플로리스트
11508,송은우,25,전라북도 군산시 178-11,010-7159-9261,마인드맵 만들기
11509,정서진,21,서울특별시 은평구 549-73,010-2614-5066,필라테스
11510,안하연,63,부천시 상동 749-37,010-9286-8491,사진촬영
11511,장경수,32,대전광역시 중구 672-90,010-2728-2722,골프
11512,홍성자,72,대전광역시 유성구 351-47,010-5708-3881,사진촬영
11513,전로운,73,경상북도 안동시 768-58,010-2831-1675,테니스
11514,신건우,57,경기도 고양시 일산동구 154-74,010-1457-2165,피크닉
11515,장말자,55,경기도 안양시 만안구 252-20,010-7523-8116,시뮬레이션 게임
11516,박하람,44,세종특별자치시 한솔동 57-47,010-1645-1919,모바일 촬영
11517,권지호,59,광주광역시 서구 569-73,010-7758-1333,디지털 일러스트
11518,송혜숙,68,대구광역시 서구 201-57,010-6015-6421,수채화 그리기
11519,송태현,51,부산광역시 서구 680-92,010-4297-6911,여행
11520,김지율,37,서울특별시 노원구 421-63,010-1549-9967,스포츠 카드 수집
11521,정정자,76,부산광역시 부산진구 664-49,010-5190-4585,운동
11522,김윤서,77,세종특별자치시 조치원읍 644-89,010-9203-5984,로봇 공학
11523,전경수,57,경상남도 김해시 486-23,010-9391-1745,도예
11524,강채원,29,서울특별시 중구 905-25,010-8529-6751,배드민턴
11525,정옥희,34,인천광역시 중구 871-65,010-1908-7182,봉사활동
11526,홍현서,54,경기도 용인시 처인구 932-96,010-2183-6938,수채화 그리기
11527,권소율,23,서울특별시 금천구 761-95,010-1107-8491,코딩
11528,김말순,48,서울특별시 강남구 369-43,010-2854-1664,모바일 게임 개발
11529,강영호,64,세종특별자치시 한솔동 852-53,010-2085-2236,캔들 만들기
11530,권세아,44,용인시 수지구 풍덕천동 375-25,010-6819-8262,집콕 놀이
11531,신복희,22,전라남도 광양시 192-94,010-1727-5845,골프
11532,송성민,43,서울특별시 은평구 504-64,010-2892-8795,봉사활동
11533,한재영,48,울산광역시 동구 154-21,010-5589-9279,자전거 타기
11534,오정자,65,부산광역시 사하구 255-31,010-9472-1686,스크래치 프로그램 만들기
11535,홍종순,35,서울특별시 금천구 294-98,010-6318-3224,디지털 일러스트
11536,윤기석,59,울산광역시 북구 275-9,010-6876-6743,게임 방송
11537,최호철,61,부산광역시 남구 882-88,010-1393-2581,영화감상
11538,박태현,78,전라남도 여수시 311-53,010-2414-3383,마인드맵 만들기
11539,신광호,24,세종특별자치시 한솔동 599-53,010-6462-5761,자전거 타기
11540,권서아,51,경기도 평택시 205-6,010-7103-6021,골프
11541,박명훈,57,경기도 화성시 118-24,010-4494-5954,책 클럽
11542,한영희,68,세종특별자치시 도담동 215-58,010-7547-8152,영화 제작
11543,이명자,75,강원도 양양군 491-21,010-5790-7331,드로잉
11544,장희정,53,전라북도 전주시 301-42,010-1008-6567,책 클럽
11545,이태수,24,세종특별자치시 아름동 819-58,010-9570-6715,플로리스트
11546,황은숙,69,전라남도 목포시 874-60,010-3942-4587,펜팔
11547,윤춘희,24,경상북도 안동시 242-19,010-8440-3190,비즈 공예
11548,이기영,29,대구광역시 중구 283-72,010-1259-6149,독서
11549,서주원,42,경상남도 통영시 714-62,010-3009-4473,유튜브 보기
11550,장하진,54,서울특별시 강남구 774-27,010-3564-6987,테니스
11551,임지민,78,대구광역시 달성군 758-77,010-1730-9390,마인드맵 만들기
11552,장은우,42,서울특별시 서대문구 898-65,010-4623-9970,캔들 만들기
11553,김채원,45,서울특별시 강남구 731-87,010-4604-7375,웹서핑
11554,홍지한,68,부산광역시 사하구 587-36,010-8650-9647,영화감상
11555,홍나윤,56,충청북도 진천군 569-84,010-7585-6925,배우기
11556,임주영,51,전라남도 목포시 191-68,010-3889-4485,자원봉사
11557,박지원,51,경상남도 창원시 276-19,010-4311-3222,카페 투어
11558,강다빈,23,부산광역시 해운대구 287-14,010-9236-4352,보드게임
11559,김말순,25,대구광역시 달성군 568-64,010-7134-3172,영화 제작
11560,장복희,37,전라북도 전주시 507-56,010-8626-8203,일기 쓰기
11561,홍복희,62,전라남도 여수시 282-67,010-9081-6536,수영
11562,김찬우,73,인천광역시 부평구 182-24,010-8380-2959,요리
11563,송서연,38,경기도 군포시 663-88,010-5684-5559,뜨개질
11564,황채원,70,서울특별시 광진구 906-21,010-1428-9468,마인드맵 만들기
11565,전세호,68,서울특별시 성북구 567-51,010-6536-6867,디지털 아트
11566,김다빈,47,서울특별시 용산구 879-29,010-4910-5121,배드민턴
11567,신지율,41,전라남도 목포시 817-12,010-5089-8200,유튜브 보기
11568,홍만수,77,충청남도 공주시 761-10,010-4256-3700,명상
11569,임동수,74,경상남도 창녕군 618-68,010-3949-9175,독서
11570,권우진,53,서울특별시 종로구 642-94,010-3122-2790,독서
11571,이주아,65,전라북도 군산시 854-70,010-6981-3118,음악감상
11572,임현우,67,서울특별시 금천구 196-45,010-7570-2396,모바일 촬영
11573,황복희,68,대전광역시 유성구 918-48,010-8381-5195,피크닉
11574,정상호,23,제주시 연동 524-62,010-1450-7495,보드게임
11575,서예준,53,충청남도 논산시 501-32,010-4016-6007,여행
11576,권시윤,49,강원도 양양군 390-28,010-2823-9913,게임
11577,한재훈,51,서울특별시 은평구 764-47,010-8385-4756,VR 게임
11578,오시헌,60,경기도 안양시 동안구 729-60,010-1134-9712,미술관 관람
11579,홍민서,27,경상남도 창원시 41-10,010-7384-5026,캘리그라피
11580,윤순영,27,제주시 노형동 356-69,010-1639-3932,음악감상
11581,정은숙,53,대구광역시 서구 670-90,010-2623-9838,사진편집
11582,권주원,62,울산광역시 동구 24-70,010-9973-6325,모바일 촬영
11583,최말옥,38,부산광역시 기장군 868-59,010-9785-9953,보드게임
11584,권영수,40,충청남도 논산시 26-51,010-9711-3338,봉사활동
11585,최남수,36,대구광역시 달서구 311-42,010-3145-1255,비즈 공예
11586,전지후,74,전라북도 전주시 6-31,010-7222-5505,드로잉
11587,윤광호,54,전라남도 광양시 295-54,010-9015-6094,유튜브 보기
11588,송상민,31,부천시 상동 675-68,010-1897-2790,테니스
11589,권민수,54,서울특별시 중랑구 310-80,010-6517-4169,필라테스
11590,권세호,37,서울특별시 종로구 882-94,010-2527-4219,코딩
11591,홍성호,77,서울특별시 송파구 499-66,010-8153-1380,콜라주 아트
11592,한영일,58,제주시 오라동 501-26,010-7999-1709,카페 투어
11593,송주원,40,부산광역시 영도구 5-60,010-8926-9768,캠핑
11594,서지율,31,부산광역시 영도구 763-4,010-4052-6939,디지털 콘텐츠 제작
11595,조기영,49,경상남도 밀양시 988-39,010-6079-1281,낚시
11596,황하진,48,강원도 삼척시 583-67,010-4949-9898,여행
11597,서다은,74,서울특별시 관악구 717-70,010-5138-4820,스크래치 프로그램 만들기
11598,신현진,23,부산광역시 동구 293-23,010-1251-2525,요가
11599,서민서,61,경상남도 양산시 659-83,010-3447-1849,게임
11600,윤태수,29,경기도 용인시 기흥구 454-13,010-5494-8050,마인드맵 만들기
11601,최서연,57,제주시 오라동 442-38,010-3140-3192,콜라주 아트
11602,박로운,60,경기도 안산시 상록구 860-84,010-5855-5252,보드게임
11603,권진호,69,울산광역시 북구 203-91,010-1139-6341,골프
11604,홍수아,29,경기도 화성시 503-56,010-6329-7505,봉사활동
11605,강하은,62,부산광역시 북구 900-81,010-7268-2467,책 클럽
11606,정민서,66,서울특별시 동대문구 405-81,010-6179-9089,시뮬레이션 게임
11607,한명훈,63,강원도 태백시 773-88,010-2279-7789,사진촬영
11608,전순희,68,인천광역시 서구 434-28,010-9939-1989,VR 게임
11609,오영수,46,광주광역시 서구 57-8,010-9701-7325,책 클럽
11610,조시헌,76,경기도 광명시 636-64,010-2929-8973,등산
11611,전하진,46,충청북도 청주시 846-20,010-8872-6867,펜팔
11612,오주아,60,제주시 연동 9-52,010-1399-5074,독서
11613,오주아,66,서울특별시 동대문구 243-2,010-2007-2702,자전거 타기
11614,황채은,33,경기도 성남시 분당구 908-77,010-3281-3276,패션
11615,이숙자,40,대전광역시 동구 788-97,010-5728-2857,여행
11616,이복희,56,대구광역시 달성군 301-23,010-5773-9007,운동
11617,박하율,69,경기도 고양시 일산동구 411-39,010-7829-1514,헬스
11618,안로운,63,제주시 오라동 950-11,010-8767-5668,스포츠 카드 수집
11619,안유진,42,서울특별시 성동구 70-96,010-2072-1644,골프
11620,신하윤,45,경기도 성남시 분당구 274-5,010-3745-5585,요가
11621,조도윤,44,강원도 원주시 35-69,010-3704-5688,퍼즐 맞추기
11622,윤민준,32,서울특별시 강북구 311-62,010-6375-1542,마인드맵 만들기
11623,한승호,62,서울특별시 중구 237-35,010-3085-2314,등산
11624,전정호,46,서울특별시 강동구 330-7,010-2373-9246,게임 방송
11625,임현우,34,광주광역시 광산구 987-70,010-5116-9637,운동
11626,한우진,35,대구광역시 북구 506-17,010-3059-9026,보드게임
11627,강예준,21,대전광역시 동구 781-21,010-1368-7673,요가
11628,신현철,23,부천시 원미구 중동 827-27,010-5575-7307,펜팔
11629,신서연,24,광주광역시 북구 521-57,010-1298-9083,등산
11630,임희정,27,서울특별시 은평구 519-42,010-2057-5481,영화감상
11631,윤명숙,79,서울특별시 송파구 407-97,010-7784-2274,헬로윈 파티 준비
11632,전수아,42,용인시 수지구 풍덕천동 216-98,010-3782-4105,수영
11633,장영희,42,서울특별시 강북구 877-30,010-1367-5712,헬스
11634,한하연,34,강원도 평창군 277-75,010-6405-1350,DIY
11635,전기영,48,부산광역시 금정구 62-77,010-6346-6253,시뮬레이션 게임
11636,윤옥희,53,충청남도 논산시 603-71,010-2922-2068,테니스
11637,안진호,58,부산광역시 영도구 241-33,010-7516-1651,패션
11638,이시윤,59,충청북도 청주시 509-30,010-4421-1062,게임
11639,오지호,36,전라남도 순천시 6-96,010-3242-3877,로봇 공학
11640,황시헌,51,서울특별시 종로구 774-23,010-5836-7780,DIY
11641,오영자,25,경기도 용인시 기흥구 376-41,010-6854-1536,사진촬영
11642,임정희,78,서울특별시 중구 439-91,010-3110-4745,디지털 사진 전시
11643,임준호,25,부산광역시 북구 485-73,010-5995-8798,보드게임
11644,권서진,67,광주광역시 남구 699-48,010-3469-8985,플라워 아트
11645,김주영,20,부산광역시 수영구 665-9,010-8096-3911,시뮬레이션 게임
11646,오주원,30,강원도 속초시 312-22,010-1034-1632,디지털 아트
11647,김춘식,55,서울특별시 노원구 719-1,010-8916-5589,모바일 촬영
11648,윤영희,29,전라남도 목포시 347-39,010-7538-1130,헬로윈 파티 준비
11649,홍말순,77,제주시 오라동 668-22,010-2815-2256,독서
11650,최경수,61,제주시 연동 598-42,010-4252-8728,헬스
11651,서채원,77,부산광역시 북구 724-72,010-5485-4208,독서
11652,박진호,69,대구광역시 남구 826-67,010-9863-6390,테니스
11653,임찬우,26,인천광역시 중구 739-82,010-1878-4411,피크닉
11654,신태윤,68,울산광역시 중구 288-24,010-6838-2039,스트리밍
11655,김로운,30,부산광역시 영도구 692-54,010-1570-4638,자원봉사
11656,오형민,41,부산광역시 남구 699-9,010-5538-2254,디지털 아트
11657,박태현,52,부천시 원미구 중동 819-62,010-7130-8967,게임 방송
11658,최지민,53,서울특별시 도봉구 512-56,010-8209-1381,웹서핑
11659,신시우,50,서울특별시 관악구 876-8,010-8110-1946,수채화 그리기
11660,강주원,71,광주광역시 북구 260-25,010-8043-6521,배드민턴
11661,정나윤,43,서울특별시 서대문구 525-62,010-8288-8569,자원봉사
11662,안현우,49,대전광역시 중구 304-7,010-6086-6062,펜팔
11663,장연희,62,경기도 시흥시 79-85,010-9355-5811,피크닉
11664,장주영,64,용인시 수지구 풍덕천동 832-7,010-6545-4089,생활 해킹
11665,신춘희,42,경기도 고양시 일산동구 472-0,010-3084-6934,캔들 만들기
11666,권시윤,57,서울특별시 관악구 929-54,010-5684-1614,웹툰 그리기
11667,최명숙,41,전라남도 여수시 675-88,010-2719-5598,플라워 아트
11668,홍도윤,20,제주시 노형동 98-37,010-6280-4637,펜팔
11669,홍동수,54,경기도 파주시 739-81,010-8315-1131,뜨개질
11670,전시헌,44,부산광역시 영도구 18-10,010-9370-2797,펜팔
11671,황병호,49,서울특별시 도봉구 916-14,010-1594-3631,요가
11672,권정자,41,서울특별시 서대문구 280-57,010-6920-4255,로봇 공학
11673,홍하은,64,전라남도 여수시 27-68,010-8165-9155,요가
11674,정철수,49,제주시 이도이동 907-5,010-3814-5277,웹툰 그리기
11675,장우진,77,전라남도 여수시 4-91,010-8551-6917,수채화 그리기
11676,오정자,21,서울특별시 금천구 811-90,010-2857-5368,필라테스
11677,윤말순,27,인천광역시 동구 594-97,010-1964-5746,미술관 관람
11678,윤기석,27,용인시 수지구 풍덕천동 646-63,010-3742-2280,모바일 촬영
11679,장은우,72,부산광역시 북구 90-26,010-4432-8797,드로잉
11680,안철수,27,대구광역시 수성구 911-19,010-6821-2305,봉사활동
11681,안시우,22,경기도 시흥시 742-55,010-8481-5241,집콕 놀이
11682,강성자,31,서울특별시 동작구 246-29,010-7766-7614,독서
11683,이태수,38,서울특별시 구로구 713-39,010-9694-4265,영화감상
11684,홍다은,60,강원도 춘천시 895-53,010-3069-3789,영화감상
11685,임복자,46,경상남도 밀양시 538-85,010-8185-9474,플라워 아트
11686,임건우,68,부산광역시 북구 652-72,010-2474-5990,음악감상
11687,정정자,34,전라남도 여수시 996-51,010-1343-6481,캔들 만들기
11688,신주영,32,전라북도 군산시 39-6,010-3752-8925,요가
11689,김서진,30,서울특별시 영등포구 920-19,010-4130-9934,요가
11690,조지민,24,전라북도 군산시 216-46,010-8734-2572,카페 투어
11691,송진숙,48,서울특별시 성동구 338-67,010-3042-4849,디지털 콘텐츠 제작
11692,박정호,30,강원도 원주시 28-3,010-9864-8427,사진촬영
11693,송동수,20,서울특별시 동작구 500-5,010-8443-4692,코딩
11694,신명자,34,대구광역시 달성군 520-17,010-3371-3131,디지털 아트
11695,임옥희,71,경기도 평택시 112-28,010-4369-9652,캠핑
11696,윤준호,20,인천광역시 미추홀구 615-35,010-9830-4978,디지털 사진 전시
11697,안춘식,31,전라남도 여수시 398-24,010-7892-2179,벽화 그리기
11698,전미영,35,경기도 의정부시 181-41,010-1419-1908,웹툰 그리기
11699,권하은,77,서울특별시 서초구 112-80,010-9717-6361,스포츠 카드 수집
11700,황세호,21,전라남도 목포시 514-3,010-9800-5364,보드게임
11701,권경수,37,광주광역시 동구 623-78,010-4923-8562,사진촬영
11702,신하연,42,대구광역시 서구 431-2,010-1720-7703,디지털 사진 전시
11703,권태현,77,성남시 분당구 정자동 853-42,010-2047-6876,시뮬레이션 게임
11704,강지후,66,경상남도 사천시 742-30,010-8529-7828,수채화 그리기
11705,임현철,63,강원도 삼척시 138-37,010-1632-3072,요가
11706,김은우,43,경상북도 포항시 535-91,010-3297-3456,패션
11707,전영호,34,경기도 평택시 479-91,010-5212-7399,콜라주 아트
11708,윤다빈,32,서울특별시 성동구 252-22,010-8577-3062,캠핑
11709,정명숙,31,부산광역시 사하구 512-25,010-8978-7223,집콕 놀이
11710,조준호,66,서울특별시 동작구 444-43,010-3190-1365,자전거 타기
11711,임예린,63,경상남도 창원시 353-71,010-7914-3290,보드게임
11712,임주영,26,충청북도 충주시 71-43,010-3206-2582,집콕 놀이
11713,조채원,21,울산광역시 울주군 519-28,010-8722-5117,사진촬영
11714,한서준,72,용인시 수지구 풍덕천동 523-11,010-5749-9430,디지털 콘텐츠 제작
11715,최선자,66,대구광역시 수성구 318-51,010-2706-5607,카페 투어
11716,이영일,21,세종특별자치시 조치원읍 371-71,010-1418-3966,수채화 그리기
11717,임태수,77,대전광역시 유성구 969-13,010-2759-9749,스키
11718,조선자,29,제주시 이도이동 772-83,010-7580-5700,도예
11719,오진숙,29,부산광역시 중구 909-3,010-1861-3594,비즈 공예
11720,신태수,50,경기도 용인시 수지구 303-27,010-3966-9435,유튜브 보기
11721,황은숙,56,부산광역시 서구 929-48,010-6723-4369,피크닉
11722,신채원,62,부산광역시 남구 372-43,010-8681-9342,필라테스
11723,송명훈,50,인천광역시 부평구 451-67,010-4771-2216,유튜브 보기
11724,정예은,74,전라남도 여수시 199-5,010-3862-3512,스크래치 프로그램 만들기
11725,송순자,29,충청남도 공주시 438-80,010-3933-2372,유튜브 보기
11726,강하은,73,경기도 성남시 분당구 964-55,010-8680-4881,플라워 아트
11727,윤서아,29,경상남도 거제시 772-46,010-1593-3990,독서
11728,이다온,21,서울특별시 관악구 400-43,010-5918-1428,수영
11729,윤주아,26,대전광역시 서구 54-5,010-9144-4119,운동
11730,전찬우,29,대구광역시 동구 319-91,010-1532-5808,수채화 그리기
11731,박예준,75,대구광역시 수성구 262-7,010-1202-9069,수영
11732,정기영,76,충청남도 천안시 704-34,010-4732-2697,캠핑
11733,박미영,67,세종특별자치시 한솔동 743-48,010-9195-8802,시뮬레이션 게임
11734,신도윤,76,인천광역시 서구 779-78,010-5600-4443,DIY
11735,서영일,25,대구광역시 서구 789-29,010-4568-4595,집콕 놀이
11736,장영일,35,경기도 오산시 479-4,010-8695-8133,영화 제작
11737,안만수,42,서울특별시 서대문구 862-14,010-1777-3757,벽화 그리기
11738,한현서,74,서울특별시 도봉구 140-79,010-7471-6347,패션
11739,송하윤,23,서울특별시 강서구 609-87,010-8523-5965,독서
11740,이현진,59,대구광역시 북구 454-93,010-9495-1205,필라테스
11741,안은채,28,경기도 고양시 일산동구 127-21,010-8106-7629,스트리밍
11742,전준서,32,전라남도 여수시 365-90,010-4361-5750,플라워 아트
11743,한서아,31,부산광역시 해운대구 783-86,010-9722-9571,스트리밍
11744,한유진,71,서울특별시 중랑구 820-46,010-9366-9528,운동
11745,서채원,43,광주광역시 서구 709-50,010-3810-5579,마인드맵 만들기
11746,이서아,77,경기도 평택시 775-57,010-1993-9151,카페 투어
11747,서민서,33,부산광역시 강서구 45-58,010-9777-4803,여행
11748,최영수,57,전라남도 나주시는 868-40,010-8583-9169,테니스
11749,박주아,36,충청북도 청주시 996-79,010-5410-6611,필라테스
11750,오재훈,71,서울특별시 송파구 937-20,010-7188-6729,필라테스
11751,이윤호,67,충청남도 아산시 816-32,010-9372-3425,비즈 공예
11752,홍말순,43,경상남도 창녕군 972-63,010-7524-8640,스포츠 카드 수집
11753,안종순,55,경기도 평택시 715-76,010-1269-2154,패션
11754,김만수,25,대전광역시 서구 462-43,010-1756-6308,골프
11755,장다은,36,전라북도 익산시 130-69,010-4314-5422,헬로윈 파티 준비
11756,조창수,79,경기도 평택시 371-92,010-2638-2098,스트리밍
11757,홍혜숙,32,전라남도 여수시 961-53,010-1293-1731,디지털 사진 전시
11758,강춘자,24,경상남도 진주시 359-93,010-7516-3920,게임
11759,전지우,41,경상북도 구미시 151-14,010-1820-9408,낚시
11760,한하율,28,울산광역시 북구 347-49,010-8480-5615,DIY
11761,전기석,76,서울특별시 중랑구 661-59,010-6870-3546,영화감상
11762,권상호,63,김해시 장유동 956-93,010-1757-2225,보드게임
11763,이영희,20,대구광역시 수성구 846-16,010-3750-3098,음악감상
11764,한은채,37,인천광역시 연수구 843-3,010-4635-8452,낚시
11765,강민준,69,경기도 수원시 팔달구 573-85,010-7818-4977,영화 제작
11766,전지우,20,경기도 파주시 215-91,010-8714-3242,모바일 촬영
11767,서형민,65,서울특별시 구로구 718-72,010-9454-8469,집콕 놀이
11768,안은채,79,제주시 아라동 332-96,010-8840-4017,스트리밍
11769,장지우,34,성남시 분당구 정자동 381-87,010-3494-6570,명상
11770,황현진,47,강원도 평창군 866-29,010-4296-5654,헬스
11771,홍성민,49,부산광역시 금정구 919-90,010-2740-5877,일기 쓰기
11772,강성자,58,경상남도 사천시 776-68,010-5250-6532,운동
11773,전순자,26,서울특별시 은평구 769-85,010-7148-9758,수채화 그리기
11774,홍지원,69,전라북도 전주시 395-16,010-6049-1396,플라워 아트
11775,장미영,24,제주시 신제주 487-68,010-6313-9072,일기 쓰기
11776,박태윤,53,경기도 고양시 일산동구 287-30,010-9740-4622,사진편집
11777,최복자,43,경상북도 구미시 247-55,010-5073-8285,도예
11778,김동수,66,광주광역시 서구 282-77,010-4713-3698,명상
11779,강민수,78,대구광역시 북구 224-11,010-2965-8499,헬스
11780,전현철,35,용인시 수지구 풍덕천동 925-84,010-6242-4782,스포츠 카드 수집
11781,오희정,26,대구광역시 수성구 607-63,010-2473-4941,콜라주 아트
11782,임하윤,50,경기도 안양시 만안구 564-23,010-4602-3428,여행
11783,전시헌,54,제주시 신제주 125-7,010-4147-7119,여행
11784,전순영,20,부산광역시 강서구 252-65,010-3699-2612,헬로윈 파티 준비
11785,한창수,65,서울특별시 광진구 967-53,010-2040-2127,수채화 그리기
11786,정성호,58,강원도 홍천군 893-72,010-8013-7725,로봇 공학
11787,오영호,43,부천시 원미구 중동 908-33,010-6862-6387,테니스
11788,서성자,79,부산광역시 수영구 864-30,010-1870-4104,모바일 게임 개발
11789,윤하진,48,경기도 용인시 기흥구 114-60,010-6355-5695,모바일 촬영
11790,임서진,25,경기도 오산시 950-85,010-1121-4719,요가
11791,박지호,54,서울특별시 영등포구 561-50,010-4329-7419,요리
11792,최병호,59,서울특별시 종로구 345-29,010-1116-6859,플라워 아트
11793,홍지호,28,경상남도 김해시 669-33,010-7088-2140,수영
11794,권은숙,33,서울특별시 광진구 231-72,010-6183-5783,캠핑
11795,조말자,72,충청남도 공주시 808-54,010-8738-3368,캔들 만들기
11796,장민서,21,서울특별시 강북구 234-87,010-4310-6045,여행
11797,한연희,61,인천광역시 남동구 618-59,010-7314-1184,드로잉
11798,장미영,72,전라북도 익산시 817-76,010-6197-7044,웹서핑
11799,최종순,40,제주시 노형동 463-16,010-7184-3336,운동
11800,송현서,74,성남시 분당구 정자동 869-90,010-6622-6775,비즈 공예
11801,전춘희,69,경기도 성남시 수정구 896-67,010-6969-2993,보드게임
11802,신지후,34,경기도 군포시 185-35,010-4155-7952,사진편집
11803,이시윤,75,강원도 속초시 758-11,010-8222-5713,벽화 그리기
11804,박세아,26,경기도 성남시 수정구 701-17,010-5563-6379,게임 방송
11805,최철수,25,부산광역시 북구 398-92,010-9272-2600,영화감상
11806,한경수,57,서울특별시 용산구 241-14,010-5476-2982,피크닉
11807,최성민,40,경기도 용인시 처인구 790-58,010-8095-3921,콜라주 아트
11808,한상호,52,광주광역시 북구 918-47,010-4392-8794,영화 제작
11809,박진호,60,서울특별시 동대문구 694-95,010-7447-9169,디지털 일러스트
11810,오종수,22,경기도 광주시 240-12,010-9943-2326,캠핑
11811,홍형민,38,세종특별자치시 조치원읍 10-54,010-7035-1354,헬스
11812,송로운,43,경기도 화성시 408-42,010-7390-2485,캘리그라피
11813,장하연,50,제주시 이도이동 416-18,010-2652-4819,디지털 사진 전시
11814,신미영,74,울산광역시 중구 792-28,010-7326-6638,시뮬레이션 게임
11815,조민서,48,경기도 의정부시 67-45,010-9946-3747,봉사활동
11816,오윤서,40,서울특별시 서대문구 271-41,010-8226-8871,마인드맵 만들기
11817,신병호,23,경기도 화성시 404-52,010-4828-3177,스키
11818,홍지우,61,서울특별시 서대문구 996-93,010-1860-2794,낚시
11819,강민수,75,강원도 평창군 550-16,010-5480-7112,일기 쓰기
11820,권시우,40,인천광역시 연수구 524-92,010-7321-2978,사진촬영
11821,박시윤,48,전라북도 익산시 564-9,010-8783-6625,모바일 촬영
11822,황민수,25,서울특별시 은평구 512-69,010-9005-1239,자전거 타기
11823,박명훈,53,서울특별시 마포구 944-21,010-2961-5997,스트리트 댄스
11824,오다온,60,세종특별자치시 도담동 402-20,010-8658-9464,캠핑
11825,김순영,53,경기도 성남시 수정구 151-89,010-1261-4164,사진촬영
11826,황영수,55,강원도 강릉시 205-85,010-2090-7443,등산
11827,서영일,42,경상남도 거제시 914-66,010-6254-5344,수영
11828,황건우,20,경상북도 김천시 903-83,010-4707-5188,비즈 공예
11829,전다온,24,울산광역시 북구 800-9,010-9570-5023,테니스
11830,최영일,61,부산광역시 수영구 389-57,010-8923-6888,플라워 아트
11831,송정순,78,인천광역시 중구 468-47,010-9103-3734,모바일 촬영
11832,황혜숙,69,강원도 평창군 583-23,010-3088-6689,애니메이션 제작
11833,임현우,57,서울특별시 영등포구 838-88,010-1064-7624,애니메이션 제작
11834,한소율,31,부천시 원미구 중동 288-27,010-2017-3762,유튜브 보기
11835,오채은,62,경상북도 구미시 500-52,010-2970-1897,캠핑
11836,안은채,22,대구광역시 서구 238-22,010-7161-2146,자전거 타기
11837,전영일,62,서울특별시 서초구 394-84,010-2174-2420,로봇 공학
11838,임정자,36,대구광역시 북구 541-68,010-3372-7517,생활 해킹
11839,윤건우,28,충청남도 논산시 845-44,010-4571-8639,시뮬레이션 게임
11840,신시윤,65,전라남도 광양시 486-16,010-8315-9723,스크래치 프로그램 만들기
11841,홍우진,40,경기도 군포시 235-46,010-2157-2824,디지털 일러스트
11842,한로운,67,세종특별자치시 한솔동 976-34,010-6601-4004,일기 쓰기
11843,이건우,52,경상남도 거제시 785-28,010-4398-7637,여행
11844,이시헌,37,대전광역시 유성구 103-56,010-8096-1022,웹툰 그리기
11845,신하율,22,강원도 삼척시 660-69,010-1715-6597,애니메이션 제작
11846,임영수,31,대구광역시 동구 889-44,010-5135-6990,골프
11847,장지후,73,전라북도 군산시 304-11,010-2626-3773,자전거 타기
11848,박선자,79,전라남도 순천시 684-60,010-1002-2690,로봇 공학
11849,전성호,34,서울특별시 서대문구 765-64,010-6338-6080,요리
11850,윤만수,38,서울특별시 송파구 629-3,010-4595-4587,독서
11851,임희정,47,인천광역시 동구 843-71,010-4871-2372,등산
11852,권미영,33,전라남도 나주시는 920-66,010-5988-4840,명상
11853,최명숙,58,서울특별시 성동구 807-81,010-5146-6153,등산
11854,송정우,76,서울특별시 송파구 140-65,010-9881-3231,요가
11855,김하율,62,경기도 안양시 만안구 266-39,010-1579-1744,책 클럽
11856,윤성호,35,울산광역시 북구 456-17,010-2795-8951,골프
11857,서나윤,73,강원도 양양군 4-16,010-8068-3540,헬로윈 파티 준비
11858,황태현,28,인천광역시 동구 266-27,010-7038-3341,뜨개질
11859,장재훈,46,울산광역시 중구 559-91,010-7025-3033,카페 투어
11860,박다빈,72,광주광역시 광산구 404-88,010-6020-5193,퍼즐 맞추기
11861,홍영희,50,서울특별시 강서구 673-44,010-1002-9598,골프
11862,정복희,55,경기도 용인시 기흥구 59-41,010-3570-4534,보드게임
11863,박채은,24,경기도 의정부시 807-5,010-4506-9591,테니스
11864,서하은,51,제주시 아라동 92-91,010-5215-9718,스트리밍
11865,임명숙,48,강원도 평창군 261-4,010-1861-1649,디지털 아트
11866,서만수,74,용인시 수지구 풍덕천동 495-67,010-3738-1707,여행
11867,조다온,34,충청북도 충주시 545-16,010-6159-8091,책 클럽
11868,이만수,79,부산광역시 사상구 118-71,010-1388-2833,유튜브 보기
11869,최지원,63,전라남도 나주시는 765-81,010-7455-8450,디지털 콘텐츠 제작
11870,홍상민,37,울산광역시 동구 652-41,010-9735-7961,사진편집
11871,정정숙,39,서울특별시 광진구 430-62,010-2430-1209,유튜브 보기
11872,장미영,27,서울특별시 중구 292-12,010-8964-1769,독서
11873,정주아,42,부산광역시 부산진구 680-6,010-1873-3729,스포츠 카드 수집
11874,전진숙,35,울산광역시 북구 940-55,010-6728-2035,자원봉사
11875,신춘자,25,경상남도 창녕군 753-70,010-4564-8398,봉사활동
11876,권도윤,30,서울특별시 강서구 326-84,010-6210-2810,뜨개질
11877,윤연희,61,경상남도 창원시 204-15,010-5566-5131,헬스
11878,황경수,68,서울특별시 송파구 844-72,010-6774-7677,시뮬레이션 게임
11879,송광호,26,경기도 시흥시 519-13,010-7995-1661,명상
11880,권재호,53,부천시 원미구 중동 672-50,010-3849-5251,헬스
11881,안성민,36,경기도 수원시 장안구 818-8,010-3488-1964,비즈 공예
11882,전준호,40,경기도 고양시 일산동구 372-31,010-9865-5047,자전거 타기
11883,서종순,24,서울특별시 금천구 397-50,010-9149-9256,수채화 그리기
11884,이예준,75,울산광역시 동구 548-47,010-3257-3570,보드게임
11885,강기석,61,강원도 춘천시 165-31,010-1002-3647,디지털 아트
11886,임은채,46,경기도 평택시 256-83,010-9733-4168,책 클럽
11887,박시우,64,서울특별시 강북구 514-61,010-2536-5492,필라테스
11888,최복자,74,경기도 오산시 369-76,010-5446-4286,요가
11889,장희정,75,부산광역시 중구 950-20,010-1407-9002,게임
11890,서주아,25,서울특별시 은평구 927-21,010-7010-3788,모바일 촬영
11891,신현철,69,경상북도 포항시 760-68,010-3187-9524,음악감상
11892,권서아,43,강원도 강릉시 809-12,010-6985-3973,플라워 아트
11893,장민서,72,강원도 태백시 11-48,010-1930-8980,여행
11894,송형민,42,서울특별시 동작구 80-16,010-5483-2768,영화 제작
11895,조수아,22,세종특별자치시 도담동 775-72,010-1018-4833,명상
11896,조주아,28,서울특별시 강남구 336-55,010-4674-9806,운동
11897,윤순자,68,경상남도 창원시 444-89,010-5119-6674,패션
11898,신예린,26,서울특별시 서초구 650-56,010-5526-3356,배우기
11899,한태윤,70,전라북도 익산시 917-2,010-3606-3041,테니스
11900,김말옥,43,강원도 태백시 599-66,010-2596-1272,카페 투어
11901,박말순,77,세종특별자치시 한솔동 943-70,010-7473-2194,디지털 아트
11902,서찬우,45,부천시 상동 460-83,010-2765-6601,시뮬레이션 게임
11903,전성호,31,대구광역시 서구 346-97,010-7991-4776,사진편집
11904,박종순,22,부산광역시 사하구 756-69,010-2955-9044,VR 게임
11905,정성자,73,부천시 상동 65-93,010-7948-5182,여행
11906,신연희,35,서울특별시 강북구 709-21,010-3716-3204,스트리트 댄스
11907,한현서,44,울산광역시 북구 747-20,010-3525-1228,웹툰 그리기
11908,오춘식,65,대구광역시 달성군 916-88,010-3891-4487,스트리트 댄스
11909,권채은,55,충청북도 충주시 736-23,010-2101-8476,테니스
11910,전도윤,38,대구광역시 동구 575-94,010-3259-1379,마인드맵 만들기
11911,신정자,58,부산광역시 서구 419-9,010-7188-4964,디지털 아트
11912,최종수,35,인천광역시 미추홀구 140-97,010-8521-4492,퍼즐 맞추기
11913,윤재훈,27,인천광역시 남동구 357-19,010-8183-7612,캠핑
11914,황건우,61,경기도 광주시 131-44,010-4205-1294,음악감상
11915,권하윤,57,인천광역시 부평구 650-0,010-3831-9930,카페 투어
11916,윤우진,25,부산광역시 연제구 30-38,010-6983-8952,디지털 콘텐츠 제작
11917,안선자,25,경기도 수원시 팔달구 979-80,010-8816-1979,책 클럽
11918,장성자,27,세종특별자치시 한솔동 8-15,010-3281-6849,일기 쓰기
11919,송미영,24,경상남도 김해시 905-96,010-8512-1231,마인드맵 만들기
11920,강하윤,39,강원도 양양군 524-13,010-2691-6191,도예
11921,최말순,59,경기도 안양시 동안구 338-33,010-9389-6711,영화 제작
11922,서태수,54,세종특별자치시 조치원읍 227-32,010-5343-6969,명상
11923,신춘자,63,경기도 성남시 분당구 960-29,010-4982-3679,스키
11924,한종순,68,부산광역시 영도구 326-72,010-9952-1270,여행
11925,신경수,64,경기도 안양시 만안구 416-76,010-2434-6515,테니스
11926,황말자,54,광주광역시 북구 629-58,010-5814-2163,VR 게임
11927,김하윤,28,강원도 강릉시 94-79,010-4751-1246,독서
11928,송현우,24,경상남도 사천시 185-30,010-2297-1113,디지털 아트
11929,강명숙,67,부산광역시 영도구 91-46,010-6118-5124,디지털 일러스트
11930,정민서,24,서울특별시 중랑구 921-24,010-5477-4612,요가
11931,정준호,22,서울특별시 동작구 866-6,010-1766-5803,벽화 그리기
11932,박시윤,60,광주광역시 동구 666-13,010-4986-1127,사진편집
11933,장광호,53,서울특별시 성북구 986-12,010-9493-7891,게임
11934,최상민,48,경기도 시흥시 973-28,010-2704-6749,코딩
11935,김건우,76,서울특별시 송파구 622-78,010-2991-9179,드로잉
11936,안민수,39,경상남도 창원시 431-83,010-7600-5804,일기 쓰기
11937,서태수,79,김해시 장유동 449-50,010-6487-4901,운동
11938,신태현,55,경상북도 안동시 580-6,010-5077-2863,운동
11939,권남수,30,광주광역시 광산구 221-7,010-3842-6031,집콕 놀이
11940,송정숙,78,부산광역시 서구 838-45,010-7611-6367,독서
11941,장성호,60,인천광역시 동구 770-36,010-6656-6961,영화 제작
11942,한정우,77,부산광역시 강서구 919-78,010-1342-3031,디지털 콘텐츠 제작
11943,정영호,75,전라남도 순천시 741-3,010-6830-2001,콜라주 아트
11944,권승호,44,부산광역시 중구 516-50,010-9466-4027,봉사활동
11945,안준호,78,광주광역시 광산구 394-55,010-5544-6393,스키
11946,한호철,63,경기도 용인시 처인구 538-41,010-9504-7858,영화감상
11947,안주원,39,경기도 안산시 상록구 464-63,010-4079-9572,모바일 게임 개발
11948,황정숙,55,충청남도 공주시 109-53,010-1639-6298,배우기
11949,최도윤,58,세종특별자치시 한솔동 222-27,010-1117-8220,벽화 그리기
11950,권명훈,54,경기도 의정부시 267-33,010-9980-6099,캘리그라피
11951,서순영,77,부산광역시 남구 879-98,010-5906-5883,디지털 사진 전시
11952,송소율,65,울산광역시 울주군 235-98,010-4539-8296,디지털 일러스트
11953,신지민,77,광주광역시 동구 941-6,010-3806-6642,게임
11954,신태윤,47,부산광역시 동구 127-53,010-4725-7939,여행
11955,한다은,79,경기도 시흥시 628-7,010-9823-7212,스트리트 댄스
11956,최하람,24,서울특별시 광진구 277-0,010-7516-7662,요가
11957,황은우,31,부산광역시 강서구 912-56,010-5266-6513,골프
11958,권상민,74,서울특별시 동작구 811-28,010-8915-4322,스포츠 카드 수집
11959,신광호,20,경상남도 거제시 309-4,010-1608-6846,골프
11960,박성자,48,서울특별시 마포구 828-92,010-4149-2479,스트리트 댄스
11961,박순희,75,부천시 상동 330-91,010-1050-2542,시뮬레이션 게임
11962,신복희,24,전라북도 익산시 4-39,010-4271-5860,여행
11963,신경수,55,울산광역시 남구 866-21,010-3272-3743,사진촬영
11964,한서준,65,인천광역시 미추홀구 826-32,010-1997-7895,피크닉
11965,안옥희,25,울산광역시 동구 376-38,010-5307-5751,벽화 그리기
11966,전하은,70,충청북도 진천군 728-91,010-6990-4439,보드게임
11967,황은채,75,울산광역시 동구 710-82,010-2262-4418,드로잉
11968,전영자,76,부산광역시 수영구 787-7,010-1836-7593,드로잉
11969,오경수,27,강원도 평창군 520-40,010-5736-6423,배드민턴
11970,안지우,55,강원도 삼척시 780-26,010-2210-1539,마인드맵 만들기
11971,윤다은,71,강원도 양양군 856-61,010-1019-7792,영화 제작
11972,최진호,38,강원도 강릉시 981-33,010-4387-4824,책 클럽
11973,최민준,20,부산광역시 해운대구 44-63,010-4327-3418,디지털 콘텐츠 제작
11974,최시윤,25,용인시 수지구 풍덕천동 647-75,010-8743-7361,유튜브 보기
11975,이현철,46,부산광역시 강서구 42-45,010-5568-2485,비즈 공예
11976,윤명숙,77,대구광역시 수성구 158-13,010-1290-7690,집콕 놀이
11977,전옥희,60,충청북도 충주시 774-2,010-8601-4795,운동
11978,박수아,71,부산광역시 기장군 749-55,010-7770-5904,미술관 관람
11979,전복희,29,대전광역시 대덕구 925-81,010-6461-7973,뜨개질
11980,한소율,69,전라북도 군산시 657-15,010-9471-6521,콜라주 아트
11981,한하윤,72,세종특별자치시 도담동 886-39,010-3031-5252,수영
11982,안형민,65,부산광역시 동구 232-1,010-2024-4229,VR 게임
11983,송서아,60,경기도 고양시 덕양구 501-65,010-5911-9527,디지털 일러스트
11984,황말자,49,부산광역시 북구 936-69,010-8925-4451,펜팔
11985,최영자,57,서울특별시 서초구 955-14,010-7434-5197,디지털 아트
11986,이영희,44,경기도 용인시 기흥구 114-15,010-9732-3699,헬스
11987,박민서,78,제주시 아라동 657-27,010-2305-1843,패션
11988,신지한,37,강원도 홍천군 914-30,010-8114-8555,낚시
11989,조성민,74,부산광역시 서구 154-86,010-4170-2023,수채화 그리기
11990,윤명훈,39,경기도 안산시 단원구 455-66,010-7874-2867,웹서핑
11991,조영호,33,전라남도 나주시는 991-70,010-2981-2807,DIY
11992,안다온,31,서울특별시 서초구 785-78,010-4916-8496,요리
11993,서하람,31,용인시 수지구 풍덕천동 716-69,010-4323-8898,드로잉
11994,김상민,22,전라북도 전주시 915-2,010-1243-8284,카페 투어
11995,전유하,21,경기도 파주시 816-35,010-1860-7239,비즈 공예
11996,신성민,67,서울특별시 중구 512-49,010-2918-7670,보드게임
11997,한현철,75,인천광역시 계양구 21-52,010-2612-6484,디지털 일러스트
11998,김경수,27,경상남도 통영시 583-79,010-7569-1796,요리
11999,윤재호,32,제주시 아라동 687-31,010-6891-1189,미술관 관람
12000,윤춘희,24,서울특별시 종로구 825-54,010-8366-7099,책 클럽
12001,이예은,37,강원도 삼척시 785-47,010-7001-2940,플로리스트
12002,김태수,71,대구광역시 중구 459-27,010-7100-4936,도예
12003,박명자,78,대구광역시 수성구 758-11,010-5431-5502,뜨개질
12004,한영호,20,인천광역시 미추홀구 559-49,010-6082-4532,디지털 콘텐츠 제작
12005,강진호,79,전라남도 나주시는 721-94,010-2578-1647,로봇 공학
12006,임우진,33,강원도 속초시 246-20,010-6453-3658,마인드맵 만들기
12007,권현우,73,부천시 원미구 중동 705-35,010-5611-7286,퍼즐 맞추기
12008,신준서,53,서울특별시 서초구 942-51,010-2531-4063,디지털 사진 전시
12009,신영희,67,대전광역시 서구 562-57,010-2908-5426,펜팔
12010,신광호,28,대전광역시 대덕구 447-56,010-4131-9475,퍼즐 맞추기
12011,김건우,40,경상남도 진주시 545-93,010-1184-4166,자전거 타기
12012,오유진,20,인천광역시 계양구 870-54,010-3041-6899,일기 쓰기
12013,권정자,67,경기도 고양시 덕양구 193-56,010-2983-1385,캘리그라피
12014,정지율,66,대전광역시 서구 22-60,010-2643-1344,골프
12015,권예은,48,충청남도 논산시 660-45,010-8510-7476,생활 해킹
12016,송은채,42,서울특별시 노원구 391-17,010-4249-9254,여행
12017,황승호,35,부산광역시 해운대구 207-53,010-7265-7822,모바일 게임 개발
12018,권종수,68,서울특별시 종로구 803-81,010-3060-2888,영화감상
12019,황선자,59,부산광역시 사상구 964-16,010-3122-6371,생활 해킹
12020,윤영자,37,대구광역시 달성군 217-12,010-9731-9191,테니스
12021,오병호,20,용인시 수지구 풍덕천동 14-37,010-8795-4365,게임
12022,정세호,33,충청북도 충주시 513-5,010-1818-4678,필라테스
12023,장예은,45,울산광역시 동구 338-50,010-8359-3235,요가
12024,장은숙,62,경기도 시흥시 99-82,010-5216-5668,독서
12025,윤진숙,58,서울특별시 서대문구 429-42,010-6097-3974,디지털 아트
12026,이지율,74,강원도 속초시 201-47,010-7314-5315,낚시
12027,강재호,75,부산광역시 강서구 642-36,010-5441-9051,사진촬영
12028,홍현우,37,서울특별시 동작구 681-3,010-9115-6381,패션
12029,오서아,77,서울특별시 동작구 51-32,010-5862-6307,사진편집
12030,이상호,34,제주시 노형동 122-75,010-5655-2671,유튜브 보기
12031,정순자,50,충청남도 천안시 858-95,010-4222-7117,퍼즐 맞추기
12032,홍상호,60,대구광역시 달성군 467-95,010-5751-5530,캔들 만들기
12033,최은숙,21,경기도 의정부시 981-78,010-6728-4996,모바일 게임 개발
12034,서광호,26,전라북도 군산시 492-92,010-3387-9863,운동
12035,황영호,52,광주광역시 동구 58-76,010-5631-5001,웹서핑
12036,이정우,52,대구광역시 수성구 111-91,010-9032-8065,스크래치 프로그램 만들기
12037,신춘자,49,용인시 수지구 풍덕천동 790-81,010-7473-8952,테니스
12038,서광호,59,제주시 연동 732-35,010-6665-4162,피크닉
12039,조정자,68,대구광역시 남구 341-15,010-1887-1974,웹툰 그리기
12040,신연희,72,경상남도 양산시 476-91,010-7421-3876,집콕 놀이
12041,권순영,26,서울특별시 성북구 450-49,010-7695-3782,드로잉
12042,강민준,68,서울특별시 송파구 237-45,010-3066-1784,캘리그라피
12043,권태현,28,대구광역시 중구 862-35,010-2329-4030,요가
12044,홍정자,51,경기도 고양시 덕양구 268-14,010-4221-9777,영화감상
12045,이춘식,35,강원도 홍천군 186-91,010-2766-1972,보드게임
12046,정지율,41,인천광역시 남동구 687-42,010-9734-4340,웹서핑
12047,임은숙,66,전라북도 군산시 873-30,010-8944-1665,음악감상
12048,홍수빈,36,대전광역시 유성구 284-93,010-6768-2219,시뮬레이션 게임
12049,윤춘희,47,부산광역시 사하구 940-40,010-2739-3158,필라테스
12050,홍동수,73,서울특별시 노원구 730-54,010-2756-5251,사진편집
12051,이민수,51,전라남도 나주시는 894-94,010-2146-2140,모바일 게임 개발
12052,박지우,60,충청남도 논산시 685-0,010-8896-4408,음악감상
12053,박은숙,32,부산광역시 강서구 396-49,010-3619-4594,캠핑
12054,윤정우,32,서울특별시 금천구 663-53,010-3076-5428,스트리밍
12055,신하연,36,인천광역시 연수구 970-59,010-4182-1161,사진촬영
12056,박은우,64,용인시 수지구 풍덕천동 735-60,010-5129-1252,피크닉
12057,최태수,42,경기도 광명시 272-96,010-3212-2907,DIY
12058,장재훈,20,광주광역시 서구 528-46,010-8292-2721,배드민턴
12059,윤유진,34,강원도 원주시 691-7,010-6567-4409,헬로윈 파티 준비
12060,황남수,71,전라북도 군산시 819-38,010-8966-6021,일기 쓰기
12061,전혜숙,49,부산광역시 사상구 25-24,010-8419-8172,골프
12062,송옥희,40,김해시 장유동 655-53,010-9897-8702,헬스
12063,강말자,21,대전광역시 동구 148-93,010-6393-2985,요가
12064,서지원,34,세종특별자치시 조치원읍 163-65,010-2245-8238,음악감상
12065,윤하진,59,서울특별시 구로구 270-63,010-4815-7719,수채화 그리기
12066,김옥희,65,경기도 광명시 80-37,010-4295-9304,도예
12067,강세아,24,인천광역시 미추홀구 310-79,010-1810-1674,웹툰 그리기
12068,조정순,58,김해시 장유동 901-73,010-4190-2529,요리
12069,조종수,26,제주시 이도이동 665-55,010-6373-3372,영화감상
12070,서수아,45,전라남도 목포시 48-24,010-6379-9208,캔들 만들기
12071,최유진,79,제주시 아라동 382-77,010-1883-1813,배드민턴
12072,전성호,30,충청북도 청주시 887-17,010-3886-8376,퍼즐 맞추기
12073,안하람,49,대전광역시 유성구 754-24,010-9644-3711,콜라주 아트
12074,임기석,37,경기도 용인시 기흥구 651-61,010-7713-1458,플로리스트
12075,최지호,64,서울특별시 동대문구 838-38,010-4688-2989,운동
12076,송세호,30,울산광역시 중구 895-44,010-6425-4564,스포츠 카드 수집
12077,권하진,40,서울특별시 강북구 935-28,010-2771-7564,자원봉사
12078,황예린,40,대구광역시 서구 797-59,010-6000-9600,봉사활동
12079,정형민,41,서울특별시 서초구 678-63,010-6709-5726,집콕 놀이
12080,안명숙,75,서울특별시 강북구 825-10,010-4505-4841,시뮬레이션 게임
12081,홍현철,65,인천광역시 계양구 429-16,010-2512-1125,명상
12082,최병호,25,인천광역시 중구 359-63,010-4990-6012,자전거 타기
12083,권예린,62,경기도 시흥시 415-81,010-9890-1806,애니메이션 제작
12084,임우진,53,서울특별시 은평구 145-60,010-6449-3112,플라워 아트
12085,임현서,20,대전광역시 중구 223-40,010-8419-6968,게임 방송
12086,최세아,40,경기도 고양시 일산동구 710-11,010-9480-5045,사진촬영
12087,박순영,48,경기도 안산시 상록구 934-66,010-1682-4546,게임 방송
12088,이세아,49,서울특별시 강동구 188-25,010-1662-2718,벽화 그리기
12089,신로운,26,경기도 안양시 동안구 474-39,010-8188-1489,스키
12090,송건우,31,서울특별시 성동구 492-4,010-7337-5679,시뮬레이션 게임
12091,윤정자,62,대전광역시 서구 341-28,010-6199-4395,비즈 공예
12092,한우진,66,광주광역시 광산구 330-11,010-4159-9716,집콕 놀이
12093,홍지율,50,부산광역시 금정구 124-50,010-6170-9534,운동
12094,장말옥,22,부산광역시 수영구 817-65,010-7982-4553,스트리트 댄스
12095,장은숙,51,제주시 오라동 710-90,010-8561-5041,디지털 일러스트
12096,홍하윤,49,경기도 평택시 685-53,010-2338-2096,모바일 게임 개발
12097,오만수,68,울산광역시 북구 835-51,010-6444-7428,스트리트 댄스
12098,최재훈,40,경기도 수원시 장안구 146-10,010-6936-4651,일기 쓰기
12099,황영호,55,경기도 안산시 상록구 97-35,010-5801-4912,카페 투어
12100,박옥희,27,서울특별시 관악구 919-14,010-4819-6395,플로리스트
12101,이주아,23,울산광역시 북구 383-15,010-9004-5685,테니스
12102,신하윤,32,서울특별시 도봉구 857-74,010-4259-2853,디지털 아트
12103,서수빈,40,서울특별시 금천구 87-61,010-5111-9994,디지털 아트
12104,조정우,20,강원도 태백시 834-70,010-4480-1723,등산
12105,홍채은,60,서울특별시 광진구 218-49,010-1418-2644,자원봉사
12106,강말자,49,부산광역시 동래구 146-75,010-3254-2759,게임
12107,안말순,60,울산광역시 중구 859-28,010-3156-4012,디지털 콘텐츠 제작
12108,한주원,62,광주광역시 광산구 524-8,010-1615-6266,배우기
12109,이나윤,63,경기도 광주시 935-22,010-5917-9987,웹서핑
12110,장주원,70,전라남도 광양시 251-9,010-5347-2301,여행
12111,윤다빈,42,대전광역시 서구 241-32,010-1628-5756,캠핑
12112,정하은,52,강원도 속초시 952-37,010-1108-2832,피크닉
12113,박찬우,33,경상북도 구미시 373-42,010-3224-6371,스트리밍
12114,김숙자,21,강원도 춘천시 76-78,010-5280-6962,게임 방송
12115,신주원,51,울산광역시 남구 318-91,010-3506-4337,자전거 타기
12116,임희정,44,부산광역시 동래구 949-70,010-7540-6342,독서
12117,정채은,31,울산광역시 중구 448-93,010-2340-9549,비즈 공예
12118,윤영호,64,강원도 강릉시 181-55,010-4366-4480,음악감상
12119,신주원,74,부산광역시 사하구 502-79,010-6649-6045,마인드맵 만들기
12120,임복자,29,인천광역시 계양구 672-49,010-4215-9451,헬스
12121,오건우,50,제주시 연동 889-2,010-6065-6400,필라테스
12122,안성민,40,부산광역시 서구 212-55,010-9496-6541,디지털 아트
12123,오유진,25,전라남도 광양시 986-74,010-4705-3168,영화감상
12124,윤성민,41,부천시 상동 150-87,010-6460-5124,영화감상
12125,한숙자,56,충청남도 공주시 156-98,010-5138-3051,헬로윈 파티 준비
12126,최은우,33,서울특별시 용산구 768-53,010-3336-2913,콜라주 아트
12127,홍재호,38,대구광역시 동구 522-94,010-4377-2694,뜨개질
12128,황말자,58,강원도 동해시 933-9,010-5606-7654,로봇 공학
12129,윤하율,70,경상남도 김해시 888-16,010-2945-9492,스포츠 카드 수집
12130,최현서,51,부산광역시 사하구 942-96,010-2006-6398,배우기
12131,임미영,72,경기도 화성시 22-59,010-5075-6491,요리
12132,윤은숙,62,인천광역시 미추홀구 680-44,010-5423-1431,캔들 만들기
12133,박서연,78,충청북도 충주시 209-33,010-3159-4169,펜팔
12134,홍기석,20,대전광역시 대덕구 353-61,010-7545-6177,웹툰 그리기
12135,오경수,46,서울특별시 구로구 141-51,010-6341-6101,코딩
12136,권기영,25,경상남도 창녕군 94-54,010-3218-6829,게임 방송
12137,오수빈,63,경상북도 포항시 6-18,010-8664-2438,캠핑
12138,전말자,50,경기도 성남시 분당구 102-90,010-8834-9055,운동
12139,송말옥,30,경상북도 구미시 537-32,010-4269-5378,배드민턴
12140,송병호,58,강원도 태백시 50-71,010-6599-4029,자전거 타기
12141,윤하람,66,대구광역시 달서구 908-98,010-9798-7799,운동
12142,임명자,54,부산광역시 해운대구 870-72,010-3949-4642,마인드맵 만들기
12143,서명숙,65,부산광역시 부산진구 552-68,010-4245-9241,여행
12144,안말옥,46,서울특별시 구로구 127-6,010-6153-3352,보드게임
12145,서지원,39,경상남도 거제시 493-0,010-5660-6288,요가
12146,이재훈,60,세종특별자치시 도담동 794-0,010-6803-2837,낚시
12147,이명숙,58,경기도 의정부시 823-38,010-4553-7246,디지털 아트
12148,이하은,33,경기도 성남시 수정구 376-12,010-1099-2898,로봇 공학
12149,김말순,37,광주광역시 북구 47-69,010-2356-8834,보드게임
12150,송서진,21,경기도 안양시 만안구 529-55,010-8037-5013,보드게임
12151,오상호,45,경기도 안양시 동안구 368-60,010-5366-7474,웹서핑
12152,김나윤,53,부산광역시 북구 933-65,010-3652-5588,낚시
12153,황다온,34,경기도 의정부시 797-33,010-6564-9600,웹툰 그리기
12154,신영일,63,경기도 시흥시 131-77,010-1171-6762,스크래치 프로그램 만들기
12155,최영호,62,강원도 강릉시 456-23,010-2557-6361,영화감상
12156,최성호,48,부천시 상동 536-40,010-2415-2267,모바일 게임 개발
12157,서유하,79,부산광역시 금정구 953-37,010-1645-5417,보드게임
12158,김명숙,76,경기도 광명시 791-41,010-6117-8494,웹서핑
12159,황춘식,34,전라북도 익산시 786-65,010-5814-3511,플라워 아트
12160,박다빈,71,전라북도 익산시 331-45,010-1391-9681,헬스
12161,박찬우,54,용인시 수지구 풍덕천동 662-52,010-3861-8935,스크래치 프로그램 만들기
12162,윤수아,50,강원도 속초시 843-18,010-2624-5756,낚시
12163,임다은,76,전라남도 나주시는 917-61,010-4513-3196,스트리밍
12164,신윤호,68,대전광역시 서구 421-3,010-6658-9076,디지털 콘텐츠 제작
12165,전호철,20,서울특별시 강서구 231-54,010-7999-2841,VR 게임
12166,전세호,21,부산광역시 동래구 849-42,010-7140-4587,낚시
12167,강영자,47,경기도 안산시 단원구 251-79,010-1362-5182,봉사활동
12168,장말순,45,부산광역시 동구 771-34,010-5813-8286,디지털 아트
12169,송재훈,54,부산광역시 서구 111-39,010-7176-4301,여행
12170,오옥희,72,서울특별시 서초구 25-51,010-1877-4427,사진촬영
12171,전주원,71,울산광역시 남구 310-73,010-1740-9679,디지털 일러스트
12172,황지호,47,인천광역시 미추홀구 92-16,010-7191-4988,디지털 일러스트
12173,황예은,34,부산광역시 동구 595-60,010-2997-9529,사진편집
12174,송세호,25,경상북도 경주시 201-18,010-4720-3848,명상
12175,조연희,29,경상남도 밀양시 227-55,010-8129-8368,헬로윈 파티 준비
12176,안미영,54,광주광역시 동구 335-7,010-4913-1545,비즈 공예
12177,임순영,40,서울특별시 관악구 737-97,010-6890-4227,보드게임
12178,박건우,32,제주시 노형동 753-64,010-3086-3247,VR 게임
12179,최재영,45,대구광역시 수성구 374-30,010-1232-6589,사진촬영
12180,전진호,69,인천광역시 동구 224-81,010-6669-6484,운동
12181,오영일,30,대구광역시 달서구 20-95,010-9277-7359,배드민턴
12182,정남수,35,경기도 군포시 134-60,010-8303-1342,사진촬영
12183,장도윤,22,강원도 원주시 256-12,010-6367-4345,필라테스
12184,서다빈,56,서울특별시 동대문구 636-68,010-5766-5711,뜨개질
12185,조우진,22,서울특별시 성동구 903-9,010-1619-1008,로봇 공학
12186,서서준,28,부산광역시 남구 618-75,010-4112-3975,보드게임
12187,윤채원,31,광주광역시 동구 197-43,010-2169-7757,헬스
12188,이진숙,75,전라북도 군산시 71-53,010-9880-9771,피크닉
12189,김선자,22,경기도 군포시 973-96,010-5378-7297,테니스
12190,안건우,66,경기도 광명시 898-37,010-6222-9031,웹서핑
12191,장성민,24,경상남도 사천시 730-8,010-5339-5524,책 클럽
12192,서철수,26,충청북도 진천군 26-29,010-6895-7930,스트리밍
12193,정광호,41,강원도 태백시 221-74,010-6720-9133,스포츠 카드 수집
12194,황순자,64,광주광역시 북구 749-26,010-6495-6267,퍼즐 맞추기
12195,황예준,70,강원도 강릉시 838-49,010-5171-8354,캘리그라피
12196,홍서진,56,부산광역시 남구 109-38,010-5885-8996,자원봉사
12197,최상호,22,경기도 용인시 기흥구 762-92,010-5979-9221,플로리스트
12198,최현진,66,경기도 용인시 수지구 188-61,010-8990-3211,여행
12199,황채은,40,전라북도 익산시 951-24,010-1761-1213,카페 투어
12200,정정희,57,전라북도 전주시 697-27,010-9136-5670,모바일 촬영
12201,정은우,33,부산광역시 해운대구 947-49,010-2497-3025,디지털 일러스트
12202,전기영,37,전라남도 여수시 549-29,010-3462-5827,디지털 콘텐츠 제작
12203,최윤서,26,울산광역시 남구 639-69,010-4153-9051,보드게임
12204,김하연,43,충청북도 청주시 795-28,010-8289-1950,퍼즐 맞추기
12205,이종순,72,강원도 평창군 967-78,010-4770-5977,스트리밍
12206,서말자,59,제주시 신제주 316-94,010-2538-9399,플로리스트
12207,정시헌,27,경기도 고양시 일산동구 903-22,010-7176-4478,퍼즐 맞추기
12208,최하진,79,광주광역시 남구 886-87,010-3355-2467,스트리밍
12209,한희정,74,용인시 수지구 풍덕천동 279-61,010-4900-2894,보드게임
12210,최준호,43,서울특별시 관악구 114-44,010-8243-1742,음악감상
12211,윤주원,41,서울특별시 중랑구 36-71,010-4918-2732,펜팔
12212,정유진,67,광주광역시 남구 22-78,010-4499-3100,스크래치 프로그램 만들기
12213,안수아,54,경상남도 양산시 393-75,010-7741-2859,등산
12214,안서준,46,강원도 원주시 298-4,010-5474-2560,음악감상
12215,안옥희,56,제주시 아라동 910-87,010-9516-7099,드로잉
12216,송하윤,62,부산광역시 기장군 774-6,010-7508-3390,캘리그라피
12217,정지민,23,인천광역시 남동구 933-24,010-4616-6593,유튜브 보기
12218,박재훈,42,서울특별시 강서구 766-91,010-2728-4220,미술관 관람
12219,오미영,69,서울특별시 종로구 284-3,010-8600-9380,웹서핑
12220,권현철,39,서울특별시 강서구 462-21,010-2789-8555,스키
12221,윤수빈,31,서울특별시 마포구 698-88,010-7321-6091,수영
12222,김미영,50,충청북도 충주시 222-34,010-6051-5516,테니스
12223,강채은,35,경상남도 사천시 207-73,010-2206-3694,독서
12224,전영희,31,대구광역시 달성군 293-88,010-5318-8831,게임
12225,송정자,37,김해시 장유동 47-22,010-9266-9582,모바일 게임 개발
12226,황로운,78,서울특별시 도봉구 686-9,010-4907-7652,벽화 그리기
12227,홍혜숙,55,경기도 오산시 466-27,010-8208-9373,유튜브 보기
12228,강예린,34,경기도 안산시 상록구 31-9,010-4079-2526,봉사활동
12229,조현진,50,경기도 시흥시 340-38,010-1922-1564,웹서핑
12230,김말자,28,경기도 평택시 733-40,010-2005-4970,요리
12231,최영희,72,서울특별시 강서구 403-13,010-2143-3099,봉사활동
12232,임승호,28,경기도 성남시 수정구 227-18,010-6987-2005,패션
12233,이말순,24,서울특별시 중랑구 360-4,010-6155-4290,캠핑
12234,최서연,24,경기도 고양시 일산동구 229-34,010-9559-5846,헬로윈 파티 준비
12235,서나윤,61,경기도 광주시 10-39,010-4035-5711,시뮬레이션 게임
12236,윤복희,36,서울특별시 송파구 234-8,010-4332-8253,퍼즐 맞추기
12237,전성민,38,세종특별자치시 도담동 620-94,010-4132-9447,집콕 놀이
12238,강도윤,72,대구광역시 동구 413-39,010-4788-7334,운동
12239,황광호,54,부산광역시 남구 849-41,010-6001-1613,뜨개질
12240,한서연,33,서울특별시 도봉구 19-55,010-7608-1694,비즈 공예
12241,박창수,27,전라남도 나주시는 517-40,010-9424-1807,명상
12242,장종수,30,경상남도 밀양시 764-42,010-4808-4210,퍼즐 맞추기
12243,신나윤,25,부산광역시 강서구 505-66,010-9092-2893,수영
12244,한명숙,51,부산광역시 강서구 821-20,010-4756-4346,보드게임
12245,정성호,53,울산광역시 남구 219-82,010-2222-8112,콜라주 아트
12246,임영수,30,부산광역시 중구 249-5,010-6599-5414,스포츠 카드 수집
12247,전영자,45,서울특별시 강북구 503-87,010-4167-8335,영화 제작
12248,정춘자,36,대구광역시 북구 65-90,010-5294-5335,게임
12249,정지민,67,서울특별시 영등포구 444-93,010-4689-2747,애니메이션 제작
12250,송다빈,66,경기도 수원시 팔달구 398-2,010-2011-1408,영화 제작
12251,전영수,59,강원도 삼척시 218-65,010-5776-8566,플라워 아트
12252,조세아,31,강원도 양양군 344-45,010-5088-5139,VR 게임
12253,정하진,30,인천광역시 남동구 833-89,010-8594-5239,미술관 관람
12254,한하람,29,서울특별시 강동구 821-10,010-8972-5735,벽화 그리기
12255,안유진,77,경상남도 김해시 94-59,010-3159-5372,책 클럽
12256,김하은,57,서울특별시 송파구 729-14,010-4482-1034,배우기
12257,권상민,68,서울특별시 노원구 450-55,010-3691-5897,도예
12258,안준호,40,울산광역시 울주군 802-87,010-8340-5806,스포츠 카드 수집
12259,이현우,51,경상북도 안동시 306-96,010-1960-6973,모바일 촬영
12260,조기영,42,대전광역시 서구 602-81,010-3993-5066,애니메이션 제작
12261,권시우,26,부산광역시 북구 131-50,010-2486-4095,여행
12262,최성자,40,인천광역시 중구 978-93,010-2370-8040,독서
12263,권영자,43,대구광역시 수성구 786-18,010-4607-1904,도예
12264,최채은,30,부산광역시 남구 440-45,010-8094-9531,집콕 놀이
12265,전정희,67,대구광역시 중구 614-79,010-9358-6663,카페 투어
12266,오연희,44,강원도 평창군 945-10,010-9718-2253,헬로윈 파티 준비
12267,김영수,32,경상남도 창녕군 536-92,010-6251-1114,뜨개질
12268,이정숙,25,부산광역시 서구 199-61,010-6305-2368,영화감상
12269,조창수,50,서울특별시 금천구 373-25,010-9237-3675,미술관 관람
12270,박현철,35,경기도 용인시 기흥구 13-68,010-1125-9181,웹툰 그리기
12271,최춘자,39,부산광역시 금정구 353-37,010-1245-9740,플라워 아트
12272,안지후,60,광주광역시 남구 891-81,010-5959-1482,낚시
12273,이혜숙,25,부산광역시 강서구 872-5,010-7344-8142,시뮬레이션 게임
12274,박지한,57,인천광역시 동구 516-97,010-8135-9484,피크닉
12275,안미영,51,서울특별시 서초구 498-16,010-9178-7759,헬로윈 파티 준비
12276,송은채,49,인천광역시 연수구 199-26,010-2080-2422,사진촬영
12277,이형민,67,경기도 의정부시 571-62,010-4791-7324,시뮬레이션 게임
12278,최윤호,42,전라남도 나주시는 141-66,010-1694-6278,일기 쓰기
12279,안호철,45,김해시 장유동 30-57,010-1925-3350,시뮬레이션 게임
12280,김세아,53,부산광역시 해운대구 151-91,010-2165-2316,독서
12281,이순희,39,김해시 장유동 413-59,010-4120-4446,미술관 관람
12282,권윤서,69,강원도 강릉시 653-18,010-5608-3627,봉사활동
12283,강춘자,78,제주시 노형동 721-93,010-6569-3732,자전거 타기
12284,최채은,48,부천시 원미구 중동 873-38,010-2568-1410,사진촬영
12285,최순자,37,부산광역시 강서구 913-51,010-6381-9844,디지털 일러스트
12286,정민서,23,경기도 시흥시 283-27,010-6392-3726,벽화 그리기
12287,윤경수,79,대구광역시 북구 492-12,010-6271-5142,웹서핑
12288,송서준,60,부산광역시 남구 260-52,010-2677-9402,책 클럽
12289,강우진,24,울산광역시 북구 568-55,010-6867-2047,캔들 만들기
12290,안현서,34,대구광역시 동구 176-21,010-9322-8961,캔들 만들기
12291,김순영,57,울산광역시 북구 488-54,010-7637-6883,보드게임
12292,이철수,21,경기도 성남시 분당구 761-34,010-6226-4313,생활 해킹
12293,김우진,48,서울특별시 강동구 320-58,010-4622-2079,사진촬영
12294,박현우,79,서울특별시 도봉구 138-17,010-9237-5156,배드민턴
12295,김정숙,27,전라북도 군산시 912-56,010-5807-6154,자원봉사
12296,정지후,76,대구광역시 중구 340-9,010-5882-4704,사진편집
12297,조다온,27,부산광역시 사하구 1-79,010-6762-5529,패션
12298,정영수,22,제주시 노형동 507-33,010-7612-1919,자원봉사
12299,김말옥,48,서울특별시 마포구 753-41,010-8608-6101,VR 게임
12300,이영자,35,서울특별시 마포구 814-4,010-8271-1295,책 클럽
12301,한현서,31,서울특별시 강서구 270-55,010-3068-2204,웹툰 그리기
12302,오하은,78,서울특별시 서초구 563-88,010-3407-6261,디지털 일러스트
12303,황영희,46,강원도 동해시 129-77,010-7875-5523,코딩
12304,박춘식,73,김해시 장유동 591-88,010-9928-7535,비즈 공예
12305,안동수,78,서울특별시 관악구 593-48,010-8826-3965,게임
12306,황복자,48,인천광역시 서구 109-87,010-8462-1035,일기 쓰기
12307,강하윤,27,강원도 춘천시 359-14,010-9703-3635,뜨개질
12308,안도윤,62,서울특별시 중구 56-26,010-6959-6824,마인드맵 만들기
12309,한말옥,60,경상남도 거제시 751-32,010-2352-5512,뜨개질
12310,한승호,24,서울특별시 성북구 852-76,010-4815-6480,명상
12311,안지원,69,강원도 원주시 713-89,010-5729-2366,골프
12312,권주원,45,경기도 용인시 기흥구 998-38,010-6392-1476,헬스
12313,김민수,67,부산광역시 금정구 46-78,010-1475-4786,수채화 그리기
12314,전도윤,49,경기도 안산시 단원구 403-83,010-8217-6838,뜨개질
12315,임예은,77,부산광역시 동구 344-45,010-9189-9837,퍼즐 맞추기
12316,김현우,44,서울특별시 용산구 735-21,010-6566-1786,펜팔
12317,안영일,49,강원도 태백시 296-96,010-6162-4051,여행
12318,장수아,36,경기도 안양시 동안구 316-30,010-6153-2857,배드민턴
12319,정진호,35,울산광역시 북구 331-24,010-8102-4213,게임 방송
12320,한성호,72,경기도 광명시 533-8,010-1583-5015,드로잉
12321,이은숙,63,서울특별시 중랑구 761-28,010-8186-9657,낚시
12322,안명자,40,김해시 장유동 404-97,010-4804-6063,자원봉사
12323,이미영,34,경기도 의정부시 968-96,010-3388-9446,마인드맵 만들기
12324,강순자,38,인천광역시 서구 972-50,010-7386-7097,필라테스
12325,오채은,58,서울특별시 용산구 524-67,010-3186-2978,VR 게임
12326,최성호,56,전라북도 익산시 752-88,010-1493-2311,웹서핑
12327,신다은,26,경기도 용인시 기흥구 413-97,010-9887-4003,사진촬영
12328,한기영,33,광주광역시 서구 59-68,010-6166-6660,코딩
12329,강다은,22,전라북도 전주시 636-22,010-2239-6464,스트리트 댄스
12330,안성호,78,서울특별시 중구 644-17,010-3033-4661,웹툰 그리기
12331,장순영,33,서울특별시 강동구 426-89,010-2555-6286,여행
12332,안순희,49,경상북도 경주시 923-64,010-2838-8402,뜨개질
12333,한춘희,40,경기도 군포시 182-46,010-9674-1547,스트리밍
12334,권기석,39,충청남도 아산시 636-87,010-5760-3150,수영
12335,이준호,62,세종특별자치시 한솔동 918-77,010-9812-5019,콜라주 아트
12336,서채원,63,전라남도 여수시 131-67,010-4891-1309,요리
12337,한철수,68,서울특별시 동작구 953-84,010-6952-9923,운동
12338,장기영,47,서울특별시 관악구 205-16,010-1149-4208,생활 해킹
12339,조예린,70,부산광역시 남구 255-54,010-2371-2368,코딩
12340,윤정희,78,경상북도 경주시 20-64,010-4658-4416,도예
12341,오명자,76,강원도 삼척시 686-80,010-1640-2892,집콕 놀이
12342,한기영,70,서울특별시 강서구 586-7,010-1449-1909,유튜브 보기
12343,홍하윤,25,경기도 시흥시 797-26,010-8000-9305,여행
12344,권주원,65,세종특별자치시 조치원읍 700-21,010-2639-9478,디지털 일러스트
12345,김숙자,32,경기도 화성시 570-37,010-8468-1982,미술관 관람
12346,홍소율,66,인천광역시 남동구 241-78,010-8956-3177,낚시
12347,장정숙,21,경상북도 김천시 661-75,010-1553-4385,유튜브 보기
12348,윤다은,69,서울특별시 성북구 734-23,010-8961-8586,스키
12349,서로운,30,경기도 용인시 수지구 161-21,010-2321-8276,배드민턴
12350,안명숙,51,전라남도 여수시 753-49,010-4133-2449,여행
12351,정다은,65,서울특별시 중랑구 962-35,010-6235-9023,음악감상
12352,박하율,70,서울특별시 강동구 122-50,010-2342-4168,영화 제작
12353,윤종수,79,전라남도 순천시 613-94,010-3720-1164,마인드맵 만들기
12354,장하연,61,제주시 오라동 613-45,010-9787-4157,코딩
12355,신기영,73,광주광역시 동구 928-17,010-6704-2015,웹툰 그리기
12356,오예은,70,경기도 용인시 기흥구 226-29,010-5161-4083,캠핑
12357,이영희,39,광주광역시 동구 179-52,010-4561-5528,배우기
12358,장수아,50,경기도 광명시 488-72,010-3300-3984,스포츠 카드 수집
12359,김복자,60,강원도 태백시 350-55,010-3321-3602,사진편집
12360,신정희,77,대전광역시 유성구 50-43,010-1994-7056,캠핑
12361,오다빈,34,서울특별시 구로구 63-53,010-8182-6092,테니스
12362,이지우,63,서울특별시 금천구 412-7,010-3428-7167,보드게임
12363,안복희,34,강원도 삼척시 537-45,010-9180-1295,일기 쓰기
12364,박형민,75,대구광역시 북구 496-75,010-4927-4425,자전거 타기
12365,장정희,23,대구광역시 남구 802-27,010-6701-8184,스트리밍
12366,서재훈,27,경상남도 진주시 728-38,010-3281-2215,영화 제작
12367,홍명숙,39,울산광역시 중구 87-1,010-9304-8979,시뮬레이션 게임
12368,송명자,38,대구광역시 동구 45-60,010-1993-1173,애니메이션 제작
12369,윤명자,25,전라북도 익산시 650-52,010-9785-1015,디지털 콘텐츠 제작
12370,한예린,69,대구광역시 남구 390-28,010-1446-1291,책 클럽
12371,전말옥,52,강원도 홍천군 180-30,010-5295-8582,수영
12372,김형민,79,부산광역시 북구 242-89,010-2752-1894,수채화 그리기
12373,이복희,23,경상북도 김천시 926-70,010-2225-6416,운동
12374,홍정호,41,경기도 광주시 871-12,010-6893-4941,모바일 촬영
12375,이옥희,36,부산광역시 서구 756-50,010-5421-4479,여행
12376,최건우,27,충청북도 충주시 275-87,010-7802-3668,DIY
12377,이옥희,64,전라남도 여수시 442-38,010-3562-5139,DIY
12378,윤창수,42,인천광역시 동구 886-16,010-3066-2883,배드민턴
12379,박지호,49,인천광역시 중구 72-36,010-4456-5193,패션
12380,송서아,39,서울특별시 광진구 806-85,010-9177-2890,웹서핑
12381,박말옥,48,서울특별시 서초구 916-90,010-6538-8599,명상
12382,윤정순,38,충청남도 아산시 356-1,010-6181-8613,일기 쓰기
12383,강영희,56,서울특별시 강북구 764-29,010-8279-2407,디지털 아트
12384,박유진,61,부산광역시 수영구 526-4,010-8796-8607,스포츠 카드 수집
12385,신상민,62,경기도 안산시 단원구 535-8,010-1990-1667,봉사활동
12386,임예준,51,부산광역시 중구 453-23,010-4463-6470,테니스
12387,임정희,67,서울특별시 동작구 373-1,010-3551-5789,수채화 그리기
12388,안옥희,47,경기도 안산시 상록구 636-71,010-8016-6463,패션
12389,안주원,47,대전광역시 유성구 748-61,010-4733-3667,플라워 아트
12390,홍윤호,24,전라남도 나주시는 536-18,010-7016-2752,스크래치 프로그램 만들기
12391,박수아,30,경상남도 밀양시 205-87,010-1298-7496,요가
12392,권창수,45,부산광역시 금정구 93-9,010-4575-1690,드로잉
12393,강민수,65,대전광역시 유성구 248-37,010-8357-8693,일기 쓰기
12394,이소율,71,강원도 속초시 994-84,010-7295-5532,디지털 콘텐츠 제작
12395,홍하연,60,서울특별시 금천구 303-6,010-7210-3368,미술관 관람
12396,박하연,50,서울특별시 동작구 231-83,010-4232-2860,골프
12397,안로운,35,경기도 성남시 분당구 451-1,010-6398-1867,모바일 게임 개발
12398,이정희,42,서울특별시 강서구 662-95,010-9338-3617,필라테스
12399,박윤호,42,경기도 의정부시 23-56,010-7086-8619,비즈 공예
12400,박재호,27,경상북도 경주시 993-75,010-4233-1245,코딩
12401,안주영,76,강원도 평창군 806-8,010-5068-1666,드로잉
12402,윤주원,79,서울특별시 중랑구 979-1,010-3416-1675,디지털 사진 전시
12403,송경자,28,부천시 상동 751-25,010-9691-3517,벽화 그리기
12404,임병호,39,대전광역시 유성구 799-61,010-9897-4555,디지털 사진 전시
12405,윤현철,70,전라남도 여수시 49-33,010-2274-5307,카페 투어
12406,이만수,73,전라남도 나주시는 561-36,010-4644-1279,모바일 촬영
12407,조은우,71,제주시 오라동 285-97,010-7230-6894,도예
12408,전찬우,30,부산광역시 서구 864-44,010-3634-9837,모바일 게임 개발
12409,서만수,57,세종특별자치시 도담동 738-9,010-4669-5409,스크래치 프로그램 만들기
12410,이주아,23,서울특별시 중구 181-44,010-6371-5909,도예
12411,임하율,66,강원도 춘천시 800-75,010-8559-1620,보드게임
12412,신건우,44,경상북도 안동시 808-58,010-4486-5451,여행
12413,홍윤서,20,김해시 장유동 395-44,010-2093-2908,명상
12414,서재영,35,서울특별시 서대문구 9-82,010-3649-4022,플로리스트
12415,임복희,77,전라북도 익산시 739-41,010-1633-5890,음악감상
12416,조옥희,73,제주시 신제주 767-52,010-7640-2291,책 클럽
12417,홍명숙,31,강원도 양양군 763-34,010-8498-2845,보드게임
12418,이하윤,52,부산광역시 영도구 901-24,010-7608-4096,디지털 일러스트
12419,김지후,47,부천시 원미구 중동 333-35,010-7697-5208,책 클럽
12420,권예은,35,경기도 수원시 장안구 242-95,010-4262-2102,뜨개질
12421,윤주아,78,전라남도 여수시 522-12,010-7285-6369,테니스
12422,최현서,23,경상남도 거제시 11-56,010-2042-1911,캔들 만들기
12423,윤성호,23,제주시 이도이동 687-2,010-4572-9388,게임 방송
12424,이옥희,79,서울특별시 강서구 95-5,010-1508-7115,요리
12425,윤지원,41,경기도 광명시 781-62,010-4053-3130,웹툰 그리기
12426,오하은,36,경상북도 김천시 296-65,010-8552-7492,스키
12427,최서연,30,세종특별자치시 아름동 158-67,010-7549-5287,필라테스
12428,정현진,32,울산광역시 남구 346-42,010-6299-6107,일기 쓰기
12429,황숙자,32,제주시 오라동 874-42,010-5541-5084,플라워 아트
12430,임상민,43,경기도 용인시 수지구 984-4,010-2267-9235,수채화 그리기
12431,권정우,23,대전광역시 서구 542-1,010-1686-1780,헬로윈 파티 준비
12432,한태수,20,부산광역시 부산진구 565-76,010-5075-8095,보드게임
12433,윤서진,21,광주광역시 북구 969-33,010-1299-6116,캠핑
12434,정하윤,65,경기도 고양시 일산동구 609-43,010-8778-1929,운동
12435,이세아,58,부산광역시 북구 613-26,010-5486-6886,책 클럽
12436,박소율,45,강원도 홍천군 893-48,010-3758-2221,헬로윈 파티 준비
12437,이기영,75,광주광역시 남구 53-75,010-1787-7759,운동
12438,신철수,49,울산광역시 중구 233-0,010-2931-5348,일기 쓰기
12439,임지후,37,강원도 속초시 704-49,010-8923-2256,게임 방송
12440,한채은,75,경기도 화성시 335-59,010-6654-8297,DIY
12441,장은채,78,대전광역시 유성구 164-96,010-6148-6672,스키
12442,송우진,75,충청북도 청주시 97-45,010-6351-6543,필라테스
12443,윤로운,48,경상북도 포항시 895-41,010-6473-7874,피크닉
12444,장시윤,38,경기도 안산시 단원구 523-0,010-9401-1011,패션
12445,조지우,68,광주광역시 동구 254-90,010-1099-2291,독서
12446,이명훈,35,광주광역시 동구 719-79,010-3624-2604,운동
12447,김성자,24,전라남도 광양시 114-49,010-4954-7698,플라워 아트
12448,안수아,74,대구광역시 달서구 797-41,010-2339-8628,캠핑
12449,황영일,38,서울특별시 성동구 156-63,010-5197-4033,명상
12450,강형민,65,경상남도 통영시 55-76,010-1350-5539,디지털 아트
12451,신예은,50,인천광역시 계양구 464-3,010-7159-9560,음악감상
12452,임정우,78,서울특별시 성동구 805-22,010-5219-8390,DIY
12453,오창수,20,부천시 상동 413-95,010-5402-5580,벽화 그리기
12454,김준서,51,충청북도 충주시 754-6,010-5746-5780,음악감상
12455,윤춘자,69,대구광역시 남구 730-53,010-9151-8214,DIY
12456,조현서,26,대구광역시 동구 682-26,010-3626-4100,헬스
12457,김현철,52,충청북도 충주시 881-37,010-3239-3924,봉사활동
12458,오지한,39,서울특별시 양천구 349-97,010-3704-2193,명상
12459,권준서,21,전라남도 나주시는 562-28,010-8975-7382,스트리밍
12460,송상민,72,광주광역시 광산구 189-14,010-3680-6862,헬로윈 파티 준비
12461,홍지원,22,부산광역시 수영구 439-97,010-4579-2058,모바일 게임 개발
12462,송윤서,64,강원도 강릉시 568-87,010-3139-6510,모바일 게임 개발
12463,오시우,53,경상남도 창원시 485-35,010-1658-3765,수채화 그리기
12464,전복희,24,울산광역시 울주군 470-85,010-3912-7969,자원봉사
12465,최수아,36,전라남도 목포시 713-29,010-1421-1493,코딩
12466,권태수,39,경기도 시흥시 443-3,010-9605-7028,피크닉
12467,서승호,28,서울특별시 노원구 833-13,010-9713-2784,드로잉
12468,안선자,38,경상남도 진주시 251-29,010-1614-6390,골프
12469,정현진,40,충청남도 천안시 764-72,010-5829-4234,스키
12470,조종순,26,서울특별시 관악구 789-17,010-1261-2363,봉사활동
12471,최철수,23,제주시 노형동 161-32,010-7021-9197,로봇 공학
12472,정기석,48,경기도 파주시 280-58,010-4703-1504,영화 제작
12473,이수아,46,부산광역시 사하구 847-71,010-8345-4552,벽화 그리기
12474,전시윤,44,대전광역시 서구 526-36,010-8533-1016,수영
12475,임윤호,26,경상남도 밀양시 33-74,010-8908-1404,모바일 게임 개발
12476,송주원,37,부산광역시 사상구 460-77,010-6049-4987,디지털 사진 전시
12477,권호철,62,서울특별시 강동구 575-15,010-2730-5875,음악감상
12478,송지우,66,경기도 의정부시 224-58,010-7700-2006,스트리트 댄스
12479,장정숙,32,서울특별시 강서구 341-80,010-1922-8446,디지털 아트
12480,오정자,33,김해시 장유동 886-74,010-6212-3010,뜨개질
12481,윤말옥,63,부산광역시 중구 799-13,010-7024-3920,게임 방송
12482,전지호,37,경상남도 사천시 540-45,010-5704-3248,등산
12483,최성자,40,광주광역시 광산구 846-83,010-5521-2214,스크래치 프로그램 만들기
12484,서경자,26,서울특별시 종로구 619-84,010-2056-5321,집콕 놀이
12485,윤진호,53,대구광역시 북구 559-74,010-3794-5746,보드게임
12486,전서준,64,대전광역시 서구 133-68,010-9463-1703,사진편집
12487,임경자,73,대전광역시 동구 892-43,010-6299-6302,요리
12488,전성자,39,경상남도 김해시 214-30,010-3919-7091,디지털 일러스트
12489,홍윤서,20,서울특별시 관악구 988-92,010-1865-6948,사진촬영
12490,이연희,56,경상남도 거제시 909-66,010-3375-8416,여행
12491,조정호,36,대전광역시 서구 806-75,010-6437-2757,캔들 만들기
12492,송민수,67,전라남도 나주시는 427-73,010-4774-2190,캔들 만들기
12493,황명훈,77,제주시 오라동 743-84,010-9718-4286,도예
12494,윤남수,43,전라남도 나주시는 410-56,010-6300-5138,시뮬레이션 게임
12495,조준서,33,부산광역시 기장군 517-13,010-7575-8806,스트리트 댄스
12496,임경수,56,부산광역시 해운대구 943-88,010-9295-4637,웹서핑
12497,이영일,69,경상남도 거제시 635-20,010-6058-1276,영화감상
12498,김호철,21,경기도 의정부시 568-59,010-3089-4053,스키
12499,장진호,63,울산광역시 울주군 904-62,010-6043-1547,디지털 사진 전시
12500,황순영,20,대전광역시 서구 324-90,010-7753-1548,집콕 놀이
12501,윤예준,67,서울특별시 중구 835-74,010-9062-4165,뜨개질
12502,권성자,73,경기도 의정부시 62-78,010-9105-2333,벽화 그리기
12503,안하윤,64,대전광역시 동구 624-21,010-8068-1507,유튜브 보기
12504,서숙자,64,경상남도 밀양시 217-27,010-4924-6898,캔들 만들기
12505,서서준,27,전라북도 전주시 345-28,010-6051-7400,영화감상
12506,박은숙,35,경기도 용인시 처인구 488-69,010-7407-9432,스키
12507,오복희,45,울산광역시 울주군 511-15,010-7288-2505,스포츠 카드 수집
12508,송주영,27,성남시 분당구 정자동 50-69,010-5334-5091,수채화 그리기
12509,강하람,76,경기도 용인시 기흥구 666-69,010-1532-2221,캔들 만들기
12510,서종순,40,부산광역시 남구 982-71,010-3667-2741,집콕 놀이
12511,조수빈,57,서울특별시 구로구 899-9,010-4240-2446,스트리밍
12512,임순영,58,울산광역시 북구 435-15,010-1811-9277,스키
12513,권지한,34,대구광역시 달성군 405-15,010-2825-9546,사진촬영
12514,홍재영,70,부산광역시 강서구 907-26,010-4039-5239,게임 방송
12515,최다빈,68,서울특별시 송파구 386-52,010-8310-1777,비즈 공예
12516,장소율,29,강원도 강릉시 297-26,010-5716-1717,스크래치 프로그램 만들기
12517,윤춘자,25,서울특별시 성동구 724-83,010-5078-9052,일기 쓰기
12518,송동수,54,전라북도 전주시 237-29,010-4803-4353,수영
12519,홍정숙,21,대구광역시 달서구 158-17,010-5606-6141,캠핑
12520,박정숙,60,서울특별시 강동구 167-31,010-1309-6290,캔들 만들기
12521,김민수,32,울산광역시 동구 570-81,010-2565-4191,헬로윈 파티 준비
12522,서순영,79,서울특별시 중구 859-90,010-7845-8356,카페 투어
12523,서하진,24,경기도 용인시 수지구 1-0,010-3994-6130,여행
12524,황찬우,35,전라남도 목포시 259-2,010-1757-6449,자전거 타기
12525,정재호,37,서울특별시 서대문구 204-93,010-4536-6928,드로잉
12526,송선자,61,강원도 평창군 631-5,010-7060-3606,벽화 그리기
12527,홍채은,42,광주광역시 서구 926-30,010-6272-2296,코딩
12528,정수빈,46,서울특별시 광진구 948-27,010-2240-2777,스트리트 댄스
12529,홍명자,60,강원도 평창군 358-52,010-9586-8603,스트리밍
12530,송명자,54,경상남도 양산시 197-29,010-9541-3259,낚시
12531,박경자,50,서울특별시 용산구 346-50,010-7093-2360,낚시
12532,권하은,29,충청북도 충주시 89-32,010-7008-2857,디지털 일러스트
12533,강미영,50,부산광역시 서구 143-0,010-1519-8952,디지털 일러스트
12534,송재훈,72,경상북도 김천시 1-61,010-3438-1521,플로리스트
12535,서명훈,77,대구광역시 수성구 495-35,010-1631-3908,유튜브 보기
12536,신세아,44,제주시 아라동 387-11,010-3781-8672,펜팔
12537,장도윤,64,대구광역시 달서구 833-76,010-9042-5618,비즈 공예
12538,안지율,55,경기도 군포시 127-28,010-6507-6304,수영
12539,조주영,76,서울특별시 강남구 56-0,010-8606-8785,필라테스
12540,서연희,54,경기도 용인시 처인구 253-61,010-4473-6332,영화 제작
12541,최지원,44,경기도 평택시 858-81,010-2879-9697,헬스
12542,한복희,68,전라남도 광양시 978-56,010-9126-7040,비즈 공예
12543,윤영희,65,경기도 용인시 기흥구 90-55,010-3404-1475,모바일 게임 개발
12544,강다온,31,부산광역시 사하구 566-83,010-7848-9718,책 클럽
12545,이시헌,55,경기도 안양시 만안구 707-26,010-4738-6071,헬로윈 파티 준비
12546,서기영,38,서울특별시 광진구 632-50,010-8612-3471,스포츠 카드 수집
12547,송채원,46,경기도 안양시 만안구 215-82,010-8927-3473,생활 해킹
12548,송정순,78,전라남도 여수시 975-97,010-4455-5004,미술관 관람
12549,황예준,52,광주광역시 동구 498-32,010-2166-6417,디지털 콘텐츠 제작
12550,송세호,68,부산광역시 사상구 480-59,010-1644-6354,사진촬영
12551,홍동수,61,제주시 연동 737-70,010-3619-3218,애니메이션 제작
12552,한혜숙,56,강원도 원주시 746-5,010-9643-5040,사진촬영
12553,임재호,20,경기도 용인시 처인구 118-80,010-4953-8232,비즈 공예
12554,전병호,56,대전광역시 중구 604-21,010-5210-4842,코딩
12555,최지우,65,전라남도 목포시 282-84,010-7644-4463,수채화 그리기
12556,김진숙,55,서울특별시 서대문구 802-89,010-5885-2368,스트리트 댄스
12557,김은우,54,강원도 춘천시 668-87,010-3975-1488,디지털 콘텐츠 제작
12558,조연희,22,서울특별시 동대문구 680-12,010-4236-1426,스트리밍
12559,한승호,49,광주광역시 남구 829-29,010-3603-5090,디지털 사진 전시
12560,권지후,57,서울특별시 종로구 968-4,010-3156-4055,배우기
12561,서영자,73,인천광역시 중구 129-94,010-4061-5424,웹서핑
12562,황상민,79,경상북도 김천시 268-56,010-6163-5311,플로리스트
12563,강종수,71,경기도 안양시 동안구 899-48,010-7583-2950,유튜브 보기
12564,권순영,45,제주시 노형동 49-56,010-5826-6772,자원봉사
12565,권하율,28,대구광역시 중구 386-44,010-2760-4802,미술관 관람
12566,서성호,71,충청북도 진천군 485-31,010-3973-9448,플로리스트
12567,강은채,54,김해시 장유동 391-44,010-2071-4583,드로잉
12568,윤유진,78,강원도 삼척시 958-14,010-2970-4160,벽화 그리기
12569,임명숙,45,제주시 연동 119-55,010-1006-6260,수영
12570,장채은,62,전라남도 순천시 511-34,010-2258-1552,퍼즐 맞추기
12571,권재영,60,경기도 오산시 414-61,010-6334-4861,코딩
12572,이기영,22,부산광역시 금정구 550-52,010-8225-8388,드로잉
12573,오현우,45,전라남도 나주시는 910-47,010-4981-3335,뜨개질
12574,황재훈,43,서울특별시 서초구 323-33,010-4109-9160,등산
12575,권호철,25,경상북도 경주시 840-86,010-4167-9164,뜨개질
12576,김서진,46,대전광역시 중구 529-63,010-3964-7371,플로리스트
12577,한세호,22,제주시 노형동 266-26,010-8506-4310,드로잉
12578,김하진,75,경기도 안산시 단원구 315-84,010-4028-7313,등산
12579,송지원,36,제주시 노형동 886-45,010-2715-4303,여행
12580,전경자,74,서울특별시 성북구 521-61,010-3074-9669,책 클럽
12581,김정호,38,경기도 의정부시 691-92,010-4570-4499,플라워 아트
12582,전성민,71,강원도 동해시 207-11,010-2531-3889,일기 쓰기
12583,한수아,65,경기도 안양시 만안구 462-45,010-6208-8645,미술관 관람
12584,송상민,63,충청북도 충주시 283-85,010-3698-2973,배드민턴
12585,안주아,40,부산광역시 영도구 147-84,010-8863-3302,명상
12586,강주영,34,경상남도 밀양시 76-46,010-3453-9117,로봇 공학
12587,조세호,46,대전광역시 중구 13-12,010-8027-6331,사진편집
12588,최정숙,59,경상북도 경주시 905-39,010-6423-1508,뜨개질
12589,전미영,76,경기도 평택시 604-0,010-1741-8134,요리
12590,이유하,45,울산광역시 울주군 527-42,010-3379-2367,비즈 공예
12591,박성민,22,경기도 안양시 동안구 167-1,010-8984-8668,배우기
12592,서복자,54,인천광역시 연수구 617-79,010-1682-4582,미술관 관람
12593,이주아,76,경상남도 양산시 822-35,010-2291-5116,펜팔
12594,신하진,69,서울특별시 동작구 642-28,010-6201-4513,게임
12595,홍진호,26,경기도 의정부시 735-24,010-1640-8589,VR 게임
12596,전말순,35,대전광역시 서구 827-82,010-9895-5812,영화감상
12597,강지후,24,충청북도 진천군 90-68,010-9714-3357,테니스
12598,송정희,72,서울특별시 서초구 919-34,010-3694-8962,스트리트 댄스
12599,장영일,22,대구광역시 서구 559-63,010-4235-7341,콜라주 아트
12600,안종순,64,제주시 아라동 824-2,010-6884-5683,DIY
12601,최미영,34,제주시 이도이동 428-20,010-4384-4199,테니스
12602,한소율,42,서울특별시 강동구 835-39,010-1972-1967,스트리트 댄스
12603,서명자,28,대구광역시 남구 762-31,010-9511-3428,비즈 공예
12604,이서연,25,경상남도 통영시 550-45,010-7663-4469,코딩
12605,조시헌,74,서울특별시 노원구 603-37,010-5340-2743,모바일 게임 개발
12606,홍정자,65,서울특별시 송파구 847-9,010-4920-4381,음악감상
12607,임태윤,32,서울특별시 중랑구 105-15,010-6537-4146,골프
12608,김말자,22,서울특별시 관악구 497-96,010-5958-6189,캔들 만들기
12609,김연희,27,부산광역시 해운대구 468-16,010-2928-6129,애니메이션 제작
12610,임현서,79,대구광역시 동구 479-30,010-3786-5004,유튜브 보기
12611,박춘식,67,서울특별시 성북구 582-7,010-6355-3042,시뮬레이션 게임
12612,홍도윤,52,경상북도 김천시 123-87,010-4220-5567,벽화 그리기
12613,신윤호,59,부산광역시 동구 745-21,010-3099-4456,웹툰 그리기
12614,안나윤,47,부산광역시 서구 881-27,010-3816-6399,테니스
12615,안만수,24,강원도 평창군 991-30,010-8734-3463,여행
12616,조현진,78,서울특별시 종로구 631-66,010-9177-6400,책 클럽
12617,정혜숙,72,경기도 수원시 장안구 1-13,010-2806-5752,일기 쓰기
12618,이하윤,54,전라북도 군산시 132-87,010-6679-2291,배우기
12619,오복자,56,충청북도 진천군 378-61,010-4888-4087,테니스
12620,조민준,28,경상남도 사천시 736-61,010-8482-2491,스트리트 댄스
12621,강진숙,36,서울특별시 성북구 106-36,010-4208-2306,일기 쓰기
12622,황명숙,24,경기도 광주시 670-41,010-7779-2221,배드민턴
12623,홍영일,56,인천광역시 남동구 502-83,010-3320-6510,집콕 놀이
12624,전말옥,68,대전광역시 유성구 30-74,010-6314-6454,캔들 만들기
12625,안채은,69,경기도 의정부시 135-86,010-8997-3103,헬로윈 파티 준비
12626,최재호,61,서울특별시 종로구 310-61,010-2864-6808,퍼즐 맞추기
12627,황현진,52,전라북도 전주시 643-42,010-3336-1862,요가
12628,황우진,67,부산광역시 해운대구 180-34,010-7984-5867,배드민턴
12629,박현진,32,충청남도 천안시 408-11,010-8907-4295,자전거 타기
12630,윤유진,78,경상북도 안동시 231-98,010-3017-5862,플로리스트
12631,서서진,42,김해시 장유동 871-53,010-9764-3221,캘리그라피
12632,신유진,70,부산광역시 수영구 800-94,010-5306-1313,디지털 사진 전시
12633,오지한,51,제주시 오라동 816-52,010-3294-1963,모바일 촬영
12634,강기석,52,부산광역시 부산진구 18-35,010-6544-1518,모바일 촬영
12635,송영호,49,강원도 동해시 299-34,010-2122-9262,게임 방송
12636,윤은채,73,광주광역시 서구 586-56,010-1401-4381,디지털 사진 전시
12637,권하윤,61,전라남도 목포시 945-93,010-5134-2192,여행
12638,전명숙,66,경기도 군포시 315-71,010-4366-3774,헬로윈 파티 준비
12639,임종순,47,충청남도 천안시 259-4,010-1849-4443,자원봉사
12640,이연희,36,강원도 양양군 968-81,010-7862-3876,스트리트 댄스
12641,정현철,31,경기도 성남시 분당구 322-18,010-1486-8814,캠핑
12642,박태윤,58,울산광역시 동구 976-20,010-9197-2193,애니메이션 제작
12643,한지원,38,경기도 용인시 기흥구 708-31,010-5702-2082,VR 게임
12644,임현철,52,경기도 고양시 덕양구 94-55,010-6549-5620,스트리밍
12645,전유진,40,경기도 파주시 522-37,010-1231-1953,벽화 그리기
12646,오숙자,36,세종특별자치시 조치원읍 93-28,010-2819-3116,자원봉사
12647,조서연,42,인천광역시 미추홀구 610-59,010-6884-4175,모바일 게임 개발
12648,전예린,60,부산광역시 사상구 172-98,010-9480-1315,디지털 일러스트
12649,한영일,56,전라북도 익산시 245-6,010-1813-4287,사진편집
12650,신하연,60,인천광역시 계양구 951-0,010-6112-9188,수영
12651,신태현,58,강원도 홍천군 792-6,010-2450-9858,VR 게임
12652,전주아,57,대전광역시 서구 193-73,010-3486-8311,수채화 그리기
12653,임은채,64,제주시 노형동 295-72,010-5514-4715,DIY
12654,임소율,49,부산광역시 기장군 333-42,010-6226-6803,요리
12655,이옥희,59,제주시 오라동 626-62,010-1307-1953,책 클럽
12656,윤순자,47,대구광역시 수성구 666-71,010-3780-9447,여행
12657,황명훈,76,부산광역시 해운대구 590-80,010-7881-2464,보드게임
12658,신경수,46,서울특별시 노원구 980-8,010-7408-5317,스키
12659,정지민,57,대구광역시 달성군 45-67,010-6313-5664,헬로윈 파티 준비
12660,장복자,25,강원도 평창군 981-46,010-2172-5656,벽화 그리기
12661,황다빈,79,대구광역시 남구 915-79,010-4165-5729,웹서핑
12662,박숙자,24,대구광역시 북구 473-44,010-5166-6277,필라테스
12663,황성호,45,경기도 오산시 423-24,010-3322-7191,미술관 관람
12664,서하윤,26,광주광역시 북구 31-76,010-8716-7035,수채화 그리기
12665,정희정,28,서울특별시 영등포구 964-53,010-8377-3967,요리
12666,송은우,44,서울특별시 마포구 702-43,010-9760-9044,사진촬영
12667,전은숙,51,경상북도 안동시 849-95,010-9326-1915,드로잉
12668,서하진,33,광주광역시 남구 717-10,010-3905-1766,헬로윈 파티 준비
12669,조복희,49,인천광역시 서구 967-30,010-5530-7763,사진편집
12670,송정숙,42,서울특별시 금천구 608-96,010-5225-4667,골프
12671,강지원,61,서울특별시 강동구 906-61,010-4392-3777,콜라주 아트
12672,조재영,34,충청남도 공주시 767-79,010-1333-4817,게임 방송
12673,김영희,24,전라북도 군산시 464-75,010-9571-9006,벽화 그리기
12674,오하은,66,대구광역시 달성군 382-25,010-2228-3936,수채화 그리기
12675,최말순,47,강원도 강릉시 295-78,010-9789-5592,영화 제작
12676,안정호,43,강원도 삼척시 875-54,010-9797-9811,요가
12677,장혜숙,43,충청남도 천안시 709-34,010-2440-8390,카페 투어
12678,최나윤,70,강원도 동해시 360-22,010-3595-2295,헬로윈 파티 준비
12679,김춘식,52,부산광역시 강서구 626-15,010-1298-3677,마인드맵 만들기
12680,송태수,49,서울특별시 서대문구 209-96,010-2936-3461,요리
12681,김민서,68,부산광역시 영도구 870-26,010-7062-4963,자원봉사
12682,윤연희,28,전라북도 전주시 44-73,010-1328-1434,등산
12683,황미영,21,강원도 홍천군 91-20,010-5739-6620,캔들 만들기
12684,조서아,58,부천시 상동 94-8,010-5868-3255,운동
12685,강정우,37,대구광역시 달서구 515-60,010-4162-1738,사진촬영
12686,한시우,45,전라남도 여수시 659-62,010-9018-7490,스포츠 카드 수집
12687,윤명훈,25,광주광역시 남구 553-67,010-3896-6100,등산
12688,김광호,59,서울특별시 강동구 914-7,010-4737-1321,도예
12689,권서아,58,서울특별시 구로구 135-75,010-9864-4937,로봇 공학
12690,최성민,43,서울특별시 금천구 895-53,010-2745-5495,패션
12691,오정호,64,대전광역시 동구 980-57,010-8688-5435,웹서핑
12692,권만수,74,서울특별시 성동구 433-62,010-7851-2499,미술관 관람
12693,김희정,41,서울특별시 강동구 213-53,010-9446-8579,집콕 놀이
12694,조서진,59,부산광역시 금정구 425-67,010-2796-2590,플로리스트
12695,조현우,24,서울특별시 중랑구 537-30,010-3364-4843,여행
12696,신서아,38,전라북도 전주시 781-90,010-3291-3047,사진편집
12697,윤세호,65,서울특별시 동작구 573-45,010-7418-2445,자전거 타기
12698,이예린,70,충청북도 청주시 658-22,010-4754-2562,헬스
12699,윤준서,33,인천광역시 서구 262-36,010-5620-1252,카페 투어
12700,황주영,78,강원도 원주시 725-39,010-1878-1094,집콕 놀이
12701,권미영,38,인천광역시 부평구 728-31,010-2367-8504,요가
12702,권하진,32,경상북도 경주시 137-41,010-4775-2181,애니메이션 제작
12703,정나윤,60,서울특별시 성북구 74-40,010-1782-5028,플라워 아트
12704,김재훈,78,광주광역시 북구 243-10,010-4490-1378,헬스
12705,윤서준,31,경상북도 안동시 355-57,010-1863-2697,배드민턴
12706,안정자,73,부산광역시 부산진구 395-46,010-2736-5696,시뮬레이션 게임
12707,전하윤,50,경상남도 밀양시 398-6,010-9752-1515,VR 게임
12708,윤주아,39,부산광역시 영도구 230-82,010-6477-1260,퍼즐 맞추기
12709,강기석,65,광주광역시 남구 23-79,010-4868-5903,피크닉
12710,임재호,48,서울특별시 구로구 521-3,010-4705-1680,여행
12711,권은숙,54,서울특별시 강북구 174-28,010-1946-3330,스키
12712,강지후,78,서울특별시 성북구 572-33,010-6031-5030,독서
12713,이동수,20,울산광역시 남구 895-57,010-7712-6724,디지털 사진 전시
12714,오도윤,70,경기도 광명시 38-35,010-2790-5898,시뮬레이션 게임
12715,조상민,44,대구광역시 수성구 536-73,010-3024-2893,모바일 촬영
12716,홍진호,28,경기도 안양시 만안구 785-0,010-9907-5514,로봇 공학
12717,임수빈,40,서울특별시 종로구 136-21,010-3024-6327,생활 해킹
12718,박하람,24,대전광역시 유성구 124-0,010-3649-6378,디지털 콘텐츠 제작
12719,한옥희,55,세종특별자치시 한솔동 325-76,010-9831-1376,보드게임
12720,서지후,29,전라남도 여수시 284-83,010-2000-3516,골프
12721,윤지우,49,부산광역시 남구 143-45,010-2315-6536,도예
12722,신승호,35,서울특별시 중구 15-17,010-1371-8279,음악감상
12723,장준호,66,대전광역시 대덕구 920-67,010-6152-3160,디지털 사진 전시
12724,정영자,21,경기도 평택시 463-36,010-6189-5244,스트리트 댄스
12725,조하윤,26,전라남도 광양시 726-84,010-5240-8964,영화감상
12726,강지호,39,충청남도 논산시 189-55,010-6836-6210,명상
12727,전재호,46,경상남도 통영시 757-74,010-3066-1770,캔들 만들기
12728,안윤호,30,인천광역시 중구 645-36,010-8830-8303,요리
12729,홍명훈,46,울산광역시 중구 373-73,010-3183-6283,디지털 일러스트
12730,황영호,53,서울특별시 중구 779-61,010-7783-7727,영화감상
12731,오은우,67,경기도 용인시 수지구 12-74,010-6676-7680,수영
12732,신은채,58,충청북도 청주시 119-87,010-3641-5439,집콕 놀이
12733,조준호,24,인천광역시 서구 309-54,010-6247-3431,게임 방송
12734,권윤호,22,인천광역시 연수구 436-50,010-7033-4692,영화 제작
12735,홍명훈,76,부산광역시 중구 814-43,010-3890-4770,골프
12736,윤재훈,32,광주광역시 북구 867-51,010-5381-1609,디지털 일러스트
12737,임지한,65,부산광역시 해운대구 80-48,010-7954-2535,콜라주 아트
12738,조세아,69,전라북도 익산시 243-23,010-6161-6273,스트리밍
12739,홍성호,36,제주시 아라동 499-67,010-1902-2643,테니스
12740,황승호,38,경상남도 진주시 847-48,010-2412-7383,보드게임
12741,김수빈,63,경상남도 진주시 399-10,010-6653-4596,퍼즐 맞추기
12742,홍춘자,28,부산광역시 해운대구 944-45,010-2446-2576,책 클럽
12743,서기석,55,대구광역시 중구 810-71,010-8282-4653,생활 해킹
12744,김연희,74,전라남도 목포시 416-36,010-5184-7430,보드게임
12745,박지후,68,부산광역시 서구 560-6,010-4675-4634,테니스
12746,권경자,57,경상남도 창녕군 691-41,010-8084-7790,여행
12747,최현서,28,대구광역시 남구 215-31,010-7147-5742,영화 제작
12748,황다빈,42,대구광역시 서구 938-98,010-2659-6274,카페 투어
12749,황은우,79,부산광역시 기장군 953-47,010-7500-2866,콜라주 아트
12750,이시윤,62,경상남도 창녕군 523-42,010-1655-9122,플라워 아트
12751,박정자,68,부산광역시 강서구 4-16,010-7346-1740,모바일 촬영
12752,김춘자,68,세종특별자치시 한솔동 613-56,010-9082-9992,자원봉사
12753,정만수,67,울산광역시 울주군 12-91,010-5584-4470,스트리밍
12754,최희정,75,부산광역시 사상구 626-56,010-8669-8940,헬로윈 파티 준비
12755,황정자,78,제주시 이도이동 158-51,010-7871-7669,생활 해킹
12756,서로운,58,세종특별자치시 아름동 922-30,010-6435-2643,봉사활동
12757,전준서,26,경상북도 경주시 307-97,010-9169-6510,게임 방송
12758,서지원,47,강원도 평창군 193-74,010-1486-2568,운동
12759,신명숙,52,경기도 평택시 57-5,010-8165-1187,비즈 공예
12760,서성민,20,경기도 안산시 단원구 740-75,010-2133-9898,도예
12761,장하은,59,광주광역시 광산구 519-6,010-7658-8954,보드게임
12762,안정호,79,서울특별시 용산구 86-88,010-9991-7836,캔들 만들기
12763,정희정,43,서울특별시 동대문구 398-23,010-9573-4688,사진촬영
12764,신우진,71,강원도 원주시 730-8,010-7753-7472,패션
12765,홍유진,63,서울특별시 마포구 616-31,010-5137-4064,낚시
12766,권기영,22,서울특별시 양천구 166-49,010-4750-6831,헬로윈 파티 준비
12767,강예은,46,경기도 군포시 606-20,010-3612-2277,디지털 콘텐츠 제작
12768,강하진,42,대구광역시 달성군 240-42,010-1215-7309,골프
12769,홍은우,76,충청남도 천안시 349-60,010-9420-8983,봉사활동
12770,권형민,56,인천광역시 부평구 872-29,010-4063-8948,콜라주 아트
12771,신정희,37,전라남도 목포시 501-17,010-8959-5544,배드민턴
12772,황예린,32,경기도 용인시 수지구 742-69,010-7043-5964,카페 투어
12773,윤준호,28,경상남도 통영시 602-35,010-9602-5844,영화감상
12774,오재영,76,서울특별시 강서구 119-12,010-8848-4079,배우기
12775,서지한,55,대구광역시 중구 922-70,010-8554-6094,웹툰 그리기
12776,김지원,29,강원도 태백시 422-97,010-4272-6517,낚시
12777,신진숙,76,경기도 파주시 132-1,010-6239-2108,패션
12778,박지원,23,경상북도 경주시 486-86,010-2608-6494,스크래치 프로그램 만들기
12779,안희정,28,경기도 고양시 덕양구 240-55,010-5892-2774,요가
12780,조성자,20,대전광역시 중구 348-61,010-8260-3622,생활 해킹
12781,오종수,56,부산광역시 영도구 985-3,010-9358-3010,애니메이션 제작
12782,황만수,47,경상남도 거제시 778-57,010-6542-1866,배드민턴
12783,오로운,61,강원도 동해시 882-57,010-2998-4008,스크래치 프로그램 만들기
12784,윤순영,76,강원도 춘천시 661-43,010-3654-6621,사진편집
12785,송기영,38,서울특별시 강서구 964-34,010-4937-7531,펜팔
12786,신숙자,59,전라남도 목포시 944-61,010-4912-7927,봉사활동
12787,오태윤,33,서울특별시 강동구 809-57,010-8349-9037,음악감상
12788,윤미영,45,경기도 평택시 787-17,010-1612-6512,게임 방송
12789,장은채,41,강원도 양양군 31-87,010-7923-4343,수영
12790,홍동수,69,대구광역시 남구 192-79,010-5378-8353,수채화 그리기
12791,김지호,50,서울특별시 송파구 233-19,010-4189-5775,웹툰 그리기
12792,조시윤,74,경기도 안양시 동안구 108-29,010-5161-3447,모바일 촬영
12793,박다온,68,경상남도 통영시 390-32,010-2809-5818,봉사활동
12794,강춘식,50,강원도 태백시 520-64,010-1873-6825,수영
12795,안지율,30,충청북도 청주시 345-93,010-5031-7771,도예
12796,정준서,57,강원도 양양군 317-62,010-7390-2393,배드민턴
12797,윤현서,51,제주시 노형동 984-58,010-9373-9962,요리
12798,장선자,49,경상남도 김해시 508-51,010-3184-3559,디지털 사진 전시
12799,윤종수,34,경상북도 구미시 150-62,010-7101-9212,DIY
12800,정혜숙,27,강원도 홍천군 884-77,010-9895-8957,스트리트 댄스
12801,안하진,22,부산광역시 금정구 97-25,010-3517-6394,사진촬영
12802,안하진,63,부산광역시 수영구 762-69,010-5354-8105,생활 해킹
12803,권연희,40,강원도 원주시 137-0,010-2981-4635,디지털 콘텐츠 제작
12804,김선자,68,경기도 용인시 수지구 854-72,010-8513-1083,VR 게임
12805,권동수,63,대구광역시 달서구 222-37,010-5819-5528,집콕 놀이
12806,오나윤,49,경기도 평택시 261-46,010-9215-1236,도예
12807,박철수,72,경상북도 안동시 116-92,010-1035-8798,자원봉사
12808,조은숙,36,부산광역시 중구 793-67,010-1569-7364,뜨개질
12809,신정자,25,강원도 삼척시 502-90,010-4748-4451,플라워 아트
12810,장진숙,74,충청남도 공주시 826-97,010-8955-7266,일기 쓰기
12811,이정숙,29,서울특별시 영등포구 946-6,010-7683-3214,뜨개질
12812,윤종수,59,서울특별시 송파구 334-55,010-7623-6478,미술관 관람
12813,조윤서,50,경상북도 김천시 278-27,010-2198-7153,시뮬레이션 게임
12814,장은우,78,서울특별시 종로구 137-1,010-1549-7083,로봇 공학
12815,송연희,37,제주시 신제주 475-21,010-1838-4460,마인드맵 만들기
12816,전윤호,66,경기도 용인시 처인구 914-24,010-2084-6491,디지털 아트
12817,장지원,52,서울특별시 강서구 49-17,010-8924-2630,영화 제작
12818,오광호,71,대구광역시 북구 505-53,010-6420-8328,필라테스
12819,강시윤,30,경기도 용인시 수지구 819-35,010-7267-9949,디지털 아트
12820,최만수,23,부산광역시 서구 161-76,010-9593-9963,비즈 공예
12821,강성민,75,부산광역시 동구 997-22,010-4789-6560,애니메이션 제작
12822,오윤호,55,경기도 성남시 수정구 661-8,010-7184-2045,미술관 관람
12823,신현우,47,경상북도 김천시 504-59,010-7921-9372,시뮬레이션 게임
12824,장다은,68,경상남도 김해시 317-73,010-1497-9248,코딩
12825,박재훈,54,강원도 삼척시 989-60,010-1750-3122,로봇 공학
12826,강예준,31,부산광역시 해운대구 152-82,010-6047-4805,봉사활동
12827,장재훈,39,서울특별시 중랑구 802-95,010-1179-5809,캠핑
12828,전하진,27,대구광역시 북구 364-22,010-6505-1306,디지털 일러스트
12829,권예준,56,대전광역시 서구 169-12,010-4819-4351,영화감상
12830,전지후,27,경기도 시흥시 775-51,010-2093-6324,비즈 공예
12831,정재영,79,서울특별시 종로구 575-16,010-6069-9704,수채화 그리기
12832,강우진,40,부산광역시 사하구 50-18,010-4485-6251,캘리그라피
12833,김서준,69,충청북도 충주시 885-96,010-5021-8008,영화감상
12834,송은채,65,대구광역시 달서구 110-83,010-5369-9767,마인드맵 만들기
12835,서영자,26,부산광역시 영도구 563-61,010-2269-5803,카페 투어
12836,권채원,54,경상남도 사천시 846-94,010-4350-6956,패션
12837,이유하,38,인천광역시 중구 868-69,010-1471-9496,캘리그라피
12838,임하율,54,경기도 용인시 기흥구 711-78,010-7821-7424,스트리트 댄스
12839,서은숙,52,강원도 삼척시 227-55,010-3021-5068,시뮬레이션 게임
12840,김명자,62,울산광역시 중구 661-54,010-7042-3025,스트리트 댄스
12841,권순희,37,제주시 노형동 388-48,010-5690-7319,웹툰 그리기
12842,조영호,26,서울특별시 강서구 846-37,010-4765-2536,웹툰 그리기
12843,박성자,63,경상북도 포항시 297-41,010-8815-9756,생활 해킹
12844,오주영,70,경기도 성남시 수정구 942-56,010-6507-5058,도예
12845,권서진,40,서울특별시 강북구 301-27,010-8452-1189,등산
12846,장춘식,76,부산광역시 남구 172-10,010-6187-3965,집콕 놀이
12847,오은채,54,부산광역시 해운대구 921-69,010-6704-5305,골프
12848,장건우,57,서울특별시 중랑구 185-33,010-5436-4906,코딩
12849,윤채원,47,부천시 원미구 중동 337-3,010-3243-8801,캘리그라피
12850,전철수,55,대구광역시 중구 172-91,010-9473-3638,디지털 일러스트
12851,강다은,70,대구광역시 남구 754-24,010-6945-9103,디지털 아트
12852,안광호,68,서울특별시 중구 469-2,010-5025-4012,게임 방송
12853,조예린,56,강원도 동해시 734-40,010-2351-5993,유튜브 보기
12854,장현철,38,서울특별시 구로구 9-79,010-8775-4915,패션
12855,조태현,59,충청북도 충주시 917-18,010-7634-8516,헬로윈 파티 준비
12856,조경자,64,경상북도 포항시 857-50,010-3725-2812,배우기
12857,최수빈,43,대구광역시 중구 946-25,010-4879-9700,일기 쓰기
12858,이호철,26,부산광역시 남구 374-75,010-8479-4529,디지털 콘텐츠 제작
12859,서춘희,36,부산광역시 동래구 144-34,010-3017-2386,드로잉
12860,한준호,33,강원도 평창군 677-65,010-7593-5611,게임 방송
12861,황우진,31,인천광역시 미추홀구 752-36,010-8708-9261,헬로윈 파티 준비
12862,황숙자,27,전라북도 익산시 801-31,010-2206-3829,여행
12863,전하율,74,부산광역시 부산진구 34-69,010-5483-9272,헬로윈 파티 준비
12864,오광호,42,서울특별시 강동구 310-76,010-2514-4870,헬스
12865,안춘희,35,성남시 분당구 정자동 898-50,010-9084-2649,골프
12866,권창수,64,부산광역시 해운대구 43-49,010-8493-3903,콜라주 아트
12867,김성민,58,경상남도 밀양시 757-45,010-7930-3089,웹서핑
12868,장윤호,58,광주광역시 동구 708-78,010-2858-4328,명상
12869,이하율,60,경상남도 진주시 584-57,010-9632-3332,게임 방송
12870,황하람,33,부산광역시 기장군 535-24,010-9904-1042,DIY
12871,장현철,71,경기도 안산시 상록구 313-23,010-5831-7904,헬로윈 파티 준비
12872,서정자,55,경기도 용인시 기흥구 280-27,010-6355-5469,보드게임
12873,신하연,21,서울특별시 강동구 530-65,010-2538-5720,벽화 그리기
12874,장창수,21,대전광역시 중구 2-2,010-8102-8611,스키
12875,오지우,77,충청남도 아산시 80-14,010-7528-4946,보드게임
12876,송동수,57,경상북도 김천시 544-49,010-9913-8714,뜨개질
12877,신건우,36,경기도 안양시 만안구 348-84,010-7384-7983,영화 제작
12878,최은우,77,서울특별시 강남구 179-6,010-2401-5495,헬로윈 파티 준비
12879,홍영희,44,대전광역시 서구 187-17,010-9924-5678,모바일 촬영
12880,강수아,37,인천광역시 계양구 9-67,010-3399-6387,일기 쓰기
12881,박다은,41,광주광역시 북구 527-78,010-9805-5194,자전거 타기
12882,김정순,74,충청북도 청주시 133-68,010-1399-7993,자전거 타기
12883,서주아,73,부산광역시 동구 409-67,010-5878-3042,자전거 타기
12884,조영자,22,부산광역시 동래구 264-90,010-9332-9204,독서
12885,최다빈,77,경기도 고양시 일산동구 793-52,010-7561-7282,영화 제작
12886,윤순자,62,제주시 오라동 359-4,010-9065-9723,독서
12887,오숙자,52,대구광역시 달서구 746-28,010-9927-8903,사진편집
12888,최예린,28,부산광역시 사상구 548-57,010-6590-1635,영화감상
12889,이도윤,29,서울특별시 강동구 316-80,010-4510-6734,스크래치 프로그램 만들기
12890,강주영,70,경상남도 김해시 306-2,010-6026-5620,캔들 만들기
12891,장건우,37,경상남도 사천시 171-10,010-2720-7239,모바일 촬영
12892,신도윤,39,부산광역시 연제구 192-86,010-5230-9540,헬스
12893,박정호,38,경기도 광주시 543-46,010-9870-5925,시뮬레이션 게임
12894,권순영,67,부산광역시 부산진구 146-53,010-1987-3106,로봇 공학
12895,정우진,22,전라북도 군산시 303-58,010-8800-3900,수영
12896,서정순,66,경상북도 경주시 562-30,010-3669-8174,비즈 공예
12897,오채은,39,대구광역시 남구 947-84,010-7146-4797,디지털 콘텐츠 제작
12898,장창수,22,대구광역시 남구 209-76,010-8766-1817,사진촬영
12899,한호철,49,전라남도 순천시 328-88,010-1778-7772,VR 게임
12900,한은우,41,부산광역시 서구 155-81,010-1886-2077,게임
12901,이영수,68,경기도 안양시 만안구 230-96,010-4133-5659,피크닉
12902,최우진,72,경기도 수원시 팔달구 526-79,010-5513-9747,웹툰 그리기
12903,최태현,34,세종특별자치시 아름동 57-4,010-8273-3466,영화감상
12904,전종순,28,대전광역시 대덕구 29-13,010-6565-5649,모바일 촬영
12905,송종순,62,대전광역시 대덕구 696-60,010-6978-2318,플라워 아트
12906,김경자,34,울산광역시 중구 73-23,010-3613-7737,카페 투어
12907,황지한,52,제주시 아라동 505-73,010-7935-2640,마인드맵 만들기
12908,강경수,44,세종특별자치시 조치원읍 435-28,010-2688-2326,모바일 촬영
12909,한시헌,37,서울특별시 강서구 139-52,010-9626-5671,스트리트 댄스
12910,신순희,77,서울특별시 금천구 381-98,010-7711-4450,비즈 공예
12911,오현서,76,경기도 평택시 61-23,010-1619-4875,모바일 촬영
12912,안연희,55,전라남도 목포시 846-81,010-5660-6668,수채화 그리기
12913,윤희정,53,광주광역시 서구 544-56,010-5042-6314,펜팔
12914,한태윤,29,서울특별시 강남구 499-12,010-1645-7938,사진촬영
12915,서나윤,38,강원도 삼척시 403-2,010-5898-2318,골프
12916,홍유하,51,광주광역시 광산구 222-54,010-8322-5449,요가
12917,한재훈,68,경상북도 김천시 948-43,010-4739-1962,캔들 만들기
12918,전윤서,71,부산광역시 북구 367-68,010-7932-1254,마인드맵 만들기
12919,조민서,47,서울특별시 동대문구 285-75,010-1889-6691,음악감상
12920,오성호,51,전라남도 여수시 732-51,010-4994-2892,플라워 아트
12921,송창수,34,강원도 태백시 376-4,010-7938-6833,코딩
12922,정주아,21,전라남도 광양시 992-63,010-3896-3879,수영
12923,최윤서,79,용인시 수지구 풍덕천동 904-22,010-7337-5575,여행
12924,한정희,38,광주광역시 서구 963-80,010-1536-5925,퍼즐 맞추기
12925,홍세아,66,서울특별시 동작구 372-34,010-5434-2846,생활 해킹
12926,송종순,61,강원도 평창군 492-69,010-5940-7140,수채화 그리기
12927,정시윤,56,부산광역시 강서구 985-64,010-7571-7732,스포츠 카드 수집
12928,김진숙,40,성남시 분당구 정자동 630-15,010-7798-1739,벽화 그리기
12929,신춘식,45,서울특별시 영등포구 867-17,010-6328-4515,애니메이션 제작
12930,송윤호,40,경상남도 김해시 186-7,010-2116-4524,게임
12931,박말순,26,서울특별시 금천구 503-28,010-7501-5212,미술관 관람
12932,권춘희,54,광주광역시 동구 224-66,010-9361-5148,요리
12933,송영일,56,경기도 고양시 일산동구 895-58,010-4942-9767,요가
12934,정예준,48,충청북도 진천군 196-29,010-4360-2451,카페 투어
12935,조민서,33,성남시 분당구 정자동 769-56,010-9485-4379,디지털 콘텐츠 제작
12936,전영호,68,세종특별자치시 조치원읍 14-1,010-5191-6267,콜라주 아트
12937,한명숙,71,인천광역시 중구 876-66,010-7147-2360,스키
12938,오정자,72,울산광역시 북구 367-64,010-8068-9267,DIY
12939,장지후,63,경상북도 경주시 411-69,010-7788-6236,모바일 게임 개발
12940,한말자,72,부산광역시 수영구 434-97,010-6760-4678,게임 방송
12941,한세아,47,부산광역시 남구 19-54,010-1338-6820,모바일 촬영
12942,오재호,40,강원도 삼척시 124-77,010-5301-1093,헬로윈 파티 준비
12943,서명숙,54,강원도 원주시 958-93,010-2469-4889,콜라주 아트
12944,조우진,74,전라북도 익산시 683-88,010-4763-4934,봉사활동
12945,장기석,51,경상북도 경주시 333-60,010-8761-4785,영화감상
12946,조옥희,48,서울특별시 동대문구 710-80,010-7084-4889,헬스
12947,임종수,22,부산광역시 영도구 376-60,010-7551-6332,게임
12948,강호철,42,세종특별자치시 한솔동 144-11,010-8276-1492,디지털 콘텐츠 제작
12949,한순희,66,경기도 평택시 202-66,010-1965-4915,게임 방송
12950,권지원,29,충청남도 아산시 810-49,010-6225-3852,골프
12951,신춘자,71,경기도 화성시 55-90,010-4400-1434,비즈 공예
12952,서민준,30,경상남도 김해시 875-50,010-8772-3977,모바일 게임 개발
12953,권윤서,56,인천광역시 남동구 431-92,010-2139-7189,스트리밍
12954,조은채,73,부산광역시 영도구 402-91,010-3417-6745,디지털 일러스트
12955,박형민,66,울산광역시 동구 197-67,010-2092-9986,독서
12956,박종수,21,경상북도 경주시 177-60,010-6176-9966,스포츠 카드 수집
12957,오하은,48,경기도 안산시 단원구 896-56,010-5896-3730,웹서핑
12958,최민서,74,서울특별시 도봉구 651-11,010-8001-1243,퍼즐 맞추기
12959,서주원,60,경기도 파주시 509-19,010-4069-1609,테니스
12960,안태수,46,울산광역시 북구 265-22,010-1981-4125,명상
12961,박정우,33,부산광역시 중구 918-89,010-8196-9221,자전거 타기
12962,윤은채,46,대전광역시 대덕구 72-22,010-2519-4144,캠핑
12963,오서아,22,부산광역시 해운대구 541-94,010-3196-9545,여행
12964,조성민,69,경기도 시흥시 282-8,010-2219-2318,집콕 놀이
12965,권형민,43,부산광역시 부산진구 492-82,010-1091-2750,펜팔
12966,강정순,65,서울특별시 구로구 788-38,010-9965-2393,미술관 관람
12967,박시헌,23,부산광역시 해운대구 584-84,010-3856-8658,드로잉
12968,홍기석,67,서울특별시 구로구 664-35,010-8913-5173,배우기
12969,신하람,67,경기도 용인시 기흥구 888-48,010-9398-3984,테니스
12970,김다빈,24,경기도 용인시 수지구 914-27,010-4121-3960,보드게임
12971,안세아,47,강원도 평창군 459-45,010-4246-8680,마인드맵 만들기
12972,서성자,56,울산광역시 남구 289-70,010-7297-6850,독서
12973,오종순,26,대구광역시 동구 558-87,010-2585-5576,여행
12974,윤지원,61,광주광역시 남구 282-19,010-2394-8249,뜨개질
12975,강하연,37,경상남도 창원시 320-82,010-4641-4639,스트리트 댄스
12976,강태수,66,강원도 태백시 32-66,010-4253-9586,패션
12977,서미영,51,서울특별시 동대문구 267-48,010-1060-6655,스키
12978,최정희,63,대구광역시 동구 128-73,010-2404-2205,헬스
12979,신현우,40,부산광역시 사상구 598-73,010-2483-7259,독서
12980,송말옥,76,경상남도 창원시 758-88,010-1089-2142,드로잉
12981,신재영,68,서울특별시 성북구 978-50,010-8455-3147,DIY
12982,홍현우,39,경기도 용인시 수지구 192-7,010-1831-7581,영화 제작
12983,임하율,26,부산광역시 부산진구 3-50,010-3363-4380,패션
12984,오남수,24,강원도 속초시 971-29,010-5985-2498,스키
12985,정현철,26,대구광역시 남구 210-66,010-3841-4345,운동
12986,서태수,79,서울특별시 용산구 429-53,010-7804-3067,독서
12987,전은채,33,서울특별시 구로구 721-39,010-7616-8537,디지털 콘텐츠 제작
12988,서현서,76,서울특별시 강서구 139-40,010-2893-6623,캠핑
12989,조진호,42,광주광역시 북구 798-46,010-5585-6087,피크닉
12990,서윤서,54,경기도 화성시 557-97,010-8145-1982,스포츠 카드 수집
12991,신선자,61,부산광역시 사하구 126-97,010-1590-2530,스트리트 댄스
12992,장하윤,42,부산광역시 서구 137-8,010-1155-1340,게임 방송
12993,윤지원,46,서울특별시 종로구 786-65,010-2304-3753,독서
12994,장시헌,68,경기도 안산시 단원구 293-32,010-7142-6974,드로잉
12995,홍민준,65,강원도 동해시 122-20,010-5599-5756,등산
12996,권기석,79,성남시 분당구 정자동 816-87,010-2781-7961,비즈 공예
12997,박기석,69,대구광역시 수성구 361-81,010-7213-2905,등산
12998,신수빈,39,충청북도 진천군 468-59,010-3048-4301,미술관 관람
12999,전서진,36,인천광역시 미추홀구 858-38,010-2269-8016,모바일 촬영
13000,박서아,73,부산광역시 동구 135-24,010-9108-8733,사진촬영
13001,신정숙,52,충청남도 논산시 573-81,010-2297-7908,생활 해킹
13002,황시윤,50,광주광역시 북구 75-43,010-4013-3216,요리
13003,서서연,63,인천광역시 계양구 934-40,010-8646-1460,스포츠 카드 수집
13004,안혜숙,45,전라남도 나주시는 68-71,010-2084-4986,운동
13005,김주아,50,광주광역시 동구 151-18,010-3189-9281,집콕 놀이
13006,강지한,25,인천광역시 부평구 850-82,010-3951-6998,스트리트 댄스
13007,정정숙,58,서울특별시 동대문구 11-89,010-4560-5741,캠핑
13008,권숙자,32,대전광역시 대덕구 327-45,010-2065-2239,피크닉
13009,김민준,41,경기도 용인시 기흥구 945-91,010-2178-6484,생활 해킹
13010,권말자,46,부천시 원미구 중동 39-20,010-4413-3351,수영
13011,박명자,29,울산광역시 남구 962-71,010-2286-1588,DIY
13012,김정자,23,경기도 용인시 기흥구 516-26,010-1665-4341,게임 방송
13013,조예은,60,서울특별시 광진구 331-91,010-8257-3779,마인드맵 만들기
13014,전경수,38,전라남도 광양시 742-82,010-5840-8599,캠핑
13015,홍상민,20,경상북도 포항시 300-78,010-6939-5703,등산
13016,안준호,25,경상남도 창원시 337-25,010-3555-2045,스트리밍
13017,김정희,55,서울특별시 서대문구 867-69,010-6220-5735,집콕 놀이
13018,이승호,79,경기도 용인시 기흥구 890-49,010-1627-5565,집콕 놀이
13019,조정우,20,경기도 안산시 단원구 178-24,010-2877-1907,운동
13020,조창수,60,경상북도 경주시 484-50,010-4207-5761,피크닉
13021,신말자,54,부산광역시 동구 986-10,010-7123-9094,자전거 타기
13022,장명숙,44,부산광역시 부산진구 868-32,010-1550-5718,요리
13023,홍현서,63,광주광역시 북구 913-26,010-1221-3192,도예
13024,오미영,35,서울특별시 강서구 47-83,010-4255-9840,책 클럽
13025,최태현,26,충청남도 아산시 980-31,010-5418-2536,스크래치 프로그램 만들기
13026,전현서,73,충청북도 청주시 998-85,010-9971-1414,운동
13027,김현서,22,용인시 수지구 풍덕천동 349-27,010-9621-7604,마인드맵 만들기
13028,권나윤,31,제주시 노형동 841-0,010-8838-2287,게임 방송
13029,정은우,54,부산광역시 영도구 865-39,010-7002-4336,게임 방송
13030,안현서,70,경기도 용인시 처인구 725-29,010-9600-7160,요리
13031,김로운,62,전라북도 전주시 977-15,010-3698-9091,캠핑
13032,전순자,23,경기도 평택시 306-31,010-6311-9461,스트리밍
13033,박성호,49,경기도 고양시 덕양구 798-74,010-1630-1277,일기 쓰기
13034,김형민,26,서울특별시 강북구 126-83,010-3871-2381,배우기
13035,정주원,64,서울특별시 관악구 952-93,010-8659-6678,테니스
13036,정형민,42,충청남도 천안시 767-31,010-6144-5367,캘리그라피
13037,전복자,59,서울특별시 강서구 816-88,010-5648-8248,보드게임
13038,임명숙,60,경기도 용인시 처인구 952-14,010-3669-9675,수영
13039,장하윤,65,대구광역시 북구 921-61,010-2209-4204,스키
13040,전예준,31,서울특별시 양천구 132-19,010-2063-3956,모바일 게임 개발
13041,홍경자,33,전라남도 여수시 590-86,010-1643-5791,요리
13042,이정우,36,대전광역시 중구 59-82,010-4807-2199,독서
13043,송춘희,56,경기도 용인시 처인구 786-77,010-6425-8117,스키
13044,이유진,53,대구광역시 달성군 594-70,010-4757-1795,펜팔
13045,한하연,52,경기도 오산시 134-63,010-5251-9826,도예
13046,송건우,50,경상남도 진주시 13-7,010-8378-2253,게임 방송
13047,황은채,78,경상남도 밀양시 143-47,010-3079-1509,피크닉
13048,한기석,77,충청남도 공주시 215-31,010-4633-7123,게임 방송
13049,임남수,21,경기도 용인시 기흥구 782-62,010-5900-9141,수채화 그리기
13050,장재영,68,경기도 성남시 분당구 333-15,010-4804-1902,게임
13051,홍종순,65,강원도 속초시 890-12,010-1556-7320,VR 게임
13052,신현우,28,대구광역시 서구 968-27,010-8951-4306,골프
13053,서영희,26,서울특별시 중랑구 392-21,010-2040-5735,도예
13054,최은숙,50,충청북도 청주시 971-98,010-7430-1530,책 클럽
13055,강로운,43,서울특별시 광진구 175-71,010-5074-2217,헬스
13056,전병호,70,강원도 삼척시 916-24,010-1378-7065,보드게임
13057,최정자,57,서울특별시 동작구 39-91,010-8220-1346,배우기
13058,최세호,55,강원도 속초시 65-63,010-3644-1575,웹툰 그리기
13059,윤유하,57,대구광역시 남구 356-42,010-1279-2929,보드게임
13060,정윤서,65,경기도 오산시 697-45,010-7030-6567,모바일 촬영
13061,신연희,43,부산광역시 북구 192-14,010-6523-6043,배드민턴
13062,권정순,29,서울특별시 양천구 178-67,010-2583-7746,집콕 놀이
13063,이지민,70,인천광역시 연수구 749-62,010-6303-3221,모바일 촬영
13064,김말순,76,서울특별시 강서구 981-83,010-6986-5156,비즈 공예
13065,김동수,54,세종특별자치시 아름동 854-48,010-8627-4050,스포츠 카드 수집
13066,강예린,23,용인시 수지구 풍덕천동 276-49,010-4945-5901,모바일 게임 개발
13067,김시윤,74,서울특별시 양천구 647-41,010-8670-9680,독서
13068,이주아,55,서울특별시 강서구 508-91,010-2117-1335,벽화 그리기
13069,윤기석,45,인천광역시 서구 601-10,010-3448-2061,사진촬영
13070,전혜숙,22,서울특별시 광진구 35-41,010-5210-5176,모바일 촬영
13071,서태윤,36,경기도 오산시 765-91,010-5061-4498,코딩
13072,권정숙,63,인천광역시 동구 331-39,010-1808-5787,카페 투어
13073,조복희,27,제주시 노형동 250-51,010-5360-2913,디지털 일러스트
13074,오철수,30,경기도 화성시 722-61,010-6865-6796,로봇 공학
13075,권은숙,30,서울특별시 서대문구 215-13,010-2235-8192,도예
13076,송하윤,22,서울특별시 영등포구 295-75,010-1124-9879,디지털 콘텐츠 제작
13077,강종수,35,김해시 장유동 89-5,010-5150-3346,웹툰 그리기
13078,권창수,59,경기도 수원시 장안구 481-91,010-7006-4749,VR 게임
13079,오서준,68,서울특별시 도봉구 751-74,010-5224-2829,요리
13080,이예린,29,서울특별시 금천구 771-5,010-9299-6988,책 클럽
13081,홍종수,47,제주시 신제주 559-34,010-2953-2004,웹서핑
13082,송민준,24,제주시 오라동 624-20,010-3144-1078,자전거 타기
13083,전광호,41,충청남도 천안시 808-83,010-1973-7776,플로리스트
13084,오지원,68,광주광역시 서구 277-15,010-2268-4251,디지털 아트
13085,조재훈,28,세종특별자치시 조치원읍 971-30,010-8158-7962,등산
13086,임지우,62,경기도 안양시 동안구 576-70,010-4201-5827,배드민턴
13087,전서아,29,충청북도 진천군 836-52,010-7286-4159,요리
13088,장준서,78,서울특별시 양천구 997-59,010-4010-4135,모바일 촬영
13089,전말옥,45,경기도 수원시 팔달구 518-76,010-9908-3614,유튜브 보기
13090,신진숙,28,제주시 노형동 492-82,010-4618-3674,웹서핑
13091,오영수,32,경상남도 김해시 697-83,010-7764-2580,스트리밍
13092,전선자,53,경기도 평택시 848-34,010-6310-4672,디지털 사진 전시
13093,홍서아,78,서울특별시 금천구 356-34,010-2136-9833,시뮬레이션 게임
13094,장춘자,65,광주광역시 동구 165-78,010-3459-6394,패션
13095,이은숙,43,부산광역시 서구 408-67,010-5341-3134,사진편집
13096,최진숙,61,대구광역시 동구 93-62,010-8062-6761,코딩
13097,안도윤,42,경기도 안산시 상록구 259-49,010-9970-7845,미술관 관람
13098,정로운,71,부산광역시 중구 256-77,010-4601-8632,캠핑
13099,최지민,36,부산광역시 기장군 582-14,010-4166-9121,드로잉
13100,강승호,28,광주광역시 남구 136-4,010-1420-9300,운동
13101,권지한,64,제주시 노형동 772-66,010-5983-2808,명상
13102,홍소율,79,경상남도 창녕군 69-77,010-9278-4655,플라워 아트
13103,임성자,50,서울특별시 서초구 883-22,010-2915-8026,디지털 콘텐츠 제작
13104,임시우,28,대구광역시 달성군 935-18,010-8019-5459,퍼즐 맞추기
13105,권하은,47,경기도 수원시 장안구 197-25,010-6519-3842,필라테스
13106,권로운,65,경상남도 밀양시 693-89,010-9293-4062,콜라주 아트
13107,임영수,27,강원도 태백시 14-96,010-5997-2237,DIY
13108,권춘희,65,부산광역시 동래구 443-10,010-6374-4728,수영
13109,윤다온,72,강원도 태백시 320-33,010-3264-9129,플라워 아트
13110,김동수,61,경상남도 사천시 952-33,010-5324-1247,뜨개질
13111,권말순,37,인천광역시 동구 375-25,010-5909-2160,펜팔
13112,권말옥,20,인천광역시 미추홀구 100-58,010-6258-3344,요리
13113,박정희,21,경기도 수원시 장안구 626-89,010-9203-1348,명상
13114,정다은,41,서울특별시 노원구 957-70,010-8806-1806,콜라주 아트
13115,서상호,55,경기도 안산시 단원구 706-20,010-2551-5356,필라테스
13116,홍만수,24,충청북도 진천군 616-71,010-6382-6189,명상
13117,정성민,75,경상남도 통영시 309-54,010-9135-1695,헬스
13118,전성민,73,경상남도 밀양시 115-2,010-6553-9040,사진촬영
13119,한승호,40,강원도 삼척시 53-35,010-6249-4730,영화감상
13120,한정호,79,부산광역시 북구 660-80,010-5105-9155,골프
13121,정순희,79,서울특별시 송파구 406-37,010-4132-6358,디지털 사진 전시
13122,황찬우,77,대구광역시 달성군 205-91,010-1004-6566,뜨개질
13123,권유하,56,대전광역시 대덕구 353-69,010-4909-6252,테니스
13124,장로운,44,인천광역시 서구 84-88,010-8405-2844,웹서핑
13125,이미영,44,용인시 수지구 풍덕천동 594-98,010-9338-6252,디지털 아트
13126,홍만수,22,서울특별시 송파구 153-52,010-4429-2625,디지털 사진 전시
13127,서예준,35,경기도 안산시 단원구 212-72,010-6788-3021,벽화 그리기
13128,장정자,68,강원도 원주시 493-14,010-6626-9974,스포츠 카드 수집
13129,권수빈,75,서울특별시 서대문구 352-49,010-4090-1092,웹서핑
13130,황숙자,40,부산광역시 서구 722-39,010-2792-4839,영화감상
13131,한서연,43,서울특별시 서대문구 144-39,010-4812-1506,스키
13132,이시우,66,서울특별시 용산구 20-27,010-1780-5036,독서
13133,황다온,53,서울특별시 서초구 426-13,010-6475-5544,플라워 아트
13134,황순영,66,경기도 용인시 기흥구 551-21,010-2779-5517,카페 투어
13135,홍주아,77,강원도 원주시 641-38,010-5292-1577,게임 방송
13136,황시윤,23,대구광역시 중구 82-26,010-3112-6684,도예
13137,최태윤,37,경상남도 양산시 329-70,010-2457-2386,낚시
13138,조광호,54,세종특별자치시 도담동 760-34,010-7609-1558,플라워 아트
13139,조정호,58,부산광역시 금정구 978-43,010-3863-4682,미술관 관람
13140,정순자,22,서울특별시 관악구 593-48,010-1891-8616,집콕 놀이
13141,정준호,57,경기도 안산시 단원구 581-33,010-3202-4705,배우기
13142,권수아,63,강원도 춘천시 555-12,010-2132-7469,모바일 촬영
13143,윤하율,25,전라북도 익산시 881-11,010-5855-1853,집콕 놀이
13144,임상호,54,경기도 안양시 동안구 618-63,010-9981-1344,피크닉
13145,오복희,63,충청남도 공주시 638-61,010-7154-5549,디지털 아트
13146,조상민,52,서울특별시 강동구 53-3,010-3072-2902,스키
13147,권윤호,41,세종특별자치시 아름동 584-97,010-3659-9684,플라워 아트
13148,홍명훈,21,인천광역시 계양구 120-61,010-6758-6078,애니메이션 제작
13149,신은채,67,경상북도 구미시 809-86,010-5226-5893,플로리스트
13150,박진호,63,서울특별시 양천구 748-33,010-3141-3322,VR 게임
13151,홍지우,69,대전광역시 유성구 998-27,010-1378-8105,퍼즐 맞추기
13152,홍예준,49,전라북도 군산시 206-38,010-3543-3443,배드민턴
13153,이경자,63,서울특별시 광진구 712-44,010-3451-2712,스키
13154,신명숙,26,부산광역시 강서구 853-79,010-9804-7820,스트리밍
13155,박유진,68,경상남도 창원시 130-12,010-9721-6417,시뮬레이션 게임
13156,홍영호,22,경기도 고양시 덕양구 317-37,010-1355-6618,영화감상
13157,오명자,41,경상남도 양산시 172-80,010-1151-1578,카페 투어
13158,윤수아,28,부산광역시 동구 333-60,010-1196-4591,사진촬영
13159,강세호,34,경기도 오산시 845-60,010-4715-3002,로봇 공학
13160,박영자,23,경상남도 사천시 565-39,010-3158-4938,스크래치 프로그램 만들기
13161,안말자,20,부산광역시 기장군 103-36,010-8330-3648,골프
13162,장광호,67,경상남도 양산시 657-42,010-3894-3657,배드민턴
13163,이준호,54,경기도 안산시 단원구 943-44,010-4912-3114,여행
13164,강하은,20,전라남도 목포시 657-34,010-8469-2153,헬로윈 파티 준비
13165,윤시우,26,경기도 성남시 분당구 682-77,010-6446-8831,여행
13166,조미영,21,경기도 고양시 덕양구 906-52,010-3119-8733,웹서핑
13167,신하윤,54,강원도 양양군 827-77,010-1504-4177,스크래치 프로그램 만들기
13168,송세아,59,부천시 원미구 중동 32-92,010-2431-7622,애니메이션 제작
13169,윤동수,26,강원도 원주시 168-70,010-2262-9009,요가
13170,장정희,60,경기도 용인시 처인구 634-97,010-8222-8788,골프
13171,윤정우,43,대전광역시 중구 525-65,010-8392-4041,생활 해킹
13172,황정희,73,대구광역시 달서구 620-73,010-6140-3878,영화감상
13173,한채은,65,전라북도 군산시 847-63,010-3941-7104,낚시
13174,권춘식,50,부산광역시 남구 540-95,010-8038-4156,캠핑
13175,최경수,38,경상남도 밀양시 369-89,010-2877-6260,비즈 공예
13176,임말옥,76,경상남도 밀양시 68-55,010-3029-3122,집콕 놀이
13177,송영호,73,경기도 고양시 일산동구 274-98,010-3295-2639,집콕 놀이
13178,김태현,29,충청북도 충주시 154-91,010-1876-8358,웹서핑
13179,정도윤,51,강원도 강릉시 665-91,010-8304-4462,미술관 관람
13180,김지호,66,대구광역시 중구 45-59,010-1475-8176,보드게임
13181,조종수,68,경기도 시흥시 907-90,010-7518-4485,스키
13182,이춘자,40,대전광역시 서구 760-88,010-4124-8153,낚시
13183,임숙자,76,인천광역시 서구 479-87,010-4650-9619,배드민턴
13184,안하진,37,충청남도 아산시 456-43,010-4130-4536,콜라주 아트
13185,박순희,45,서울특별시 동대문구 72-92,010-7713-5701,수영
13186,홍정우,50,경기도 성남시 분당구 413-60,010-3064-2571,헬로윈 파티 준비
13187,조민서,58,인천광역시 연수구 657-22,010-6545-2396,여행
13188,황말옥,61,강원도 홍천군 388-20,010-1281-5362,필라테스
13189,한현서,26,전라남도 광양시 177-23,010-5737-3060,요리
13190,정지우,35,부산광역시 북구 220-62,010-5202-1626,플로리스트
13191,황숙자,37,서울특별시 관악구 218-62,010-1379-3357,보드게임
13192,황태윤,46,대구광역시 남구 810-1,010-3370-9013,스크래치 프로그램 만들기
13193,안명훈,78,강원도 태백시 699-24,010-6788-5185,책 클럽
13194,황하은,56,부산광역시 서구 766-25,010-9099-7168,스크래치 프로그램 만들기
13195,김영수,42,부산광역시 해운대구 818-51,010-4641-5001,캘리그라피
13196,전우진,30,대구광역시 남구 467-0,010-4072-7089,스키
13197,송수빈,36,전라남도 순천시 86-61,010-8551-3195,영화 제작
13198,홍주영,50,인천광역시 중구 679-40,010-9980-4756,도예
13199,신춘자,64,성남시 분당구 정자동 259-19,010-5654-2241,디지털 일러스트
13200,홍춘자,21,서울특별시 은평구 171-9,010-9249-3416,모바일 게임 개발
13201,박희정,28,세종특별자치시 아름동 664-29,010-6239-6526,헬로윈 파티 준비
13202,황영자,30,인천광역시 동구 354-17,010-4660-8359,뜨개질
13203,황경자,55,부산광역시 동래구 298-71,010-4553-7905,낚시
13204,강지한,35,부천시 원미구 중동 726-81,010-3361-1682,테니스
13205,김정희,36,부산광역시 북구 518-53,010-3055-7327,애니메이션 제작
13206,윤지우,78,부산광역시 남구 489-32,010-5081-6542,미술관 관람
13207,권명자,61,경상북도 안동시 158-69,010-2280-5125,디지털 콘텐츠 제작
13208,윤순영,57,제주시 이도이동 916-25,010-5960-5264,스키
13209,조정희,71,충청북도 충주시 837-75,010-1792-1233,여행
13210,이주영,56,경상북도 안동시 229-43,010-3204-1036,골프
13211,권병호,30,전라북도 익산시 0-71,010-4135-5404,사진촬영
13212,신성호,72,부산광역시 서구 776-48,010-2621-6338,게임
13213,홍하람,73,강원도 춘천시 258-2,010-5165-3599,마인드맵 만들기
13214,김지호,47,충청북도 청주시 362-76,010-8399-5500,모바일 게임 개발
13215,안경자,59,세종특별자치시 한솔동 920-23,010-2761-4771,스키
13216,정영일,54,울산광역시 울주군 961-63,010-5372-3883,디지털 사진 전시
13217,한형민,62,대전광역시 대덕구 147-1,010-2909-9701,테니스
13218,임광호,59,세종특별자치시 도담동 183-89,010-8025-5901,콜라주 아트
13219,송정호,38,충청북도 청주시 393-9,010-5437-1747,일기 쓰기
13220,황세아,71,전라남도 목포시 460-85,010-4845-1812,여행
13221,이지우,41,부산광역시 사하구 122-42,010-5550-5985,웹서핑
13222,오유진,74,부산광역시 영도구 654-98,010-7621-1397,보드게임
13223,한종순,32,울산광역시 동구 860-61,010-8363-1294,영화 제작
13224,장광호,51,부산광역시 연제구 860-21,010-9903-7007,필라테스
13225,이연희,43,부산광역시 금정구 162-46,010-5007-8799,피크닉
13226,안재호,46,경상북도 안동시 682-62,010-3487-8553,사진편집
13227,윤명자,34,용인시 수지구 풍덕천동 830-77,010-2888-1839,여행
13228,신경자,53,전라북도 전주시 996-16,010-5716-4350,수영
13229,이말옥,52,강원도 삼척시 605-33,010-8974-3205,디지털 콘텐츠 제작
13230,안명훈,26,경기도 고양시 일산동구 143-32,010-9240-8837,유튜브 보기
13231,송주아,36,인천광역시 남동구 573-90,010-6567-2882,플로리스트
13232,김준호,67,광주광역시 서구 410-24,010-8997-8125,수영
13233,임은우,76,대전광역시 중구 188-76,010-3370-6642,디지털 일러스트
13234,강준호,71,대구광역시 서구 682-60,010-2034-9288,보드게임
13235,이기석,30,인천광역시 계양구 765-69,010-4417-1875,낚시
13236,조순희,47,대구광역시 수성구 237-74,010-5872-2796,모바일 게임 개발
13237,한태수,74,부산광역시 서구 22-6,010-3186-5645,디지털 콘텐츠 제작
13238,송하율,27,서울특별시 서초구 303-57,010-5807-3187,캔들 만들기
13239,서기영,41,충청남도 논산시 796-98,010-7160-8889,스크래치 프로그램 만들기
13240,최재영,45,인천광역시 미추홀구 357-23,010-3496-4568,여행
13241,신예은,65,충청남도 논산시 58-87,010-9567-2836,운동
13242,임하윤,24,서울특별시 성동구 772-0,010-9462-4979,피크닉
13243,김성자,38,경기도 성남시 분당구 861-6,010-8439-8069,플라워 아트
13244,정시우,30,제주시 오라동 21-21,010-7901-5251,도예
13245,장만수,76,세종특별자치시 아름동 345-26,010-6454-5707,콜라주 아트
13246,임병호,50,부산광역시 중구 287-90,010-6134-7892,사진촬영
13247,장은우,57,경상남도 양산시 176-83,010-3966-3286,게임
13248,정남수,21,전라북도 군산시 794-30,010-3397-4682,골프
13249,이춘식,36,서울특별시 종로구 620-5,010-4785-5207,콜라주 아트
13250,홍하율,43,경상남도 진주시 591-56,010-3743-5295,보드게임
13251,박순영,77,충청북도 충주시 216-73,010-4324-6649,보드게임
13252,장희정,43,강원도 평창군 823-90,010-4722-3768,웹툰 그리기
13253,서만수,48,대전광역시 대덕구 945-27,010-2184-4075,벽화 그리기
13254,박로운,71,경상남도 거제시 604-98,010-6366-6822,피크닉
13255,정주영,30,세종특별자치시 도담동 536-79,010-2276-2486,보드게임
13256,윤철수,68,대전광역시 서구 270-81,010-1788-7712,뜨개질
13257,오다빈,68,광주광역시 서구 728-58,010-8747-5402,디지털 아트
13258,안정숙,51,광주광역시 서구 959-63,010-4257-6174,스포츠 카드 수집
13259,박도윤,79,제주시 이도이동 268-42,010-1876-2309,유튜브 보기
13260,권하람,24,경기도 군포시 914-78,010-4609-9807,스포츠 카드 수집
13261,김재훈,68,강원도 강릉시 836-37,010-5035-9628,카페 투어
13262,김순희,60,부천시 상동 494-67,010-5051-4478,웹툰 그리기
13263,전성호,77,서울특별시 마포구 38-69,010-8162-1138,스트리밍
13264,신선자,75,대전광역시 대덕구 985-44,010-1340-5090,미술관 관람
13265,황성자,71,서울특별시 강동구 139-58,010-9856-5645,필라테스
13266,신말순,52,서울특별시 서초구 707-36,010-6650-1998,도예
13267,신시헌,48,용인시 수지구 풍덕천동 21-60,010-6537-5398,비즈 공예
13268,신창수,37,경기도 고양시 덕양구 207-65,010-9771-6588,책 클럽
13269,신다온,63,전라북도 전주시 808-93,010-8805-6532,독서
13270,안시우,61,인천광역시 서구 10-90,010-5030-8139,콜라주 아트
13271,장서진,40,경상남도 밀양시 253-79,010-1100-1151,웹서핑
13272,최지후,49,경상남도 창녕군 306-60,010-1748-7052,모바일 촬영
13273,정승호,36,제주시 오라동 690-51,010-7450-1840,독서
13274,전말자,51,인천광역시 중구 404-37,010-7642-1865,책 클럽
13275,조시우,34,서울특별시 중랑구 751-59,010-1913-9793,피크닉
13276,임은채,68,충청남도 논산시 611-81,010-5258-2437,패션
13277,최하람,77,부산광역시 부산진구 675-44,010-9969-3409,펜팔
13278,강주원,79,서울특별시 서대문구 794-7,010-3929-2576,사진편집
13279,김소율,60,세종특별자치시 조치원읍 322-66,010-5313-9286,디지털 콘텐츠 제작
13280,장은우,36,인천광역시 남동구 153-29,010-8563-1351,웹서핑
13281,장정숙,77,충청남도 공주시 603-65,010-5532-9069,사진편집
13282,조영수,71,제주시 아라동 185-80,010-1394-3115,봉사활동
13283,전창수,51,세종특별자치시 한솔동 631-21,010-3774-3051,요리
13284,송은채,25,인천광역시 미추홀구 892-5,010-6197-8630,애니메이션 제작
13285,서하람,49,세종특별자치시 아름동 413-36,010-8758-6088,낚시
13286,권다빈,52,전라남도 여수시 158-70,010-5389-7078,카페 투어
13287,이정우,44,대구광역시 달서구 824-90,010-8981-6997,낚시
13288,장경자,57,부산광역시 중구 118-21,010-2522-2832,플라워 아트
13289,황하연,21,경상북도 경주시 469-39,010-3448-5793,골프
13290,조기영,37,충청남도 천안시 480-71,010-9962-4263,낚시
13291,안태윤,25,경상북도 포항시 840-55,010-9006-1402,디지털 사진 전시
13292,전진호,63,대전광역시 유성구 217-95,010-8504-8396,헬로윈 파티 준비
13293,조지원,58,세종특별자치시 도담동 997-87,010-8118-8738,독서
13294,오하연,58,부천시 원미구 중동 55-61,010-5767-2511,로봇 공학
13295,김채은,56,경기도 수원시 장안구 542-76,010-1312-1211,플라워 아트
13296,한도윤,61,서울특별시 은평구 459-39,010-4797-3032,필라테스
13297,서성자,63,부산광역시 부산진구 538-48,010-8650-1711,디지털 아트
13298,김나윤,53,부산광역시 부산진구 439-81,010-4322-6554,수채화 그리기
13299,홍소율,35,인천광역시 부평구 779-44,010-1265-3698,책 클럽
13300,박정숙,69,경기도 안산시 상록구 609-77,010-3233-2722,스트리밍
13301,윤정숙,43,세종특별자치시 도담동 952-62,010-8216-2498,봉사활동
13302,정주아,40,대구광역시 동구 565-32,010-1766-3701,영화감상
13303,홍지율,70,대전광역시 서구 726-58,010-1477-9976,집콕 놀이
13304,한주원,24,강원도 홍천군 205-9,010-8829-7410,콜라주 아트
13305,윤광호,54,부산광역시 중구 511-6,010-6027-1685,플로리스트
13306,박영수,67,경상북도 김천시 467-66,010-4626-6246,캔들 만들기
13307,한상호,79,경기도 시흥시 392-91,010-9661-8993,코딩
13308,송철수,34,인천광역시 서구 307-41,010-1716-3015,미술관 관람
13309,서종순,26,경상북도 포항시 980-7,010-3894-6880,피크닉
13310,조정순,79,대전광역시 대덕구 470-86,010-2191-9897,여행
13311,한지율,61,대전광역시 동구 62-20,010-8803-5819,보드게임
13312,최지한,57,경기도 화성시 961-9,010-4392-6521,캠핑
13313,박준호,51,충청북도 청주시 631-63,010-9790-6557,헬로윈 파티 준비
13314,홍소율,31,세종특별자치시 도담동 241-21,010-1810-4361,피크닉
13315,김성민,35,제주시 신제주 970-47,010-3765-2451,시뮬레이션 게임
13316,황하율,70,경기도 용인시 수지구 406-3,010-4104-9862,스키
13317,서현우,70,강원도 홍천군 510-0,010-6759-6290,디지털 사진 전시
13318,안선자,34,서울특별시 은평구 932-11,010-1306-7132,코딩
13319,조수빈,69,대구광역시 남구 337-15,010-1367-8585,DIY
13320,박유진,20,인천광역시 동구 12-40,010-5528-7359,요리
13321,서나윤,58,경기도 파주시 474-88,010-7534-2125,시뮬레이션 게임
13322,조유진,41,제주시 아라동 52-64,010-3043-8996,스트리밍
13323,강정숙,31,울산광역시 북구 685-29,010-4085-9959,배우기
13324,안재훈,74,전라남도 여수시 425-83,010-5696-1653,애니메이션 제작
13325,정기영,45,서울특별시 강남구 336-74,010-1207-2541,여행
13326,이명숙,34,전라남도 광양시 472-21,010-4547-3953,스크래치 프로그램 만들기
13327,최진호,44,강원도 삼척시 400-79,010-9984-3533,카페 투어
13328,신정순,47,서울특별시 광진구 316-35,010-3888-4423,도예
13329,조태수,78,부산광역시 수영구 36-37,010-1615-7136,애니메이션 제작
13330,서순희,42,부산광역시 부산진구 418-70,010-5827-6428,콜라주 아트
13331,권서아,38,서울특별시 종로구 388-18,010-7200-4311,헬스
13332,홍기석,40,서울특별시 강남구 549-39,010-5746-6462,배우기
13333,전시윤,38,서울특별시 관악구 556-30,010-3090-1792,애니메이션 제작
13334,신경자,39,성남시 분당구 정자동 245-71,010-7537-5273,필라테스
13335,강하람,76,경기도 용인시 수지구 635-26,010-2226-9586,디지털 아트
13336,전정호,38,서울특별시 도봉구 823-94,010-6706-6324,운동
13337,정나윤,44,부산광역시 강서구 128-12,010-4560-1235,디지털 콘텐츠 제작
13338,홍준호,57,경상남도 거제시 829-33,010-6645-1852,DIY
13339,장준호,20,인천광역시 중구 333-63,010-5426-5860,여행
13340,서희정,49,서울특별시 서대문구 588-21,010-8612-4937,스트리밍
13341,황정호,56,대구광역시 달서구 818-37,010-8477-3498,게임 방송
13342,장정호,37,인천광역시 남동구 223-77,010-5530-1150,비즈 공예
13343,정나윤,59,부산광역시 사하구 523-34,010-7764-5627,스트리밍
13344,전현진,40,강원도 태백시 869-74,010-4100-6735,미술관 관람
13345,홍영일,72,경상북도 김천시 865-4,010-1184-4224,게임
13346,박세아,39,경상북도 안동시 759-68,010-2638-1208,DIY
13347,최정숙,58,부산광역시 사상구 990-49,010-3678-5192,로봇 공학
13348,강채은,21,경기도 수원시 팔달구 28-71,010-7282-5296,요가
13349,장윤서,50,경기도 시흥시 53-25,010-3277-9607,스크래치 프로그램 만들기
13350,최준호,68,광주광역시 남구 668-97,010-5773-9745,스포츠 카드 수집
13351,윤춘자,66,세종특별자치시 한솔동 705-19,010-7346-6940,패션
13352,권호철,67,부산광역시 기장군 678-97,010-1854-4430,사진촬영
13353,홍숙자,60,부산광역시 기장군 459-28,010-9413-8974,영화 제작
13354,한시윤,71,인천광역시 연수구 604-55,010-1289-8651,캠핑
13355,정예린,45,광주광역시 남구 567-67,010-3026-5291,피크닉
13356,신경수,26,경기도 안양시 만안구 583-68,010-6793-1946,배드민턴
13357,권미영,48,인천광역시 중구 319-53,010-8350-8087,패션
13358,한종순,69,충청북도 충주시 119-33,010-7750-3684,디지털 사진 전시
13359,전춘자,22,전라남도 여수시 753-94,010-5867-9390,영화감상
13360,송숙자,43,부천시 상동 168-19,010-7757-5487,퍼즐 맞추기
13361,이연희,43,대구광역시 달성군 902-42,010-5598-6567,VR 게임
13362,최수빈,70,부산광역시 동구 108-12,010-6525-5731,애니메이션 제작
13363,최지호,35,충청남도 공주시 813-75,010-7742-4318,벽화 그리기
13364,송지원,50,광주광역시 남구 451-93,010-5807-1440,모바일 촬영
13365,전우진,25,세종특별자치시 아름동 546-85,010-9165-7862,미술관 관람
13366,윤지호,27,서울특별시 서대문구 654-79,010-3902-3672,스크래치 프로그램 만들기
13367,박미영,78,경기도 안산시 단원구 629-24,010-4772-1367,배드민턴
13368,안서진,76,서울특별시 광진구 254-10,010-6347-1457,웹툰 그리기
13369,전태수,31,인천광역시 동구 168-52,010-5067-4473,모바일 게임 개발
13370,윤성호,29,서울특별시 금천구 886-15,010-7050-2048,디지털 콘텐츠 제작
13371,안시우,46,성남시 분당구 정자동 149-28,010-1593-1667,게임 방송
13372,송다빈,32,울산광역시 울주군 466-50,010-8824-2219,미술관 관람
13373,신상호,55,부산광역시 사하구 970-29,010-9102-2141,웹서핑
13374,신지한,31,울산광역시 남구 487-11,010-9824-5192,자원봉사
13375,오예준,63,전라남도 광양시 59-48,010-2315-9384,테니스
13376,서윤서,35,서울특별시 마포구 449-93,010-3061-9291,헬로윈 파티 준비
13377,김영자,35,경기도 광주시 690-12,010-2784-9814,미술관 관람
13378,정진호,22,용인시 수지구 풍덕천동 265-46,010-5951-3241,비즈 공예
13379,안말자,67,경상남도 김해시 670-15,010-5540-5091,도예
13380,이상민,79,울산광역시 울주군 549-7,010-6955-1060,콜라주 아트
13381,이순영,32,경기도 시흥시 78-82,010-4695-8311,수채화 그리기
13382,한채원,40,경기도 고양시 일산동구 33-97,010-3717-1396,피크닉
13383,조수빈,54,서울특별시 도봉구 191-14,010-7621-7677,벽화 그리기
13384,서기영,73,경기도 파주시 174-14,010-8316-1163,미술관 관람
13385,박상호,65,충청남도 논산시 167-1,010-7406-4964,스포츠 카드 수집
13386,한서아,23,경기도 파주시 595-87,010-9615-5687,디지털 아트
13387,강지후,40,서울특별시 도봉구 469-76,010-5684-1094,보드게임
13388,안도윤,63,부산광역시 서구 263-85,010-2947-8707,사진촬영
13389,전은채,37,대전광역시 서구 642-56,010-1427-8086,보드게임
13390,박경수,23,강원도 원주시 689-70,010-1473-1535,마인드맵 만들기
13391,한서연,62,부천시 상동 564-86,010-6673-4073,생활 해킹
13392,정혜숙,41,경기도 안산시 단원구 151-37,010-3781-4057,배드민턴
13393,안은숙,61,서울특별시 용산구 437-96,010-4897-4542,모바일 촬영
13394,강만수,35,부산광역시 연제구 492-48,010-1127-2216,모바일 촬영
13395,박순자,34,전라남도 광양시 249-5,010-8772-1878,캘리그라피
13396,최재호,21,광주광역시 동구 868-91,010-4527-6585,카페 투어
13397,한다온,38,서울특별시 구로구 473-90,010-8008-3196,사진촬영
13398,강지후,52,서울특별시 구로구 919-14,010-1084-7346,요리
13399,권태윤,35,서울특별시 은평구 777-39,010-5794-7399,VR 게임
13400,윤민서,45,경상북도 포항시 111-1,010-1577-6153,마인드맵 만들기
13401,조동수,61,울산광역시 중구 684-31,010-4707-5736,코딩
13402,장하진,22,충청북도 청주시 357-26,010-1082-7381,모바일 게임 개발
13403,이하연,65,서울특별시 강서구 42-38,010-9953-5228,디지털 콘텐츠 제작
13404,송명자,35,인천광역시 동구 272-71,010-4315-2245,봉사활동
13405,신은우,31,경기도 고양시 덕양구 845-50,010-2681-6194,스크래치 프로그램 만들기
13406,강예은,63,경상남도 양산시 222-98,010-6154-6903,게임
13407,전현철,64,경기도 용인시 기흥구 245-49,010-6529-8921,골프
13408,박창수,44,강원도 삼척시 400-91,010-8349-3700,유튜브 보기
13409,정기석,39,전라남도 광양시 716-35,010-5111-9887,피크닉
13410,박민수,78,부산광역시 사상구 407-15,010-1637-5379,수영
13411,황호철,31,경기도 평택시 616-36,010-5013-2114,수채화 그리기
13412,임예준,70,울산광역시 동구 481-12,010-5820-7651,카페 투어
13413,전지후,22,인천광역시 연수구 249-23,010-3765-5340,웹툰 그리기
13414,황재영,40,경기도 안양시 만안구 614-57,010-8731-4894,벽화 그리기
13415,임하람,46,울산광역시 북구 76-63,010-5153-1109,캠핑
13416,황준호,55,경상남도 거제시 79-63,010-3355-4895,VR 게임
13417,오수빈,27,경기도 성남시 수정구 163-73,010-2583-6607,플라워 아트
13418,황유진,56,대구광역시 동구 805-45,010-2052-2662,벽화 그리기
13419,윤태윤,76,광주광역시 북구 6-56,010-2324-7072,요리
13420,한다온,59,성남시 분당구 정자동 360-79,010-4391-4504,패션
13421,안연희,51,강원도 홍천군 426-86,010-7454-9290,플로리스트
13422,권재훈,24,서울특별시 동작구 810-90,010-2316-9899,자전거 타기
13423,오하윤,55,전라남도 순천시 626-61,010-6673-6491,낚시
13424,황준서,23,부산광역시 동구 125-93,010-3959-5787,낚시
13425,오서준,66,부산광역시 영도구 163-61,010-7791-8179,사진편집
13426,한숙자,79,경상남도 통영시 886-55,010-4235-4578,플라워 아트
13427,최태윤,33,경상남도 창원시 113-95,010-7274-2696,여행
13428,강서준,63,울산광역시 동구 277-90,010-2259-6655,VR 게임
13429,한우진,74,인천광역시 부평구 312-76,010-1019-1481,수영
13430,전서준,46,서울특별시 노원구 696-14,010-6348-2694,영화감상
13431,조도윤,20,경상남도 거제시 576-6,010-5533-4224,필라테스
13432,장창수,41,경기도 의정부시 938-76,010-9451-1204,뜨개질
13433,한순영,52,충청북도 진천군 358-75,010-2695-1944,스키
13434,김순영,78,부산광역시 북구 85-15,010-4565-3728,벽화 그리기
13435,권민서,40,강원도 춘천시 632-41,010-5707-5905,보드게임
13436,최시헌,23,부산광역시 북구 863-32,010-5282-5231,게임 방송
13437,서숙자,29,서울특별시 관악구 474-39,010-8495-2008,플로리스트
13438,권영수,63,경기도 의정부시 513-42,010-3872-4418,스트리밍
13439,황복희,79,부산광역시 연제구 885-69,010-4573-7767,캘리그라피
13440,홍주원,51,울산광역시 남구 345-54,010-3427-4154,수채화 그리기
13441,황현서,54,서울특별시 성북구 179-43,010-1437-4426,사진편집
13442,이연희,53,경기도 안산시 단원구 363-69,010-8472-7023,배드민턴
13443,윤시헌,41,서울특별시 영등포구 258-98,010-9401-1240,DIY
13444,신유하,44,전라남도 나주시는 665-4,010-1188-1395,퍼즐 맞추기
13445,최춘자,67,용인시 수지구 풍덕천동 855-64,010-7303-3900,골프
13446,조은채,53,강원도 삼척시 930-10,010-4447-5534,콜라주 아트
13447,안명숙,78,부산광역시 수영구 69-72,010-3925-7939,카페 투어
13448,황명숙,44,세종특별자치시 조치원읍 697-86,010-7338-5179,필라테스
13449,전춘식,40,부산광역시 사상구 840-33,010-8465-8534,필라테스
13450,윤정순,48,경상북도 김천시 742-41,010-8519-6617,보드게임
13451,임희정,36,부산광역시 영도구 213-3,010-4546-7010,요리
13452,오현우,76,경기도 용인시 처인구 293-4,010-5132-7201,미술관 관람
13453,임지후,70,경기도 고양시 덕양구 414-17,010-1975-7189,퍼즐 맞추기
13454,장정우,76,서울특별시 강서구 424-35,010-3383-6192,게임
13455,송숙자,65,세종특별자치시 도담동 353-78,010-7627-8021,피크닉
13456,이정숙,27,강원도 양양군 477-53,010-7523-5710,등산
13457,조윤서,45,성남시 분당구 정자동 627-17,010-2240-5255,캔들 만들기
13458,신은채,63,광주광역시 서구 727-46,010-6031-1081,시뮬레이션 게임
13459,박경수,73,서울특별시 관악구 248-30,010-5407-2019,캠핑
13460,임정우,51,부산광역시 동래구 678-61,010-2969-5547,모바일 게임 개발
13461,강순희,38,울산광역시 동구 664-51,010-2966-4447,애니메이션 제작
13462,김수빈,44,인천광역시 미추홀구 561-6,010-3462-6677,일기 쓰기
13463,전혜숙,76,울산광역시 동구 147-2,010-2717-2012,보드게임
13464,박채원,76,광주광역시 동구 805-2,010-7953-6154,스포츠 카드 수집
13465,김채은,62,서울특별시 강남구 92-34,010-8857-6673,패션
13466,한정우,27,인천광역시 서구 438-63,010-2443-8452,웹툰 그리기
13467,권승호,67,충청북도 충주시 770-86,010-5926-6370,모바일 게임 개발
13468,장예준,67,제주시 이도이동 625-92,010-1079-1689,드로잉
13469,김성호,51,서울특별시 노원구 514-5,010-2654-3209,사진편집
13470,송지후,29,서울특별시 금천구 169-24,010-1065-8433,DIY
13471,장다은,63,제주시 신제주 8-89,010-9336-3144,코딩
13472,정성호,58,충청북도 진천군 634-25,010-9760-3829,스포츠 카드 수집
13473,이현진,63,대전광역시 중구 937-28,010-9715-2465,마인드맵 만들기
13474,황채은,68,제주시 오라동 631-39,010-5352-7677,스포츠 카드 수집
13475,박윤서,66,인천광역시 서구 453-83,010-9953-5986,사진편집
13476,조기석,53,강원도 강릉시 466-3,010-1147-8685,웹툰 그리기
13477,안말자,63,경기도 수원시 장안구 810-96,010-2725-4937,뜨개질
13478,정지우,75,대구광역시 달성군 220-73,010-1769-4405,음악감상
13479,임경수,49,서울특별시 노원구 304-94,010-3178-3335,콜라주 아트
13480,임예은,48,서울특별시 동대문구 659-78,010-7329-7245,플라워 아트
13481,신수빈,70,대구광역시 수성구 613-87,010-6021-7267,음악감상
13482,신준서,25,대구광역시 북구 37-28,010-1753-4159,피크닉
13483,한복희,41,인천광역시 연수구 352-12,010-4661-4467,수영
13484,한지민,25,부산광역시 영도구 209-22,010-3491-9494,드로잉
13485,최주아,70,부산광역시 동구 777-95,010-6671-9773,필라테스
13486,송기석,54,서울특별시 성동구 806-28,010-4513-4852,벽화 그리기
13487,장은숙,46,경기도 성남시 수정구 184-39,010-9089-5968,게임
13488,홍하은,64,전라북도 전주시 121-41,010-2330-7379,플로리스트
13489,한명숙,62,서울특별시 도봉구 203-64,010-5956-4129,코딩
13490,신말순,75,서울특별시 종로구 979-65,010-1124-2471,도예
13491,권로운,48,부산광역시 기장군 922-91,010-5436-2639,뜨개질
13492,신숙자,78,부천시 상동 998-79,010-3403-9686,음악감상
13493,윤연희,56,강원도 춘천시 356-88,010-4145-3252,캠핑
13494,전정희,36,경기도 시흥시 20-96,010-1626-7742,스키
13495,한예린,44,서울특별시 종로구 836-57,010-5401-4627,필라테스
13496,한재훈,35,서울특별시 노원구 102-5,010-5459-7995,책 클럽
13497,최현서,65,강원도 홍천군 617-74,010-2304-8387,수영
13498,한정우,70,서울특별시 종로구 711-88,010-2083-9479,웹서핑
13499,전형민,59,부산광역시 기장군 932-14,010-5859-1373,뜨개질
13500,오세아,55,경기도 화성시 664-19,010-4761-7036,게임 방송
13501,최찬우,79,강원도 평창군 847-31,010-8103-9619,봉사활동
13502,전상민,34,충청남도 논산시 726-13,010-8327-4366,도예
13503,전영수,25,경기도 용인시 처인구 464-35,010-1266-4671,웹서핑
13504,임춘자,51,대전광역시 대덕구 140-6,010-4667-8349,플라워 아트
13505,황소율,46,울산광역시 울주군 80-1,010-3111-2690,웹서핑
13506,전유진,78,세종특별자치시 도담동 238-84,010-3292-3716,피크닉
13507,권영자,26,대구광역시 남구 481-70,010-7021-6186,게임 방송
13508,최윤호,59,서울특별시 종로구 770-45,010-3330-9514,봉사활동
13509,박복자,62,부산광역시 사하구 53-83,010-3047-9665,디지털 일러스트
13510,윤채원,70,대구광역시 수성구 651-48,010-4265-3619,요리
13511,강재영,55,부산광역시 해운대구 940-33,010-2479-4393,피크닉
13512,송태수,67,서울특별시 중구 120-95,010-2089-1079,보드게임
13513,한찬우,52,제주시 연동 527-70,010-9201-1908,로봇 공학
13514,송정우,68,경기도 안산시 상록구 644-86,010-3914-1840,뜨개질
13515,최윤서,43,대전광역시 유성구 112-73,010-4086-9851,도예
13516,서창수,63,서울특별시 노원구 578-8,010-7866-8447,게임 방송
13517,송영희,27,부산광역시 사하구 708-40,010-3980-2236,사진촬영
13518,전수빈,63,경기도 수원시 팔달구 552-80,010-6515-9810,뜨개질
13519,김다온,75,경상북도 포항시 784-94,010-5864-6796,헬로윈 파티 준비
13520,서춘희,35,전라남도 여수시 89-40,010-5235-6257,로봇 공학
13521,박현우,49,경기도 광주시 289-28,010-1563-6051,마인드맵 만들기
13522,김만수,59,강원도 양양군 129-93,010-4706-1594,플라워 아트
13523,정서준,34,서울특별시 양천구 30-55,010-5800-1964,캔들 만들기
13524,한정숙,62,광주광역시 동구 292-36,010-4617-8630,수채화 그리기
13525,안주아,54,경기도 용인시 기흥구 39-40,010-1756-6633,명상
13526,조연희,64,부산광역시 해운대구 696-82,010-9615-6898,영화감상
13527,송재영,79,용인시 수지구 풍덕천동 416-45,010-5361-6395,스키
13528,윤희정,33,대전광역시 대덕구 746-71,010-6578-9399,시뮬레이션 게임
13529,안말순,64,전라북도 익산시 85-91,010-4828-1366,VR 게임
13530,황소율,79,부산광역시 사하구 324-41,010-5134-5681,골프
13531,전태수,52,충청남도 공주시 816-62,010-3394-5444,음악감상
13532,이하율,52,서울특별시 서대문구 13-91,010-2768-3214,음악감상
13533,조건우,75,광주광역시 남구 182-72,010-1387-3336,요가
13534,윤복자,57,제주시 오라동 242-59,010-1216-2422,게임
13535,신다온,49,서울특별시 광진구 332-79,010-6834-6657,모바일 촬영
13536,조광호,69,전라남도 광양시 660-63,010-6700-2322,DIY
13537,정종순,59,서울특별시 동작구 314-98,010-6475-5678,음악감상
13538,송미영,65,서울특별시 강남구 732-5,010-3662-4997,플로리스트
13539,정연희,68,경상남도 창원시 847-36,010-6132-4983,모바일 게임 개발
13540,조건우,40,세종특별자치시 한솔동 995-70,010-3216-6240,캘리그라피
13541,안성자,32,광주광역시 광산구 943-59,010-2582-8733,음악감상
13542,안복희,30,강원도 원주시 514-22,010-9310-6311,모바일 촬영
13543,박시윤,74,부산광역시 중구 362-32,010-8885-1370,영화 제작
13544,박주아,78,경기도 화성시 559-53,010-2769-7112,게임
13545,김윤호,66,부산광역시 사상구 445-33,010-2639-8218,헬로윈 파티 준비
13546,최영호,65,부산광역시 영도구 48-36,010-1210-3086,독서
13547,안옥희,33,경상남도 창녕군 602-76,010-9412-2578,봉사활동
13548,정준서,32,부산광역시 강서구 996-43,010-1435-9421,책 클럽
13549,장경자,73,경기도 용인시 처인구 30-39,010-7016-8576,배드민턴
13550,신지민,64,전라남도 순천시 185-87,010-4702-7320,사진촬영
13551,안지원,63,서울특별시 송파구 644-40,010-5323-1663,등산
13552,이숙자,55,울산광역시 중구 742-92,010-3718-3791,웹툰 그리기
13553,권시우,74,대구광역시 달성군 905-55,010-1437-5155,플라워 아트
13554,서로운,74,성남시 분당구 정자동 188-44,010-4321-8706,사진편집
13555,장정순,27,강원도 삼척시 487-97,010-1116-8875,드로잉
13556,최상호,57,전라북도 익산시 733-27,010-9441-9237,게임
13557,이현철,34,경상남도 거제시 987-25,010-4528-1221,시뮬레이션 게임
13558,박유진,45,전라북도 군산시 947-41,010-7639-9408,게임 방송
13559,최기영,39,경기도 안양시 동안구 681-87,010-4398-8270,사진촬영
13560,박명숙,51,강원도 홍천군 780-45,010-1309-1022,배드민턴
13561,신민서,58,서울특별시 중랑구 276-0,010-5669-8777,플로리스트
13562,윤예은,54,경상북도 안동시 220-8,010-5437-7571,퍼즐 맞추기
13563,강태현,33,경기도 의정부시 748-71,010-2290-4654,시뮬레이션 게임
13564,한유하,33,충청북도 진천군 630-94,010-4549-1000,수영
13565,안준서,77,충청북도 청주시 450-53,010-9112-5958,퍼즐 맞추기
13566,최태윤,32,부산광역시 수영구 902-3,010-6333-4140,뜨개질
13567,신서진,38,경상남도 밀양시 313-44,010-9232-2880,여행
13568,신예준,57,경상남도 거제시 120-18,010-1803-4036,테니스
13569,송명숙,26,제주시 신제주 177-76,010-4941-8821,일기 쓰기
13570,황주영,67,전라북도 군산시 590-31,010-3948-4175,헬로윈 파티 준비
13571,김우진,68,강원도 홍천군 283-54,010-3919-9833,영화감상
13572,오명훈,55,충청남도 천안시 79-32,010-1293-6985,시뮬레이션 게임
13573,최춘희,29,부산광역시 사하구 475-31,010-5776-4596,스키
13574,전성자,62,광주광역시 광산구 824-61,010-9481-5106,낚시
13575,김성자,27,부산광역시 북구 577-89,010-9939-5217,헬스
13576,임건우,56,대전광역시 서구 381-26,010-1985-7455,플라워 아트
13577,서명훈,59,광주광역시 광산구 460-50,010-3949-2772,비즈 공예
13578,최정희,23,인천광역시 서구 253-30,010-4808-7495,봉사활동
13579,조수빈,47,제주시 이도이동 761-5,010-8640-8145,헬로윈 파티 준비
13580,최예은,58,서울특별시 도봉구 384-20,010-4454-9910,모바일 게임 개발
13581,한진숙,60,제주시 연동 983-57,010-1185-9458,게임
13582,정춘희,26,부천시 원미구 중동 749-28,010-9424-3359,골프
13583,신춘자,28,부산광역시 해운대구 878-21,010-4319-5659,요가
13584,송복희,52,경기도 시흥시 170-1,010-9188-1647,여행
13585,조시윤,29,부산광역시 영도구 303-12,010-6634-4626,디지털 아트
13586,김영희,45,부산광역시 사상구 295-67,010-7400-3936,모바일 촬영
13587,강순희,50,부산광역시 기장군 40-89,010-9872-8867,캔들 만들기
13588,송주아,35,부산광역시 금정구 225-56,010-9557-7962,자전거 타기
13589,홍기석,46,인천광역시 미추홀구 504-34,010-4323-9226,사진촬영
13590,오하연,71,울산광역시 남구 851-34,010-9640-3561,애니메이션 제작
13591,정지율,25,강원도 평창군 854-51,010-4640-7435,마인드맵 만들기
13592,윤미영,44,인천광역시 부평구 973-32,010-9349-6504,캘리그라피
13593,신다온,49,강원도 동해시 394-32,010-9051-1677,배드민턴
13594,신민수,78,인천광역시 연수구 866-8,010-2646-7069,비즈 공예
13595,송말순,47,서울특별시 도봉구 675-71,010-8252-4156,미술관 관람
13596,신민준,30,강원도 춘천시 199-26,010-5863-9075,모바일 게임 개발
13597,전수아,68,서울특별시 용산구 408-72,010-2488-4053,웹서핑
13598,홍서아,37,충청남도 공주시 615-62,010-1174-1238,영화감상
13599,강지한,77,경기도 안산시 상록구 136-95,010-6749-5971,코딩
13600,장하연,62,대구광역시 북구 767-51,010-2385-1764,스크래치 프로그램 만들기
13601,이순자,67,경기도 광주시 427-15,010-9023-8166,음악감상
13602,강다은,45,전라남도 여수시 213-28,010-3527-1619,웹서핑
13603,한채은,63,서울특별시 용산구 742-93,010-4725-8737,배우기
13604,박현서,49,서울특별시 노원구 85-91,010-8130-5540,펜팔
13605,임진호,25,경기도 군포시 458-77,010-1606-3912,모바일 게임 개발
13606,전명숙,71,경기도 용인시 처인구 522-25,010-3394-1955,디지털 사진 전시
13607,송태윤,73,경기도 수원시 팔달구 619-45,010-8282-5814,헬로윈 파티 준비
13608,조다온,38,부산광역시 남구 916-48,010-1513-4974,헬로윈 파티 준비
13609,송주영,57,전라북도 전주시 289-20,010-9733-5804,헬로윈 파티 준비
13610,송민서,28,대전광역시 중구 591-55,010-2158-2539,골프
13611,조준호,34,강원도 양양군 151-41,010-7874-5592,모바일 게임 개발
13612,정성민,65,경기도 오산시 387-38,010-6185-6708,피크닉
13613,박하연,64,부천시 상동 41-27,010-9729-6353,디지털 일러스트
13614,송영희,64,대전광역시 서구 620-65,010-5697-4230,음악감상
13615,황정우,58,대구광역시 동구 229-28,010-6503-7031,영화 제작
13616,신만수,59,강원도 평창군 981-26,010-5516-4936,디지털 아트
13617,김시우,46,충청남도 논산시 154-87,010-6194-3072,디지털 아트
13618,장철수,20,대구광역시 중구 112-45,010-8496-2124,디지털 콘텐츠 제작
13619,한영자,63,세종특별자치시 아름동 853-98,010-2427-7212,봉사활동
13620,오춘자,31,부천시 원미구 중동 792-43,010-1653-8860,수영
13621,서남수,53,부산광역시 영도구 113-35,010-1302-6286,캠핑
13622,전영희,73,서울특별시 성북구 610-8,010-8603-5669,스트리트 댄스
13623,윤재영,23,서울특별시 도봉구 381-52,010-6703-1235,모바일 게임 개발
13624,임도윤,52,강원도 춘천시 16-94,010-5552-2166,시뮬레이션 게임
13625,송지민,32,서울특별시 중구 70-48,010-1415-7706,스포츠 카드 수집
13626,조세아,20,대구광역시 달성군 860-94,010-4073-1966,음악감상
13627,조순자,22,제주시 신제주 772-94,010-5855-4413,펜팔
13628,권태현,64,강원도 춘천시 127-89,010-3550-2645,집콕 놀이
13629,강복희,35,인천광역시 서구 239-98,010-8553-8927,사진촬영
13630,신세호,37,대구광역시 남구 418-44,010-1347-9532,미술관 관람
13631,황순영,25,강원도 평창군 554-48,010-8393-3562,스포츠 카드 수집
13632,윤경자,40,인천광역시 중구 975-5,010-6245-5224,드로잉
13633,장하연,50,대구광역시 동구 451-14,010-1752-8114,요가
13634,신지한,35,경기도 오산시 323-97,010-1126-6104,여행
13635,강성호,57,인천광역시 중구 608-21,010-3999-3006,헬로윈 파티 준비
13636,임미영,65,서울특별시 은평구 203-18,010-5838-1457,모바일 촬영
13637,조숙자,37,충청북도 충주시 732-47,010-1417-2071,드로잉
13638,강채은,25,경기도 수원시 장안구 474-49,010-6097-6299,플로리스트
13639,이채원,74,광주광역시 서구 948-88,010-8274-2202,스크래치 프로그램 만들기
13640,최경수,26,충청남도 공주시 420-14,010-3290-5980,책 클럽
13641,윤진숙,71,대구광역시 남구 473-58,010-2734-6664,집콕 놀이
13642,조종수,22,강원도 춘천시 719-33,010-3130-7867,스트리트 댄스
13643,신은채,74,경기도 용인시 기흥구 557-63,010-9393-2037,책 클럽
13644,장명훈,55,광주광역시 남구 374-9,010-2742-7437,보드게임
13645,안정자,62,김해시 장유동 697-54,010-9487-4935,모바일 촬영
13646,강춘자,77,경기도 평택시 893-45,010-8347-5725,배드민턴
13647,강찬우,70,경기도 수원시 장안구 458-96,010-1777-2492,드로잉
13648,송하율,38,경기도 파주시 712-89,010-9502-6754,디지털 일러스트
13649,전건우,65,서울특별시 광진구 354-95,010-1605-4221,스키
13650,윤태현,75,부산광역시 연제구 429-96,010-1514-3445,퍼즐 맞추기
13651,윤성호,23,경기도 안양시 동안구 523-92,010-5086-4495,골프
13652,한건우,37,경상남도 창원시 590-11,010-4031-3053,드로잉
13653,윤종순,46,부산광역시 동구 167-61,010-3226-7547,스크래치 프로그램 만들기
13654,한지원,21,서울특별시 성동구 353-95,010-7479-6067,디지털 아트
13655,한희정,25,서울특별시 성북구 333-51,010-9689-8405,영화감상
13656,조광호,67,전라남도 순천시 125-57,010-3472-3774,웹툰 그리기
13657,최광호,27,경기도 용인시 수지구 754-28,010-8647-5624,명상
13658,정하람,48,부산광역시 수영구 518-57,010-4848-4231,운동
13659,안정호,68,서울특별시 광진구 241-65,010-3548-4433,피크닉
13660,윤선자,21,제주시 연동 947-3,010-1995-3752,수채화 그리기
13661,임경수,20,서울특별시 용산구 549-76,010-2181-5154,배드민턴
13662,권시윤,32,강원도 삼척시 867-38,010-6123-1559,영화감상
13663,임재호,35,서울특별시 서초구 542-62,010-8731-4678,드로잉
13664,이민준,31,서울특별시 도봉구 844-79,010-1647-3121,테니스
13665,박은채,56,서울특별시 강동구 260-95,010-5607-9186,스크래치 프로그램 만들기
13666,안준서,21,서울특별시 송파구 772-73,010-9595-8511,피크닉
13667,최정자,34,강원도 속초시 286-1,010-2364-4728,필라테스
13668,전수아,23,강원도 춘천시 548-91,010-4609-4423,골프
13669,정경자,31,경기도 용인시 수지구 960-63,010-2919-9506,봉사활동
13670,윤로운,56,제주시 노형동 470-59,010-8446-1601,수영
13671,홍서진,30,경기도 안양시 동안구 847-53,010-3066-5116,책 클럽
13672,윤정순,34,서울특별시 마포구 272-74,010-5484-2233,수채화 그리기
13673,전예린,77,제주시 아라동 578-10,010-1215-6289,음악감상
13674,최창수,70,경상남도 거제시 618-19,010-7949-7230,콜라주 아트
13675,임호철,78,대전광역시 서구 992-46,010-2653-3146,벽화 그리기
13676,오지한,58,대구광역시 달서구 442-50,010-3549-6091,웹툰 그리기
13677,신태현,72,경기도 성남시 수정구 870-15,010-9362-2146,드로잉
13678,박춘자,28,부산광역시 강서구 591-2,010-9396-4662,뜨개질
13679,박영희,40,경기도 군포시 158-15,010-4837-1145,플라워 아트
13680,장정자,76,대구광역시 중구 225-71,010-5338-6876,게임
13681,윤태수,75,부천시 상동 228-69,010-3571-2153,헬스
13682,황우진,42,경기도 시흥시 156-71,010-9243-1019,유튜브 보기
13683,윤찬우,78,부산광역시 서구 466-30,010-5024-5611,보드게임
13684,이현서,73,부산광역시 금정구 292-93,010-4005-4028,캔들 만들기
13685,조현철,55,제주시 연동 42-22,010-1685-7191,디지털 일러스트
13686,권유하,65,인천광역시 부평구 333-11,010-1190-5116,운동
13687,황영희,22,부천시 상동 206-58,010-4033-4681,테니스
13688,강하람,30,경상북도 안동시 645-2,010-4589-2849,코딩
13689,권다은,42,제주시 노형동 328-71,010-6084-8846,수영
13690,정하연,62,경기도 평택시 285-20,010-4521-4703,펜팔
13691,최다온,64,부산광역시 북구 903-10,010-5258-8233,요리
13692,임혜숙,36,광주광역시 남구 519-87,010-1589-6034,비즈 공예
13693,권도윤,74,서울특별시 송파구 572-16,010-5075-2048,운동
13694,권현우,78,부산광역시 금정구 249-18,010-9279-4183,요가
13695,장호철,78,서울특별시 금천구 906-47,010-9820-3038,필라테스
13696,황시우,20,광주광역시 광산구 397-35,010-9784-3072,캔들 만들기
13697,장승호,67,경기도 의정부시 487-5,010-4750-8020,웹툰 그리기
13698,오은우,71,부산광역시 강서구 936-26,010-5132-8127,웹툰 그리기
13699,강하은,48,서울특별시 금천구 6-93,010-9549-5839,영화 제작
13700,강남수,64,인천광역시 남동구 957-3,010-1644-7960,미술관 관람
13701,정세아,28,세종특별자치시 도담동 631-20,010-6354-4849,디지털 콘텐츠 제작
13702,송예린,44,서울특별시 은평구 427-62,010-2961-1886,디지털 아트
13703,송종순,62,서울특별시 종로구 824-22,010-4835-4220,캘리그라피
13704,정영수,34,서울특별시 광진구 975-45,010-9653-3709,웹서핑
13705,오하율,31,광주광역시 북구 997-32,010-3122-1735,벽화 그리기
13706,최진숙,20,서울특별시 영등포구 994-4,010-1423-1094,웹서핑
13707,송민서,59,경기도 의정부시 694-64,010-7447-1590,일기 쓰기
13708,서하율,30,대구광역시 수성구 12-94,010-5036-1724,등산
13709,장지율,39,울산광역시 북구 506-62,010-4628-1667,애니메이션 제작
13710,김태수,30,전라남도 목포시 261-51,010-4374-7879,헬스
13711,한서준,71,부산광역시 수영구 342-11,010-1869-8326,비즈 공예
13712,황영일,50,경상북도 구미시 305-11,010-3681-2064,디지털 일러스트
13713,오순영,70,강원도 강릉시 525-62,010-5013-2531,자전거 타기
13714,오경수,53,부산광역시 서구 931-57,010-8830-6072,미술관 관람
13715,장영수,79,서울특별시 노원구 126-73,010-6825-5000,시뮬레이션 게임
13716,조지율,64,경상남도 통영시 102-38,010-2198-9801,스키
13717,정병호,75,세종특별자치시 한솔동 537-96,010-4873-6834,명상
13718,장희정,70,부산광역시 동래구 927-55,010-2926-4199,DIY
13719,황다빈,67,경상남도 창녕군 920-28,010-2421-8423,등산
13720,조영희,44,서울특별시 은평구 841-70,010-7309-3360,요리
13721,오주아,41,서울특별시 강북구 895-2,010-5279-6374,테니스
13722,박성민,54,경상남도 진주시 130-39,010-1997-5167,미술관 관람
13723,박승호,76,충청남도 천안시 609-48,010-6714-2211,영화 제작
13724,윤동수,74,강원도 춘천시 23-79,010-3108-7501,VR 게임
13725,임준서,61,경상남도 창녕군 363-6,010-7307-4119,헬로윈 파티 준비
13726,조지후,42,경상남도 양산시 174-42,010-8096-9987,애니메이션 제작
13727,안준호,23,경기도 광명시 271-56,010-8276-7290,비즈 공예
13728,김기영,22,서울특별시 중랑구 182-90,010-7007-6443,음악감상
13729,임순영,56,인천광역시 서구 594-8,010-4092-9609,자전거 타기
13730,강재호,28,경상북도 경주시 714-57,010-1826-9417,디지털 콘텐츠 제작
13731,오준서,50,경기도 안양시 동안구 622-57,010-1226-5820,여행
13732,오영호,30,서울특별시 은평구 797-48,010-9990-1651,코딩
13733,정진호,77,성남시 분당구 정자동 58-82,010-7328-9468,영화 제작
13734,조남수,24,전라남도 광양시 586-49,010-8737-4898,코딩
13735,이호철,26,경기도 파주시 614-24,010-5548-6643,패션
13736,한수빈,20,부산광역시 수영구 762-93,010-5287-8368,생활 해킹
13737,조예준,50,성남시 분당구 정자동 546-14,010-9150-3482,도예
13738,이수빈,35,인천광역시 남동구 680-11,010-3015-2256,수영
13739,송재영,72,부산광역시 해운대구 523-83,010-9511-2658,배드민턴
13740,황영호,49,대전광역시 유성구 827-77,010-4717-9994,책 클럽
13741,조말자,40,서울특별시 서초구 774-14,010-4620-2378,웹툰 그리기
13742,권순자,27,서울특별시 동대문구 373-92,010-4543-2008,헬스
13743,황병호,28,강원도 동해시 451-64,010-3150-3227,시뮬레이션 게임
13744,신주원,66,인천광역시 동구 462-8,010-3114-7293,요가
13745,윤진숙,35,경기도 성남시 수정구 414-53,010-2297-6445,사진촬영
13746,최호철,23,인천광역시 서구 119-74,010-3770-4769,펜팔
13747,최민준,55,부산광역시 북구 569-76,010-8715-4646,등산
13748,한숙자,41,경기도 군포시 944-93,010-3547-1524,플로리스트
13749,오세호,26,충청북도 충주시 880-38,010-4812-8366,캘리그라피
13750,황정호,64,경기도 용인시 처인구 441-12,010-2385-5725,디지털 사진 전시
13751,신영희,47,제주시 신제주 625-62,010-9565-1456,애니메이션 제작
13752,송윤호,33,경기도 광주시 108-64,010-3738-3721,요가
13753,장승호,29,강원도 강릉시 387-65,010-2534-4558,수채화 그리기
13754,권예준,60,인천광역시 중구 745-7,010-7764-1742,배드민턴
13755,정윤서,41,경상북도 안동시 634-98,010-8123-1546,낚시
13756,최혜숙,65,전라남도 순천시 368-23,010-6569-5456,애니메이션 제작
13757,권춘희,69,울산광역시 북구 806-1,010-7245-3919,코딩
13758,서정자,73,대전광역시 대덕구 374-54,010-6587-6115,미술관 관람
13759,이상호,38,경상남도 사천시 490-92,010-8202-8243,유튜브 보기
13760,이태윤,74,대구광역시 남구 273-25,010-2596-9052,디지털 사진 전시
13761,신우진,28,경기도 오산시 666-92,010-2993-2832,도예
13762,송지원,70,강원도 원주시 333-6,010-9885-4717,VR 게임
13763,한주영,42,제주시 연동 617-46,010-3938-5927,스포츠 카드 수집
13764,송복희,39,경기도 고양시 덕양구 957-37,010-8471-9680,뜨개질
13765,서형민,72,서울특별시 강남구 380-89,010-6515-5770,모바일 촬영
13766,이세아,54,경상남도 양산시 711-98,010-7303-6172,헬스
13767,김민준,65,인천광역시 서구 176-36,010-2126-5600,요리
13768,오동수,78,전라남도 여수시 587-54,010-8337-6082,퍼즐 맞추기
13769,송명자,32,대구광역시 동구 866-58,010-6139-9826,캔들 만들기
13770,전성민,65,인천광역시 서구 32-2,010-1311-7462,뜨개질
13771,정종순,78,경기도 고양시 일산동구 167-73,010-6220-1180,낚시
13772,전우진,57,경상남도 밀양시 161-47,010-1184-6620,펜팔
13773,이하진,73,대구광역시 달서구 70-65,010-2506-2735,애니메이션 제작
13774,최영일,43,부산광역시 동래구 127-13,010-3439-4938,모바일 촬영
13775,권영일,74,강원도 원주시 950-1,010-5914-8809,헬스
13776,윤로운,47,경기도 안산시 상록구 535-21,010-5614-2452,집콕 놀이
13777,박현서,47,인천광역시 남동구 297-40,010-6777-8565,자원봉사
13778,윤경수,21,서울특별시 광진구 404-78,010-5214-1385,요리
13779,최미영,53,제주시 아라동 292-94,010-5092-1846,패션
13780,오철수,40,경상남도 진주시 873-26,010-2531-7181,요가
13781,황윤호,36,경기도 시흥시 922-69,010-7592-2410,영화 제작
13782,홍채원,71,강원도 태백시 301-49,010-2461-4125,디지털 콘텐츠 제작
13783,오지민,23,서울특별시 서초구 489-13,010-7435-4995,생활 해킹
13784,홍서진,62,서울특별시 양천구 959-44,010-4140-5798,배드민턴
13785,최지원,48,대구광역시 수성구 354-29,010-7299-8407,명상
13786,이형민,51,서울특별시 관악구 352-49,010-3966-1493,도예
13787,최현서,26,부산광역시 남구 676-74,010-4030-8419,수영
13788,이철수,28,대전광역시 유성구 788-66,010-9835-4803,VR 게임
13789,권민수,62,전라남도 목포시 9-31,010-1857-9738,배우기
13790,송건우,72,서울특별시 영등포구 310-80,010-3275-1969,수채화 그리기
13791,강세아,50,경기도 광명시 42-3,010-8262-8400,도예
13792,권하율,30,부산광역시 수영구 667-75,010-2760-3698,디지털 사진 전시
13793,이유진,61,인천광역시 남동구 215-69,010-7493-8691,헬로윈 파티 준비
13794,정예은,71,충청북도 충주시 540-44,010-6101-3770,드로잉
13795,황혜숙,33,경상남도 통영시 696-10,010-4405-2726,드로잉
13796,장성민,23,제주시 이도이동 250-85,010-7223-4063,디지털 콘텐츠 제작
13797,송말순,23,부산광역시 영도구 760-51,010-8954-1597,스크래치 프로그램 만들기
13798,박복희,28,경기도 용인시 수지구 895-70,010-7459-4805,디지털 사진 전시
13799,권남수,60,경기도 의정부시 891-78,010-9120-7843,배드민턴
13800,장재호,36,인천광역시 중구 129-15,010-2148-4243,DIY
13801,임하진,22,경상남도 김해시 426-94,010-1681-6182,드로잉
13802,서은우,72,제주시 노형동 729-66,010-2245-1328,스포츠 카드 수집
13803,서지우,65,대구광역시 중구 539-94,010-6591-5999,운동
13804,박영희,34,부산광역시 남구 407-62,010-3803-1922,펜팔
13805,오현서,56,경기도 용인시 처인구 811-80,010-8054-2858,게임
13806,최지율,77,광주광역시 남구 443-80,010-4568-8581,웹툰 그리기
13807,정유하,22,대전광역시 대덕구 728-91,010-1953-7119,스트리트 댄스
13808,정준서,21,부산광역시 북구 283-65,010-9388-2947,요가
13809,김정희,32,경상남도 창원시 993-45,010-3715-8683,웹툰 그리기
13810,서다온,47,전라남도 광양시 802-59,010-3131-5366,낚시
13811,강재훈,50,부산광역시 중구 410-74,010-2692-9743,일기 쓰기
13812,송명훈,77,서울특별시 강서구 465-6,010-6942-5820,배드민턴
13813,최영일,29,부산광역시 수영구 138-85,010-5668-4325,요가
13814,김연희,74,울산광역시 동구 63-22,010-3091-7088,사진촬영
13815,황성호,55,부산광역시 사하구 311-73,010-8556-9489,디지털 아트
13816,최찬우,38,충청북도 진천군 242-31,010-9937-5206,스트리트 댄스
13817,김시우,47,서울특별시 관악구 777-82,010-1540-4281,보드게임
13818,임다은,52,강원도 강릉시 692-26,010-2331-5124,골프
13819,임혜숙,60,경상남도 양산시 460-87,010-5691-1632,게임 방송
13820,박순자,39,김해시 장유동 41-74,010-6778-6510,펜팔
13821,장소율,20,충청북도 청주시 301-96,010-7943-3831,등산
13822,박정호,53,부산광역시 부산진구 768-35,010-3415-7971,스키
13823,신주영,48,강원도 평창군 428-82,010-5609-3961,수영
13824,한복희,32,제주시 노형동 690-41,010-9938-2092,필라테스
13825,정순자,45,서울특별시 종로구 373-70,010-5152-5768,골프
13826,오은채,59,충청남도 천안시 213-78,010-1922-6729,명상
13827,조병호,42,서울특별시 중랑구 990-98,010-4221-8635,웹툰 그리기
13828,윤춘식,29,부산광역시 해운대구 16-22,010-8463-6880,독서
13829,권준서,69,서울특별시 강서구 187-46,010-6748-1827,피크닉
13830,송윤서,79,경기도 화성시 952-10,010-9973-7380,운동
13831,홍만수,78,서울특별시 종로구 972-24,010-4267-8749,펜팔
13832,김예준,28,인천광역시 부평구 793-28,010-2990-7923,모바일 촬영
13833,안지민,68,제주시 신제주 115-71,010-9352-4319,영화 제작
13834,조정순,37,충청남도 천안시 181-35,010-2106-3878,운동
13835,최다은,76,인천광역시 미추홀구 573-8,010-1047-8336,드로잉
13836,박하람,22,대전광역시 서구 87-87,010-5720-4819,게임 방송
13837,윤하율,60,강원도 강릉시 444-97,010-5864-3138,모바일 게임 개발
13838,한성자,59,경기도 성남시 수정구 768-50,010-9168-2640,웹서핑
13839,서복희,51,세종특별자치시 아름동 703-54,010-8547-9206,요가
13840,송상민,77,대구광역시 동구 793-22,010-3804-9635,영화 제작
13841,권지민,20,강원도 동해시 554-12,010-4897-8481,디지털 콘텐츠 제작
13842,안지호,73,경기도 의정부시 650-39,010-6681-7568,패션
13843,권복자,33,경상남도 밀양시 668-63,010-3732-4722,웹서핑
13844,최명훈,29,인천광역시 미추홀구 420-14,010-1884-2089,배우기
13845,황남수,70,서울특별시 도봉구 29-55,010-5560-5976,마인드맵 만들기
13846,전정희,34,대구광역시 동구 402-66,010-2642-7861,보드게임
13847,박우진,46,경기도 안산시 상록구 109-86,010-5947-3008,미술관 관람
13848,서건우,69,광주광역시 서구 520-3,010-9787-7472,카페 투어
13849,권영호,23,서울특별시 동대문구 60-34,010-9907-4891,드로잉
13850,정세아,59,경기도 성남시 수정구 837-32,010-1010-1210,요가
13851,오하은,22,전라북도 군산시 735-47,010-3929-3528,낚시
13852,권성호,35,인천광역시 미추홀구 409-18,010-3886-6912,요리
13853,이현서,39,충청남도 공주시 243-72,010-4903-4725,등산
13854,임은우,68,울산광역시 동구 855-11,010-4230-5337,스키
13855,정다빈,35,부천시 원미구 중동 175-76,010-4187-3518,벽화 그리기
13856,전찬우,48,경기도 고양시 일산동구 590-77,010-9426-6468,요가
13857,전복자,27,광주광역시 북구 702-47,010-5674-1536,펜팔
13858,황준호,20,경상남도 통영시 950-50,010-2379-7385,운동
13859,박준서,69,대구광역시 중구 853-56,010-4383-5077,책 클럽
13860,전명훈,77,경기도 평택시 518-83,010-7182-2116,디지털 사진 전시
13861,황복자,33,전라북도 군산시 473-31,010-2835-9077,영화 제작
13862,신세아,30,서울특별시 관악구 625-46,010-6884-3506,보드게임
13863,권현우,76,경상남도 사천시 651-86,010-4863-3853,수채화 그리기
13864,김승호,48,부산광역시 수영구 509-1,010-5369-7642,펜팔
13865,홍성민,39,대구광역시 달서구 848-63,010-7640-8197,디지털 콘텐츠 제작
13866,윤지후,32,인천광역시 남동구 517-68,010-4838-1774,스트리밍
13867,한하진,31,경기도 용인시 처인구 633-70,010-6421-1889,플라워 아트
13868,윤건우,55,강원도 태백시 844-0,010-9462-2297,자원봉사
13869,한정우,64,제주시 이도이동 238-24,010-9368-1704,펜팔
13870,장현철,79,대전광역시 서구 675-60,010-3985-2307,애니메이션 제작
13871,송형민,42,전라북도 전주시 612-55,010-7303-2508,비즈 공예
13872,임다온,22,세종특별자치시 한솔동 476-24,010-5390-3052,비즈 공예
13873,오순자,62,서울특별시 종로구 849-2,010-1786-3222,디지털 일러스트
13874,안은숙,42,부산광역시 강서구 210-77,010-7072-4720,디지털 사진 전시
13875,김상민,39,경기도 의정부시 833-7,010-4764-6014,캔들 만들기
13876,이로운,24,세종특별자치시 한솔동 567-43,010-3774-2468,스트리트 댄스
13877,윤윤서,49,경상북도 구미시 321-17,010-6620-2731,요가
13878,송지율,36,부산광역시 해운대구 723-6,010-2292-3950,사진촬영
13879,정소율,72,서울특별시 성동구 331-45,010-2645-5858,패션
13880,강호철,31,전라북도 전주시 88-98,010-7970-8646,배우기
13881,송상민,38,울산광역시 남구 232-18,010-6494-3607,플로리스트
13882,안지우,76,경기도 화성시 379-97,010-1437-7272,미술관 관람
13883,신철수,53,부산광역시 서구 277-57,010-6281-5459,보드게임
13884,안창수,75,용인시 수지구 풍덕천동 700-77,010-3656-4179,모바일 게임 개발
13885,김다빈,44,세종특별자치시 도담동 813-2,010-6737-4917,필라테스
13886,안태현,55,전라남도 목포시 8-90,010-8985-9772,로봇 공학
13887,김지우,75,서울특별시 영등포구 237-70,010-5731-6128,여행
13888,조진숙,56,인천광역시 중구 141-2,010-3985-5201,사진촬영
13889,안재훈,78,서울특별시 송파구 389-79,010-6052-2123,코딩
13890,박희정,65,경상남도 진주시 479-34,010-2161-5403,플라워 아트
13891,김하람,40,경기도 광명시 469-25,010-5302-4789,뜨개질
13892,박경수,63,제주시 이도이동 946-12,010-2684-9745,드로잉
13893,김선자,69,강원도 태백시 259-29,010-7750-3163,플라워 아트
13894,임도윤,71,세종특별자치시 아름동 378-94,010-9202-5046,스트리트 댄스
13895,임서연,61,광주광역시 남구 984-30,010-2227-2923,캠핑
13896,윤영호,71,인천광역시 서구 732-3,010-4645-8905,퍼즐 맞추기
13897,정민서,37,제주시 신제주 971-60,010-4786-1288,캠핑
13898,정세호,69,전라남도 광양시 194-64,010-7968-4859,수채화 그리기
13899,이정호,51,세종특별자치시 조치원읍 106-35,010-3649-1969,요가
13900,정서아,76,경기도 용인시 기흥구 652-84,010-2030-1171,여행
13901,오나윤,78,전라남도 목포시 488-41,010-3598-5956,웹서핑
13902,임상호,62,부산광역시 중구 63-31,010-9497-8336,도예
13903,권성자,47,울산광역시 북구 22-9,010-5317-4163,벽화 그리기
13904,권철수,40,제주시 신제주 668-69,010-6371-5719,일기 쓰기
13905,오현진,77,울산광역시 울주군 578-5,010-4061-8057,카페 투어
13906,이말옥,72,경기도 용인시 수지구 669-66,010-6400-1958,배드민턴
13907,장하율,20,경기도 오산시 499-41,010-7515-7627,스키
13908,임선자,24,강원도 속초시 856-91,010-3803-3038,헬스
13909,장세호,27,울산광역시 중구 965-83,010-3567-6390,모바일 게임 개발
13910,송현철,61,대전광역시 대덕구 354-44,010-4183-9344,미술관 관람
13911,송희정,23,서울특별시 강북구 849-83,010-5253-8967,헬로윈 파티 준비
13912,윤주원,77,강원도 춘천시 762-19,010-4996-5687,캘리그라피
13913,송정숙,41,경상북도 구미시 746-88,010-9919-2843,봉사활동
13914,황동수,27,세종특별자치시 도담동 238-86,010-3002-4933,캠핑
13915,최재영,64,인천광역시 연수구 683-20,010-4922-2394,디지털 사진 전시
13916,이준서,72,전라남도 순천시 48-43,010-3895-1542,벽화 그리기
13917,조복자,37,대전광역시 동구 423-2,010-6205-3639,플라워 아트
13918,한은채,36,인천광역시 중구 784-38,010-7144-4539,디지털 아트
13919,장명숙,54,부산광역시 남구 391-4,010-4698-5238,독서
13920,장상민,62,서울특별시 도봉구 840-88,010-8070-4187,헬스
13921,신명훈,56,제주시 연동 42-61,010-1652-7937,수영
13922,조옥희,37,울산광역시 북구 48-41,010-4308-2390,독서
13923,황찬우,73,경기도 평택시 40-43,010-7488-3585,플로리스트
13924,홍현진,68,강원도 동해시 16-64,010-1818-8416,여행
13925,전영호,20,강원도 홍천군 7-39,010-6861-2708,여행
13926,최하율,32,경기도 성남시 분당구 2-52,010-4437-2961,요리
13927,한정호,66,대구광역시 중구 260-65,010-9936-1119,애니메이션 제작
13928,윤건우,22,경기도 용인시 처인구 643-59,010-1408-2662,디지털 일러스트
13929,전정우,72,인천광역시 연수구 649-80,010-9940-1024,일기 쓰기
13930,박기석,71,충청남도 공주시 994-52,010-5146-5075,보드게임
13931,황시우,64,대구광역시 남구 802-52,010-2610-1896,영화 제작
13932,홍예린,34,경기도 안산시 상록구 204-37,010-1038-3626,봉사활동
13933,권예은,41,서울특별시 광진구 914-2,010-5650-9494,게임 방송
13934,박현진,56,인천광역시 동구 950-72,010-4689-7732,디지털 콘텐츠 제작
13935,서주원,29,세종특별자치시 한솔동 721-72,010-1710-1235,피크닉
13936,임현우,60,부산광역시 강서구 631-12,010-1666-4370,캘리그라피
13937,전재호,55,경상남도 거제시 664-28,010-6852-4027,수영
13938,송말옥,25,제주시 아라동 741-33,010-2880-9593,수영
13939,강재훈,71,부산광역시 해운대구 683-9,010-7354-4649,보드게임
13940,송숙자,75,경기도 고양시 일산동구 765-70,010-6475-4941,패션
13941,조태수,20,부산광역시 서구 537-35,010-2651-1328,헬로윈 파티 준비
13942,오윤서,56,울산광역시 동구 549-74,010-5660-2365,운동
13943,신말옥,48,서울특별시 종로구 158-86,010-6625-2725,독서
13944,정상민,50,서울특별시 영등포구 485-19,010-1539-1539,영화 제작
13945,최종순,57,경상남도 통영시 684-23,010-1173-6208,수영
13946,정종순,67,부천시 원미구 중동 656-96,010-8378-4762,콜라주 아트
13947,김건우,76,부산광역시 사상구 581-34,010-3669-9076,등산
13948,김시헌,60,광주광역시 서구 310-14,010-6724-9834,골프
13949,장유하,35,서울특별시 중구 101-61,010-5507-6163,유튜브 보기
13950,권명자,48,강원도 춘천시 670-3,010-6443-7391,요리
13951,전순희,34,서울특별시 도봉구 439-57,010-4871-8529,디지털 아트
13952,박기영,37,서울특별시 노원구 911-72,010-9297-7002,영화 제작
13953,임시윤,52,제주시 신제주 97-14,010-5363-2577,웹서핑
13954,이승호,45,서울특별시 관악구 433-13,010-8676-5827,필라테스
13955,송태수,32,경기도 수원시 장안구 399-47,010-6933-8059,테니스
13956,김숙자,75,인천광역시 중구 564-5,010-6743-6306,피크닉
13957,송윤서,34,부산광역시 서구 205-28,010-5368-6770,헬로윈 파티 준비
13958,권주원,30,전라남도 순천시 612-3,010-4838-5394,웹툰 그리기
13959,한지율,47,경기도 안양시 만안구 984-50,010-3357-2066,마인드맵 만들기
13960,서현서,24,경기도 광주시 346-61,010-2180-3851,명상
13961,신종순,78,전라남도 나주시는 672-59,010-8007-3652,필라테스
13962,홍경자,31,경기도 오산시 224-97,010-9906-5311,수채화 그리기
13963,권지호,70,경기도 안산시 단원구 561-69,010-1056-1839,헬로윈 파티 준비
13964,서현진,44,경기도 용인시 수지구 922-60,010-7881-2140,코딩
13965,정춘자,25,서울특별시 강남구 860-31,010-7453-6190,드로잉
13966,조태현,32,부산광역시 남구 686-75,010-5512-6530,게임 방송
13967,홍영자,49,서울특별시 마포구 525-54,010-5626-4714,수채화 그리기
13968,장건우,45,경상북도 구미시 350-68,010-7587-7190,배드민턴
13969,송태윤,47,인천광역시 동구 454-2,010-2270-8220,여행
13970,임상민,58,경기도 의정부시 264-37,010-5617-5274,영화감상
13971,강민서,25,전라북도 군산시 430-38,010-2288-2945,자전거 타기
13972,조명훈,20,경기도 화성시 95-97,010-8375-2155,낚시
13973,한재영,49,부산광역시 서구 639-29,010-4792-6354,DIY
13974,송영수,52,부산광역시 서구 87-68,010-1107-1589,스크래치 프로그램 만들기
13975,홍다온,54,부천시 원미구 중동 780-84,010-7105-3990,캔들 만들기
13976,장성호,35,경상남도 거제시 125-16,010-1662-2594,일기 쓰기
13977,전다빈,29,강원도 태백시 748-20,010-2536-1894,요가
13978,전영자,33,부산광역시 부산진구 404-59,010-3428-2662,캠핑
13979,임태수,61,인천광역시 미추홀구 417-96,010-3209-2793,로봇 공학
13980,권하람,49,경상남도 통영시 869-98,010-9574-2485,시뮬레이션 게임
13981,전말옥,71,서울특별시 종로구 307-40,010-3603-7192,모바일 촬영
13982,강경자,36,서울특별시 서초구 874-17,010-9818-9408,수채화 그리기
13983,정성민,27,서울특별시 중랑구 410-60,010-5291-9072,수영
13984,서동수,66,경상남도 김해시 905-50,010-4442-5206,헬스
13985,조찬우,62,경상남도 통영시 15-78,010-6522-4996,펜팔
13986,정정호,69,서울특별시 광진구 733-31,010-4081-4602,사진촬영
13987,신유진,70,충청남도 천안시 200-68,010-6198-2115,웹툰 그리기
13988,박준서,20,서울특별시 성동구 158-8,010-2700-6957,디지털 일러스트
13989,홍현철,27,강원도 평창군 366-38,010-1303-5675,뜨개질
13990,전서아,65,전라북도 군산시 851-14,010-2389-6050,스크래치 프로그램 만들기
13991,임춘식,43,서울특별시 성동구 691-85,010-9651-7011,디지털 일러스트
13992,안동수,37,울산광역시 울주군 469-54,010-7873-1318,여행
13993,권윤서,61,부산광역시 해운대구 858-58,010-2108-7310,드로잉
13994,박현철,34,서울특별시 노원구 713-1,010-2369-8558,드로잉
13995,장지율,79,서울특별시 중랑구 44-31,010-7684-9509,패션
13996,이서진,30,경상남도 창녕군 950-68,010-1260-2562,헬스
13997,최태윤,34,인천광역시 미추홀구 97-25,010-5301-8883,시뮬레이션 게임
13998,황복자,28,경기도 성남시 분당구 942-14,010-1192-2784,수영
13999,황광호,62,용인시 수지구 풍덕천동 275-6,010-6000-4522,시뮬레이션 게임
14000,오하은,27,경기도 안양시 만안구 536-11,010-3911-1348,음악감상
14001,안민서,61,강원도 양양군 521-78,010-3875-8684,요리
14002,한미영,67,광주광역시 광산구 200-76,010-2532-4592,여행
14003,황말옥,69,전라남도 광양시 606-65,010-1270-9458,웹툰 그리기
14004,강다은,36,부산광역시 사상구 573-3,010-2094-2022,패션
14005,김종순,64,경기도 화성시 96-90,010-1900-4549,디지털 일러스트
14006,김주아,76,서울특별시 동대문구 669-88,010-6412-2847,웹툰 그리기
14007,장지율,71,서울특별시 관악구 661-53,010-7366-6706,독서
14008,조경수,31,대전광역시 서구 672-86,010-5662-6460,콜라주 아트
14009,전세아,44,서울특별시 성북구 68-97,010-1200-1213,명상
14010,최성호,69,광주광역시 서구 574-42,010-3602-2250,낚시
14011,한영자,54,서울특별시 강북구 865-98,010-6175-6914,운동
14012,권영일,51,용인시 수지구 풍덕천동 35-17,010-8421-6224,수영
14013,박하은,51,대구광역시 동구 922-70,010-3822-7472,스포츠 카드 수집
14014,임윤서,65,부천시 상동 131-1,010-5012-3389,캠핑
14015,오지우,54,부천시 원미구 중동 955-90,010-3485-5867,VR 게임
14016,권명훈,44,광주광역시 서구 294-72,010-7746-9271,독서
14017,윤형민,54,광주광역시 서구 80-17,010-6911-3963,DIY
14018,안지민,25,경기도 평택시 176-6,010-6386-5010,수영
14019,전상민,34,제주시 오라동 125-37,010-9787-9968,보드게임
14020,서지호,44,서울특별시 송파구 284-54,010-3703-9979,필라테스
14021,강채원,31,울산광역시 북구 230-82,010-6066-5488,애니메이션 제작
14022,박순영,37,경상북도 경주시 684-36,010-4113-2193,명상
14023,권은우,78,울산광역시 중구 140-26,010-6929-1203,자전거 타기
14024,서성자,65,대전광역시 중구 969-43,010-6629-1433,사진촬영
14025,윤연희,72,부천시 원미구 중동 49-57,010-5273-3716,보드게임
14026,최지민,41,인천광역시 중구 419-94,010-3079-1752,피크닉
14027,권진숙,34,전라북도 군산시 734-77,010-1758-7394,드로잉
14028,황창수,68,부산광역시 동래구 960-84,010-6657-1036,콜라주 아트
14029,권유하,32,세종특별자치시 조치원읍 817-50,010-6323-3686,벽화 그리기
14030,송세호,30,경상남도 통영시 515-50,010-5687-4574,테니스
14031,홍철수,25,대구광역시 서구 235-27,010-8257-5506,플로리스트
14032,이재영,66,제주시 오라동 426-72,010-6573-1923,등산
14033,송다빈,77,경상남도 거제시 263-31,010-7443-5746,디지털 일러스트
14034,황나윤,68,전라남도 목포시 235-81,010-9734-4548,게임 방송
14035,강은숙,20,부산광역시 영도구 707-14,010-7587-2676,사진편집
14036,김세호,61,경기도 평택시 850-21,010-1840-7952,퍼즐 맞추기
14037,박세아,39,서울특별시 중랑구 958-18,010-1792-6959,필라테스
14038,송복자,29,경기도 화성시 724-77,010-5662-8764,로봇 공학
14039,장지후,63,경기도 수원시 팔달구 773-20,010-6568-3583,봉사활동
14040,홍영호,30,세종특별자치시 한솔동 845-66,010-4993-1961,유튜브 보기
14041,오성호,52,부천시 상동 196-98,010-5109-5828,스크래치 프로그램 만들기
14042,전만수,43,서울특별시 중구 787-46,010-5698-4014,드로잉
14043,오태윤,36,대전광역시 동구 228-30,010-3071-1582,봉사활동
14044,이정호,64,울산광역시 동구 238-93,010-6785-3915,플로리스트
14045,김지율,65,전라남도 순천시 54-57,010-2322-2945,요가
14046,최정우,70,부산광역시 해운대구 101-56,010-8434-1159,집콕 놀이
14047,최민서,75,강원도 평창군 553-71,010-3078-9610,영화 제작
14048,윤철수,47,대전광역시 유성구 276-54,010-3376-7957,배우기
14049,권유진,28,충청북도 청주시 204-15,010-5299-4204,캘리그라피
14050,황혜숙,44,경기도 시흥시 109-86,010-9577-4451,헬스
14051,조채은,26,대구광역시 남구 879-80,010-1075-6146,골프
14052,홍지호,50,충청남도 논산시 956-38,010-1082-4578,여행
14053,송경자,26,세종특별자치시 아름동 960-45,010-6585-6777,애니메이션 제작
14054,안종수,54,서울특별시 서초구 601-5,010-3932-1806,플로리스트
14055,홍순자,66,서울특별시 서대문구 114-66,010-3168-6744,코딩
14056,한현진,21,인천광역시 미추홀구 926-95,010-2218-2474,모바일 게임 개발
14057,오은숙,22,서울특별시 광진구 111-59,010-8824-1247,코딩
14058,권영자,67,부산광역시 남구 824-49,010-2396-4703,생활 해킹
14059,장윤서,65,부산광역시 금정구 748-48,010-3022-6063,배드민턴
14060,김다은,75,대구광역시 북구 347-39,010-2399-9610,수영
14061,박하연,27,서울특별시 강동구 43-48,010-7944-7912,뜨개질
14062,송민서,63,서울특별시 노원구 129-27,010-3695-8773,캘리그라피
14063,임미영,21,경상남도 진주시 296-65,010-9148-9443,스트리밍
14064,오춘희,51,경상북도 구미시 980-48,010-1437-5514,스크래치 프로그램 만들기
14065,권상민,63,대구광역시 수성구 502-58,010-8966-4160,테니스
14066,황서아,48,부산광역시 서구 984-14,010-1618-8013,퍼즐 맞추기
14067,윤재영,73,충청북도 청주시 248-11,010-2704-1400,스키
14068,강상민,33,충청남도 아산시 904-2,010-5598-7183,DIY
14069,장서아,41,경상남도 거제시 704-84,010-8348-6904,생활 해킹
14070,박우진,39,경기도 의정부시 407-63,010-1219-8220,도예
14071,오현철,79,서울특별시 강서구 711-53,010-4894-2959,플라워 아트
14072,오지호,68,경기도 광주시 687-51,010-6041-5137,등산
14073,강정자,48,서울특별시 영등포구 713-89,010-5119-4524,등산
14074,황복자,71,경기도 수원시 팔달구 786-8,010-5173-2081,책 클럽
14075,장하연,50,전라북도 군산시 828-78,010-5040-9789,책 클럽
14076,최채원,62,서울특별시 성북구 438-67,010-9267-4719,배드민턴
14077,송춘자,31,강원도 삼척시 34-75,010-6097-4596,웹서핑
14078,김유하,29,부산광역시 연제구 168-69,010-3301-5869,헬로윈 파티 준비
14079,정다빈,49,세종특별자치시 한솔동 305-73,010-3646-9926,배우기
14080,안선자,60,충청남도 논산시 574-66,010-5893-6400,캘리그라피
14081,최재영,76,울산광역시 동구 721-79,010-7135-4727,자전거 타기
14082,윤창수,24,경상남도 김해시 408-53,010-3060-2271,게임 방송
14083,한민서,27,경기도 안양시 만안구 993-19,010-1383-2953,플로리스트
14084,전다온,58,부산광역시 남구 318-60,010-2709-3028,마인드맵 만들기
14085,김은우,72,부산광역시 연제구 545-81,010-3157-2078,헬스
14086,윤다은,47,부산광역시 북구 419-41,010-1108-1666,수채화 그리기
14087,박희정,60,서울특별시 구로구 222-53,010-2295-2740,헬로윈 파티 준비
14088,박수아,64,대구광역시 달성군 745-33,010-6872-5475,플라워 아트
14089,오숙자,37,용인시 수지구 풍덕천동 335-88,010-2455-7630,웹서핑
14090,홍태현,55,전라북도 군산시 734-65,010-4799-3857,스포츠 카드 수집
14091,조선자,60,부산광역시 동구 821-75,010-7554-5626,배우기
14092,정말옥,50,부천시 원미구 중동 32-74,010-1358-6861,책 클럽
14093,이지민,55,대구광역시 달서구 17-30,010-2954-8910,마인드맵 만들기
14094,임상민,43,충청남도 아산시 826-74,010-2109-4973,유튜브 보기
14095,윤서준,23,서울특별시 구로구 971-16,010-1378-6036,보드게임
14096,조재호,77,충청북도 충주시 686-87,010-4064-9635,사진편집
14097,권광호,71,인천광역시 미추홀구 487-74,010-2116-4796,책 클럽
14098,안재영,72,제주시 신제주 784-75,010-1999-8268,도예
14099,권지민,61,강원도 삼척시 174-78,010-3492-4973,디지털 콘텐츠 제작
14100,임철수,40,부산광역시 기장군 38-1,010-7359-3557,보드게임
14101,최광호,69,경상남도 양산시 632-32,010-3512-7674,콜라주 아트
14102,조나윤,22,서울특별시 종로구 395-58,010-5409-5886,운동
14103,송순영,47,강원도 강릉시 98-72,010-9321-3633,요가
14104,신희정,62,서울특별시 동작구 165-95,010-3118-2708,보드게임
14105,최지율,36,경기도 용인시 처인구 623-51,010-7070-8510,도예
14106,한승호,52,서울특별시 서초구 240-94,010-3299-4755,DIY
14107,조하은,69,대전광역시 서구 15-27,010-7170-5536,스포츠 카드 수집
14108,윤호철,20,부산광역시 기장군 118-84,010-1010-7394,스포츠 카드 수집
14109,김준호,43,전라남도 광양시 220-75,010-9201-9609,모바일 촬영
14110,정하진,28,강원도 동해시 242-11,010-9794-7624,스트리트 댄스
14111,한명숙,73,서울특별시 광진구 539-14,010-8324-2366,코딩
14112,김지후,66,경기도 용인시 수지구 639-42,010-8087-6024,캘리그라피
14113,김다은,30,전라남도 순천시 592-41,010-5850-3198,벽화 그리기
14114,홍기석,75,경상남도 창녕군 875-22,010-3292-3683,웹툰 그리기
14115,신영일,27,경기도 안산시 단원구 823-74,010-8366-1542,패션
14116,권춘희,60,부산광역시 남구 229-32,010-8534-6503,펜팔
14117,서승호,69,대전광역시 서구 398-23,010-9444-2198,명상
14118,김지호,29,부산광역시 동래구 278-50,010-8106-5340,스트리밍
14119,안태현,27,전라북도 군산시 698-78,010-2799-1919,여행
14120,장예린,47,부산광역시 부산진구 755-42,010-8517-3379,게임
14121,임정희,24,인천광역시 남동구 239-93,010-2384-8715,웹서핑
14122,한현서,32,서울특별시 관악구 681-80,010-1890-3070,플라워 아트
14123,황수빈,40,경기도 안산시 단원구 915-94,010-4381-1510,영화 제작
14124,윤은채,50,서울특별시 노원구 857-42,010-5951-9195,수영
14125,전성민,68,전라북도 전주시 610-81,010-3979-4003,미술관 관람
14126,윤윤서,69,강원도 삼척시 184-6,010-4172-1093,필라테스
14127,한명훈,47,대전광역시 대덕구 802-18,010-1746-5685,코딩
14128,전로운,69,세종특별자치시 아름동 753-3,010-5709-8781,요리
14129,송경자,57,대구광역시 남구 92-22,010-7085-8575,요리
14130,이예린,40,경기도 용인시 기흥구 99-96,010-3812-1233,디지털 일러스트
14131,최기영,67,인천광역시 서구 453-33,010-2464-8051,영화감상
14132,장창수,45,강원도 강릉시 75-82,010-1499-5977,DIY
14133,박만수,25,김해시 장유동 269-72,010-9597-1291,코딩
14134,조성자,50,경상남도 창녕군 291-59,010-7065-7458,여행
14135,임영자,58,대구광역시 중구 778-42,010-9848-4566,DIY
14136,김형민,23,제주시 오라동 571-12,010-2231-2147,웹서핑
14137,김정희,76,부산광역시 동구 955-96,010-8018-5272,DIY
14138,황성자,40,경상북도 구미시 543-13,010-5772-5678,테니스
14139,신도윤,40,경기도 안산시 단원구 561-54,010-7887-3134,퍼즐 맞추기
14140,이다은,23,경상북도 구미시 485-1,010-1702-9302,캔들 만들기
14141,임채은,32,부산광역시 사상구 195-73,010-3596-9671,테니스
14142,황하윤,25,서울특별시 서초구 157-36,010-9836-2624,디지털 아트
14143,서채원,46,경기도 고양시 덕양구 808-55,010-3273-9642,도예
14144,김유하,33,서울특별시 도봉구 443-71,010-6144-9166,자전거 타기
14145,김명숙,62,서울특별시 중구 803-46,010-4091-2399,모바일 촬영
14146,최성민,66,서울특별시 강북구 634-45,010-4152-6850,헬스
14147,이정우,26,대구광역시 북구 150-63,010-3625-8072,디지털 일러스트
14148,최정희,45,광주광역시 광산구 80-74,010-2287-1405,스키
14149,정호철,37,대구광역시 달성군 357-67,010-5639-6682,퍼즐 맞추기
14150,신복자,56,전라남도 나주시는 843-20,010-5590-5885,캔들 만들기
14151,신종수,21,인천광역시 연수구 1-78,010-7424-1704,봉사활동
14152,최시우,37,울산광역시 울주군 811-65,010-1707-6650,콜라주 아트
14153,안진숙,51,충청남도 논산시 363-42,010-4506-4468,디지털 콘텐츠 제작
14154,윤상민,51,경상남도 창원시 121-67,010-7691-2375,독서
14155,김현서,29,경기도 시흥시 417-31,010-3165-5680,캘리그라피
14156,안지후,65,대구광역시 서구 998-4,010-4905-7158,피크닉
14157,신명숙,55,강원도 삼척시 318-57,010-4242-6246,명상
14158,이태윤,55,충청북도 진천군 697-17,010-3251-6078,여행
14159,한영일,20,전라남도 나주시는 954-59,010-1773-6719,봉사활동
14160,권민수,54,경기도 화성시 119-66,010-7484-3432,게임
14161,정유하,33,전라북도 전주시 811-62,010-3209-5377,뜨개질
14162,권지호,48,부산광역시 금정구 314-47,010-8346-9235,헬로윈 파티 준비
14163,이연희,53,대전광역시 중구 877-90,010-3772-9603,디지털 아트
14164,김성민,60,부산광역시 해운대구 769-24,010-5403-9714,스트리트 댄스
14165,신상민,68,부산광역시 서구 965-93,010-5745-3821,VR 게임
14166,이춘식,62,인천광역시 남동구 624-48,010-7523-4889,수영
14167,안옥희,40,서울특별시 강동구 226-74,010-9732-1645,캠핑
14168,신서아,32,경기도 안양시 만안구 322-74,010-3780-5372,스트리트 댄스
14169,황지호,64,서울특별시 강남구 963-52,010-2003-4722,사진촬영
14170,박준호,33,전라남도 나주시는 15-1,010-6104-2967,모바일 촬영
14171,임정호,64,강원도 홍천군 870-37,010-1788-8975,운동
14172,홍미영,74,충청북도 진천군 871-79,010-5112-3865,운동
14173,장하연,34,대구광역시 수성구 364-64,010-8233-8976,플라워 아트
14174,권창수,25,김해시 장유동 872-85,010-1082-1020,디지털 아트
14175,오종수,73,제주시 노형동 889-11,010-5908-8931,스포츠 카드 수집
14176,황형민,41,강원도 양양군 685-7,010-7944-9376,캠핑
14177,최춘희,60,경기도 성남시 수정구 763-71,010-2188-1236,수채화 그리기
14178,오세호,37,부산광역시 동래구 534-5,010-5338-4266,웹서핑
14179,안시윤,56,대구광역시 남구 178-0,010-1631-2783,게임 방송
14180,정하진,49,서울특별시 종로구 786-17,010-4775-1573,캔들 만들기
14181,송상호,61,서울특별시 강남구 886-86,010-3303-4507,운동
14182,윤정희,52,세종특별자치시 아름동 307-25,010-9800-3148,DIY
14183,이시윤,38,서울특별시 서대문구 614-39,010-4473-4751,드로잉
14184,홍희정,34,경기도 용인시 처인구 293-7,010-4225-8663,캘리그라피
14185,이영수,38,대구광역시 동구 474-24,010-7468-6442,게임
14186,강다은,68,충청남도 공주시 434-31,010-3507-1908,퍼즐 맞추기
14187,이태윤,54,전라북도 익산시 738-12,010-4674-9954,사진편집
14188,최지원,61,서울특별시 강동구 547-26,010-6724-8588,영화감상
14189,황하은,30,서울특별시 마포구 59-84,010-5262-8430,도예
14190,박혜숙,71,강원도 평창군 187-92,010-1289-3591,VR 게임
14191,강현진,26,경상북도 김천시 416-74,010-8771-7624,집콕 놀이
14192,한정숙,44,경기도 용인시 기흥구 244-6,010-9269-3979,음악감상
14193,권윤호,36,경기도 광명시 570-76,010-2809-3129,등산
14194,황종순,44,서울특별시 관악구 345-27,010-1473-3243,피크닉
14195,전도윤,40,인천광역시 남동구 866-64,010-1975-1372,운동
14196,김복희,25,제주시 오라동 797-9,010-4766-6106,사진편집
14197,이하윤,50,대전광역시 서구 299-54,010-6398-5990,보드게임
14198,최찬우,52,강원도 속초시 248-89,010-5854-5923,자전거 타기
14199,최채원,59,인천광역시 동구 933-28,010-1021-8222,모바일 촬영
14200,윤영자,67,충청남도 논산시 161-16,010-7629-2985,플로리스트
14201,최현서,56,전라북도 군산시 326-70,010-5210-7126,펜팔
14202,윤순희,48,전라북도 군산시 297-30,010-5462-7081,자전거 타기
14203,이수빈,29,강원도 강릉시 564-51,010-3420-6763,일기 쓰기
14204,강재훈,53,부천시 상동 338-96,010-6783-4341,헬로윈 파티 준비
14205,박주아,60,인천광역시 서구 162-10,010-9735-6218,낚시
14206,윤수빈,35,경상북도 김천시 75-83,010-8459-7524,영화감상
14207,홍서연,69,강원도 양양군 786-38,010-4438-4568,웹툰 그리기
14208,권태현,43,경상남도 창녕군 789-56,010-9293-9423,모바일 게임 개발
14209,한지호,29,성남시 분당구 정자동 708-10,010-3220-6963,패션
14210,최민수,59,부산광역시 영도구 952-21,010-8432-8371,여행
14211,안말자,71,경기도 안양시 만안구 338-93,010-4033-9459,여행
14212,이영희,42,경상남도 통영시 387-98,010-8351-5375,자전거 타기
14213,임영일,51,서울특별시 도봉구 274-25,010-1058-7991,생활 해킹
14214,권순영,29,강원도 양양군 784-23,010-2639-3770,게임 방송
14215,윤광호,67,부산광역시 강서구 447-91,010-5203-3036,캘리그라피
14216,임성자,30,서울특별시 마포구 306-27,010-1248-5548,디지털 콘텐츠 제작
14217,윤예은,57,대전광역시 동구 565-53,010-5064-9381,명상
14218,홍태윤,47,서울특별시 양천구 927-12,010-5298-6980,테니스
14219,권상호,20,경기도 화성시 915-58,010-2621-8619,생활 해킹
14220,임다온,66,부산광역시 해운대구 126-90,010-5529-5159,헬로윈 파티 준비
14221,오영일,46,세종특별자치시 도담동 377-63,010-3929-3620,VR 게임
14222,강준서,54,세종특별자치시 조치원읍 603-96,010-4431-4625,책 클럽
14223,김희정,62,서울특별시 마포구 804-45,010-9843-3819,배우기
14224,강호철,35,대구광역시 달성군 514-13,010-2801-8800,자전거 타기
14225,김서준,64,광주광역시 광산구 716-73,010-2955-5185,마인드맵 만들기
14226,김명숙,44,부산광역시 금정구 825-74,010-6257-4400,배우기
14227,안지율,58,부산광역시 부산진구 862-62,010-3274-8950,집콕 놀이
14228,임복자,49,부산광역시 연제구 560-31,010-7596-3088,스크래치 프로그램 만들기
14229,김복자,31,김해시 장유동 469-83,010-5898-7102,비즈 공예
14230,전나윤,50,경기도 안양시 만안구 939-34,010-2100-4559,테니스
14231,홍종순,48,서울특별시 도봉구 824-8,010-1250-2505,게임
14232,최예준,66,서울특별시 서대문구 754-27,010-1571-6336,스크래치 프로그램 만들기
14233,정춘자,36,전라남도 목포시 548-23,010-3109-3098,영화 제작
14234,최영수,56,세종특별자치시 도담동 361-11,010-4367-3418,콜라주 아트
14235,송시헌,50,대구광역시 중구 891-66,010-1125-6443,도예
14236,송경자,76,대전광역시 서구 465-36,010-6571-1352,코딩
14237,전유하,24,경상남도 진주시 45-46,010-3024-7526,콜라주 아트
14238,홍철수,77,경기도 고양시 덕양구 172-38,010-7096-6641,웹서핑
14239,서채원,79,경기도 용인시 수지구 126-39,010-9326-6817,캘리그라피
14240,서병호,34,서울특별시 양천구 704-89,010-6161-9060,플로리스트
14241,안상민,31,경상북도 포항시 698-76,010-7947-8188,책 클럽
14242,윤현우,34,부산광역시 강서구 588-48,010-4675-4710,낚시
14243,박연희,78,서울특별시 성북구 87-54,010-9351-7965,도예
14244,장명자,38,경상남도 밀양시 244-69,010-3910-6547,비즈 공예
14245,한예준,53,경상남도 진주시 633-1,010-7666-9886,등산
14246,최현철,26,경기도 성남시 분당구 316-54,010-4821-3879,생활 해킹
14247,장은우,44,경기도 안산시 상록구 34-18,010-8965-7839,보드게임
14248,신영일,62,경기도 화성시 879-49,010-1183-6576,플로리스트
14249,권시윤,40,서울특별시 중구 51-61,010-8605-2309,요가
14250,홍하진,28,부산광역시 남구 634-82,010-3911-7543,캠핑
14251,황윤호,22,전라남도 순천시 612-89,010-8126-5348,디지털 일러스트
14252,전지호,26,충청북도 진천군 879-83,010-3679-1910,운동
14253,신순희,64,서울특별시 노원구 444-64,010-2194-9616,헬스
14254,안유진,72,강원도 강릉시 814-80,010-4325-9659,웹서핑
14255,권재훈,32,경기도 고양시 일산동구 957-98,010-8582-8181,자원봉사
14256,조광호,24,대구광역시 북구 641-36,010-8815-4254,디지털 아트
14257,안정우,38,강원도 삼척시 423-77,010-1632-5943,사진촬영
14258,신지민,27,전라남도 여수시 521-59,010-4041-6955,캘리그라피
14259,장선자,35,부천시 상동 533-90,010-1044-8938,여행
14260,권시윤,63,서울특별시 중랑구 984-93,010-2445-4660,수영
14261,임윤호,54,강원도 태백시 502-82,010-6887-1663,영화 제작
14262,강기석,36,강원도 태백시 802-16,010-5571-4822,헬스
14263,홍주원,58,부산광역시 사상구 646-67,010-4515-6471,배우기
14264,김희정,53,대전광역시 중구 896-61,010-6325-6459,골프
14265,황하은,56,인천광역시 미추홀구 359-8,010-3317-5679,카페 투어
14266,김태수,55,강원도 강릉시 499-83,010-2691-1250,스크래치 프로그램 만들기
14267,임다빈,67,제주시 신제주 728-51,010-2495-9342,캘리그라피
14268,강시우,44,부산광역시 사상구 962-89,010-8645-2820,헬로윈 파티 준비
14269,송정자,53,전라남도 목포시 694-78,010-6083-3836,모바일 촬영
14270,황영수,25,경기도 수원시 팔달구 98-43,010-5161-5131,스크래치 프로그램 만들기
14271,한찬우,79,제주시 아라동 359-69,010-1829-4871,로봇 공학
14272,전영일,54,경기도 군포시 303-35,010-2980-5717,음악감상
14273,임성민,23,경상남도 통영시 20-12,010-2577-6945,요리
14274,홍선자,20,충청남도 공주시 866-72,010-3355-4539,영화 제작
14275,권혜숙,67,서울특별시 성북구 504-82,010-6512-1172,책 클럽
14276,전춘자,28,서울특별시 광진구 50-84,010-4660-7121,스트리밍
14277,김경수,77,전라남도 순천시 303-0,010-1646-3914,펜팔
14278,정준호,37,인천광역시 연수구 69-47,010-5256-6394,수채화 그리기
14279,신정희,40,대구광역시 수성구 332-41,010-4600-1761,스포츠 카드 수집
14280,한세호,37,경기도 안양시 동안구 369-53,010-4294-5075,등산
14281,전춘자,72,대전광역시 대덕구 774-7,010-5851-5674,배드민턴
14282,정지호,30,경상남도 사천시 709-56,010-1780-5190,패션
14283,황유하,41,경상북도 경주시 714-24,010-2180-5588,드로잉
14284,송다온,67,경상북도 구미시 78-5,010-1382-8945,패션
14285,전현우,34,경기도 고양시 일산동구 652-32,010-3145-9186,독서
14286,한우진,33,대구광역시 서구 620-80,010-8355-7966,애니메이션 제작
14287,임종수,59,충청북도 충주시 940-11,010-6371-9984,보드게임
14288,안지호,50,세종특별자치시 아름동 61-84,010-9672-4614,요가
14289,안도윤,47,부산광역시 수영구 286-38,010-2809-7460,캘리그라피
14290,권말자,34,경기도 파주시 320-87,010-4363-7099,플로리스트
14291,송영호,50,대구광역시 서구 973-53,010-6766-6015,사진편집
14292,송채은,75,제주시 신제주 524-11,010-9178-7654,일기 쓰기
14293,송지율,66,경상남도 창녕군 649-26,010-8067-3144,낚시
14294,오채원,76,부산광역시 북구 266-54,010-5316-8527,일기 쓰기
14295,권정호,47,부천시 상동 367-4,010-5937-3719,드로잉
14296,홍태수,66,서울특별시 동대문구 504-27,010-6771-6136,봉사활동
14297,황재영,44,대구광역시 달성군 312-40,010-7203-4189,헬로윈 파티 준비
14298,최준서,71,충청남도 천안시 730-23,010-7962-3490,DIY
14299,안지율,34,제주시 신제주 973-69,010-9459-3797,도예
14300,이수빈,56,성남시 분당구 정자동 462-61,010-3484-8800,필라테스
14301,권철수,27,제주시 노형동 617-89,010-5264-1819,자전거 타기
14302,임기영,68,충청북도 충주시 713-74,010-2790-8241,명상
14303,정영호,76,경상남도 창원시 765-25,010-9227-8617,음악감상
14304,정민준,24,부산광역시 북구 584-83,010-4340-2812,보드게임
14305,전민수,30,서울특별시 서초구 982-73,010-8838-5312,코딩
14306,황태윤,70,용인시 수지구 풍덕천동 138-19,010-9184-4449,플로리스트
14307,정예준,50,서울특별시 강남구 896-82,010-1853-4569,디지털 콘텐츠 제작
14308,한민수,24,강원도 태백시 816-15,010-1121-4497,독서
14309,신성자,69,경기도 안양시 만안구 646-79,010-1189-1369,사진편집
14310,강성호,64,서울특별시 용산구 732-13,010-8593-3028,모바일 게임 개발
14311,홍수아,52,서울특별시 마포구 726-34,010-5740-2170,명상
14312,이영호,35,부산광역시 기장군 854-80,010-3845-1750,디지털 아트
14313,서정숙,27,부산광역시 부산진구 201-66,010-9242-3275,사진촬영
14314,오윤호,75,광주광역시 북구 234-71,010-8991-9921,게임
14315,김정우,45,강원도 춘천시 334-72,010-7648-7563,디지털 일러스트
14316,황정숙,60,대구광역시 달성군 118-61,010-9623-7967,마인드맵 만들기
14317,조영자,50,울산광역시 중구 25-79,010-3398-3369,운동
14318,오민수,37,전라남도 목포시 341-16,010-6177-7842,수채화 그리기
14319,송은채,72,제주시 신제주 45-4,010-2387-6963,보드게임
14320,최윤호,25,인천광역시 부평구 135-24,010-5195-8902,낚시
14321,안시우,65,경상북도 구미시 131-28,010-4900-1448,게임 방송
14322,윤예준,33,인천광역시 서구 33-95,010-1341-1129,벽화 그리기
14323,송주원,32,강원도 속초시 501-47,010-6864-9173,보드게임
14324,윤남수,61,경기도 성남시 수정구 753-3,010-6970-1038,캘리그라피
14325,전주영,44,대전광역시 대덕구 586-59,010-9280-4056,책 클럽
14326,임동수,61,부산광역시 금정구 883-51,010-6119-9515,캘리그라피
14327,홍만수,71,경기도 안산시 상록구 985-65,010-4892-7546,웹서핑
14328,안서준,39,경기도 고양시 일산동구 218-95,010-2718-9065,운동
14329,임현진,65,세종특별자치시 조치원읍 386-58,010-7350-1372,자전거 타기
14330,임예준,65,경기도 안양시 동안구 799-40,010-6524-3458,스크래치 프로그램 만들기
14331,홍영호,76,충청남도 공주시 951-82,010-5353-9454,유튜브 보기
14332,윤말자,57,부산광역시 영도구 921-62,010-1344-3876,독서
14333,조채원,79,충청북도 충주시 547-29,010-3519-6581,펜팔
14334,홍영일,38,강원도 삼척시 2-93,010-1086-3548,스크래치 프로그램 만들기
14335,안서연,54,광주광역시 남구 247-53,010-3287-6871,플로리스트
14336,이지호,27,대구광역시 달서구 71-78,010-2763-1440,집콕 놀이
14337,강시우,63,서울특별시 중구 121-45,010-4370-9795,시뮬레이션 게임
14338,황윤서,28,대전광역시 동구 77-41,010-2458-2977,배우기
14339,오경자,45,경기도 용인시 기흥구 593-52,010-4349-2651,카페 투어
14340,권시윤,47,강원도 홍천군 84-33,010-6126-6907,디지털 콘텐츠 제작
14341,홍지후,59,인천광역시 동구 51-76,010-3249-9444,요리
14342,박준서,20,대전광역시 대덕구 522-44,010-1751-5212,여행
14343,조서아,39,서울특별시 광진구 824-19,010-6504-9288,시뮬레이션 게임
14344,이기석,68,서울특별시 노원구 140-30,010-5493-9055,캘리그라피
14345,최복자,46,서울특별시 강남구 423-41,010-6970-2033,캠핑
14346,송정자,69,서울특별시 노원구 215-10,010-8681-4144,게임
14347,서시우,21,서울특별시 동작구 7-46,010-1106-7345,캘리그라피
14348,오채은,30,부산광역시 금정구 319-67,010-4464-6978,일기 쓰기
14349,한지한,59,서울특별시 금천구 403-95,010-7169-6407,디지털 일러스트
14350,최건우,39,강원도 평창군 826-88,010-3878-9606,헬로윈 파티 준비
14351,한동수,67,경기도 오산시 785-45,010-3293-9246,모바일 게임 개발
14352,이상민,78,서울특별시 동대문구 548-84,010-1832-1591,스트리밍
14353,강복자,66,제주시 노형동 604-39,010-6539-9898,미술관 관람
14354,장성호,52,경기도 파주시 598-60,010-3216-8516,펜팔
14355,박말자,25,경상남도 밀양시 58-71,010-5865-7948,카페 투어
14356,권은우,74,서울특별시 강동구 375-1,010-9542-9076,보드게임
14357,홍진호,57,강원도 강릉시 813-0,010-9661-6880,카페 투어
14358,서다은,50,경상남도 통영시 532-95,010-1499-9114,드로잉
14359,황윤서,23,인천광역시 중구 123-45,010-1779-4406,영화 제작
14360,한선자,39,제주시 오라동 207-97,010-8205-3693,도예
14361,최현진,49,인천광역시 중구 985-26,010-3021-5092,헬로윈 파티 준비
14362,서명훈,29,세종특별자치시 아름동 775-82,010-1376-8649,스크래치 프로그램 만들기
14363,권유진,36,충청남도 아산시 410-48,010-5688-5276,피크닉
14364,정창수,53,서울특별시 양천구 625-13,010-1329-4000,독서
14365,박호철,23,대전광역시 중구 642-18,010-3096-8032,스트리트 댄스
14366,최주영,51,부산광역시 부산진구 674-48,010-7195-4116,봉사활동
14367,서영희,67,부산광역시 부산진구 730-44,010-4338-9842,모바일 촬영
14368,권윤호,71,충청남도 논산시 813-30,010-2465-8680,배드민턴
14369,임승호,37,부산광역시 해운대구 596-30,010-3029-2480,배우기
14370,오서준,62,경상북도 포항시 285-31,010-4592-4530,유튜브 보기
14371,김서아,77,경기도 용인시 기흥구 152-85,010-4385-2226,벽화 그리기
14372,박민서,24,경기도 안양시 만안구 316-28,010-4050-6415,플로리스트
14373,전유진,41,서울특별시 은평구 932-89,010-9145-2139,헬로윈 파티 준비
14374,홍명자,24,충청남도 논산시 779-24,010-5388-6707,골프
14375,한말자,66,경상남도 창녕군 262-59,010-4572-1573,플라워 아트
14376,홍윤서,57,경기도 수원시 팔달구 954-60,010-6053-3663,골프
14377,황예은,26,대전광역시 대덕구 558-52,010-2907-8220,음악감상
14378,안춘식,37,제주시 이도이동 984-79,010-3178-8906,캔들 만들기
14379,안연희,29,경기도 의정부시 497-49,010-1000-2783,플라워 아트
14380,박진호,20,경기도 시흥시 527-52,010-5516-2881,디지털 일러스트
14381,박서아,28,부산광역시 사하구 658-39,010-8274-2578,디지털 아트
14382,황창수,52,부산광역시 기장군 445-88,010-1356-5602,음악감상
14383,홍다빈,39,강원도 강릉시 301-52,010-7778-2658,영화감상
14384,전호철,44,부산광역시 부산진구 912-48,010-4799-3369,등산
14385,장은숙,45,서울특별시 종로구 978-84,010-9805-1996,영화감상
14386,권유하,22,경기도 의정부시 480-89,010-5348-6374,게임
14387,강유하,24,경상남도 창원시 213-18,010-1241-5189,스트리밍
14388,박숙자,50,대구광역시 서구 216-48,010-7925-7097,로봇 공학
14389,장춘식,53,경기도 용인시 기흥구 258-37,010-6946-2832,벽화 그리기
14390,김연희,64,인천광역시 중구 216-57,010-3250-3211,골프
14391,전희정,43,서울특별시 강서구 624-80,010-7023-7221,플로리스트
14392,송재영,51,경상남도 밀양시 763-19,010-2128-3147,스포츠 카드 수집
14393,윤만수,21,서울특별시 동대문구 940-23,010-2698-7796,요리
14394,한채원,47,경기도 평택시 252-26,010-9640-8663,등산
14395,송시우,56,울산광역시 북구 926-23,010-4848-1532,사진촬영
14396,홍주영,34,부산광역시 남구 779-46,010-4320-5724,요가
14397,권말옥,72,경상남도 진주시 282-53,010-1611-6053,음악감상
14398,오시헌,39,세종특별자치시 도담동 166-69,010-5459-2800,스트리트 댄스
14399,임성민,68,전라남도 나주시는 568-38,010-6731-5968,비즈 공예
14400,박지우,45,전라남도 나주시는 584-1,010-2052-4830,디지털 일러스트
14401,안옥희,30,서울특별시 양천구 594-53,010-9887-6576,요리
14402,장시우,55,경상남도 창녕군 486-15,010-8659-7157,배우기
14403,윤성자,29,부산광역시 사하구 152-74,010-1448-5414,영화 제작
14404,홍정숙,20,제주시 연동 703-95,010-8046-9149,시뮬레이션 게임
14405,김정희,58,울산광역시 북구 528-96,010-9797-5190,음악감상
14406,장형민,66,서울특별시 강동구 172-15,010-5126-8760,뜨개질
14407,임준호,32,강원도 춘천시 496-69,010-5113-2640,등산
14408,박하은,58,경기도 안산시 상록구 955-92,010-7574-1694,자원봉사
14409,이춘자,57,전라북도 군산시 146-42,010-6910-2996,골프
14410,권다은,46,대전광역시 대덕구 797-32,010-6394-2895,배우기
14411,서승호,43,경상북도 포항시 589-87,010-4653-1804,캔들 만들기
14412,윤채은,38,대구광역시 달서구 712-49,010-3928-4108,캔들 만들기
14413,서우진,55,강원도 평창군 884-39,010-2361-7363,수영
14414,신지원,64,광주광역시 서구 696-88,010-2705-4664,운동
14415,송성민,52,제주시 신제주 757-85,010-5857-2718,펜팔
14416,최순영,35,경기도 안양시 동안구 164-65,010-7937-5605,플로리스트
14417,강하진,29,광주광역시 북구 751-4,010-1530-9276,생활 해킹
14418,오말옥,73,경상남도 거제시 264-24,010-2448-7220,스포츠 카드 수집
14419,최유진,65,충청남도 논산시 359-77,010-8569-5519,퍼즐 맞추기
14420,권정자,23,경기도 안산시 상록구 228-92,010-3927-4331,미술관 관람
14421,전하윤,44,경기도 안양시 만안구 271-31,010-6471-1400,패션
14422,신진호,47,서울특별시 동작구 662-94,010-9362-9951,봉사활동
14423,서재훈,30,경기도 용인시 수지구 961-61,010-1839-2071,캠핑
14424,권하윤,58,강원도 속초시 903-11,010-1383-2773,배드민턴
14425,신호철,38,서울특별시 종로구 303-54,010-8612-9590,낚시
14426,조은숙,23,대전광역시 서구 948-85,010-6018-4046,카페 투어
14427,서예린,36,제주시 노형동 699-56,010-5627-1272,요가
14428,서승호,36,전라남도 광양시 520-0,010-9740-1664,집콕 놀이
14429,안민수,38,경상남도 사천시 675-1,010-4977-4028,유튜브 보기
14430,조옥희,29,세종특별자치시 아름동 433-70,010-4263-2480,웹서핑
14431,권말자,52,강원도 원주시 140-21,010-3307-1852,보드게임
14432,박형민,44,서울특별시 강남구 83-20,010-5366-6401,필라테스
14433,전영희,29,서울특별시 송파구 124-62,010-3233-2178,벽화 그리기
14434,정순자,20,서울특별시 금천구 132-52,010-7779-1849,디지털 일러스트
14435,김지호,54,대구광역시 남구 598-9,010-2739-9648,스키
14436,신정호,41,경상남도 김해시 159-38,010-2112-4374,콜라주 아트
14437,최지호,62,대구광역시 동구 501-44,010-1189-3533,웹서핑
14438,홍말순,64,경상남도 사천시 487-64,010-1631-7180,스포츠 카드 수집
14439,윤나윤,26,대구광역시 달성군 610-10,010-4623-2802,낚시
14440,최경수,25,울산광역시 동구 122-2,010-3262-4717,수영
14441,안주아,33,충청남도 공주시 155-78,010-5281-2873,보드게임
14442,강다빈,78,제주시 아라동 837-44,010-1360-9208,수영
14443,오찬우,76,경기도 성남시 수정구 897-62,010-5559-1880,캠핑
14444,윤종순,29,서울특별시 중구 570-4,010-9934-8691,마인드맵 만들기
14445,정진호,51,울산광역시 울주군 803-0,010-1678-6282,뜨개질
14446,강광호,67,제주시 신제주 402-46,010-3294-6950,봉사활동
14447,이재호,59,경기도 광명시 544-57,010-1500-3874,배드민턴
14448,김세아,44,경기도 의정부시 364-38,010-5245-2417,스트리트 댄스
14449,전현진,20,강원도 삼척시 247-53,010-5457-6091,책 클럽
14450,김소율,63,충청남도 논산시 663-43,010-9118-4984,콜라주 아트
14451,조선자,41,서울특별시 강북구 114-38,010-3601-2411,자전거 타기
14452,최민준,43,서울특별시 종로구 687-94,010-6204-6771,모바일 촬영
14453,정찬우,35,경상남도 진주시 27-18,010-9636-7271,스트리트 댄스
14454,윤서준,43,충청북도 충주시 726-46,010-9100-3501,자전거 타기
14455,김은우,73,울산광역시 동구 231-20,010-1932-4730,마인드맵 만들기
14456,조지우,28,전라북도 전주시 172-78,010-2491-3898,스트리트 댄스
14457,최진숙,50,울산광역시 남구 554-48,010-5906-4160,패션
14458,홍예린,64,경상남도 김해시 507-11,010-8870-7675,배우기
14459,박채은,61,인천광역시 중구 353-0,010-4455-8623,배우기
14460,이종순,29,제주시 연동 702-25,010-9094-4268,테니스
14461,임현우,34,인천광역시 동구 853-0,010-2240-9541,카페 투어
14462,홍영자,62,광주광역시 남구 563-49,010-4655-1293,보드게임
14463,송하연,25,세종특별자치시 도담동 646-25,010-5233-4251,여행
14464,임재훈,60,경상남도 통영시 131-71,010-4870-3817,카페 투어
14465,오지원,53,부산광역시 부산진구 22-28,010-6569-4736,도예
14466,임예은,62,경상남도 밀양시 595-36,010-8496-6703,비즈 공예
14467,홍성자,67,제주시 노형동 323-72,010-6561-1903,로봇 공학
14468,황채은,33,경기도 시흥시 922-72,010-4794-4416,캠핑
14469,전준서,33,서울특별시 광진구 141-50,010-4905-9375,DIY
14470,오기석,55,서울특별시 영등포구 844-6,010-2997-5262,피크닉
14471,장시윤,60,경기도 파주시 515-88,010-7085-4762,시뮬레이션 게임
14472,전상호,60,제주시 아라동 758-27,010-4487-5514,헬스
14473,서현서,56,부산광역시 금정구 175-48,010-5773-2482,애니메이션 제작
14474,황태윤,75,충청남도 천안시 809-32,010-6461-8581,일기 쓰기
14475,황유하,51,서울특별시 서초구 457-67,010-8855-2260,피크닉
14476,전지후,43,충청남도 천안시 522-69,010-8541-4263,게임
14477,황성호,48,서울특별시 용산구 557-95,010-3002-3822,웹서핑
14478,한지율,36,경기도 파주시 309-0,010-2690-2108,디지털 콘텐츠 제작
14479,이시헌,64,제주시 연동 477-21,010-2232-3967,웹툰 그리기
14480,장주영,22,경상북도 경주시 698-34,010-4955-9374,독서
14481,강하진,65,부산광역시 연제구 13-15,010-6316-3985,봉사활동
14482,권서아,25,전라북도 익산시 717-56,010-9076-5930,음악감상
14483,박태현,72,용인시 수지구 풍덕천동 722-83,010-6496-9111,유튜브 보기
14484,이지원,61,서울특별시 구로구 795-23,010-3957-9314,웹서핑
14485,최채은,40,경상남도 창녕군 927-98,010-7441-4174,골프
14486,전명훈,35,서울특별시 강남구 785-39,010-7464-9821,미술관 관람
14487,장명숙,63,성남시 분당구 정자동 155-37,010-8566-7368,플로리스트
14488,박태윤,26,강원도 원주시 633-90,010-4667-5530,보드게임
14489,윤동수,75,서울특별시 동작구 598-51,010-6942-5082,뜨개질
14490,황은숙,55,충청남도 천안시 300-80,010-6374-4145,일기 쓰기
14491,임지율,47,서울특별시 노원구 535-98,010-2940-8257,보드게임
14492,장지한,35,부산광역시 기장군 910-78,010-1429-9816,생활 해킹
14493,최복자,54,경상북도 김천시 275-59,010-5513-9215,DIY
14494,장태현,78,경상남도 김해시 165-91,010-4026-9935,사진촬영
14495,정우진,71,경상남도 창녕군 916-32,010-1630-4623,책 클럽
14496,장예은,54,전라북도 익산시 878-96,010-7261-8254,시뮬레이션 게임
14497,김시헌,36,부산광역시 사하구 347-41,010-1848-7816,요가
14498,임영희,50,강원도 춘천시 378-96,010-7706-6454,디지털 사진 전시
14499,황영일,26,부천시 원미구 중동 981-50,010-4163-3700,펜팔
14500,한영일,32,경기도 군포시 558-21,010-6180-2901,등산
14501,박영일,46,강원도 원주시 360-7,010-2593-8198,코딩
14502,서춘희,43,서울특별시 관악구 881-58,010-5360-7327,VR 게임
14503,장다빈,57,세종특별자치시 조치원읍 943-57,010-2740-1688,패션
14504,전말옥,34,경기도 성남시 분당구 94-64,010-1545-8623,사진촬영
14505,박민준,24,부천시 원미구 중동 623-58,010-9891-7345,유튜브 보기
14506,홍영호,50,인천광역시 미추홀구 344-45,010-5970-8157,사진촬영
14507,전태수,42,충청남도 아산시 731-1,010-1084-9039,코딩
14508,황준호,63,대구광역시 서구 513-10,010-3837-7286,코딩
14509,최성자,38,인천광역시 서구 316-72,010-1011-8673,요리
14510,권영수,49,강원도 삼척시 889-78,010-9735-4579,자원봉사
14511,임상민,26,부산광역시 동구 396-81,010-4375-9300,독서
14512,장은숙,73,강원도 춘천시 479-74,010-6460-9493,뜨개질
14513,신주영,48,강원도 강릉시 620-87,010-3818-5550,유튜브 보기
14514,황영일,39,경상남도 창원시 786-10,010-6627-8569,콜라주 아트
14515,안경수,25,인천광역시 중구 850-94,010-1519-1413,디지털 아트
14516,윤재영,78,서울특별시 중구 80-55,010-6161-9382,생활 해킹
14517,조춘식,25,경기도 용인시 처인구 998-52,010-1718-1270,수채화 그리기
14518,홍예준,57,경상북도 포항시 743-81,010-1422-5129,수채화 그리기
14519,박은숙,37,광주광역시 남구 477-40,010-9260-1617,등산
14520,홍경자,62,전라북도 전주시 682-73,010-9824-9429,캘리그라피
14521,송말자,24,대구광역시 달성군 562-34,010-3063-4054,보드게임
14522,조진숙,24,강원도 평창군 817-16,010-9129-1918,시뮬레이션 게임
14523,황하은,77,울산광역시 남구 122-94,010-2795-7159,모바일 게임 개발
14524,조경자,54,강원도 평창군 251-30,010-8105-9956,로봇 공학
14525,장기영,28,경상북도 구미시 22-63,010-4972-8644,마인드맵 만들기
14526,안은채,29,울산광역시 동구 373-65,010-4666-8053,헬스
14527,안다빈,79,강원도 양양군 601-65,010-2481-6119,콜라주 아트
14528,황지민,45,부산광역시 동래구 201-4,010-1394-9872,영화 제작
14529,안하람,69,경상남도 김해시 187-14,010-1471-4339,플로리스트
14530,권춘희,71,대전광역시 대덕구 306-94,010-7424-2552,패션
14531,박시헌,31,대구광역시 달서구 853-20,010-2361-1637,스포츠 카드 수집
14532,이기영,76,부산광역시 부산진구 554-17,010-9668-3587,웹서핑
14533,박하율,43,경기도 용인시 기흥구 297-77,010-1501-1912,로봇 공학
14534,조태윤,60,대전광역시 서구 765-21,010-5826-3255,캘리그라피
14535,최남수,29,서울특별시 동대문구 454-18,010-6619-4908,모바일 게임 개발
14536,장영호,76,대전광역시 대덕구 884-69,010-7962-1490,드로잉
14537,조경수,52,경기도 수원시 장안구 741-43,010-2049-1796,디지털 사진 전시
14538,임광호,39,경기도 용인시 기흥구 400-69,010-7277-8721,드로잉
14539,송준호,45,대전광역시 중구 406-51,010-7431-8857,보드게임
14540,홍옥희,54,세종특별자치시 아름동 413-97,010-1687-3289,일기 쓰기
14541,최승호,49,강원도 강릉시 876-48,010-4450-2097,드로잉
14542,안상민,60,서울특별시 영등포구 540-90,010-9771-6058,배드민턴
14543,최복자,26,강원도 삼척시 965-88,010-2737-5105,모바일 게임 개발
14544,황기석,66,충청북도 충주시 341-44,010-3543-4005,카페 투어
14545,안혜숙,21,경기도 화성시 668-0,010-7587-8802,보드게임
14546,송예준,57,전라북도 익산시 359-83,010-4731-3214,골프
14547,조영일,45,제주시 이도이동 393-47,010-1877-3725,모바일 게임 개발
14548,신남수,36,세종특별자치시 아름동 992-80,010-4872-5537,DIY
14549,정종순,76,경기도 안양시 동안구 692-28,010-5131-1525,펜팔
14550,정시우,55,충청북도 충주시 826-66,010-8750-2663,미술관 관람
14551,최하은,31,강원도 삼척시 571-3,010-1559-6267,카페 투어
14552,홍윤호,67,서울특별시 서대문구 434-11,010-2033-9267,미술관 관람
14553,최은우,20,부산광역시 강서구 202-88,010-3829-7587,골프
14554,송철수,23,경상남도 밀양시 281-64,010-3318-3098,영화감상
14555,조서준,23,울산광역시 중구 611-28,010-1907-7623,영화 제작
14556,이예준,28,경기도 의정부시 559-57,010-7258-1401,코딩
14557,장선자,30,서울특별시 성북구 600-64,010-4162-7922,수채화 그리기
14558,황서진,75,부산광역시 수영구 447-21,010-8437-5160,여행
14559,신민준,73,전라북도 익산시 378-2,010-2187-6283,디지털 콘텐츠 제작
14560,임하진,29,서울특별시 강남구 892-53,010-3285-8743,비즈 공예
14561,오정자,36,울산광역시 중구 51-81,010-8356-7113,테니스
14562,박주아,28,광주광역시 북구 128-29,010-3252-8778,웹서핑
14563,강태현,67,부산광역시 북구 446-57,010-9218-7860,자원봉사
14564,이다빈,67,인천광역시 계양구 527-2,010-8204-6300,사진편집
14565,권정호,44,경기도 용인시 수지구 716-94,010-4245-1701,낚시
14566,정하은,74,부산광역시 금정구 387-79,010-5001-8413,캠핑
14567,정은채,38,강원도 평창군 430-19,010-4547-1447,낚시
14568,윤명자,48,세종특별자치시 도담동 210-58,010-2124-4549,일기 쓰기
14569,송서준,39,경기도 광주시 196-53,010-2185-7364,패션
14570,신동수,34,경상북도 포항시 457-21,010-8126-1464,등산
14571,장지후,25,전라북도 익산시 393-8,010-1719-8131,음악감상
14572,이민서,50,충청남도 아산시 618-16,010-9034-5936,사진촬영
14573,김준호,33,부산광역시 남구 656-13,010-5896-3023,유튜브 보기
14574,한미영,74,부산광역시 영도구 982-32,010-1343-5034,보드게임
14575,신말자,75,경기도 광명시 476-39,010-2149-3775,캠핑
14576,한병호,20,서울특별시 강서구 645-83,010-9988-9125,DIY
14577,박선자,60,경기도 용인시 처인구 380-94,010-6231-2108,뜨개질
14578,홍나윤,78,전라남도 목포시 49-91,010-8932-2657,보드게임
14579,최경자,75,대구광역시 북구 69-19,010-8651-6925,낚시
14580,조채은,49,대전광역시 중구 510-95,010-8691-4633,사진편집
14581,황상호,27,대구광역시 수성구 284-45,010-5176-3107,테니스
14582,홍남수,34,강원도 홍천군 591-73,010-7119-7687,생활 해킹
14583,오은우,28,인천광역시 서구 233-47,010-2030-3576,비즈 공예
14584,서정희,78,부산광역시 기장군 134-51,010-9830-4700,카페 투어
14585,최기영,57,경기도 파주시 495-29,010-7480-2152,헬로윈 파티 준비
14586,오윤호,52,경기도 용인시 기흥구 833-13,010-7246-9198,헬로윈 파티 준비
14587,오윤서,39,강원도 양양군 330-35,010-6574-4724,캔들 만들기
14588,황기영,47,부천시 상동 991-45,010-1873-3925,캘리그라피
14589,신현서,54,부천시 상동 144-90,010-8457-1650,보드게임
14590,이유진,35,인천광역시 서구 371-97,010-9868-6719,퍼즐 맞추기
14591,최경수,76,부산광역시 서구 151-59,010-3780-2124,패션
14592,황경수,71,경상남도 창원시 81-67,010-4646-5155,필라테스
14593,이지민,33,대구광역시 북구 872-3,010-2569-7066,로봇 공학
14594,홍창수,36,광주광역시 북구 319-30,010-4212-8094,로봇 공학
14595,안병호,54,대구광역시 달성군 290-35,010-9135-6057,웹툰 그리기
14596,송세아,72,부산광역시 사상구 215-28,010-4812-9462,여행
14597,전하연,43,울산광역시 중구 205-66,010-1202-4255,등산
14598,정남수,36,세종특별자치시 아름동 163-7,010-4463-3194,낚시
14599,서명훈,41,서울특별시 광진구 482-54,010-4604-2256,캔들 만들기
14600,장복희,40,강원도 동해시 275-5,010-9414-5679,여행
14601,윤지민,55,부산광역시 중구 80-64,010-1609-9624,웹툰 그리기
14602,홍하은,59,부산광역시 북구 522-53,010-2383-3987,코딩
14603,권병호,37,울산광역시 남구 630-54,010-2181-5356,수채화 그리기
14604,권명자,46,서울특별시 용산구 849-55,010-4367-4420,필라테스
14605,서우진,22,부산광역시 남구 301-30,010-2987-6187,생활 해킹
14606,강도윤,71,부산광역시 사하구 265-78,010-3803-4251,디지털 사진 전시
14607,장서진,22,부산광역시 영도구 243-77,010-5236-8165,펜팔
14608,정말순,35,제주시 이도이동 679-98,010-1204-2751,펜팔
14609,최시윤,33,김해시 장유동 603-40,010-3342-3421,수영
14610,정지한,35,경기도 평택시 193-84,010-5429-5025,집콕 놀이
14611,강유진,64,경기도 성남시 분당구 818-79,010-1097-5511,필라테스
14612,정춘희,29,광주광역시 북구 733-6,010-9297-3128,유튜브 보기
14613,홍민준,52,서울특별시 강북구 274-96,010-2718-7690,콜라주 아트
14614,권준호,58,경기도 성남시 수정구 113-64,010-6546-8490,테니스
14615,박성민,64,인천광역시 연수구 83-40,010-1266-9423,보드게임
14616,윤수빈,77,광주광역시 북구 746-95,010-5375-1369,여행
14617,안승호,22,강원도 강릉시 447-91,010-3472-4502,디지털 사진 전시
14618,최재영,66,서울특별시 양천구 743-81,010-5105-3138,스트리밍
14619,안순자,54,인천광역시 미추홀구 26-48,010-1961-3611,플라워 아트
14620,조명자,39,경기도 수원시 팔달구 32-91,010-5709-8209,드로잉
14621,이정숙,59,경기도 오산시 408-38,010-1299-6628,집콕 놀이
14622,강선자,27,서울특별시 도봉구 454-14,010-6295-3755,패션
14623,전정호,52,강원도 강릉시 247-6,010-6243-5577,콜라주 아트
14624,서정자,21,서울특별시 동작구 613-29,010-8886-2149,스크래치 프로그램 만들기
14625,최호철,60,서울특별시 구로구 215-54,010-6156-3478,모바일 게임 개발
14626,정복자,56,경기도 평택시 281-65,010-7145-4100,스키
14627,장지율,35,경기도 광명시 938-26,010-7151-2226,게임 방송
14628,권만수,36,제주시 연동 81-58,010-4290-7563,운동
14629,윤영호,21,전라남도 순천시 577-70,010-4418-7229,시뮬레이션 게임
14630,박정자,75,대전광역시 동구 832-55,010-2826-7549,자원봉사
14631,홍다은,33,경기도 고양시 일산동구 42-66,010-1125-9447,게임 방송
14632,강은채,36,부산광역시 사하구 8-45,010-2073-5207,헬로윈 파티 준비
14633,이다온,63,울산광역시 남구 108-73,010-2691-1810,VR 게임
14634,오성민,69,경기도 광주시 726-53,010-3798-6993,보드게임
14635,임은우,55,서울특별시 서초구 878-73,010-5224-3340,낚시
14636,조유하,42,대전광역시 유성구 350-17,010-6484-1299,골프
14637,강민준,24,인천광역시 미추홀구 281-32,010-6733-4757,헬로윈 파티 준비
14638,한은숙,35,울산광역시 남구 559-97,010-5399-4244,캘리그라피
14639,서경자,23,충청남도 천안시 805-93,010-6646-6523,스트리트 댄스
14640,한재훈,23,경기도 안산시 상록구 53-48,010-9294-7994,봉사활동
14641,윤태현,36,강원도 삼척시 811-28,010-3424-5581,자원봉사
14642,권성자,72,울산광역시 남구 652-43,010-1008-4622,낚시
14643,김서준,48,충청북도 진천군 812-98,010-3574-4755,스크래치 프로그램 만들기
14644,정다온,47,제주시 연동 290-28,010-3378-8309,스크래치 프로그램 만들기
14645,황말옥,41,인천광역시 서구 987-47,010-1147-5680,사진편집
14646,윤소율,42,부산광역시 북구 597-86,010-3943-3384,음악감상
14647,홍현서,64,부천시 원미구 중동 367-97,010-8882-8921,사진촬영
14648,황만수,63,인천광역시 중구 964-9,010-2061-5824,헬로윈 파티 준비
14649,오미영,31,서울특별시 구로구 886-33,010-2014-3045,게임 방송
14650,조하율,55,대구광역시 서구 806-25,010-4903-9709,스트리트 댄스
14651,전영호,59,세종특별자치시 조치원읍 73-0,010-5414-7982,패션
14652,정하율,74,강원도 동해시 287-3,010-9838-4926,플로리스트
14653,황태현,56,경기도 안양시 만안구 575-77,010-6495-3927,드로잉
14654,권말옥,37,세종특별자치시 도담동 133-76,010-2486-9547,배우기
14655,신소율,35,경기도 평택시 417-57,010-6353-4971,콜라주 아트
14656,이지우,42,광주광역시 광산구 63-79,010-4804-9443,플라워 아트
14657,김서아,62,제주시 연동 461-37,010-5383-3980,자원봉사
14658,조말순,48,서울특별시 강남구 537-34,010-7546-8804,스키
14659,송철수,67,강원도 속초시 175-95,010-1251-3449,스키
14660,장다은,54,광주광역시 남구 716-60,010-6752-8458,사진편집
14661,장태윤,38,제주시 연동 271-56,010-1470-2782,자전거 타기
14662,정종수,48,경기도 의정부시 462-64,010-2907-7151,콜라주 아트
14663,조종순,56,대전광역시 동구 369-41,010-1006-9829,골프
14664,강태윤,23,서울특별시 노원구 267-69,010-5108-2983,미술관 관람
14665,전재영,23,경기도 군포시 821-98,010-6174-6736,애니메이션 제작
14666,송서연,69,강원도 동해시 127-43,010-4940-3131,사진편집
14667,오지호,36,서울특별시 광진구 924-44,010-1593-3435,생활 해킹
14668,황수아,79,서울특별시 구로구 694-11,010-5731-9967,영화 제작
14669,박주원,32,인천광역시 동구 888-25,010-2973-6940,유튜브 보기
14670,안시우,53,경기도 화성시 162-35,010-8723-6574,디지털 사진 전시
14671,임현진,53,경기도 의정부시 129-25,010-5282-2025,독서
14672,장진호,69,부산광역시 남구 104-55,010-6058-8950,영화 제작
14673,홍민준,70,충청남도 아산시 900-68,010-4734-9084,웹툰 그리기
14674,서남수,49,울산광역시 북구 19-86,010-7571-4161,DIY
14675,안은우,34,부산광역시 해운대구 641-40,010-6387-8471,자원봉사
14676,조춘식,75,충청북도 충주시 732-86,010-9238-4831,DIY
14677,홍호철,45,대구광역시 북구 977-32,010-4993-8991,골프
14678,이지우,76,서울특별시 강남구 171-70,010-8030-9704,디지털 일러스트
14679,오하람,72,부산광역시 영도구 758-81,010-8519-5341,코딩
14680,서은숙,68,전라남도 목포시 408-15,010-1903-9370,명상
14681,윤은우,44,서울특별시 서초구 68-35,010-5224-9309,스크래치 프로그램 만들기
14682,임정숙,73,세종특별자치시 조치원읍 940-31,010-6839-4880,카페 투어
14683,윤수아,44,대구광역시 수성구 672-14,010-4149-7844,디지털 콘텐츠 제작
14684,박말순,42,대구광역시 동구 92-91,010-3877-6419,명상
14685,안영희,63,경기도 안양시 만안구 56-50,010-2148-8357,피크닉
14686,임현진,58,경기도 화성시 565-76,010-6016-2400,벽화 그리기
14687,신로운,63,부천시 원미구 중동 41-72,010-5141-6096,집콕 놀이
14688,이말자,27,경기도 수원시 팔달구 728-18,010-7664-9974,수채화 그리기
14689,안영일,33,충청북도 청주시 424-72,010-7961-2629,패션
14690,전재호,72,강원도 동해시 139-72,010-3497-9852,수영
14691,송미영,21,인천광역시 연수구 803-7,010-4290-3814,배드민턴
14692,전재호,54,서울특별시 종로구 34-15,010-4389-1299,스트리트 댄스
14693,송진숙,78,울산광역시 중구 151-49,010-8767-4579,사진촬영
14694,오채은,76,서울특별시 서초구 643-57,010-2025-5999,배우기
14695,권다은,42,경기도 화성시 947-17,010-6400-5137,모바일 촬영
14696,홍찬우,21,경기도 용인시 수지구 429-34,010-2615-2998,캘리그라피
14697,홍하연,23,전라남도 순천시 789-81,010-3321-6644,시뮬레이션 게임
14698,이만수,63,서울특별시 관악구 305-77,010-8569-5689,봉사활동
14699,신명자,66,대전광역시 중구 382-40,010-1976-5538,스트리밍
14700,오예준,20,충청남도 천안시 574-58,010-5764-9646,DIY
14701,조진호,64,전라북도 군산시 47-85,010-9610-3914,웹툰 그리기
14702,강건우,23,서울특별시 중구 894-22,010-5798-5520,스트리트 댄스
14703,최정우,21,울산광역시 남구 604-56,010-6840-8848,요리
14704,신말순,68,울산광역시 동구 91-97,010-8456-2162,게임
14705,전태수,37,서울특별시 영등포구 394-94,010-8974-5473,디지털 아트
14706,강지원,22,서울특별시 광진구 400-66,010-2911-3226,모바일 게임 개발
14707,송지후,51,강원도 삼척시 726-67,010-2479-6093,보드게임
14708,홍건우,33,강원도 태백시 535-16,010-2654-3648,헬스
14709,장선자,48,대전광역시 중구 619-60,010-5846-9269,애니메이션 제작
14710,윤은숙,70,경상남도 창녕군 887-32,010-7262-6578,카페 투어
14711,권수아,35,울산광역시 남구 552-1,010-2840-2115,운동
14712,장시윤,69,서울특별시 관악구 616-97,010-5685-6760,수채화 그리기
14713,장순자,53,부산광역시 강서구 69-95,010-3207-3941,디지털 콘텐츠 제작
14714,오병호,21,강원도 삼척시 189-23,010-7931-6490,모바일 촬영
14715,김정순,65,제주시 연동 846-16,010-2789-6518,일기 쓰기
14716,최춘자,66,경상남도 창녕군 502-84,010-5521-6327,캘리그라피
14717,윤호철,27,강원도 홍천군 478-69,010-6732-2228,게임
14718,안성자,25,서울특별시 금천구 236-86,010-1662-9178,게임 방송
14719,윤형민,48,경상북도 김천시 720-59,010-3968-2674,자전거 타기
14720,이진숙,46,김해시 장유동 434-5,010-5891-2359,비즈 공예
14721,안영일,34,경기도 안산시 상록구 935-9,010-6354-2529,캠핑
14722,홍복희,76,울산광역시 남구 461-46,010-3964-6535,자전거 타기
14723,박하람,74,경상북도 안동시 854-22,010-4765-1719,필라테스
14724,임주영,65,충청남도 천안시 73-13,010-9170-6605,모바일 게임 개발
14725,윤준서,42,서울특별시 송파구 704-39,010-7851-6020,운동
14726,최지율,58,대구광역시 북구 291-42,010-4238-9814,디지털 콘텐츠 제작
14727,조다은,52,울산광역시 남구 87-73,010-5715-8803,미술관 관람
14728,한서아,70,서울특별시 도봉구 1-49,010-7691-2996,디지털 사진 전시
14729,권기영,27,서울특별시 광진구 401-82,010-6846-7587,로봇 공학
14730,윤복자,71,대구광역시 서구 367-47,010-2725-6826,등산
14731,오로운,45,충청남도 아산시 86-36,010-1700-4856,콜라주 아트
14732,홍유진,61,대전광역시 중구 212-86,010-5549-5162,비즈 공예
14733,박지율,49,제주시 아라동 99-66,010-3918-2589,VR 게임
14734,최진호,55,경기도 수원시 장안구 506-75,010-1153-1459,드로잉
14735,신민서,22,서울특별시 강북구 645-19,010-9041-3487,펜팔
14736,권상호,29,부산광역시 사상구 402-17,010-3377-8856,봉사활동
14737,김하은,70,제주시 노형동 240-61,010-9065-8718,카페 투어
14738,서기영,78,세종특별자치시 아름동 38-68,010-9171-3344,스트리트 댄스
14739,서윤서,70,광주광역시 광산구 109-39,010-2899-1757,요가
14740,이춘희,50,강원도 태백시 902-62,010-1553-5311,미술관 관람
14741,신철수,30,울산광역시 울주군 513-12,010-6132-4898,낚시
14742,황지민,77,서울특별시 양천구 525-70,010-9065-1856,뜨개질
14743,정복자,50,경기도 안산시 상록구 869-9,010-4534-5371,음악감상
14744,정로운,49,경상남도 진주시 458-95,010-3512-8424,수영
14745,권하연,46,부산광역시 연제구 994-40,010-7516-2943,헬스
14746,황정순,63,성남시 분당구 정자동 121-57,010-1313-1556,봉사활동
14747,신태윤,71,부산광역시 북구 46-27,010-5367-3331,스키
14748,오민수,79,경기도 평택시 503-15,010-4010-3356,스키
14749,김서아,60,부산광역시 남구 301-20,010-4550-1589,디지털 콘텐츠 제작
14750,신말자,48,제주시 이도이동 955-65,010-7936-4464,모바일 촬영
14751,안하연,31,성남시 분당구 정자동 483-73,010-2681-3353,디지털 사진 전시
14752,안정희,30,부산광역시 해운대구 529-61,010-2836-8500,VR 게임
14753,오광호,38,부산광역시 금정구 460-9,010-2938-2208,모바일 촬영
14754,서도윤,75,경기도 시흥시 205-62,010-5037-3315,영화 제작
14755,임복자,54,서울특별시 노원구 185-95,010-8580-8182,스포츠 카드 수집
14756,서재훈,33,광주광역시 동구 599-50,010-4606-1730,영화 제작
14757,이시우,28,대전광역시 서구 245-95,010-6564-4705,등산
14758,송현우,72,경상남도 밀양시 646-12,010-8104-9876,뜨개질
14759,정재호,78,부천시 원미구 중동 519-41,010-3150-1652,벽화 그리기
14760,황영일,39,전라남도 나주시는 411-87,010-9822-4169,VR 게임
14761,권서준,75,경기도 수원시 장안구 475-88,010-5908-2744,미술관 관람
14762,안태윤,41,전라북도 군산시 942-76,010-9408-3878,카페 투어
14763,이유하,21,인천광역시 연수구 299-98,010-4501-6678,카페 투어
14764,안승호,35,경상남도 통영시 152-35,010-5832-9634,캘리그라피
14765,조성민,72,성남시 분당구 정자동 613-84,010-4232-1150,배드민턴
14766,최예준,42,경기도 오산시 467-95,010-6052-8022,자원봉사
14767,조예린,56,경상남도 거제시 92-91,010-4861-2975,웹서핑
14768,한세호,62,대구광역시 북구 547-10,010-1636-4775,디지털 아트
14769,박선자,42,경상북도 안동시 812-48,010-1376-8369,디지털 일러스트
14770,강하율,59,강원도 평창군 692-15,010-8617-9380,마인드맵 만들기
14771,송선자,67,대전광역시 대덕구 258-11,010-2638-2517,스트리밍
14772,최만수,37,서울특별시 동작구 958-75,010-8336-6436,시뮬레이션 게임
14773,권재호,47,서울특별시 관악구 886-38,010-3641-1000,피크닉
14774,서진호,49,강원도 강릉시 988-71,010-9597-9479,벽화 그리기
14775,신만수,20,대전광역시 중구 257-10,010-3545-2702,필라테스
14776,최지원,60,서울특별시 마포구 526-13,010-2255-3084,콜라주 아트
14777,한선자,79,서울특별시 도봉구 775-14,010-8685-9433,스트리밍
14778,전세호,62,울산광역시 남구 431-28,010-3242-3501,도예
14779,송승호,58,세종특별자치시 조치원읍 745-65,010-3787-1227,모바일 게임 개발
14780,안혜숙,35,경기도 화성시 2-24,010-5129-6345,캠핑
14781,최지호,38,서울특별시 금천구 7-61,010-2970-5456,마인드맵 만들기
14782,송하윤,33,경기도 수원시 장안구 58-55,010-1854-2403,자원봉사
14783,최민준,67,대구광역시 달성군 181-17,010-8617-7939,벽화 그리기
14784,황하윤,31,경기도 시흥시 685-63,010-1315-3679,일기 쓰기
14785,권복희,31,인천광역시 서구 880-61,010-6073-6010,영화감상
14786,조희정,66,경기도 용인시 기흥구 793-57,010-2154-4760,영화 제작
14787,박재훈,76,서울특별시 용산구 275-84,010-3046-9690,플라워 아트
14788,안지우,76,서울특별시 중랑구 500-36,010-8057-5089,패션
14789,안다빈,62,충청남도 아산시 912-53,010-2344-1041,모바일 게임 개발
14790,오복자,64,제주시 아라동 675-43,010-6688-7488,웹툰 그리기
14791,임명훈,67,전라남도 광양시 205-94,010-9698-3203,헬스
14792,송경자,71,부산광역시 사상구 615-79,010-1195-2157,사진촬영
14793,안은우,75,대구광역시 동구 650-4,010-7883-1946,웹툰 그리기
14794,한종수,76,제주시 신제주 192-25,010-5665-2591,드로잉
14795,박주아,73,울산광역시 북구 908-95,010-1989-6531,벽화 그리기
14796,안옥희,61,인천광역시 중구 266-51,010-8436-4549,집콕 놀이
14797,최종수,79,경기도 수원시 팔달구 387-37,010-3720-7748,콜라주 아트
14798,권현철,67,대전광역시 유성구 774-69,010-5031-1330,배드민턴
14799,조로운,41,서울특별시 마포구 810-98,010-6299-1431,봉사활동
14800,권복자,77,충청북도 충주시 564-37,010-4514-5808,영화감상
14801,홍주아,79,경기도 평택시 108-52,010-3721-4867,독서
14802,안하율,39,인천광역시 남동구 652-58,010-6631-1141,피크닉
14803,정복자,24,광주광역시 동구 865-36,010-5097-3135,배우기
14804,한은채,22,성남시 분당구 정자동 358-20,010-5250-1543,게임
14805,홍지우,31,부산광역시 동래구 789-62,010-4463-8734,자원봉사
14806,권말옥,26,서울특별시 동대문구 905-4,010-2059-9114,VR 게임
14807,정하은,50,대구광역시 동구 86-53,010-2376-6323,패션
14808,최은채,47,부산광역시 남구 138-8,010-6410-4834,카페 투어
14809,오주아,69,경기도 수원시 팔달구 564-83,010-3931-4652,웹서핑
14810,한시헌,43,광주광역시 광산구 538-58,010-1630-2086,골프
14811,권경수,33,경기도 안양시 만안구 643-44,010-6664-4926,음악감상
14812,조정자,49,강원도 평창군 630-66,010-4204-5429,퍼즐 맞추기
14813,신동수,25,서울특별시 서초구 502-21,010-4728-9885,사진촬영
14814,이정순,61,서울특별시 서초구 202-84,010-5704-3394,생활 해킹
14815,홍말자,25,부산광역시 남구 891-37,010-2440-9938,디지털 아트
14816,박태현,78,서울특별시 동대문구 103-50,010-7537-4462,헬스
14817,홍광호,51,서울특별시 중구 107-77,010-3799-4702,요가
14818,한찬우,53,부산광역시 동래구 977-4,010-1643-5152,여행
14819,안진호,36,부산광역시 서구 31-39,010-1884-5348,배우기
14820,서춘자,22,제주시 아라동 790-88,010-2659-6698,모바일 촬영
14821,박민수,74,충청남도 아산시 869-25,010-3465-8638,생활 해킹
14822,권진숙,40,인천광역시 서구 467-94,010-3022-8211,수영
14823,임정우,20,광주광역시 북구 526-57,010-2071-5440,보드게임
14824,신시윤,62,서울특별시 종로구 94-16,010-1151-7584,모바일 촬영
14825,권진호,20,부산광역시 수영구 596-56,010-5595-2840,DIY
14826,한정호,37,서울특별시 서대문구 194-85,010-9665-8810,애니메이션 제작
14827,정시헌,77,부산광역시 기장군 226-89,010-3177-6095,생활 해킹
14828,황명숙,67,부산광역시 동래구 149-91,010-4730-2765,비즈 공예
14829,홍광호,40,서울특별시 양천구 238-86,010-3150-1273,모바일 촬영
14830,정시헌,64,경기도 수원시 팔달구 551-64,010-4826-6063,퍼즐 맞추기
14831,전서연,35,경기도 파주시 490-13,010-8380-9743,영화감상
14832,신영일,58,경상북도 안동시 13-15,010-7682-6129,캠핑
14833,최서진,51,부천시 원미구 중동 949-94,010-6438-1236,등산
14834,전순희,79,경기도 용인시 기흥구 331-89,010-7950-6076,게임
14835,장시우,27,제주시 오라동 451-63,010-4779-1986,플로리스트
14836,한민서,21,서울특별시 성북구 275-68,010-9087-3144,요리
14837,송성자,26,부산광역시 수영구 497-81,010-4285-1691,등산
14838,조춘식,51,경기도 고양시 덕양구 828-19,010-5083-5215,여행
14839,홍정우,44,인천광역시 중구 951-35,010-2020-4147,코딩
14840,장로운,29,경기도 군포시 533-4,010-1938-3524,플로리스트
14841,강시헌,38,부산광역시 남구 939-37,010-5455-5192,요가
14842,김영호,47,부산광역시 부산진구 986-12,010-2437-7015,음악감상
14843,강영자,77,경기도 안산시 단원구 265-74,010-2182-8693,마인드맵 만들기
14844,안현우,50,광주광역시 서구 548-4,010-3414-4114,도예
14845,신하윤,29,인천광역시 동구 720-1,010-8624-6131,피크닉
14846,윤유진,28,부산광역시 남구 573-65,010-9974-8862,헬스
14847,최현우,73,전라남도 광양시 718-30,010-1837-5549,영화감상
14848,김지민,26,서울특별시 노원구 903-20,010-6637-7795,퍼즐 맞추기
14849,서윤호,52,부산광역시 사하구 876-88,010-7444-9638,마인드맵 만들기
14850,황종순,56,경기도 파주시 434-8,010-3418-5336,낚시
14851,임윤호,68,강원도 속초시 182-8,010-9917-8267,모바일 촬영
14852,송말자,22,대구광역시 중구 210-34,010-6093-4174,스포츠 카드 수집
14853,이진숙,42,부산광역시 기장군 104-89,010-2030-8606,운동
14854,황명훈,29,경기도 고양시 일산동구 441-14,010-6874-9628,영화 제작
14855,서미영,72,강원도 삼척시 893-0,010-2308-1204,로봇 공학
14856,박영희,73,서울특별시 성북구 250-46,010-1500-7523,집콕 놀이
14857,한정우,68,대구광역시 남구 3-95,010-3620-7500,등산
14858,이춘자,76,대구광역시 동구 954-85,010-8000-3330,스트리밍
14859,신서준,62,충청남도 논산시 589-40,010-4260-3754,패션
14860,정말자,38,대구광역시 중구 122-25,010-5161-4897,도예
14861,송재영,26,전라남도 목포시 212-70,010-5122-9115,애니메이션 제작
14862,조혜숙,27,강원도 양양군 845-35,010-9212-9388,웹서핑
14863,오성호,30,서울특별시 중구 445-51,010-9687-6887,요리
14864,김복자,68,서울특별시 서대문구 379-21,010-9508-4059,집콕 놀이
14865,최지율,44,서울특별시 광진구 986-19,010-4005-4924,웹툰 그리기
14866,조민수,31,대구광역시 서구 865-33,010-1198-3505,게임 방송
14867,오유하,72,광주광역시 북구 356-41,010-1365-4991,패션
14868,강영일,31,강원도 동해시 813-1,010-4951-9423,보드게임
14869,홍성호,60,경상남도 창녕군 711-61,010-6394-1968,콜라주 아트
14870,임현진,70,전라남도 목포시 237-55,010-4109-6494,수영
14871,서광호,61,세종특별자치시 조치원읍 478-96,010-1260-4780,수채화 그리기
14872,최복자,70,전라남도 광양시 883-78,010-7726-7217,생활 해킹
14873,신숙자,79,성남시 분당구 정자동 706-88,010-7672-5068,웹서핑
14874,신찬우,44,전라북도 군산시 244-81,010-1278-6167,운동
14875,한영일,77,경기도 안양시 만안구 957-66,010-1703-4639,집콕 놀이
14876,한재훈,44,강원도 춘천시 636-8,010-6708-1967,영화 제작
14877,안승호,50,부산광역시 연제구 17-73,010-3058-1187,코딩
14878,송말순,46,경상남도 진주시 481-92,010-8655-3254,낚시
14879,김정희,34,경상남도 창원시 988-37,010-8217-3365,영화감상
14880,강동수,59,세종특별자치시 아름동 738-28,010-4447-6909,마인드맵 만들기
14881,임민준,60,충청북도 청주시 147-49,010-2944-4520,디지털 사진 전시
14882,안영호,59,경기도 광명시 961-12,010-9277-1643,봉사활동
14883,황남수,57,성남시 분당구 정자동 285-35,010-1146-2407,필라테스
14884,전민서,44,경기도 용인시 기흥구 423-9,010-1118-3427,플라워 아트
14885,장준서,21,서울특별시 동작구 429-1,010-9975-3562,운동
14886,이재영,27,제주시 연동 734-30,010-1284-1347,벽화 그리기
14887,신준서,52,부산광역시 영도구 538-37,010-9705-9102,일기 쓰기
14888,이경자,42,서울특별시 마포구 15-79,010-6441-1492,카페 투어
14889,장우진,28,서울특별시 도봉구 587-95,010-1678-5812,피크닉
14890,이진숙,77,울산광역시 남구 7-88,010-2078-3045,일기 쓰기
14891,박민준,32,대전광역시 서구 957-5,010-4764-1509,디지털 콘텐츠 제작
14892,장윤호,57,대구광역시 북구 30-25,010-3953-3697,디지털 일러스트
14893,한은채,68,전라북도 익산시 978-97,010-5068-8172,퍼즐 맞추기
14894,송태현,41,강원도 춘천시 825-20,010-2399-2034,뜨개질
14895,강현우,27,인천광역시 부평구 817-81,010-7293-9840,애니메이션 제작
14896,홍정자,67,전라북도 군산시 475-92,010-8520-9670,웹툰 그리기
14897,박호철,52,인천광역시 중구 489-89,010-2656-5426,플라워 아트
14898,윤지율,78,충청남도 아산시 717-46,010-7119-1691,요가
14899,윤복희,32,울산광역시 울주군 950-11,010-2943-5076,콜라주 아트
14900,윤상민,68,강원도 삼척시 199-9,010-3491-6325,수채화 그리기
14901,전정자,53,서울특별시 도봉구 158-42,010-1144-1701,배드민턴
14902,권춘희,53,경기도 고양시 덕양구 932-35,010-4240-1456,비즈 공예
14903,안주영,58,경상남도 사천시 509-31,010-3137-7992,요가
14904,김선자,23,광주광역시 서구 877-69,010-6822-9425,도예
14905,한우진,41,경기도 화성시 493-66,010-2677-1578,봉사활동
14906,윤만수,62,인천광역시 동구 305-97,010-4658-8759,생활 해킹
14907,박춘희,62,서울특별시 중랑구 699-23,010-9528-2117,자전거 타기
14908,강정우,30,부산광역시 금정구 306-56,010-7584-3620,캘리그라피
14909,조말순,56,경기도 수원시 장안구 576-83,010-2726-4853,캔들 만들기
14910,송정숙,43,경상남도 창원시 959-48,010-8244-4811,드로잉
14911,권복자,25,부산광역시 북구 854-49,010-5315-2441,헬로윈 파티 준비
14912,홍경자,54,광주광역시 동구 779-92,010-9496-1716,유튜브 보기
14913,김병호,33,경상북도 구미시 705-33,010-5291-7709,게임
14914,전건우,70,서울특별시 마포구 286-88,010-4910-8502,생활 해킹
14915,최기영,42,성남시 분당구 정자동 719-64,010-8746-3736,테니스
14916,정도윤,52,대전광역시 대덕구 817-56,010-5039-8274,도예
14917,서민수,51,경기도 안산시 상록구 485-84,010-1836-6090,시뮬레이션 게임
14918,최현우,25,경상남도 통영시 615-56,010-6259-3538,비즈 공예
14919,송말옥,35,서울특별시 은평구 122-32,010-9815-3598,독서
14920,조찬우,76,전라남도 나주시는 843-85,010-4870-9764,사진촬영
14921,한종순,73,부산광역시 북구 290-49,010-1546-7552,헬로윈 파티 준비
14922,안순희,68,경상남도 김해시 407-89,010-7427-5563,비즈 공예
14923,황연희,30,제주시 노형동 921-36,010-8697-3135,자원봉사
14924,황윤호,76,경기도 성남시 분당구 442-77,010-8642-5981,뜨개질
14925,신광호,72,경기도 안산시 단원구 831-51,010-9252-3306,도예
14926,정태윤,30,서울특별시 성동구 192-42,010-1633-2752,콜라주 아트
14927,조창수,26,인천광역시 남동구 770-16,010-2526-8737,음악감상
14928,이혜숙,35,경상남도 거제시 37-23,010-2711-3715,플로리스트
14929,김서준,46,광주광역시 동구 156-92,010-6302-5664,콜라주 아트
14930,송다은,38,전라남도 목포시 676-21,010-4041-9002,게임
14931,이성호,67,경기도 의정부시 27-14,010-8704-4556,사진편집
14932,서로운,26,울산광역시 북구 182-92,010-4898-4696,책 클럽
14933,김하은,30,서울특별시 도봉구 389-36,010-4486-3689,디지털 콘텐츠 제작
14934,김경자,53,부천시 상동 646-64,010-4389-3397,유튜브 보기
14935,홍하은,58,울산광역시 남구 315-72,010-2018-4015,마인드맵 만들기
14936,전민수,63,경상남도 양산시 135-76,010-6203-3875,스크래치 프로그램 만들기
14937,조혜숙,34,경기도 의정부시 354-28,010-6552-7976,카페 투어
14938,서준호,71,경기도 성남시 수정구 289-23,010-3665-2182,디지털 일러스트
14939,임지호,48,강원도 태백시 487-47,010-6300-8325,플로리스트
14940,서복자,48,부산광역시 중구 687-42,010-9617-2609,봉사활동
14941,김상민,52,대전광역시 동구 403-47,010-2228-4825,테니스
14942,조경수,58,부산광역시 기장군 369-94,010-7205-3261,영화감상
14943,조순희,57,서울특별시 노원구 293-1,010-8124-1993,명상
14944,정말순,58,서울특별시 강북구 326-86,010-6703-4576,수채화 그리기
14945,오로운,25,부산광역시 금정구 562-39,010-6621-4148,웹툰 그리기
14946,홍기석,28,경기도 수원시 장안구 657-49,010-8819-3756,디지털 일러스트
14947,이수아,36,제주시 아라동 492-33,010-6230-4839,스트리밍
14948,홍춘희,51,제주시 오라동 709-34,010-3470-1291,배우기
14949,서재영,27,경상북도 안동시 535-39,010-4749-2045,여행
14950,최수아,60,부산광역시 강서구 73-92,010-9312-5319,디지털 아트
14951,임다빈,54,충청북도 청주시 327-97,010-3982-3620,집콕 놀이
14952,최영호,28,서울특별시 종로구 315-90,010-3148-8524,사진촬영
14953,강성자,21,세종특별자치시 도담동 678-69,010-6606-9618,배우기
14954,신시헌,24,강원도 삼척시 136-20,010-5463-6061,캘리그라피
14955,황정자,45,경상남도 양산시 289-84,010-5404-1256,웹툰 그리기
14956,안희정,43,경상남도 창녕군 657-77,010-7309-1701,캠핑
14957,권현서,29,제주시 노형동 291-80,010-1306-8653,카페 투어
14958,한숙자,58,인천광역시 동구 565-8,010-3899-1783,벽화 그리기
14959,이지원,34,세종특별자치시 한솔동 695-13,010-6041-2874,캔들 만들기
14960,강정순,28,대전광역시 서구 324-71,010-2464-3160,자전거 타기
14961,박찬우,29,강원도 평창군 711-37,010-3607-2140,등산
14962,서상호,65,부산광역시 사상구 654-85,010-4947-2984,시뮬레이션 게임
14963,송하람,64,서울특별시 성동구 403-87,010-1785-1748,콜라주 아트
14964,강하연,79,세종특별자치시 조치원읍 242-61,010-7213-5681,골프
14965,홍춘희,49,서울특별시 금천구 378-23,010-3972-1310,헬로윈 파티 준비
14966,안윤서,65,경기도 파주시 228-33,010-4437-6100,독서
14967,장성호,25,경상남도 창녕군 595-6,010-9456-7703,모바일 촬영
14968,강승호,78,경기도 의정부시 396-56,010-3307-2513,독서
14969,서주원,32,서울특별시 서대문구 768-49,010-5360-4799,보드게임
14970,오성호,53,인천광역시 미추홀구 639-55,010-3507-6005,요리
14971,이순영,62,서울특별시 강동구 147-38,010-1600-7777,디지털 사진 전시
14972,강윤호,59,경상남도 거제시 839-64,010-9160-3998,도예
14973,신하람,68,서울특별시 동작구 932-54,010-7692-3143,등산
14974,안경수,60,전라북도 전주시 193-82,010-4274-9891,스트리밍
14975,장춘식,75,서울특별시 송파구 508-75,010-8891-3933,캘리그라피
14976,장서진,67,부산광역시 동구 401-47,010-1684-1065,콜라주 아트
14977,신다빈,51,광주광역시 광산구 553-87,010-5055-1903,자전거 타기
14978,정현진,50,서울특별시 광진구 650-39,010-7932-7115,여행
14979,신승호,70,세종특별자치시 도담동 632-76,010-1821-6539,모바일 촬영
14980,전재영,32,경상남도 사천시 938-6,010-1806-2191,사진편집
14981,안춘자,47,서울특별시 영등포구 665-31,010-9146-8485,애니메이션 제작
14982,안혜숙,53,전라남도 나주시는 25-20,010-4691-1906,VR 게임
14983,오세아,57,대전광역시 동구 462-86,010-3573-7025,비즈 공예
14984,황혜숙,24,서울특별시 중구 135-82,010-8490-3706,벽화 그리기
14985,장나윤,42,전라남도 목포시 745-95,010-1763-8257,수영
14986,윤영자,59,전라북도 익산시 500-44,010-3953-4195,보드게임
14987,김진호,32,충청북도 진천군 101-98,010-7405-2505,운동
14988,최진호,67,서울특별시 중구 693-30,010-1345-4569,요리
14989,한재훈,71,경기도 고양시 일산동구 703-11,010-3391-3319,요리
14990,최현서,73,인천광역시 남동구 893-8,010-3916-1926,스크래치 프로그램 만들기
14991,전광호,67,경상남도 밀양시 207-78,010-3215-9012,캔들 만들기
14992,윤다온,71,서울특별시 강남구 524-49,010-5395-6494,뜨개질
14993,오유진,39,전라남도 광양시 502-54,010-7914-2247,수영
14994,강지우,32,경상남도 양산시 887-2,010-7407-5586,책 클럽
14995,한영희,79,경기도 용인시 기흥구 324-66,010-9729-2518,명상
14996,장창수,54,경기도 광주시 179-34,010-4482-9025,플로리스트
14997,황명훈,79,경기도 안산시 단원구 728-61,010-7682-4370,명상
14998,정준서,63,충청남도 공주시 458-17,010-5229-1142,골프
14999,조희정,37,충청남도 공주시 270-60,010-7099-3146,비즈 공예
15000,최서진,40,서울특별시 서대문구 731-28,010-2201-2730,웹서핑
15001,임지후,29,대구광역시 달성군 841-28,010-7309-4007,도예
15002,안정숙,78,경기도 화성시 125-28,010-5512-3899,골프
15003,서하윤,76,김해시 장유동 925-92,010-5119-4761,퍼즐 맞추기
15004,신정숙,26,광주광역시 남구 945-31,010-3643-2451,로봇 공학
15005,조예준,54,전라북도 군산시 220-64,010-2615-3511,VR 게임
15006,권주아,53,경기도 안산시 단원구 842-46,010-4923-4245,음악감상
15007,안하은,23,서울특별시 중구 326-3,010-6657-4566,캔들 만들기
15008,정서아,30,성남시 분당구 정자동 953-67,010-5983-6511,일기 쓰기
15009,홍태윤,47,경기도 수원시 장안구 737-17,010-4695-7692,테니스
15010,권하연,72,경기도 의정부시 565-35,010-3995-4235,집콕 놀이
15011,전지후,54,부산광역시 남구 398-28,010-3848-1741,스트리밍
15012,박현진,35,강원도 태백시 466-44,010-9052-8748,게임 방송
15013,조종수,70,서울특별시 양천구 591-4,010-4059-3504,여행
15014,강선자,70,대구광역시 달성군 110-6,010-4916-8236,등산
15015,오명자,23,울산광역시 동구 62-8,010-9445-2828,콜라주 아트
15016,정유진,31,울산광역시 북구 732-8,010-6344-7928,배드민턴
15017,전시우,35,강원도 원주시 106-88,010-8138-7372,필라테스
15018,김서준,75,경기도 안산시 단원구 530-62,010-3554-6188,모바일 촬영
15019,서시헌,32,인천광역시 중구 417-22,010-2859-8825,필라테스
15020,이지민,71,부산광역시 수영구 96-47,010-7991-5666,보드게임
15021,홍세아,74,대구광역시 중구 636-40,010-2801-9143,미술관 관람
15022,서현진,66,제주시 연동 448-20,010-6374-4470,플로리스트
15023,김형민,75,서울특별시 서대문구 744-67,010-9983-2302,스트리밍
15024,서수빈,76,경상남도 통영시 748-32,010-9977-4814,필라테스
15025,홍현진,31,광주광역시 서구 301-94,010-9017-9496,수영
15026,임지후,51,부천시 원미구 중동 741-62,010-1875-2867,도예
15027,전명자,54,경상남도 거제시 654-78,010-9417-4809,여행
15028,최동수,24,강원도 태백시 921-40,010-4067-1534,플로리스트
15029,한영희,65,경기도 광명시 65-76,010-3600-4951,게임 방송
15030,임세호,29,경기도 광명시 441-74,010-1424-2354,보드게임
15031,김복희,20,강원도 태백시 85-15,010-2082-1592,스크래치 프로그램 만들기
15032,전주아,70,경상북도 안동시 330-65,010-8946-2134,퍼즐 맞추기
15033,서준서,63,대전광역시 동구 101-84,010-2127-7912,집콕 놀이
15034,박은우,56,부천시 상동 441-7,010-3896-5945,스크래치 프로그램 만들기
15035,오재호,75,대구광역시 남구 299-1,010-4719-7875,골프
15036,서은우,73,경상북도 안동시 314-60,010-3813-3465,봉사활동
15037,윤현서,52,서울특별시 구로구 946-10,010-2555-4136,자원봉사
15038,윤서연,45,제주시 이도이동 451-2,010-6591-2893,집콕 놀이
15039,박예준,56,울산광역시 동구 799-60,010-1485-5427,영화 제작
15040,김말자,30,서울특별시 강서구 259-2,010-3609-4386,웹툰 그리기
15041,김채은,41,인천광역시 미추홀구 200-92,010-1558-7052,스키
15042,김복자,38,부산광역시 북구 628-50,010-6407-7877,디지털 사진 전시
15043,조성자,24,충청남도 천안시 668-16,010-2047-2427,사진편집
15044,전태현,53,제주시 오라동 384-32,010-9690-8340,마인드맵 만들기
15045,이기석,24,경기도 안산시 상록구 650-67,010-9888-5399,비즈 공예
15046,장지후,71,서울특별시 노원구 495-4,010-6171-6805,퍼즐 맞추기
15047,홍철수,44,경상남도 양산시 84-9,010-1549-3278,시뮬레이션 게임
15048,황서진,38,서울특별시 강북구 663-72,010-6087-3788,플로리스트
15049,강종순,43,경기도 수원시 장안구 202-26,010-8529-7684,로봇 공학
15050,홍상민,45,충청남도 공주시 585-10,010-7506-4745,자전거 타기
15051,김진호,76,인천광역시 중구 523-94,010-6335-5240,카페 투어
15052,한지후,28,강원도 삼척시 736-51,010-1958-6206,낚시
15053,정서아,26,충청북도 청주시 885-34,010-9898-3236,여행
15054,황예린,78,서울특별시 성동구 26-3,010-7231-8494,사진촬영
15055,한로운,71,광주광역시 서구 175-78,010-4769-5592,영화 제작
15056,임지후,41,전라남도 광양시 632-52,010-7681-3503,DIY
15057,권경수,53,강원도 속초시 306-34,010-5227-2985,수채화 그리기
15058,홍서연,41,서울특별시 강남구 101-0,010-7696-6592,드로잉
15059,최순자,50,대구광역시 달성군 889-54,010-6672-5109,유튜브 보기
15060,윤주원,39,울산광역시 북구 918-15,010-2176-1386,영화 제작
15061,한하진,53,광주광역시 북구 439-67,010-2775-8330,마인드맵 만들기
15062,안진숙,73,경기도 의정부시 203-50,010-7341-3361,사진편집
15063,박호철,50,경상남도 김해시 411-92,010-5101-5447,집콕 놀이
15064,홍주아,31,충청북도 청주시 313-5,010-3464-1782,사진편집
15065,황형민,29,대전광역시 대덕구 101-60,010-9990-9177,캘리그라피
15066,최지호,28,제주시 이도이동 803-94,010-1226-9399,수채화 그리기
15067,한시우,75,인천광역시 연수구 767-54,010-5672-3033,웹서핑
15068,신서진,65,부산광역시 기장군 775-80,010-4187-2134,수채화 그리기
15069,윤하은,32,전라남도 순천시 822-95,010-9442-6035,마인드맵 만들기
15070,오영희,28,경기도 용인시 수지구 279-53,010-1223-8656,여행
15071,서진숙,58,경기도 화성시 806-68,010-6696-2445,퍼즐 맞추기
15072,오상민,75,서울특별시 성동구 512-62,010-3193-4682,영화 제작
15073,장순영,41,울산광역시 울주군 852-0,010-3413-2175,스트리트 댄스
15074,임주아,59,대구광역시 달서구 789-32,010-5919-2513,마인드맵 만들기
15075,최희정,21,서울특별시 구로구 348-67,010-3561-1127,스포츠 카드 수집
15076,황준서,25,대구광역시 서구 705-62,010-9815-2405,캘리그라피
15077,황민준,69,전라북도 전주시 608-10,010-4561-2506,미술관 관람
15078,정형민,38,부산광역시 해운대구 472-46,010-9983-2364,자전거 타기
15079,임도윤,34,경기도 의정부시 113-88,010-4022-3477,집콕 놀이
15080,홍태윤,32,강원도 춘천시 606-42,010-8254-4336,모바일 게임 개발
15081,홍예준,48,세종특별자치시 도담동 301-13,010-9722-8569,운동
15082,장다빈,25,세종특별자치시 한솔동 744-52,010-2937-4905,패션
15083,장다온,33,부산광역시 수영구 534-56,010-5504-8783,자전거 타기
15084,조순희,77,충청북도 충주시 810-76,010-6574-7398,플라워 아트
15085,박은우,31,강원도 동해시 869-36,010-6640-2911,플로리스트
15086,권정순,30,전라북도 전주시 748-1,010-5952-1871,디지털 콘텐츠 제작
15087,박다온,30,강원도 동해시 585-59,010-2327-8427,일기 쓰기
15088,안다빈,28,인천광역시 서구 937-3,010-2371-2392,사진편집
15089,신찬우,57,경상남도 창원시 340-66,010-2232-8696,사진편집
15090,한현서,44,경기도 용인시 처인구 581-77,010-8261-8100,피크닉
15091,박기영,34,경기도 군포시 148-19,010-6727-4219,자원봉사
15092,최다온,45,울산광역시 중구 148-8,010-3255-4819,웹툰 그리기
15093,홍춘식,53,경상남도 사천시 726-5,010-6549-4598,스트리트 댄스
15094,홍혜숙,45,인천광역시 미추홀구 498-73,010-4107-2042,벽화 그리기
15095,황건우,56,경기도 용인시 처인구 445-66,010-1573-4353,테니스
15096,임숙자,28,부산광역시 기장군 319-43,010-3674-5480,미술관 관람
15097,김진호,79,인천광역시 중구 21-21,010-3754-8124,스트리밍
15098,박태수,57,서울특별시 은평구 559-26,010-8423-5156,캠핑
15099,이다은,75,경상남도 통영시 854-38,010-1123-7458,스트리트 댄스
15100,서건우,65,충청북도 청주시 690-26,010-3599-4387,요가
15101,강동수,24,부산광역시 서구 778-95,010-6498-6120,코딩
15102,전정자,41,대전광역시 대덕구 709-86,010-2267-6689,DIY
15103,한성민,58,충청남도 천안시 50-2,010-3170-6474,스키
15104,한광호,29,서울특별시 마포구 639-23,010-7064-9303,영화 제작
15105,홍말자,71,부산광역시 수영구 830-43,010-3475-3605,시뮬레이션 게임
15106,홍철수,53,충청남도 논산시 522-62,010-7404-6182,배우기
15107,강다온,29,충청북도 진천군 570-6,010-5943-4377,스트리트 댄스
15108,안재호,39,부산광역시 동구 970-37,010-5067-5753,골프
15109,안지민,69,경기도 용인시 처인구 850-83,010-8910-8593,명상
15110,신순희,29,경기도 파주시 854-56,010-1545-9690,애니메이션 제작
15111,윤다빈,30,경상남도 밀양시 757-90,010-7864-3764,드로잉
15112,조현철,45,부산광역시 해운대구 967-41,010-7077-8066,캔들 만들기
15113,한말옥,45,서울특별시 성동구 892-74,010-7179-8755,코딩
15114,홍우진,34,부산광역시 강서구 614-94,010-5862-7885,자전거 타기
15115,오경자,55,경상남도 김해시 584-40,010-1519-4101,스트리트 댄스
15116,황태현,38,광주광역시 광산구 837-62,010-7711-8355,시뮬레이션 게임
15117,홍도윤,73,강원도 평창군 36-55,010-1285-4520,집콕 놀이
15118,최하연,51,인천광역시 부평구 65-42,010-6201-6961,코딩
15119,박말옥,34,울산광역시 중구 492-5,010-1127-6277,디지털 콘텐츠 제작
15120,장만수,28,충청남도 공주시 349-37,010-3840-7995,시뮬레이션 게임
15121,오주영,43,대구광역시 수성구 651-10,010-2008-9502,등산
15122,신지후,62,서울특별시 마포구 717-95,010-6156-6437,헬스
15123,최창수,68,경기도 수원시 장안구 972-92,010-5917-4714,자전거 타기
15124,정재영,54,울산광역시 동구 113-74,010-6370-6675,사진편집
15125,황시윤,40,광주광역시 광산구 628-30,010-5171-6042,뜨개질
15126,김말순,41,대구광역시 달서구 204-54,010-7283-8838,펜팔
15127,권정자,78,충청북도 청주시 208-53,010-1706-6805,스키
15128,서창수,27,강원도 삼척시 916-32,010-1352-5717,스포츠 카드 수집
15129,권복희,60,대전광역시 대덕구 664-51,010-9795-1887,벽화 그리기
15130,최은채,53,부산광역시 동래구 377-69,010-5527-2216,디지털 콘텐츠 제작
15131,장지원,64,광주광역시 서구 509-37,010-7392-9919,음악감상
15132,박시윤,33,서울특별시 양천구 141-47,010-5192-5753,요가
15133,최현철,70,전라남도 광양시 970-61,010-2549-7343,캘리그라피
15134,안정자,49,경기도 용인시 처인구 253-73,010-2907-5094,캠핑
15135,한말자,32,전라북도 군산시 257-75,010-9506-6605,스포츠 카드 수집
15136,안혜숙,65,강원도 원주시 689-14,010-8012-4905,모바일 촬영
15137,박재호,39,경상남도 거제시 293-54,010-7407-6470,스키
15138,임성민,42,제주시 노형동 628-57,010-6086-2869,영화감상
15139,전승호,35,전라남도 나주시는 89-51,010-6848-4327,VR 게임
15140,전정순,79,김해시 장유동 642-66,010-7630-5487,필라테스
15141,강희정,61,울산광역시 북구 592-21,010-4528-4235,디지털 사진 전시
15142,장연희,66,경상북도 포항시 785-38,010-2322-8582,플로리스트
15143,윤병호,23,경기도 고양시 덕양구 451-9,010-9026-1400,명상
15144,정성호,49,서울특별시 동작구 275-55,010-2717-7228,수채화 그리기
15145,강춘희,62,인천광역시 미추홀구 695-57,010-4886-6321,로봇 공학
15146,김창수,26,강원도 강릉시 726-72,010-2114-8540,자원봉사
15147,홍동수,25,부산광역시 남구 38-79,010-7867-4618,헬로윈 파티 준비
15148,홍승호,35,경기도 용인시 처인구 863-62,010-2018-4251,퍼즐 맞추기
15149,강말순,52,서울특별시 성북구 451-75,010-8991-5382,시뮬레이션 게임
15150,정예은,20,서울특별시 도봉구 945-43,010-8682-4683,영화 제작
15151,최주영,47,부산광역시 사하구 237-53,010-3201-1241,게임 방송
15152,최순자,78,경기도 고양시 덕양구 80-64,010-6575-2575,생활 해킹
15153,송성자,35,전라남도 나주시는 512-6,010-4212-8859,영화감상
15154,김지호,56,인천광역시 동구 774-85,010-6547-3291,요가
15155,이재훈,56,대전광역시 동구 130-94,010-8292-3786,골프
15156,임준서,45,경기도 시흥시 240-78,010-9824-3625,DIY
15157,서춘자,41,강원도 양양군 269-59,010-6185-1453,미술관 관람
15158,조유진,59,대구광역시 남구 925-89,010-8237-5677,도예
15159,송하은,43,경상남도 김해시 147-18,010-7036-8532,음악감상
15160,조다은,58,제주시 오라동 799-86,010-5043-1661,패션
15161,한명숙,70,광주광역시 서구 261-59,010-1401-1027,뜨개질
15162,박우진,42,서울특별시 중구 649-31,010-7234-8293,도예
15163,강하람,78,부산광역시 북구 506-30,010-7438-3495,요가
15164,황세호,45,인천광역시 중구 935-96,010-7422-4286,스크래치 프로그램 만들기
15165,권춘식,41,서울특별시 마포구 982-9,010-5017-3928,스포츠 카드 수집
15166,이경수,72,인천광역시 계양구 145-67,010-8831-3303,수채화 그리기
15167,강말순,59,경기도 수원시 팔달구 579-53,010-8633-1779,명상
15168,전말자,22,강원도 동해시 834-27,010-5455-8592,패션
15169,장시헌,33,경기도 고양시 덕양구 227-81,010-8859-7089,VR 게임
15170,윤영일,51,부산광역시 영도구 633-66,010-8077-8733,미술관 관람
15171,조연희,24,대구광역시 서구 684-19,010-2645-7139,테니스
15172,조정자,30,경기도 안양시 동안구 510-72,010-1233-2078,미술관 관람
15173,장다빈,55,부천시 상동 671-19,010-6909-7673,책 클럽
15174,윤영일,67,전라남도 순천시 130-80,010-1279-1097,플라워 아트
15175,한선자,59,인천광역시 서구 254-78,010-7020-6043,요리
15176,신영호,53,경기도 수원시 장안구 986-27,010-4493-3981,펜팔
15177,최선자,47,전라남도 광양시 50-29,010-1970-7004,마인드맵 만들기
15178,황옥희,67,전라남도 순천시 538-58,010-6414-1135,헬스
15179,강성호,27,부산광역시 수영구 679-2,010-1445-7535,요가
15180,강수아,45,충청남도 논산시 659-34,010-1990-6864,스크래치 프로그램 만들기
15181,윤상호,61,경기도 용인시 기흥구 411-55,010-2448-6323,유튜브 보기
15182,정서아,20,서울특별시 광진구 888-98,010-3531-1446,게임
15183,조철수,42,대구광역시 서구 182-94,010-3302-3180,캘리그라피
15184,신하연,77,경상북도 안동시 64-57,010-5224-2076,집콕 놀이
15185,조명자,38,부천시 원미구 중동 820-16,010-8714-6343,펜팔
15186,한예린,62,인천광역시 연수구 139-16,010-4955-6224,영화 제작
15187,박예은,79,대전광역시 중구 216-38,010-6465-6868,헬로윈 파티 준비
15188,황희정,30,전라남도 순천시 678-0,010-6538-6405,보드게임
15189,박은숙,62,경상남도 밀양시 403-76,010-9968-7592,디지털 콘텐츠 제작
15190,장채원,53,경기도 수원시 장안구 190-61,010-5769-2510,보드게임
15191,한시우,59,서울특별시 서초구 932-71,010-9281-2189,봉사활동
15192,서태수,57,서울특별시 종로구 183-80,010-3610-3537,보드게임
15193,오정호,28,대전광역시 중구 465-74,010-6076-3919,디지털 사진 전시
15194,황지율,41,부산광역시 남구 96-49,010-3823-4200,명상
15195,장지후,59,부산광역시 사상구 845-93,010-8094-1042,자전거 타기
15196,한경자,62,경상북도 경주시 407-40,010-7290-4948,헬스
15197,윤승호,33,김해시 장유동 21-32,010-1928-3298,영화감상
15198,신현진,54,전라남도 목포시 943-11,010-2926-5005,애니메이션 제작
15199,안수아,56,서울특별시 구로구 196-46,010-8966-5174,테니스
15200,오정순,41,경상북도 안동시 973-14,010-9809-4917,웹툰 그리기
15201,한민수,78,경기도 안산시 상록구 41-0,010-4926-1831,낚시
15202,정현철,76,경상북도 안동시 586-74,010-9840-1503,음악감상
15203,임주영,51,강원도 춘천시 164-23,010-4573-7821,배우기
15204,장서연,32,서울특별시 동작구 89-83,010-6684-3600,스크래치 프로그램 만들기
15205,강재호,24,강원도 속초시 552-52,010-3847-9724,스트리밍
15206,윤기석,76,대전광역시 중구 677-56,010-6355-7618,도예
15207,윤은채,58,강원도 태백시 48-86,010-5616-8812,게임 방송
15208,서진호,56,서울특별시 서대문구 879-57,010-6421-3237,스트리트 댄스
15209,권태수,40,인천광역시 연수구 523-80,010-9310-1125,플로리스트
15210,정혜숙,46,전라북도 군산시 430-58,010-5136-3806,퍼즐 맞추기
15211,임서아,39,대구광역시 달서구 722-33,010-9325-7898,웹서핑
15212,안준호,55,전라남도 순천시 121-49,010-3899-6032,로봇 공학
15213,오윤호,70,제주시 오라동 36-20,010-6943-3365,영화 제작
15214,한재훈,70,경기도 안산시 상록구 514-91,010-1691-1449,영화 제작
15215,윤서준,59,전라남도 여수시 120-60,010-8046-4816,스크래치 프로그램 만들기
15216,안재훈,45,인천광역시 동구 564-47,010-2899-1425,스키
15217,박선자,70,충청남도 논산시 699-22,010-4067-3418,애니메이션 제작
15218,임예은,28,인천광역시 미추홀구 924-88,010-4556-9969,게임 방송
15219,정시헌,49,대전광역시 대덕구 646-38,010-6534-8239,수채화 그리기
15220,송지한,61,대전광역시 대덕구 107-18,010-9207-3118,코딩
15221,최찬우,50,서울특별시 강서구 3-42,010-6494-2259,음악감상
15222,서예린,61,전라남도 여수시 650-37,010-2183-1314,자전거 타기
15223,한재훈,56,강원도 춘천시 861-73,010-6260-4360,디지털 사진 전시
15224,서태수,27,충청북도 충주시 612-46,010-5222-8407,배우기
15225,조서진,42,서울특별시 성북구 954-47,010-3309-5061,웹서핑
15226,최서연,58,서울특별시 성동구 960-95,010-2928-2932,디지털 일러스트
15227,한지한,62,인천광역시 미추홀구 352-4,010-3367-7497,영화감상
15228,장서진,75,울산광역시 동구 813-52,010-9339-2993,스크래치 프로그램 만들기
15229,최태윤,41,대구광역시 수성구 718-93,010-1833-1614,피크닉
15230,서수빈,55,부산광역시 영도구 734-26,010-1122-9144,패션
15231,권윤서,67,서울특별시 성동구 907-13,010-1946-3125,미술관 관람
15232,안유하,21,강원도 속초시 331-83,010-5345-8878,독서
15233,강하은,40,인천광역시 연수구 771-1,010-5151-3720,영화 제작
15234,강세호,68,서울특별시 강북구 263-2,010-9728-8387,모바일 게임 개발
15235,윤영일,57,인천광역시 남동구 157-76,010-5977-3155,등산
15236,서민준,63,대구광역시 동구 618-40,010-7333-5884,디지털 아트
15237,송다빈,53,경기도 고양시 일산동구 323-62,010-8732-5401,패션
15238,안선자,63,대구광역시 중구 145-24,010-1989-5250,보드게임
15239,서영희,25,서울특별시 강북구 741-66,010-6371-6755,일기 쓰기
15240,정철수,58,경상남도 사천시 61-11,010-5213-4356,스크래치 프로그램 만들기
15241,임서아,53,경기도 안양시 만안구 507-24,010-5236-2122,자전거 타기
15242,황진숙,47,세종특별자치시 아름동 510-12,010-8472-9632,여행
15243,장만수,74,경상남도 밀양시 203-94,010-4682-2534,마인드맵 만들기
15244,서미영,25,제주시 이도이동 866-84,010-8330-8197,수채화 그리기
15245,신말자,56,서울특별시 동대문구 670-69,010-7131-7573,스키
15246,정형민,39,강원도 평창군 171-87,010-9307-6685,테니스
15247,오복희,25,강원도 원주시 863-35,010-5232-4100,사진촬영
15248,임성호,46,서울특별시 서초구 166-20,010-2873-2232,피크닉
15249,신성자,36,서울특별시 강북구 895-29,010-8575-6667,영화 제작
15250,안채은,21,광주광역시 남구 367-39,010-2110-6136,미술관 관람
15251,정민수,45,경기도 광주시 66-2,010-8931-3955,디지털 사진 전시
15252,장지우,67,충청북도 청주시 527-30,010-2071-1702,영화감상
15253,송기영,73,경기도 수원시 장안구 272-83,010-5573-3454,스키
15254,이만수,25,경상남도 통영시 486-64,010-2590-7624,영화 제작
15255,조은숙,28,김해시 장유동 56-30,010-6507-8021,배우기
15256,한병호,68,경기도 파주시 951-75,010-1597-3160,독서
15257,서진숙,28,경기도 고양시 덕양구 37-52,010-6266-3371,스크래치 프로그램 만들기
15258,안말순,73,제주시 오라동 212-79,010-1835-5351,웹서핑
15259,안철수,29,경기도 용인시 기흥구 872-29,010-7906-1874,집콕 놀이
15260,김명숙,21,서울특별시 성북구 736-16,010-1193-7047,게임
15261,신성호,55,강원도 홍천군 332-30,010-5419-4308,여행
15262,황순희,59,제주시 이도이동 725-22,010-8081-3455,시뮬레이션 게임
15263,장성호,75,경기도 성남시 분당구 344-57,010-3804-5896,미술관 관람
15264,정경수,78,부산광역시 강서구 855-5,010-2799-7997,캘리그라피
15265,권성민,76,부천시 상동 877-3,010-3832-7132,모바일 게임 개발
15266,장재훈,41,경기도 안양시 만안구 163-1,010-8678-2696,모바일 게임 개발
15267,오나윤,46,경기도 평택시 319-83,010-7913-3239,디지털 사진 전시
15268,정순희,77,경상북도 포항시 261-89,010-3078-5202,디지털 사진 전시
15269,장춘자,64,광주광역시 북구 496-67,010-6558-8691,운동
15270,최춘식,51,인천광역시 연수구 974-25,010-6356-4889,자원봉사
15271,황주영,76,서울특별시 동대문구 471-94,010-9336-6081,영화감상
15272,송로운,28,서울특별시 영등포구 358-10,010-4206-4378,수채화 그리기
15273,전시우,26,대구광역시 달서구 217-95,010-4291-1555,독서
15274,신시헌,57,인천광역시 중구 208-91,010-1504-2797,헬스
15275,윤명훈,51,부산광역시 사하구 183-7,010-1869-4112,생활 해킹
15276,최상호,76,서울특별시 구로구 45-32,010-5409-3630,보드게임
15277,임혜숙,64,경기도 성남시 수정구 284-74,010-8198-3979,마인드맵 만들기
15278,신주원,63,경상남도 사천시 132-38,010-3259-2866,비즈 공예
15279,윤현서,33,인천광역시 동구 855-45,010-4220-5609,비즈 공예
15280,강기영,61,강원도 춘천시 381-27,010-2809-3088,요가
15281,서다빈,37,서울특별시 광진구 984-65,010-7991-7259,도예
15282,최형민,23,서울특별시 마포구 431-40,010-8496-6277,자원봉사
15283,권시헌,48,부산광역시 사하구 142-36,010-7031-3384,수채화 그리기
15284,서재호,39,부천시 상동 266-37,010-3219-9388,책 클럽
15285,황진호,55,충청남도 천안시 34-6,010-4076-5681,시뮬레이션 게임
15286,오은숙,58,대구광역시 달서구 398-77,010-2231-1697,사진편집
15287,홍민서,47,경기도 고양시 덕양구 459-91,010-4118-2381,운동
15288,박세아,40,세종특별자치시 아름동 995-20,010-3761-3293,웹서핑
15289,조준호,47,울산광역시 북구 636-83,010-3868-3587,배드민턴
15290,윤성민,29,대구광역시 동구 145-41,010-6185-8497,요리
15291,강기영,21,강원도 속초시 84-39,010-5535-4200,마인드맵 만들기
15292,홍건우,39,경기도 군포시 486-26,010-5020-7029,웹서핑
15293,강태현,22,부산광역시 영도구 943-47,010-9440-8780,스키
15294,장순영,29,울산광역시 동구 653-92,010-5668-9466,DIY
15295,서지호,56,대구광역시 동구 955-32,010-4797-2679,디지털 콘텐츠 제작
15296,김예준,64,서울특별시 동대문구 419-7,010-6603-2936,골프
15297,한서진,51,경기도 안산시 상록구 247-44,010-5176-2563,테니스
15298,박우진,53,서울특별시 서초구 512-59,010-6280-5382,캠핑
15299,이경수,77,대전광역시 동구 532-52,010-2540-7712,모바일 게임 개발
15300,임선자,65,경기도 용인시 처인구 108-89,010-3894-6818,게임 방송
15301,오서연,79,광주광역시 남구 12-55,010-2843-3617,영화 제작
15302,박정숙,31,성남시 분당구 정자동 928-87,010-5137-3686,뜨개질
15303,이하람,34,제주시 이도이동 593-97,010-5884-6692,캘리그라피
15304,장하람,53,강원도 동해시 326-33,010-5503-3095,집콕 놀이
15305,이다온,35,강원도 태백시 496-48,010-3235-1874,모바일 촬영
15306,안하율,22,서울특별시 영등포구 480-10,010-1431-8663,플라워 아트
15307,조정순,68,부산광역시 기장군 950-86,010-2413-9778,사진편집
15308,서정우,39,대전광역시 동구 924-85,010-4347-2434,생활 해킹
15309,정로운,20,경기도 평택시 671-79,010-7463-4887,로봇 공학
15310,신동수,50,대전광역시 대덕구 591-79,010-2467-3031,펜팔
15311,장재훈,70,강원도 양양군 757-65,010-3164-1149,패션
15312,홍주아,77,서울특별시 동대문구 844-76,010-8140-2802,생활 해킹
15313,전현진,23,부산광역시 부산진구 761-80,010-6281-7251,시뮬레이션 게임
15314,최하은,36,경기도 성남시 수정구 204-94,010-6252-1512,모바일 촬영
15315,강말자,33,대전광역시 중구 966-43,010-3315-7975,콜라주 아트
15316,김준서,53,부산광역시 해운대구 574-54,010-2977-4312,디지털 사진 전시
15317,박말옥,52,전라남도 나주시는 542-79,010-5778-1179,디지털 아트
15318,전철수,31,경기도 화성시 19-96,010-7458-9116,수영
15319,최혜숙,50,전라북도 전주시 446-60,010-3215-1271,스키
15320,홍수빈,20,충청남도 천안시 859-89,010-3058-8357,골프
15321,홍영희,77,서울특별시 마포구 310-59,010-9716-9795,캘리그라피
15322,임명자,44,전라남도 광양시 976-58,010-2970-6283,테니스
15323,윤주원,49,대구광역시 서구 685-97,010-1413-2808,캠핑
15324,송춘희,49,제주시 연동 95-82,010-8765-6227,펜팔
15325,임다빈,62,서울특별시 강남구 462-26,010-9247-3702,디지털 아트
15326,정서준,50,경상남도 창원시 777-15,010-5555-5427,자전거 타기
15327,조수빈,71,세종특별자치시 아름동 22-36,010-2669-3363,테니스
15328,서정자,20,경상북도 포항시 223-77,010-6581-2881,일기 쓰기
15329,정복자,63,경상남도 김해시 588-82,010-7143-3628,패션
15330,이선자,37,인천광역시 중구 860-1,010-4710-3342,디지털 일러스트
15331,이예준,50,전라남도 여수시 100-79,010-1963-2527,로봇 공학
15332,권세호,31,인천광역시 서구 772-11,010-9302-4900,스트리트 댄스
15333,오영일,32,강원도 삼척시 631-84,010-6781-5402,필라테스
15334,전정희,24,강원도 강릉시 102-20,010-8748-8121,비즈 공예
15335,한은채,24,경기도 성남시 수정구 292-48,010-3882-5423,자원봉사
15336,송나윤,41,서울특별시 강서구 847-23,010-6297-9515,사진편집
15337,송은우,77,서울특별시 동작구 810-62,010-5508-4877,요가
15338,신영희,28,제주시 오라동 408-10,010-6804-1227,스포츠 카드 수집
15339,정영희,41,전라남도 광양시 216-44,010-2179-4827,코딩
15340,황광호,70,충청남도 아산시 701-56,010-3893-4315,헬스
15341,신정숙,78,경상남도 통영시 851-0,010-7310-5569,게임 방송
15342,서민수,31,경상남도 사천시 873-29,010-3051-9708,VR 게임
15343,권명숙,21,서울특별시 서대문구 462-19,010-7702-6458,스키
15344,장명자,66,전라남도 목포시 918-37,010-1385-3628,여행
15345,최정자,40,전라북도 전주시 251-45,010-5095-1584,책 클럽
15346,권호철,57,대구광역시 서구 496-42,010-4960-2208,캠핑
15347,오진호,41,경상북도 포항시 860-23,010-5439-6184,낚시
15348,조복자,78,경기도 성남시 수정구 30-3,010-4292-3138,시뮬레이션 게임
15349,장경자,52,서울특별시 양천구 671-52,010-5449-6230,로봇 공학
15350,권다온,38,부산광역시 중구 897-24,010-2519-3186,요가
15351,황철수,40,서울특별시 중랑구 809-80,010-6403-2524,등산
15352,이서연,74,제주시 신제주 788-54,010-7598-4047,게임 방송
15353,윤연희,79,경기도 안산시 상록구 637-18,010-4856-3507,콜라주 아트
15354,안순자,56,충청남도 공주시 254-40,010-2301-6797,등산
15355,정지율,62,경기도 고양시 덕양구 400-64,010-2644-5116,골프
15356,송태윤,55,경기도 수원시 장안구 719-1,010-3988-3993,퍼즐 맞추기
15357,권병호,60,인천광역시 계양구 217-15,010-5256-5713,게임 방송
15358,정영희,30,울산광역시 북구 879-48,010-3077-5912,캠핑
15359,한순희,52,부산광역시 연제구 444-13,010-4491-5764,영화 제작
15360,오혜숙,37,부천시 원미구 중동 388-64,010-6790-3159,드로잉
15361,전진숙,58,경기도 화성시 37-2,010-5373-5296,요가
15362,오하은,33,경기도 안양시 만안구 683-80,010-8034-1576,배드민턴
15363,권만수,26,김해시 장유동 155-66,010-6157-1715,스키
15364,안하진,72,강원도 홍천군 794-25,010-2596-7680,웹서핑
15365,윤유하,77,서울특별시 강서구 345-86,010-6323-5079,디지털 콘텐츠 제작
15366,서상민,54,인천광역시 연수구 107-20,010-7341-2628,디지털 일러스트
15367,전광호,57,전라북도 군산시 377-67,010-3216-8263,배우기
15368,홍말순,41,대구광역시 서구 725-77,010-5779-6558,도예
15369,권하진,58,부산광역시 동래구 251-38,010-8302-8486,필라테스
15370,송은숙,52,울산광역시 북구 600-66,010-9064-2132,수채화 그리기
15371,전세아,79,울산광역시 남구 717-92,010-7974-4027,게임 방송
15372,권영호,46,경상남도 밀양시 295-57,010-4577-5040,플로리스트
15373,장서연,20,서울특별시 중구 271-21,010-2955-2264,영화 제작
15374,박현진,24,강원도 동해시 825-90,010-4634-5218,캠핑
15375,임수아,53,강원도 삼척시 684-73,010-3266-7896,게임 방송
15376,김민준,45,경기도 고양시 덕양구 288-34,010-6296-8039,카페 투어
15377,정정순,58,대구광역시 달서구 99-52,010-8832-9021,벽화 그리기
15378,송하람,78,전라북도 익산시 848-58,010-9629-1533,스크래치 프로그램 만들기
15379,홍정희,64,울산광역시 남구 565-72,010-2466-2313,디지털 사진 전시
15380,강상민,44,부산광역시 사하구 534-12,010-6113-3131,비즈 공예
15381,최영수,71,광주광역시 북구 921-40,010-1528-2776,일기 쓰기
15382,윤지후,41,강원도 춘천시 914-47,010-4702-5771,모바일 게임 개발
15383,조현서,30,경상남도 거제시 374-45,010-7621-1594,생활 해킹
15384,신준호,33,울산광역시 동구 947-45,010-5119-5813,헬스
15385,최주원,38,경기도 파주시 620-21,010-9090-4821,스키
15386,조말자,34,세종특별자치시 한솔동 243-31,010-3948-5998,요리
15387,송영수,79,대구광역시 중구 577-1,010-6741-8083,골프
15388,황상호,66,울산광역시 남구 45-0,010-5255-7278,퍼즐 맞추기
15389,조시윤,70,경기도 안산시 상록구 168-39,010-8019-2191,사진편집
15390,최복자,53,서울특별시 서초구 672-43,010-5379-2753,헬로윈 파티 준비
15391,장준서,58,광주광역시 동구 950-56,010-6824-2088,보드게임
15392,권은숙,55,서울특별시 용산구 365-74,010-3142-4385,영화감상
15393,김태수,78,강원도 춘천시 754-6,010-4723-4423,퍼즐 맞추기
15394,조정호,64,경상남도 김해시 980-89,010-1666-1259,스크래치 프로그램 만들기
15395,박춘희,33,광주광역시 북구 52-8,010-2971-3084,테니스
15396,윤연희,31,서울특별시 구로구 37-22,010-4154-4686,드로잉
15397,황지호,32,경기도 고양시 덕양구 964-64,010-8557-7576,퍼즐 맞추기
15398,오수빈,45,부천시 원미구 중동 887-65,010-3571-2196,마인드맵 만들기
15399,안호철,26,제주시 아라동 282-20,010-4798-2670,디지털 사진 전시
15400,황정희,64,인천광역시 동구 690-57,010-9765-1129,독서
15401,안예은,47,부천시 원미구 중동 134-94,010-6489-4203,시뮬레이션 게임
15402,전수아,42,제주시 아라동 186-93,010-8003-2192,패션
15403,장영일,46,성남시 분당구 정자동 17-35,010-5479-4531,VR 게임
15404,최태윤,37,서울특별시 강북구 952-17,010-4774-7977,VR 게임
15405,박예린,56,서울특별시 종로구 199-2,010-2982-6253,스키
15406,최주영,47,충청북도 진천군 418-54,010-1346-8905,운동
15407,정하연,51,세종특별자치시 도담동 363-46,010-9081-6054,로봇 공학
15408,황예린,73,대구광역시 달성군 166-55,010-1785-3955,비즈 공예
15409,서상민,75,부천시 상동 380-17,010-7339-1977,요리
15410,안동수,22,강원도 홍천군 923-48,010-3387-2904,도예
15411,안경수,21,전라남도 광양시 849-84,010-4100-8212,운동
15412,황종순,70,경상남도 거제시 514-26,010-5242-9153,디지털 아트
15413,황명자,33,부산광역시 동구 21-34,010-3983-5802,골프
15414,이형민,61,전라북도 익산시 873-38,010-5262-1222,카페 투어
15415,전성호,48,경기도 고양시 덕양구 383-94,010-5754-2403,플라워 아트
15416,최혜숙,66,경상북도 안동시 31-50,010-7284-3014,피크닉
15417,송영희,28,인천광역시 연수구 889-49,010-9665-2951,요가
15418,송우진,62,울산광역시 남구 339-14,010-4493-5022,스트리트 댄스
15419,강춘희,65,경기도 파주시 993-59,010-8088-7213,책 클럽
15420,조유하,69,경기도 용인시 기흥구 477-9,010-4448-6868,수채화 그리기
15421,최나윤,73,경기도 성남시 수정구 495-91,010-6849-2014,모바일 게임 개발
15422,정진호,74,경기도 수원시 팔달구 589-25,010-2574-4271,게임
15423,윤현철,22,서울특별시 노원구 293-4,010-7251-4545,피크닉
15424,장하은,23,부산광역시 부산진구 527-73,010-8315-2321,영화감상
15425,안지호,73,경기도 용인시 수지구 524-19,010-7031-2985,카페 투어
15426,최정숙,32,대전광역시 중구 878-53,010-8912-9440,게임 방송
15427,윤희정,78,경기도 용인시 처인구 371-94,010-9196-2986,캠핑
15428,전형민,57,인천광역시 중구 291-95,010-8432-1351,캘리그라피
15429,정진호,55,경상남도 창원시 331-94,010-7635-8397,디지털 아트
15430,권하람,68,인천광역시 부평구 707-22,010-1064-4844,모바일 촬영
15431,박서준,62,광주광역시 광산구 464-19,010-1566-3259,생활 해킹
15432,임희정,22,경기도 안산시 상록구 596-79,010-5535-2882,영화 제작
15433,안승호,69,경기도 수원시 장안구 602-77,010-9926-5956,코딩
15434,권춘식,22,광주광역시 서구 821-39,010-8532-1327,스트리밍
15435,권찬우,57,경기도 안산시 단원구 499-78,010-3550-5962,벽화 그리기
15436,한세호,70,서울특별시 관악구 843-69,010-4637-6094,미술관 관람
15437,박명숙,77,강원도 강릉시 329-75,010-9503-2784,헬스
15438,오숙자,29,울산광역시 동구 549-92,010-9513-8368,요리
15439,조승호,71,인천광역시 동구 863-98,010-1090-7452,벽화 그리기
15440,전나윤,30,강원도 태백시 86-45,010-5461-3281,마인드맵 만들기
15441,황지호,58,부산광역시 금정구 592-73,010-2914-2987,뜨개질
15442,서하진,79,대구광역시 서구 506-58,010-2178-1537,생활 해킹
15443,황재호,24,부산광역시 영도구 106-50,010-7918-1504,드로잉
15444,전주영,25,충청북도 충주시 519-92,010-3486-6669,스트리밍
15445,윤철수,35,대구광역시 달서구 320-94,010-3382-6795,펜팔
15446,장영자,34,강원도 평창군 702-53,010-1497-1219,요가
15447,강현철,37,전라남도 나주시는 510-16,010-5789-6495,헬스
15448,전지한,75,경상남도 사천시 654-17,010-3990-2530,디지털 사진 전시
15449,이서진,39,제주시 노형동 100-10,010-9509-1235,자원봉사
15450,오영수,51,경기도 안양시 만안구 460-96,010-2409-1879,미술관 관람
15451,황순영,31,부산광역시 동구 47-92,010-3708-2323,시뮬레이션 게임
15452,서영수,48,세종특별자치시 도담동 550-71,010-9990-1147,로봇 공학
15453,최정자,69,부산광역시 동래구 607-42,010-6960-5335,골프
15454,조태수,55,대전광역시 대덕구 590-13,010-6276-1113,명상
15455,최민서,71,인천광역시 부평구 649-44,010-4381-8198,디지털 아트
15456,박예린,52,강원도 홍천군 972-88,010-3079-7710,로봇 공학
15457,김진호,30,경상남도 창원시 558-90,010-2818-5542,애니메이션 제작
15458,권춘자,59,대구광역시 달서구 426-33,010-1658-2343,운동
15459,강은숙,78,서울특별시 중구 520-16,010-2497-4622,유튜브 보기
15460,송명자,28,용인시 수지구 풍덕천동 669-51,010-5893-2401,캔들 만들기
15461,조현서,37,경기도 용인시 처인구 505-24,010-8541-7246,등산
15462,황로운,28,울산광역시 북구 757-37,010-9482-6378,디지털 콘텐츠 제작
15463,전지후,22,제주시 노형동 10-26,010-2245-3575,테니스
15464,안정순,75,부산광역시 사상구 422-24,010-4298-7618,캔들 만들기
15465,임주영,30,경기도 안산시 상록구 23-52,010-4915-3259,캘리그라피
15466,안명자,23,강원도 원주시 90-80,010-2685-4634,캔들 만들기
15467,최찬우,45,강원도 강릉시 978-22,010-4682-5792,디지털 아트
15468,장하연,78,서울특별시 서대문구 664-59,010-5397-9655,플라워 아트
15469,장우진,27,서울특별시 강동구 980-42,010-4535-7609,보드게임
15470,한세호,73,서울특별시 서초구 240-60,010-6504-7000,스포츠 카드 수집
15471,한하은,64,대구광역시 서구 376-40,010-6334-4002,수채화 그리기
15472,임주원,21,인천광역시 남동구 711-11,010-8091-9135,펜팔
15473,송지한,66,부산광역시 중구 257-81,010-7068-1172,드로잉
15474,오주원,39,대전광역시 중구 111-62,010-2601-6127,VR 게임
15475,정예린,70,경상북도 김천시 553-55,010-7672-2661,도예
15476,조춘식,55,서울특별시 강북구 230-72,010-3733-1671,패션
15477,홍명자,63,경기도 용인시 처인구 193-53,010-1125-1445,등산
15478,장서준,64,제주시 노형동 453-32,010-3901-6932,헬스
15479,정지한,26,경상남도 밀양시 251-42,010-2196-8412,모바일 게임 개발
15480,홍하진,43,서울특별시 강남구 761-52,010-3988-3153,일기 쓰기
15481,이서준,53,충청남도 아산시 328-27,010-8533-2359,낚시
15482,전예은,43,부산광역시 동구 52-32,010-7056-2982,DIY
15483,황영호,78,경상북도 김천시 962-50,010-1570-6540,명상
15484,황지후,20,충청북도 충주시 722-34,010-1154-5793,헬스
15485,박주아,27,인천광역시 서구 336-25,010-3865-4969,배우기
15486,송호철,34,세종특별자치시 한솔동 759-3,010-5301-9416,미술관 관람
15487,최영희,42,경기도 성남시 수정구 222-8,010-3613-7576,모바일 촬영
15488,오하연,50,경기도 시흥시 324-2,010-6201-1280,독서
15489,황진숙,37,강원도 태백시 291-88,010-3356-3078,음악감상
15490,장혜숙,70,제주시 연동 598-22,010-1216-3831,모바일 촬영
15491,한영일,57,인천광역시 연수구 526-58,010-4945-1431,배드민턴
15492,임춘희,62,경상남도 사천시 412-3,010-9313-2165,로봇 공학
15493,한상호,26,전라남도 목포시 577-71,010-5859-7330,집콕 놀이
15494,임우진,30,광주광역시 북구 753-43,010-6690-4326,모바일 촬영
15495,송시우,30,부산광역시 사하구 26-48,010-1821-8857,DIY
15496,김수빈,52,경기도 파주시 276-26,010-5189-1658,독서
15497,윤병호,28,충청북도 청주시 785-6,010-4977-8743,펜팔
15498,황말자,50,부산광역시 남구 495-35,010-2380-4385,운동
15499,이명숙,65,인천광역시 부평구 291-61,010-2475-2574,책 클럽
15500,조호철,63,경상남도 양산시 634-41,010-1062-6292,스트리트 댄스
15501,이명훈,34,경상북도 구미시 899-76,010-2852-1448,유튜브 보기
15502,송상민,37,광주광역시 광산구 639-0,010-3422-9216,캘리그라피
15503,안태수,35,경기도 화성시 915-27,010-6037-1849,웹툰 그리기
15504,홍지후,21,경기도 안양시 동안구 427-16,010-3139-7550,코딩
15505,최수빈,29,서울특별시 서대문구 723-23,010-4529-2308,미술관 관람
15506,윤수빈,63,서울특별시 종로구 776-72,010-6377-7475,플로리스트
15507,한복자,47,경기도 광명시 35-84,010-8753-1164,패션
15508,장태윤,59,울산광역시 동구 46-33,010-9952-1288,웹서핑
15509,황현철,31,부천시 원미구 중동 842-18,010-8748-3710,플로리스트
15510,신정호,75,전라남도 목포시 106-1,010-5939-5782,수채화 그리기
15511,한영수,50,서울특별시 성동구 926-55,010-2703-6092,음악감상
15512,신민서,35,부천시 상동 219-26,010-5798-6427,디지털 일러스트
15513,황병호,64,강원도 삼척시 80-50,010-3635-1900,웹서핑
15514,김혜숙,56,경기도 안산시 상록구 681-0,010-6610-5158,일기 쓰기
15515,서하진,46,대구광역시 중구 588-77,010-3978-4536,요리
15516,홍하람,72,인천광역시 부평구 776-57,010-3986-1623,스트리트 댄스
15517,박정호,77,광주광역시 서구 339-55,010-3908-8078,봉사활동
15518,정시우,72,전라남도 광양시 706-81,010-3507-1340,배우기
15519,장다빈,63,서울특별시 은평구 838-75,010-8836-8901,일기 쓰기
15520,장수빈,54,대전광역시 대덕구 731-59,010-9610-6439,디지털 일러스트
15521,전성자,26,부산광역시 수영구 383-5,010-6062-4624,펜팔
15522,황지호,65,광주광역시 서구 96-47,010-5180-4408,캠핑
15523,조태현,42,서울특별시 서초구 649-2,010-5253-5237,유튜브 보기
15524,한종순,31,경기도 광명시 83-75,010-2316-9036,디지털 사진 전시
15525,윤하람,30,부산광역시 해운대구 261-27,010-8237-9594,디지털 사진 전시
15526,장윤서,24,대전광역시 서구 737-58,010-4288-8777,웹서핑
15527,황나윤,77,경상남도 진주시 47-39,010-5302-9737,VR 게임
15528,강진호,36,충청남도 아산시 386-83,010-4272-8232,코딩
15529,황준서,26,강원도 양양군 308-47,010-5849-4159,유튜브 보기
15530,송예은,56,부산광역시 사하구 273-52,010-7354-8419,책 클럽
15531,한영수,74,제주시 이도이동 99-93,010-4010-3099,비즈 공예
15532,서준서,56,대구광역시 수성구 300-78,010-7952-3469,음악감상
15533,최유진,38,대전광역시 유성구 57-27,010-4903-4524,뜨개질
15534,전명숙,64,부산광역시 해운대구 618-38,010-3341-5689,캔들 만들기
15535,권영자,71,부산광역시 강서구 322-62,010-2286-4759,DIY
15536,신지원,42,경상남도 진주시 544-83,010-7998-5311,보드게임
15537,정정희,70,경상북도 포항시 563-98,010-7241-5755,모바일 게임 개발
15538,박정숙,51,대구광역시 수성구 63-35,010-5578-4788,독서
15539,오순희,78,전라북도 익산시 818-19,010-6962-8108,게임
15540,장지민,46,부산광역시 강서구 694-55,010-7350-5478,피크닉
15541,김춘식,73,광주광역시 동구 493-63,010-7547-7287,등산
15542,안춘자,46,광주광역시 남구 762-69,010-9650-6756,캘리그라피
15543,권은숙,62,경상북도 김천시 882-80,010-9599-3399,콜라주 아트
15544,이순영,54,경기도 안양시 만안구 219-62,010-3028-5808,등산
15545,한정순,42,경상북도 경주시 683-49,010-7390-3785,배드민턴
15546,정정우,43,인천광역시 계양구 643-19,010-2670-2101,스크래치 프로그램 만들기
15547,서춘자,34,인천광역시 연수구 799-18,010-2947-6528,펜팔
15548,최하율,32,강원도 삼척시 421-8,010-1312-4749,집콕 놀이
15549,조지후,21,서울특별시 성동구 697-11,010-5570-8716,집콕 놀이
15550,이성민,61,서울특별시 송파구 764-14,010-2485-3372,게임
15551,홍서연,29,서울특별시 강북구 152-72,010-6265-3792,헬스
15552,임영자,75,부산광역시 사상구 268-65,010-5393-7579,벽화 그리기
15553,김경자,20,김해시 장유동 121-52,010-4638-8869,책 클럽
15554,조하연,60,광주광역시 서구 744-73,010-9101-2987,보드게임
15555,송형민,73,울산광역시 동구 766-28,010-9541-9105,코딩
15556,윤유진,77,부산광역시 서구 971-1,010-9535-3004,디지털 콘텐츠 제작
15557,신성호,49,경기도 안산시 단원구 893-54,010-1691-9486,비즈 공예
15558,오말순,78,충청북도 청주시 75-82,010-5147-9611,게임 방송
15559,윤성호,55,부산광역시 연제구 631-98,010-3952-5311,펜팔
15560,권창수,72,부산광역시 사상구 506-51,010-6772-2558,자전거 타기
15561,장정우,63,경상남도 밀양시 831-9,010-9945-6612,스트리밍
15562,조정호,75,인천광역시 연수구 975-16,010-6999-7825,펜팔
15563,황순자,59,인천광역시 서구 689-8,010-1703-8775,캘리그라피
15564,이복희,42,경기도 성남시 분당구 930-44,010-7468-7251,디지털 일러스트
15565,송수아,75,전라남도 목포시 644-9,010-2129-1335,자전거 타기
15566,권시우,41,경기도 시흥시 573-85,010-3835-2883,웹툰 그리기
15567,박영호,57,세종특별자치시 아름동 61-96,010-4658-3735,모바일 촬영
15568,강창수,37,부산광역시 부산진구 500-98,010-4219-9416,디지털 사진 전시
15569,송복희,53,서울특별시 노원구 375-33,010-9364-9528,일기 쓰기
15570,박종순,22,경기도 안산시 단원구 860-30,010-9628-3147,캘리그라피
15571,임미영,44,강원도 양양군 996-37,010-9739-6830,디지털 사진 전시
15572,송민수,78,광주광역시 동구 427-24,010-8519-1267,펜팔
15573,이혜숙,31,인천광역시 계양구 398-37,010-6954-9376,시뮬레이션 게임
15574,오예린,30,경기도 성남시 분당구 652-29,010-3972-1859,드로잉
15575,조주원,54,경기도 평택시 691-92,010-2428-6891,VR 게임
15576,윤경수,36,경기도 의정부시 879-48,010-9287-3272,낚시
15577,최세아,69,부산광역시 부산진구 694-16,010-8822-4832,스트리밍
15578,강우진,56,대구광역시 중구 357-38,010-5190-1683,헬로윈 파티 준비
15579,정유진,79,서울특별시 금천구 895-10,010-8597-2579,사진편집
15580,송은채,69,세종특별자치시 한솔동 887-64,010-6572-8651,스트리트 댄스
15581,오로운,69,서울특별시 종로구 920-48,010-6625-3748,캠핑
15582,박지호,32,광주광역시 서구 796-54,010-4794-5185,모바일 게임 개발
15583,한영호,24,부산광역시 동래구 838-74,010-1837-1326,모바일 촬영
15584,조미영,57,서울특별시 도봉구 333-82,010-6334-4772,모바일 게임 개발
15585,신복자,25,대구광역시 동구 213-66,010-2702-1621,수채화 그리기
15586,안하율,79,서울특별시 용산구 293-96,010-5346-1120,테니스
15587,윤소율,67,부천시 원미구 중동 785-12,010-5336-7178,캔들 만들기
15588,송재호,50,광주광역시 서구 692-19,010-2681-7663,보드게임
15589,최태현,51,경상북도 경주시 439-87,010-4301-9190,일기 쓰기
15590,안철수,66,경상북도 경주시 855-5,010-6645-7427,운동
15591,오철수,70,강원도 춘천시 163-75,010-7361-9604,디지털 일러스트
15592,윤경수,31,서울특별시 도봉구 917-46,010-2608-1834,비즈 공예
15593,강경수,57,충청북도 청주시 823-41,010-4435-1630,골프
15594,홍경수,47,서울특별시 강동구 886-44,010-4827-9258,스트리밍
15595,장정자,45,대전광역시 대덕구 373-92,010-2145-4787,시뮬레이션 게임
15596,강소율,27,대전광역시 대덕구 123-19,010-9785-8228,낚시
15597,장종수,21,경상북도 안동시 684-15,010-4408-1807,스크래치 프로그램 만들기
15598,전나윤,41,전라남도 목포시 226-35,010-5985-2517,펜팔
15599,한경수,20,충청남도 논산시 622-28,010-6448-5398,스키
15600,오정순,68,인천광역시 부평구 855-4,010-8818-6547,퍼즐 맞추기
15601,이창수,70,부천시 상동 581-72,010-5970-8461,음악감상
15602,이현진,74,제주시 연동 580-72,010-5375-3111,요리
15603,이민수,76,경상남도 창녕군 288-14,010-9163-5512,피크닉
15604,전지후,74,세종특별자치시 도담동 419-39,010-1524-1277,스트리트 댄스
15605,박현진,43,경상북도 김천시 32-62,010-3465-2377,낚시
15606,안건우,55,부산광역시 사하구 129-60,010-4415-2822,마인드맵 만들기
15607,홍춘식,53,강원도 원주시 348-14,010-6757-5290,스트리밍
15608,전옥희,21,전라남도 광양시 43-27,010-5574-1707,운동
15609,임다은,60,서울특별시 도봉구 290-64,010-5475-1207,피크닉
15610,박하연,42,전라남도 순천시 766-44,010-2936-2185,펜팔
15611,홍예은,40,전라남도 순천시 600-89,010-3457-5761,피크닉
15612,송민준,46,인천광역시 중구 535-14,010-5445-6106,캘리그라피
15613,권하은,79,경기도 수원시 팔달구 138-93,010-9915-3238,콜라주 아트
15614,한윤호,55,경기도 용인시 처인구 184-39,010-7499-5778,요가
15615,이서연,65,경기도 용인시 기흥구 2-1,010-5048-4977,펜팔
15616,임철수,56,울산광역시 울주군 250-32,010-4145-9842,게임 방송
15617,이형민,25,제주시 오라동 195-3,010-9852-6576,보드게임
15618,오정희,73,경기도 용인시 수지구 18-49,010-3636-2998,수영
15619,최서연,72,경기도 오산시 635-29,010-4039-6913,펜팔
15620,장하은,69,강원도 삼척시 583-85,010-9242-6668,DIY
15621,박현우,24,울산광역시 남구 285-35,010-5747-8626,DIY
15622,박하진,42,경상남도 진주시 297-91,010-4588-6386,콜라주 아트
15623,임복희,35,제주시 신제주 650-64,010-3076-9799,일기 쓰기
15624,권다온,77,부산광역시 사하구 625-43,010-2396-6174,플로리스트
15625,신지후,67,경상북도 구미시 775-22,010-1165-5021,드로잉
15626,윤예린,42,경상남도 김해시 211-89,010-3701-6551,책 클럽
15627,안순자,36,경기도 용인시 처인구 88-34,010-5569-1862,VR 게임
15628,조하진,25,경상남도 창원시 596-96,010-5623-3897,도예
15629,박미영,44,충청남도 천안시 420-6,010-3614-9676,요가
15630,이세호,36,경기도 안양시 동안구 226-66,010-8607-4103,운동
15631,장예린,49,서울특별시 양천구 920-97,010-3817-3606,스트리트 댄스
15632,윤지한,74,인천광역시 연수구 696-0,010-6204-4135,애니메이션 제작
15633,안민준,41,제주시 노형동 830-82,010-6419-1808,게임 방송
15634,이정순,33,강원도 홍천군 161-8,010-6714-6041,등산
15635,최미영,71,울산광역시 울주군 636-18,010-2490-5116,게임 방송
15636,장춘자,71,서울특별시 중랑구 176-4,010-1812-7734,스키
15637,서세아,39,부산광역시 사하구 695-32,010-4408-2730,수채화 그리기
15638,이민서,33,서울특별시 양천구 469-24,010-1156-9467,스크래치 프로그램 만들기
15639,홍춘식,43,전라남도 나주시는 75-12,010-4179-4779,책 클럽
15640,전지한,42,서울특별시 마포구 876-5,010-5818-9985,헬스
15641,안우진,31,인천광역시 계양구 276-32,010-2269-3199,사진촬영
15642,서채은,71,대구광역시 서구 140-57,010-3869-1991,비즈 공예
15643,최찬우,30,경상남도 통영시 465-92,010-5463-6459,비즈 공예
15644,안만수,55,강원도 동해시 247-50,010-5227-9024,DIY
15645,서광호,69,서울특별시 용산구 908-44,010-1414-5290,스트리밍
15646,임하진,20,경상남도 통영시 838-87,010-2168-5176,등산
15647,강영일,64,경상남도 거제시 570-18,010-5881-5448,비즈 공예
15648,서도윤,53,서울특별시 양천구 867-96,010-5467-5294,디지털 아트
15649,송상호,70,대구광역시 달성군 628-42,010-6370-5709,사진편집
15650,권남수,39,제주시 이도이동 519-96,010-9115-5758,운동
15651,이정순,71,강원도 원주시 473-46,010-4225-8540,애니메이션 제작
15652,오은우,27,충청북도 청주시 310-60,010-9555-9274,보드게임
15653,송순영,68,강원도 태백시 47-71,010-9774-5450,헬로윈 파티 준비
15654,이로운,24,서울특별시 노원구 338-1,010-6593-2671,요리
15655,한예린,65,경기도 화성시 927-6,010-2735-4776,펜팔
15656,전은채,42,경기도 시흥시 558-74,010-7913-3673,낚시
15657,박지우,65,대전광역시 동구 402-46,010-5737-6784,웹서핑
15658,송춘자,30,충청남도 아산시 682-39,010-5839-7711,스트리밍
15659,조승호,55,경기도 안산시 단원구 395-11,010-9079-8576,수채화 그리기
15660,전춘자,28,전라남도 광양시 597-77,010-7319-5819,영화감상
15661,강지후,24,인천광역시 서구 920-14,010-1753-5880,운동
15662,전철수,25,부천시 상동 343-41,010-2485-2410,벽화 그리기
15663,권준서,51,부산광역시 수영구 96-97,010-3645-1374,뜨개질
15664,황하율,68,김해시 장유동 832-50,010-7248-1524,스포츠 카드 수집
15665,한예린,55,경기도 안양시 동안구 794-56,010-6215-6874,VR 게임
15666,송영희,52,경기도 화성시 463-23,010-4967-6241,봉사활동
15667,최태현,41,부산광역시 동구 9-20,010-5081-7682,비즈 공예
15668,권명자,39,부산광역시 사상구 321-36,010-6071-4157,음악감상
15669,권정희,42,부천시 원미구 중동 913-7,010-3480-9842,유튜브 보기
15670,서성민,32,부산광역시 연제구 78-69,010-1947-5338,애니메이션 제작
15671,최숙자,69,충청북도 청주시 118-1,010-4309-9167,비즈 공예
15672,정말옥,54,인천광역시 중구 473-44,010-5409-1194,자전거 타기
15673,송성민,30,충청남도 아산시 879-74,010-6181-8216,책 클럽
15674,장영희,77,서울특별시 은평구 472-31,010-3765-1428,드로잉
15675,전진숙,36,대구광역시 달성군 861-47,010-4958-5135,골프
15676,권주원,57,서울특별시 서초구 830-82,010-5990-4847,골프
15677,정서아,61,대전광역시 유성구 614-70,010-4932-3208,펜팔
15678,정상민,72,서울특별시 강동구 394-8,010-8336-7659,배드민턴
15679,오상민,52,강원도 강릉시 494-42,010-6881-5835,영화감상
15680,최다온,79,광주광역시 동구 957-18,010-1635-9846,피크닉
15681,안시우,45,대구광역시 북구 298-83,010-2287-2726,드로잉
15682,김성호,73,김해시 장유동 122-40,010-5743-4103,운동
15683,조지호,53,경상북도 경주시 479-31,010-4575-1141,뜨개질
15684,권현진,27,제주시 연동 62-14,010-6962-2803,스트리트 댄스
15685,정순영,72,전라남도 나주시는 361-51,010-9724-6589,캔들 만들기
15686,한현진,46,경상남도 밀양시 845-68,010-6476-2491,플라워 아트
15687,전기영,22,대전광역시 대덕구 454-89,010-1699-5112,등산
15688,서하연,67,경기도 화성시 970-34,010-8861-6411,캠핑
15689,정동수,55,광주광역시 북구 847-32,010-9894-8504,웹툰 그리기
15690,신숙자,60,경기도 안양시 만안구 555-16,010-3111-8619,드로잉
15691,조은채,63,강원도 동해시 82-5,010-2722-5746,영화감상
15692,전현서,31,세종특별자치시 한솔동 696-70,010-2680-6848,영화 제작
15693,정준호,73,대구광역시 북구 283-48,010-2667-5090,카페 투어
15694,황상민,66,세종특별자치시 한솔동 275-9,010-5675-2230,코딩
15695,장승호,55,경상남도 통영시 714-66,010-1603-7647,펜팔
15696,윤서진,32,경기도 고양시 일산동구 602-73,010-4982-9809,피크닉
15697,장서연,58,울산광역시 동구 172-4,010-3614-6155,뜨개질
15698,이도윤,35,서울특별시 은평구 278-34,010-6268-3190,스포츠 카드 수집
15699,장성자,25,경기도 안양시 동안구 998-86,010-4008-4792,일기 쓰기
15700,이병호,45,대전광역시 대덕구 607-61,010-3070-5434,배드민턴
15701,서건우,35,부산광역시 동구 41-26,010-8439-8626,드로잉
15702,서유하,63,세종특별자치시 한솔동 483-24,010-7204-4541,웹서핑
15703,송지호,63,광주광역시 광산구 548-44,010-3020-9493,카페 투어
15704,정찬우,66,경기도 성남시 수정구 648-70,010-8901-9103,자원봉사
15705,황성민,25,경기도 고양시 덕양구 956-71,010-4561-4018,게임
15706,박시윤,57,전라남도 목포시 681-54,010-9287-6697,수영
15707,한도윤,43,대전광역시 서구 991-78,010-1391-4032,자전거 타기
15708,권춘식,66,경기도 군포시 18-24,010-9583-5917,수영
15709,최미영,62,성남시 분당구 정자동 662-13,010-1804-6031,배우기
15710,조창수,23,인천광역시 계양구 209-87,010-9813-6298,봉사활동
15711,한병호,62,대구광역시 달성군 154-33,010-5847-6163,독서
15712,신채원,39,인천광역시 남동구 620-95,010-5377-6435,디지털 사진 전시
15713,윤예준,22,경상남도 양산시 614-51,010-8546-1377,봉사활동
15714,황유진,47,부산광역시 서구 76-14,010-3135-2986,유튜브 보기
15715,한지한,77,서울특별시 동대문구 259-48,010-2480-2571,스트리트 댄스
15716,전우진,49,광주광역시 서구 153-25,010-2658-2710,명상
15717,황정자,78,대구광역시 동구 93-94,010-9774-1940,요리
15718,윤성호,53,인천광역시 남동구 411-21,010-4789-1541,골프
15719,신예은,70,서울특별시 도봉구 912-50,010-2119-1006,웹서핑
15720,김소율,27,경상남도 창원시 645-77,010-6643-9380,스키
15721,안기석,21,대구광역시 중구 876-22,010-4899-2118,배드민턴
15722,윤은숙,33,대전광역시 중구 412-73,010-7974-2027,음악감상
15723,조은채,31,인천광역시 동구 960-88,010-6186-8035,비즈 공예
15724,안우진,54,경상남도 진주시 588-95,010-1130-6746,봉사활동
15725,조명자,32,서울특별시 마포구 825-85,010-6259-4249,스크래치 프로그램 만들기
15726,홍호철,25,서울특별시 강남구 444-2,010-1200-6146,디지털 아트
15727,정순희,45,서울특별시 중구 364-86,010-6619-1296,스포츠 카드 수집
15728,전성호,25,전라북도 군산시 65-51,010-7366-1768,여행
15729,신종순,23,대전광역시 대덕구 486-57,010-9320-2730,모바일 촬영
15730,조성민,54,경기도 광명시 116-94,010-6410-8705,유튜브 보기
15731,오광호,35,제주시 아라동 226-76,010-1910-1344,벽화 그리기
15732,안말순,25,전라남도 여수시 711-13,010-3888-1284,유튜브 보기
15733,한유하,56,울산광역시 중구 449-96,010-5111-2962,디지털 콘텐츠 제작
15734,정영일,31,경기도 수원시 장안구 337-7,010-5383-4897,비즈 공예
15735,한준서,76,강원도 평창군 262-49,010-5512-5957,스크래치 프로그램 만들기
15736,조말자,76,울산광역시 남구 745-63,010-6238-1462,벽화 그리기
15737,전다빈,76,대구광역시 서구 586-26,010-5514-1485,여행
15738,강혜숙,31,광주광역시 남구 412-51,010-5221-8637,펜팔
15739,신은우,63,광주광역시 광산구 478-15,010-5153-3235,스포츠 카드 수집
15740,조찬우,21,경기도 수원시 팔달구 469-98,010-3468-9108,모바일 촬영
15741,안옥희,36,서울특별시 성동구 485-86,010-1501-1840,낚시
15742,임시우,65,강원도 원주시 568-3,010-9373-1653,영화 제작
15743,이채은,21,경기도 성남시 분당구 149-97,010-4836-9151,자전거 타기
15744,홍옥희,44,경상북도 김천시 679-89,010-1886-1982,스트리트 댄스
15745,서승호,45,충청남도 공주시 612-86,010-8613-1535,DIY
15746,전남수,29,인천광역시 서구 756-86,010-7725-4926,도예
15747,임말순,72,성남시 분당구 정자동 842-58,010-4437-2231,패션
15748,황지율,46,인천광역시 부평구 221-83,010-8608-8979,뜨개질
15749,홍성자,31,서울특별시 종로구 928-93,010-3701-6135,모바일 게임 개발
15750,신정순,44,서울특별시 서대문구 149-65,010-4891-4846,요가
15751,전정숙,38,경기도 성남시 분당구 213-70,010-1403-2658,모바일 촬영
15752,신지민,38,부산광역시 서구 484-13,010-6048-7092,명상
15753,송서아,31,부산광역시 강서구 82-77,010-3466-5216,VR 게임
15754,안하연,26,인천광역시 미추홀구 358-4,010-7772-6398,수채화 그리기
15755,신만수,40,경기도 평택시 667-37,010-5800-7419,디지털 일러스트
15756,조성호,77,제주시 연동 693-84,010-1638-7800,게임 방송
15757,안혜숙,67,제주시 아라동 693-73,010-2032-7038,디지털 아트
15758,임영호,67,서울특별시 중랑구 397-34,010-5125-2999,VR 게임
15759,김서진,56,경상남도 거제시 262-91,010-1646-3121,스포츠 카드 수집
15760,임민수,71,서울특별시 강동구 806-24,010-1289-1160,벽화 그리기
15761,강영일,74,대전광역시 중구 683-74,010-1486-2265,캠핑
15762,조호철,60,경상북도 안동시 15-87,010-6304-6313,시뮬레이션 게임
15763,정순자,45,대구광역시 중구 931-51,010-9140-4009,테니스
15764,김재훈,40,경기도 평택시 36-35,010-5917-1261,낚시
15765,조민수,32,경상북도 구미시 942-0,010-7454-2770,게임 방송
15766,권태윤,72,전라남도 나주시는 219-15,010-3907-1329,명상
15767,강정우,41,대전광역시 서구 582-71,010-3936-4687,운동
15768,안윤서,62,대구광역시 서구 433-66,010-7362-6009,디지털 사진 전시
15769,강말옥,27,제주시 이도이동 871-59,010-5128-1152,요리
15770,장정희,35,서울특별시 광진구 633-76,010-2701-3265,DIY
15771,오영자,27,성남시 분당구 정자동 571-73,010-2277-2074,캘리그라피
15772,권지후,23,성남시 분당구 정자동 166-41,010-1352-6659,집콕 놀이
15773,윤상민,71,서울특별시 성동구 939-74,010-3097-9915,VR 게임
15774,정로운,49,강원도 태백시 283-11,010-4297-3613,디지털 일러스트
15775,송다은,22,경기도 안양시 동안구 708-92,010-6231-5447,비즈 공예
15776,안정자,50,인천광역시 미추홀구 484-21,010-3513-7549,스포츠 카드 수집
15777,강춘희,27,대구광역시 달서구 952-60,010-1631-1728,카페 투어
15778,송은우,42,서울특별시 강서구 864-62,010-6599-2852,스포츠 카드 수집
15779,박시우,54,대구광역시 동구 88-19,010-1582-5368,드로잉
15780,장병호,48,제주시 신제주 832-88,010-5094-7962,콜라주 아트
15781,홍수아,40,서울특별시 성북구 585-18,010-8344-7078,테니스
15782,서연희,73,인천광역시 연수구 101-91,010-2808-1150,수채화 그리기
15783,권민준,30,경상북도 포항시 688-77,010-6289-3125,영화 제작
15784,서성자,73,부천시 원미구 중동 718-15,010-8102-7203,수영
15785,윤명훈,29,김해시 장유동 79-81,010-3754-7742,봉사활동
15786,박예린,26,부산광역시 동래구 826-30,010-7200-7532,필라테스
15787,임태수,61,세종특별자치시 아름동 664-18,010-5996-3418,캠핑
15788,송건우,36,대전광역시 서구 159-73,010-4947-4433,스포츠 카드 수집
15789,송현서,24,충청남도 논산시 654-34,010-1860-5873,DIY
15790,윤윤서,76,울산광역시 울주군 8-9,010-4946-6421,마인드맵 만들기
15791,한주아,21,경기도 의정부시 446-58,010-3428-3850,자원봉사
15792,황영자,79,부산광역시 영도구 141-89,010-9102-4961,수영
15793,신병호,24,경기도 광주시 338-30,010-6014-5846,스포츠 카드 수집
15794,조상호,31,강원도 태백시 337-36,010-3680-9879,배우기
15795,황기영,28,서울특별시 동작구 184-67,010-2689-2540,디지털 아트
15796,서춘희,61,인천광역시 계양구 506-80,010-5093-7748,영화 제작
15797,서준서,79,전라북도 군산시 943-84,010-4958-7402,낚시
15798,송승호,54,서울특별시 구로구 832-36,010-1473-5242,독서
15799,조채은,25,경기도 안양시 만안구 53-15,010-3004-5508,봉사활동
15800,장은채,60,대구광역시 중구 503-81,010-7611-6390,명상
15801,서현우,78,서울특별시 종로구 941-18,010-3636-9372,헬로윈 파티 준비
15802,송민수,60,충청북도 충주시 38-25,010-8984-7237,캠핑
15803,한지후,67,인천광역시 남동구 345-73,010-8434-3492,로봇 공학
15804,박춘자,54,인천광역시 연수구 417-93,010-2552-8105,시뮬레이션 게임
15805,서정순,67,경기도 광명시 108-38,010-4959-8040,패션
15806,홍서준,21,강원도 태백시 686-54,010-7601-2554,등산
15807,조지우,53,충청남도 공주시 484-18,010-8369-3860,생활 해킹
15808,조다은,25,인천광역시 남동구 705-66,010-4074-3490,모바일 게임 개발
15809,전기석,22,부산광역시 부산진구 121-56,010-2424-3067,영화 제작
15810,안현철,75,경상남도 창원시 624-78,010-6734-6404,영화 제작
15811,송연희,78,부산광역시 연제구 672-83,010-4994-7470,일기 쓰기
15812,강정우,45,부산광역시 사상구 874-47,010-6939-5843,뜨개질
15813,최종수,75,부산광역시 영도구 996-3,010-3142-2640,캠핑
15814,송말옥,50,강원도 평창군 233-78,010-3834-6524,스크래치 프로그램 만들기
15815,전시헌,53,충청북도 충주시 697-48,010-4695-6462,스트리밍
15816,안태윤,51,서울특별시 광진구 302-14,010-4988-4657,패션
15817,박도윤,79,경상남도 거제시 311-42,010-4139-7994,캘리그라피
15818,강영일,39,대구광역시 북구 373-12,010-3844-2175,펜팔
15819,안윤서,71,대구광역시 달서구 639-97,010-3453-6329,스크래치 프로그램 만들기
15820,홍지원,52,인천광역시 부평구 854-10,010-9649-2599,로봇 공학
15821,임영수,29,울산광역시 북구 306-61,010-2142-3138,보드게임
15822,정상호,24,세종특별자치시 아름동 269-10,010-6431-7299,캠핑
15823,김수빈,35,부산광역시 사상구 584-11,010-2732-9140,헬로윈 파티 준비
15824,이재영,48,부산광역시 중구 302-5,010-5782-7827,캠핑
15825,정태윤,51,부산광역시 사하구 446-26,010-2186-8146,스키
15826,이기석,77,울산광역시 북구 371-94,010-6456-4978,펜팔
15827,김하윤,27,경기도 성남시 분당구 478-75,010-1422-5768,사진편집
15828,전영호,56,대구광역시 달성군 774-14,010-2361-3729,운동
15829,정예은,69,세종특별자치시 조치원읍 907-78,010-3014-4249,스트리트 댄스
15830,임민수,33,대구광역시 남구 5-35,010-6746-8535,스트리밍
15831,박동수,29,서울특별시 강서구 846-26,010-5221-5867,코딩
15832,한준서,36,경기도 시흥시 472-69,010-2481-1239,스포츠 카드 수집
15833,오영수,69,충청남도 논산시 151-68,010-6556-4153,봉사활동
15834,윤말옥,72,부산광역시 수영구 845-20,010-2982-3848,헬스
15835,안수빈,65,서울특별시 구로구 299-30,010-5937-6442,요가
15836,조연희,73,강원도 홍천군 254-11,010-2398-2888,집콕 놀이
15837,서수빈,72,경기도 오산시 896-2,010-7287-4503,웹서핑
15838,안유진,51,광주광역시 동구 438-61,010-3037-2107,독서
15839,최윤호,41,부산광역시 사하구 156-23,010-9914-6893,헬로윈 파티 준비
15840,한명숙,22,경기도 용인시 기흥구 745-64,010-4010-3835,캠핑
15841,박나윤,60,부천시 원미구 중동 226-86,010-7336-8554,테니스
15842,황복희,72,인천광역시 연수구 985-9,010-6153-4789,수채화 그리기
15843,전정자,32,전라북도 익산시 104-4,010-4626-7642,헬스
15844,안민서,37,경기도 광명시 963-78,010-8816-1638,스크래치 프로그램 만들기
15845,서현서,70,세종특별자치시 도담동 929-58,010-2137-3199,피크닉
15846,전복희,68,서울특별시 구로구 635-86,010-7770-2760,낚시
15847,황순영,64,경상북도 포항시 224-7,010-2173-2117,등산
15848,신희정,32,경상남도 거제시 916-1,010-1283-1774,시뮬레이션 게임
15849,홍준호,69,부산광역시 북구 842-86,010-3213-9386,패션
15850,임채은,39,강원도 양양군 877-43,010-6870-1940,캘리그라피
15851,안다은,57,경기도 수원시 장안구 103-39,010-4652-9527,일기 쓰기
15852,안진숙,69,부산광역시 해운대구 973-53,010-4577-3617,골프
15853,황정호,60,경기도 광명시 267-20,010-6878-7256,디지털 일러스트
15854,안정숙,66,부천시 원미구 중동 507-8,010-9852-6545,헬로윈 파티 준비
15855,홍숙자,39,경기도 안산시 상록구 564-23,010-6815-6110,시뮬레이션 게임
15856,권정호,59,충청남도 아산시 850-91,010-1768-1399,캔들 만들기
15857,오세호,41,인천광역시 서구 433-81,010-4104-8957,웹서핑
15858,조다은,43,대구광역시 수성구 530-53,010-4602-7523,배드민턴
15859,윤지율,75,서울특별시 도봉구 130-26,010-5610-3765,보드게임
15860,최병호,50,서울특별시 양천구 19-5,010-4816-4253,시뮬레이션 게임
15861,정민서,46,경상남도 사천시 308-73,010-3773-2905,독서
15862,박정호,36,대구광역시 달서구 290-68,010-4891-9198,디지털 일러스트
15863,전춘자,53,울산광역시 남구 758-3,010-2579-5213,미술관 관람
15864,박진호,56,경기도 군포시 183-48,010-4930-4171,디지털 아트
15865,황숙자,25,서울특별시 용산구 678-0,010-5554-5319,모바일 게임 개발
15866,서성민,33,서울특별시 강동구 800-24,010-8654-6034,디지털 아트
15867,윤태현,30,서울특별시 서대문구 157-52,010-9274-1954,카페 투어
15868,전춘식,28,강원도 태백시 237-52,010-3065-9975,디지털 일러스트
15869,권경수,34,제주시 연동 639-70,010-2417-5327,스크래치 프로그램 만들기
15870,조서진,36,부천시 상동 723-44,010-1629-6233,배드민턴
15871,임희정,51,전라남도 목포시 623-3,010-4785-1746,드로잉
15872,박영호,52,경기도 고양시 덕양구 325-12,010-3224-2298,시뮬레이션 게임
15873,이정자,35,대구광역시 달서구 5-83,010-1391-5771,요리
15874,오철수,61,부산광역시 수영구 625-57,010-4074-3928,플로리스트
15875,정말옥,57,경상북도 경주시 513-29,010-2069-3530,애니메이션 제작
15876,오주원,63,충청남도 천안시 637-7,010-4636-8427,집콕 놀이
15877,송주영,44,충청북도 진천군 972-66,010-3896-2097,피크닉
15878,송하진,79,울산광역시 울주군 923-60,010-3151-2212,카페 투어
15879,안나윤,54,부산광역시 기장군 77-20,010-6692-6699,DIY
15880,신도윤,41,광주광역시 북구 965-23,010-3561-6162,게임 방송
15881,송수아,24,서울특별시 강북구 167-64,010-3016-8224,골프
15882,송우진,64,경기도 용인시 기흥구 150-50,010-6103-8854,책 클럽
15883,황준서,64,경기도 고양시 일산동구 194-2,010-9016-1700,게임
15884,윤다온,45,세종특별자치시 아름동 40-67,010-5946-4175,스트리트 댄스
15885,홍상호,51,제주시 연동 181-46,010-3204-3853,생활 해킹
15886,최재훈,36,부산광역시 연제구 566-55,010-1680-6096,수영
15887,박유하,33,서울특별시 강북구 502-13,010-5260-3273,헬로윈 파티 준비
15888,홍형민,62,서울특별시 동대문구 273-23,010-1196-7763,카페 투어
15889,안로운,64,경상남도 거제시 544-39,010-6250-9958,디지털 사진 전시
15890,조하진,73,서울특별시 종로구 151-34,010-1508-5137,여행
15891,황현서,43,경상남도 창원시 684-66,010-5934-2451,웹서핑
15892,조영자,37,대구광역시 동구 538-36,010-4027-8198,배우기
15893,안종수,30,경상남도 통영시 46-39,010-7293-6768,등산
15894,정재훈,33,인천광역시 서구 167-72,010-3279-1175,등산
15895,박영호,68,서울특별시 광진구 611-89,010-2861-3152,스포츠 카드 수집
15896,윤광호,63,대전광역시 대덕구 3-98,010-6848-2713,플로리스트
15897,이재호,44,강원도 원주시 329-24,010-4045-1118,수채화 그리기
15898,박재호,60,경상남도 통영시 970-32,010-3618-1676,영화 제작
15899,조정호,41,강원도 속초시 70-51,010-6036-3374,수채화 그리기
15900,송미영,60,경기도 화성시 48-89,010-5970-7702,캘리그라피
15901,홍서연,29,충청남도 공주시 94-15,010-5749-5274,보드게임
15902,장태수,20,경상남도 김해시 851-97,010-6368-5844,스트리트 댄스
15903,안수빈,70,제주시 이도이동 616-1,010-9158-6011,로봇 공학
15904,한명숙,75,인천광역시 남동구 494-68,010-4316-1110,플로리스트
15905,홍서연,41,서울특별시 성동구 417-0,010-5829-2191,수영
15906,한형민,78,서울특별시 도봉구 143-66,010-5527-4076,테니스
15907,정나윤,41,부산광역시 동래구 254-2,010-7324-6793,필라테스
15908,황윤서,31,경기도 안양시 만안구 760-70,010-4159-4426,보드게임
15909,박건우,68,제주시 노형동 537-80,010-4891-1951,뜨개질
15910,정서아,79,부산광역시 영도구 39-30,010-3251-3485,사진편집
15911,김정숙,48,서울특별시 노원구 690-7,010-5316-2815,콜라주 아트
15912,권도윤,61,경상남도 김해시 979-92,010-7024-2573,수영
15913,김성민,74,서울특별시 송파구 1-47,010-2572-9162,피크닉
15914,김상호,51,광주광역시 서구 118-96,010-8719-6347,캘리그라피
15915,강다은,72,대전광역시 중구 871-43,010-6378-2849,도예
15916,임윤호,22,서울특별시 관악구 497-29,010-7980-3489,자전거 타기
15917,박춘희,52,서울특별시 강북구 119-51,010-2016-2591,수영
15918,임민서,76,서울특별시 금천구 621-90,010-1429-8912,일기 쓰기
15919,홍지우,60,인천광역시 계양구 936-46,010-4140-6067,스크래치 프로그램 만들기
15920,안시우,71,강원도 속초시 182-37,010-5826-9992,헬스
15921,임복희,62,강원도 춘천시 454-64,010-5854-6415,캠핑
15922,박지한,42,대전광역시 대덕구 296-97,010-6382-6781,미술관 관람
15923,조소율,33,강원도 홍천군 108-39,010-1482-3059,책 클럽
15924,장세호,72,전라남도 광양시 362-98,010-7408-6581,스트리트 댄스
15925,서시헌,70,서울특별시 중구 647-14,010-3925-2903,시뮬레이션 게임
15926,홍수빈,38,부산광역시 사상구 238-68,010-3085-5739,플로리스트
15927,서순희,75,경기도 안양시 동안구 849-73,010-5876-2686,플라워 아트
15928,전복희,46,강원도 강릉시 424-60,010-3515-5147,수영
15929,안민수,43,세종특별자치시 도담동 930-71,010-5660-6149,명상
15930,최진호,45,부산광역시 사하구 751-72,010-3376-3222,디지털 사진 전시
15931,오윤서,64,경기도 고양시 덕양구 610-31,010-3760-4590,낚시
15932,윤세호,24,경기도 성남시 수정구 294-4,010-7144-9701,게임 방송
15933,전성민,61,충청남도 천안시 40-80,010-8211-9070,수영
15934,황채원,66,울산광역시 남구 856-3,010-3215-6947,카페 투어
15935,장은우,51,전라남도 목포시 685-4,010-1003-6513,마인드맵 만들기
15936,이진숙,28,인천광역시 중구 226-46,010-7511-6647,사진편집
15937,안하율,37,전라북도 익산시 49-12,010-9338-7174,웹툰 그리기
15938,송다온,70,충청북도 진천군 463-12,010-8434-4202,필라테스
15939,강태윤,79,제주시 신제주 708-65,010-6030-8932,플라워 아트
15940,윤정호,25,서울특별시 송파구 122-13,010-3457-8915,플라워 아트
15941,윤하연,64,서울특별시 동작구 263-26,010-6657-6345,봉사활동
15942,신정자,75,서울특별시 강서구 447-10,010-1076-2982,자원봉사
15943,권명훈,61,강원도 원주시 723-30,010-7364-4161,영화 제작
15944,장도윤,68,강원도 태백시 13-76,010-3800-2280,DIY
15945,신창수,61,경기도 수원시 장안구 85-30,010-1818-3977,보드게임
15946,정지한,79,강원도 동해시 440-78,010-6478-4955,봉사활동
15947,서영수,72,서울특별시 영등포구 925-17,010-1442-7749,애니메이션 제작
15948,한세아,71,전라남도 목포시 915-24,010-3447-5143,캠핑
15949,오영자,70,충청북도 충주시 575-14,010-3114-5799,자원봉사
15950,강시헌,43,대구광역시 수성구 167-38,010-8345-6744,캘리그라피
15951,정춘희,76,울산광역시 울주군 234-35,010-1551-4630,스트리밍
15952,장서연,22,전라남도 순천시 512-30,010-1419-6838,일기 쓰기
15953,송혜숙,66,제주시 신제주 260-44,010-1062-4478,유튜브 보기
15954,한다온,76,서울특별시 노원구 154-34,010-9090-5359,스키
15955,조광호,41,광주광역시 광산구 595-85,010-9445-8596,헬로윈 파티 준비
15956,최태현,28,인천광역시 미추홀구 240-91,010-6153-1946,플라워 아트
15957,신지후,68,대전광역시 동구 64-9,010-9621-8181,모바일 촬영
15958,오현철,36,대구광역시 달성군 632-61,010-6452-6650,집콕 놀이
15959,정성민,29,경상남도 진주시 746-92,010-6687-3047,마인드맵 만들기
15960,권은숙,44,제주시 아라동 464-30,010-1209-5200,웹서핑
15961,정하람,59,인천광역시 계양구 339-98,010-5945-7365,명상
15962,조현철,23,전라남도 나주시는 461-9,010-8017-6367,낚시
15963,장말자,55,서울특별시 서대문구 179-91,010-1085-1264,사진편집
15964,김시윤,29,경기도 광명시 110-85,010-4395-3740,캔들 만들기
15965,윤유하,31,대구광역시 수성구 87-83,010-1171-6252,자전거 타기
15966,임민서,28,경기도 성남시 분당구 98-24,010-2170-5038,모바일 촬영
15967,조지원,41,대전광역시 대덕구 409-49,010-1077-8931,패션
15968,김정자,70,대구광역시 동구 620-24,010-6032-3573,스크래치 프로그램 만들기
15969,조서준,58,서울특별시 은평구 110-17,010-9823-5664,테니스
15970,신주영,55,울산광역시 북구 836-4,010-1065-9145,디지털 일러스트
15971,강예준,60,세종특별자치시 한솔동 882-59,010-7004-5765,요가
15972,홍철수,42,대전광역시 동구 38-90,010-3611-4471,사진촬영
15973,이주영,31,세종특별자치시 아름동 15-98,010-6796-6902,게임 방송
15974,황순희,29,울산광역시 남구 739-97,010-2140-4589,스트리트 댄스
15975,홍태수,50,서울특별시 서대문구 58-97,010-5180-5201,영화감상
15976,정하진,47,서울특별시 은평구 46-4,010-9247-2001,보드게임
15977,최도윤,75,경기도 군포시 585-27,010-5976-1796,독서
15978,오상민,22,전라북도 전주시 498-25,010-4563-1695,캔들 만들기
15979,오형민,69,경상남도 사천시 964-71,010-4087-6489,로봇 공학
15980,신주아,73,전라남도 여수시 193-48,010-9964-5553,보드게임
15981,권태윤,45,경상남도 거제시 270-86,010-5595-3149,집콕 놀이
15982,홍나윤,69,서울특별시 동작구 426-3,010-2109-4601,테니스
15983,전영수,30,서울특별시 양천구 584-40,010-5612-4026,유튜브 보기
15984,황도윤,21,부산광역시 금정구 325-57,010-1590-8806,필라테스
15985,송도윤,20,강원도 원주시 485-85,010-1073-6420,드로잉
15986,강말자,37,경기도 오산시 636-71,010-2079-8646,웹툰 그리기
15987,최수아,69,경상남도 통영시 563-41,010-9728-8383,캔들 만들기
15988,윤성민,39,대구광역시 남구 651-26,010-1534-1206,필라테스
15989,권영호,25,부산광역시 중구 670-9,010-9397-1908,사진촬영
15990,신태윤,39,전라남도 순천시 2-46,010-7493-3459,스트리밍
15991,김주영,23,서울특별시 용산구 397-32,010-7151-6857,영화감상
15992,정태현,21,대구광역시 수성구 466-66,010-1300-5816,플로리스트
15993,전재영,62,경상북도 경주시 231-81,010-8963-5838,캔들 만들기
15994,한정순,32,경기도 용인시 기흥구 943-40,010-4749-7608,스트리밍
15995,강하율,43,서울특별시 강북구 600-35,010-4364-1678,마인드맵 만들기
15996,홍시윤,33,김해시 장유동 352-33,010-8843-9651,음악감상
15997,박형민,29,세종특별자치시 도담동 65-13,010-2990-2787,카페 투어
15998,임재호,44,대구광역시 달성군 261-11,010-1969-8870,피크닉
15999,박영수,69,경기도 군포시 589-21,010-1631-6178,사진편집
16000,강하람,77,울산광역시 울주군 99-36,010-2959-7695,캘리그라피
16001,강준호,26,강원도 원주시 435-34,010-2170-2492,스포츠 카드 수집
16002,장호철,63,경기도 성남시 분당구 638-84,010-6349-2618,캠핑
16003,서현진,72,부산광역시 연제구 806-17,010-1165-3883,시뮬레이션 게임
16004,이지후,21,울산광역시 북구 345-67,010-3548-7572,사진촬영
16005,김서연,21,전라북도 익산시 78-69,010-1507-5912,여행
16006,한주아,55,울산광역시 중구 232-76,010-6457-3522,헬로윈 파티 준비
16007,황채원,47,대구광역시 수성구 5-70,010-7598-1256,필라테스
16008,강주아,76,경상남도 거제시 182-60,010-6119-8369,헬로윈 파티 준비
16009,권진호,22,대전광역시 유성구 894-75,010-3183-1405,플라워 아트
16010,장말자,42,울산광역시 울주군 397-4,010-4975-9151,VR 게임
16011,조민수,46,부산광역시 동구 30-57,010-3065-5699,디지털 사진 전시
16012,권춘식,23,경상북도 김천시 546-4,010-1922-6199,자전거 타기
16013,안순자,57,경상남도 통영시 148-93,010-7153-7208,비즈 공예
16014,강상민,33,부산광역시 강서구 347-75,010-3744-8514,스포츠 카드 수집
16015,이복자,42,강원도 태백시 403-66,010-4235-6245,디지털 일러스트
16016,오기영,34,경상남도 창원시 7-33,010-7187-3542,도예
16017,김형민,27,경상남도 창녕군 676-20,010-1927-1633,자전거 타기
16018,황순희,74,경상남도 김해시 382-71,010-9220-2595,음악감상
16019,황주원,50,제주시 오라동 56-41,010-3570-1818,헬로윈 파티 준비
16020,장채은,24,강원도 태백시 595-20,010-5598-4103,배우기
16021,최다온,30,인천광역시 중구 469-66,010-1637-2194,스포츠 카드 수집
16022,윤나윤,70,서울특별시 동대문구 726-92,010-9592-2511,VR 게임
16023,한준호,28,세종특별자치시 도담동 324-19,010-4380-1438,독서
16024,홍순자,54,부산광역시 사하구 895-86,010-3923-7619,필라테스
16025,이형민,58,서울특별시 금천구 711-17,010-1690-7760,일기 쓰기
16026,신재훈,34,광주광역시 북구 367-97,010-9668-7920,테니스
16027,최민준,60,강원도 속초시 523-55,010-2052-4352,퍼즐 맞추기
16028,조영희,62,부산광역시 중구 204-56,010-8921-4098,미술관 관람
16029,안재훈,57,경상북도 안동시 633-30,010-6162-4917,스트리트 댄스
16030,송태현,75,서울특별시 광진구 156-96,010-5548-3755,여행
16031,조하윤,70,강원도 삼척시 255-47,010-4935-2861,사진편집
16032,서성민,66,서울특별시 금천구 411-74,010-3372-4807,콜라주 아트
16033,이지우,32,서울특별시 광진구 86-6,010-2716-1844,디지털 콘텐츠 제작
16034,안수빈,39,경상남도 창원시 368-34,010-8029-9509,미술관 관람
16035,오서연,42,인천광역시 계양구 934-72,010-8378-5190,요가
16036,한명훈,70,광주광역시 북구 8-16,010-9740-1227,모바일 게임 개발
16037,한건우,54,제주시 아라동 168-78,010-9358-5237,운동
16038,송연희,26,부산광역시 기장군 564-14,010-9243-8950,웹툰 그리기
16039,한남수,23,경상남도 사천시 896-49,010-5775-5109,골프
16040,조성자,42,대구광역시 남구 853-93,010-4328-3769,모바일 촬영
16041,윤진호,56,부산광역시 해운대구 30-36,010-6256-4170,드로잉
16042,한유진,44,부산광역시 금정구 769-13,010-5139-5850,애니메이션 제작
16043,김호철,24,충청남도 논산시 579-17,010-1306-6629,요리
16044,권정숙,77,대전광역시 유성구 523-5,010-6258-9697,콜라주 아트
16045,윤서진,42,울산광역시 북구 378-33,010-1549-6354,플라워 아트
16046,정재훈,57,전라남도 나주시는 598-36,010-6404-1772,필라테스
16047,송현서,23,서울특별시 서대문구 928-67,010-1822-4441,일기 쓰기
16048,이재영,24,부산광역시 강서구 668-30,010-6987-1984,수영
16049,전민준,37,서울특별시 강서구 208-98,010-7488-9093,콜라주 아트
16050,최지원,31,강원도 원주시 553-29,010-9434-6029,봉사활동
16051,서재훈,47,제주시 신제주 541-16,010-8924-2312,골프
16052,임준서,32,강원도 강릉시 801-2,010-1241-6446,헬로윈 파티 준비
16053,임지민,33,서울특별시 동작구 885-10,010-4557-7584,독서
16054,권승호,54,경기도 성남시 분당구 707-64,010-8101-6101,캔들 만들기
16055,정채원,61,강원도 동해시 670-34,010-8045-1270,생활 해킹
16056,장말자,73,광주광역시 북구 547-65,010-1071-4985,캘리그라피
16057,조준호,30,충청북도 진천군 310-28,010-9854-6443,VR 게임
16058,권하연,38,부천시 원미구 중동 227-48,010-5453-2616,유튜브 보기
16059,정순희,21,대전광역시 유성구 22-45,010-6478-5652,일기 쓰기
16060,한수아,60,경상남도 밀양시 374-72,010-3836-1577,스트리밍
16061,정서진,53,울산광역시 북구 474-65,010-1784-7616,수영
16062,서희정,61,인천광역시 연수구 716-0,010-3882-9492,퍼즐 맞추기
16063,정하람,65,경상북도 김천시 57-5,010-7821-1212,웹툰 그리기
16064,박호철,52,경기도 광명시 31-95,010-6744-4685,드로잉
16065,안철수,68,서울특별시 도봉구 147-92,010-4246-4022,요가
16066,윤정희,63,서울특별시 강동구 252-64,010-6507-9113,웹서핑
16067,임채원,50,충청남도 공주시 949-55,010-9379-6903,사진편집
16068,조준서,38,경기도 군포시 117-21,010-5972-8813,스트리밍
16069,임민서,50,서울특별시 강북구 622-37,010-9678-8406,보드게임
16070,박경자,21,서울특별시 강북구 503-61,010-2756-9137,자전거 타기
16071,정말순,55,울산광역시 울주군 493-86,010-1594-2009,게임 방송
16072,신춘식,58,서울특별시 도봉구 214-9,010-4248-3568,게임
16073,이말옥,43,대구광역시 달성군 31-88,010-6297-4348,봉사활동
16074,홍순자,60,서울특별시 강남구 770-87,010-2524-3193,디지털 사진 전시
16075,박종순,62,인천광역시 부평구 301-91,010-1839-3999,코딩
16076,이채은,35,서울특별시 동대문구 995-73,010-9218-3192,영화감상
16077,한찬우,24,강원도 원주시 155-71,010-1680-2161,독서
16078,권정호,59,세종특별자치시 도담동 581-39,010-8583-3991,모바일 촬영
16079,전영수,26,경기도 안산시 단원구 227-44,010-3098-5997,독서
16080,안지한,68,서울특별시 영등포구 746-83,010-2157-3746,사진촬영
16081,서명숙,21,강원도 평창군 676-97,010-1996-1432,독서
16082,서유하,43,충청북도 청주시 636-75,010-7297-1181,음악감상
16083,최다은,69,부산광역시 사상구 113-94,010-5309-8886,스크래치 프로그램 만들기
16084,강순희,77,대전광역시 중구 718-8,010-9135-8412,퍼즐 맞추기
16085,윤성민,60,제주시 이도이동 370-38,010-5437-7894,자전거 타기
16086,최태윤,48,대구광역시 중구 176-3,010-1875-1390,콜라주 아트
16087,서우진,41,광주광역시 동구 411-0,010-8307-8063,캔들 만들기
16088,박호철,28,울산광역시 동구 936-40,010-4734-4738,명상
16089,오정숙,29,대구광역시 서구 182-53,010-2863-9318,스크래치 프로그램 만들기
16090,정숙자,40,부산광역시 북구 741-93,010-9442-3720,집콕 놀이
16091,임현진,78,경상북도 김천시 995-94,010-1682-9492,필라테스
16092,이경자,77,서울특별시 영등포구 96-9,010-8645-9417,골프
16093,강하람,23,인천광역시 서구 693-24,010-1481-6830,로봇 공학
16094,전수아,45,세종특별자치시 조치원읍 801-23,010-1148-1210,스트리밍
16095,정성호,30,서울특별시 노원구 474-19,010-5610-2927,애니메이션 제작
16096,윤하율,51,전라북도 전주시 956-12,010-3706-5783,요가
16097,전수아,58,서울특별시 노원구 329-82,010-8758-2219,스트리트 댄스
16098,오시헌,34,전라남도 나주시는 240-23,010-4765-4599,시뮬레이션 게임
16099,장말옥,25,광주광역시 광산구 557-91,010-2311-4781,마인드맵 만들기
16100,최현철,76,전라남도 목포시 487-73,010-8035-1537,봉사활동
16101,장세호,49,서울특별시 광진구 207-32,010-3465-3755,테니스
16102,안시윤,38,대구광역시 북구 738-54,010-7219-8834,플로리스트
16103,김지민,78,서울특별시 종로구 777-80,010-3029-5058,보드게임
16104,정주원,54,울산광역시 남구 343-72,010-3185-6045,웹툰 그리기
16105,안지후,66,경기도 성남시 분당구 566-36,010-4324-2011,캘리그라피
16106,전태수,26,대구광역시 달성군 883-94,010-8029-8755,모바일 게임 개발
16107,안말자,45,경기도 고양시 일산동구 708-19,010-3875-8375,캘리그라피
16108,전윤서,30,제주시 오라동 355-44,010-3900-1962,헬스
16109,한다온,71,경상남도 창녕군 299-51,010-4968-5478,캘리그라피
16110,권영호,64,대전광역시 중구 415-34,010-7210-3738,마인드맵 만들기
16111,최하진,38,충청남도 천안시 188-43,010-5514-3690,자전거 타기
16112,신복희,29,서울특별시 강북구 202-86,010-8097-9358,스포츠 카드 수집
16113,서우진,23,강원도 원주시 904-11,010-5211-1401,배우기
16114,조만수,40,울산광역시 남구 48-73,010-3504-8922,카페 투어
16115,정윤호,67,강원도 양양군 687-0,010-3726-1806,캔들 만들기
16116,신채은,22,부산광역시 서구 325-88,010-3497-6240,벽화 그리기
16117,이정순,73,서울특별시 중랑구 200-20,010-2389-8676,플라워 아트
16118,장민서,74,서울특별시 중구 483-36,010-2275-4257,배드민턴
16119,권주아,69,부산광역시 강서구 741-87,010-5349-3155,봉사활동
16120,박연희,75,제주시 신제주 108-5,010-6531-8150,미술관 관람
16121,한유진,53,전라북도 군산시 104-60,010-4341-5171,자전거 타기
16122,임영호,44,서울특별시 노원구 454-69,010-5553-2823,낚시
16123,전영자,45,경기도 시흥시 569-89,010-7807-6096,모바일 게임 개발
16124,한윤서,43,용인시 수지구 풍덕천동 126-4,010-4178-3312,VR 게임
16125,오성자,73,충청북도 충주시 23-82,010-3243-4540,벽화 그리기
16126,윤희정,25,서울특별시 종로구 596-52,010-7562-3988,자원봉사
16127,김하진,28,경기도 성남시 분당구 808-57,010-9414-6631,웹서핑
16128,정재영,39,제주시 노형동 912-94,010-4891-1006,스포츠 카드 수집
16129,안숙자,50,경상북도 안동시 167-80,010-9470-6979,스포츠 카드 수집
16130,최다빈,29,대전광역시 서구 606-90,010-7676-4310,캠핑
16131,조희정,63,대전광역시 서구 486-4,010-5959-4664,시뮬레이션 게임
16132,홍영수,60,서울특별시 강북구 855-75,010-8337-3206,보드게임
16133,장정우,35,전라북도 전주시 307-19,010-3248-1819,캠핑
16134,최성호,59,경기도 광주시 887-13,010-1359-8050,게임 방송
16135,황명자,57,서울특별시 관악구 358-73,010-5008-8827,사진촬영
16136,윤예은,69,부산광역시 동래구 447-8,010-7603-6466,영화 제작
16137,신우진,69,서울특별시 은평구 727-4,010-1567-7423,애니메이션 제작
16138,오유진,22,경상북도 구미시 914-37,010-4901-5753,봉사활동
16139,임승호,49,경상남도 통영시 736-34,010-2796-7639,필라테스
16140,권준서,69,충청남도 천안시 526-56,010-9640-5816,일기 쓰기
16141,조기석,47,성남시 분당구 정자동 55-81,010-4207-3657,배우기
16142,한순자,40,서울특별시 광진구 748-47,010-8485-7909,배우기
16143,이민준,68,경상북도 구미시 327-56,010-4307-2687,수영
16144,윤나윤,35,대전광역시 대덕구 719-88,010-1832-3403,필라테스
16145,이정희,79,충청북도 충주시 941-58,010-5037-1569,테니스
16146,임예은,76,경기도 오산시 720-22,010-1337-1301,스키
16147,홍상민,59,서울특별시 강서구 609-55,010-6279-4183,운동
16148,최수아,72,제주시 오라동 321-96,010-4621-3769,영화감상
16149,김윤서,50,대구광역시 달서구 475-1,010-3662-9986,테니스
16150,홍춘자,48,성남시 분당구 정자동 108-77,010-9398-4607,필라테스
16151,서찬우,65,경기도 용인시 수지구 882-16,010-6148-6577,스포츠 카드 수집
16152,정영수,61,경상북도 포항시 426-14,010-9771-7709,퍼즐 맞추기
16153,박광호,53,세종특별자치시 아름동 481-32,010-7896-2672,보드게임
16154,장준호,69,제주시 신제주 34-45,010-9827-8230,헬스
16155,강서준,71,대구광역시 남구 93-14,010-5174-5462,수채화 그리기
16156,한병호,45,부산광역시 기장군 348-3,010-5813-9024,배드민턴
16157,박태윤,65,세종특별자치시 조치원읍 223-87,010-9432-3701,퍼즐 맞추기
16158,오춘자,67,서울특별시 광진구 10-58,010-7308-7235,캘리그라피
16159,강정숙,36,세종특별자치시 아름동 987-38,010-7600-7875,사진편집
16160,장주아,69,경상남도 통영시 347-76,010-7017-6546,시뮬레이션 게임
16161,안형민,56,대구광역시 수성구 421-17,010-3045-1197,음악감상
16162,한영자,41,경기도 광명시 352-85,010-4000-1231,자원봉사
16163,장예은,31,충청남도 공주시 893-13,010-5746-5169,벽화 그리기
16164,홍건우,58,인천광역시 서구 687-38,010-1063-4158,요리
16165,홍은우,52,부산광역시 연제구 138-27,010-2155-4408,카페 투어
16166,홍춘희,54,경상북도 포항시 489-42,010-9873-4584,집콕 놀이
16167,조영수,39,서울특별시 종로구 270-59,010-6020-7345,피크닉
16168,이창수,67,서울특별시 양천구 254-1,010-5428-9310,애니메이션 제작
16169,홍순영,20,대구광역시 중구 828-38,010-8476-6431,독서
16170,권영자,67,강원도 동해시 592-53,010-5971-1274,자전거 타기
16171,윤정호,41,대구광역시 수성구 948-69,010-8858-6214,골프
16172,정태수,37,부천시 원미구 중동 352-61,010-7620-3467,독서
16173,강시윤,68,제주시 노형동 492-48,010-3019-9482,여행
16174,정기영,43,대전광역시 동구 552-90,010-4808-9658,수채화 그리기
16175,서유진,36,경상북도 경주시 384-28,010-1512-6924,콜라주 아트
16176,안현우,46,부산광역시 사하구 313-4,010-1617-4841,스트리밍
16177,정예린,42,경상남도 통영시 59-78,010-9434-2160,스키
16178,권경수,60,서울특별시 도봉구 720-57,010-2730-4470,독서
16179,장복자,61,경상북도 경주시 647-77,010-5479-1673,독서
16180,전시헌,21,충청남도 공주시 936-0,010-4350-9905,콜라주 아트
16181,홍명훈,26,인천광역시 부평구 121-91,010-2030-3847,수영
16182,권다은,28,울산광역시 북구 854-24,010-3074-8136,비즈 공예
16183,안다빈,68,인천광역시 미추홀구 280-50,010-3935-5058,독서
16184,윤재훈,58,제주시 오라동 984-82,010-5696-1888,집콕 놀이
16185,김현진,73,서울특별시 동대문구 742-78,010-1584-6614,캔들 만들기
16186,신현진,40,전라남도 광양시 875-25,010-9959-3884,스트리트 댄스
16187,윤광호,47,광주광역시 북구 939-48,010-1206-9672,콜라주 아트
16188,신유진,48,서울특별시 동대문구 969-61,010-3006-9143,영화 제작
16189,홍영자,42,부산광역시 기장군 471-59,010-3702-8232,헬스
16190,박윤서,28,울산광역시 동구 78-96,010-3538-7846,운동
16191,김유하,21,서울특별시 관악구 763-26,010-1097-8139,스트리트 댄스
16192,정경수,48,서울특별시 중구 233-48,010-8806-4203,테니스
16193,서민준,44,강원도 삼척시 477-41,010-6898-5659,모바일 촬영
16194,권시우,48,대구광역시 달성군 3-56,010-6313-6449,스키
16195,안하윤,50,서울특별시 용산구 759-34,010-1273-3455,낚시
16196,황선자,51,경기도 안양시 만안구 572-81,010-2708-1632,골프
16197,황기석,44,세종특별자치시 도담동 538-55,010-4147-8528,명상
16198,송말옥,53,제주시 이도이동 611-31,010-3729-8797,요리
16199,전나윤,73,충청북도 충주시 970-74,010-8809-1270,영화 제작
16200,안종순,57,서울특별시 마포구 20-94,010-9214-7736,코딩
16201,전태수,55,부산광역시 강서구 413-9,010-2946-5469,캠핑
16202,홍정자,42,서울특별시 광진구 777-13,010-1496-7583,모바일 게임 개발
16203,안지호,30,충청북도 청주시 930-52,010-2190-1301,벽화 그리기
16204,임예은,20,서울특별시 도봉구 4-21,010-7802-9921,플로리스트
16205,송서준,78,서울특별시 동작구 106-6,010-6862-5776,생활 해킹
16206,전유하,28,서울특별시 은평구 124-65,010-3619-3158,드로잉
16207,장명숙,33,제주시 이도이동 124-43,010-3415-8962,영화 제작
16208,서현진,39,대전광역시 유성구 916-3,010-5332-8383,집콕 놀이
16209,윤태윤,26,서울특별시 동작구 156-31,010-9970-5286,디지털 일러스트
16210,최혜숙,36,대전광역시 유성구 434-42,010-8972-1524,보드게임
16211,권건우,42,부산광역시 사하구 792-82,010-5478-2245,독서
16212,한나윤,52,전라남도 나주시는 320-73,010-2065-1919,디지털 콘텐츠 제작
16213,전주원,41,제주시 이도이동 91-80,010-3639-6324,사진촬영
16214,최종순,37,서울특별시 성북구 250-55,010-9103-6795,미술관 관람
16215,김동수,75,부산광역시 동래구 804-1,010-4503-3485,웹서핑
16216,장선자,34,경기도 오산시 3-83,010-6241-8069,요리
16217,전하람,33,서울특별시 서대문구 343-27,010-3909-6373,사진촬영
16218,송종수,69,경기도 평택시 298-47,010-5231-6601,펜팔
16219,윤명자,71,충청북도 진천군 310-67,010-2040-1349,명상
16220,한다은,63,부산광역시 연제구 725-43,010-7523-6095,일기 쓰기
16221,강명자,47,서울특별시 강남구 579-90,010-1775-4324,콜라주 아트
16222,신현철,76,부천시 상동 359-9,010-8675-6278,마인드맵 만들기
16223,정태현,20,부산광역시 북구 115-33,010-1552-5832,집콕 놀이
16224,윤기영,57,경상북도 포항시 469-61,010-3370-8066,플라워 아트
16225,정은숙,47,경상북도 김천시 345-27,010-3359-4499,독서
16226,전태윤,38,부천시 상동 408-89,010-7846-8533,명상
16227,최태수,39,경기도 용인시 처인구 90-83,010-3779-9298,플라워 아트
16228,정민서,31,강원도 동해시 224-37,010-1312-1163,마인드맵 만들기
16229,서옥희,52,충청북도 청주시 970-75,010-5318-2460,헬스
16230,홍지우,49,경상남도 창원시 843-53,010-3095-9000,디지털 일러스트
16231,강철수,34,전라북도 군산시 345-6,010-8142-8721,보드게임
16232,김말자,46,부산광역시 금정구 724-91,010-6512-3426,사진편집
16233,강영호,26,서울특별시 노원구 648-5,010-1624-3159,봉사활동
16234,한서아,67,대전광역시 동구 448-23,010-2316-9352,스크래치 프로그램 만들기
16235,조수빈,51,경기도 파주시 95-9,010-4095-2715,스트리밍
16236,조하진,76,충청남도 천안시 576-2,010-3226-6020,디지털 콘텐츠 제작
16237,황다빈,26,제주시 신제주 615-82,010-1791-5869,디지털 콘텐츠 제작
16238,오정순,24,울산광역시 남구 286-51,010-1093-4844,수영
16239,임채원,31,대전광역시 중구 737-36,010-2560-1520,웹툰 그리기
16240,이예준,77,전라북도 전주시 192-14,010-7089-3191,보드게임
16241,신춘식,76,강원도 속초시 754-3,010-3502-9874,낚시
16242,정승호,48,울산광역시 북구 175-82,010-8471-5200,VR 게임
16243,강명자,70,전라남도 광양시 66-83,010-9837-6641,독서
16244,윤기석,61,대구광역시 동구 150-1,010-7232-7147,시뮬레이션 게임
16245,전순영,66,울산광역시 울주군 158-26,010-1695-8145,디지털 아트
16246,조서진,42,경상남도 양산시 947-39,010-5327-8329,테니스
16247,권숙자,21,서울특별시 강동구 354-27,010-9595-3674,게임
16248,강수빈,22,서울특별시 서대문구 420-48,010-2270-7157,영화감상
16249,최하율,33,경상남도 사천시 961-31,010-6592-2212,캠핑
16250,한다빈,68,서울특별시 강서구 744-86,010-3273-2375,사진편집
16251,황유하,23,제주시 오라동 28-48,010-4915-9198,로봇 공학
16252,한정호,74,인천광역시 남동구 271-24,010-9142-9902,헬스
16253,장성자,78,세종특별자치시 조치원읍 376-44,010-8274-8675,스포츠 카드 수집
16254,박정순,55,부산광역시 부산진구 738-16,010-2649-7243,일기 쓰기
16255,안윤호,76,서울특별시 관악구 643-15,010-6174-8521,등산
16256,한은우,46,경기도 군포시 280-25,010-1284-2901,디지털 콘텐츠 제작
16257,최민준,43,경기도 고양시 일산동구 261-67,010-4507-1742,영화 제작
16258,한유하,77,경기도 성남시 분당구 543-2,010-1185-8386,필라테스
16259,오정순,67,제주시 연동 315-68,010-3377-4715,스포츠 카드 수집
16260,권지율,72,서울특별시 노원구 882-42,010-3995-6889,로봇 공학
16261,서지민,22,경상북도 김천시 523-34,010-1758-1756,배우기
16262,박상민,69,경기도 안산시 상록구 302-66,010-3946-6066,낚시
16263,서정호,31,부천시 원미구 중동 900-85,010-2348-8746,독서
16264,전도윤,70,경상북도 경주시 272-54,010-3731-2203,봉사활동
16265,정순희,73,부산광역시 수영구 725-40,010-7304-1406,시뮬레이션 게임
16266,정나윤,62,광주광역시 남구 711-24,010-9623-6124,요리
16267,한지한,61,경상남도 진주시 278-61,010-5055-1512,로봇 공학
16268,최하람,37,광주광역시 남구 691-85,010-3474-3971,캘리그라피
16269,윤성호,22,서울특별시 서대문구 765-77,010-9158-3519,패션
16270,홍경자,72,강원도 태백시 185-15,010-6607-1937,자전거 타기
16271,박정희,72,인천광역시 부평구 38-89,010-7285-6318,등산
16272,정연희,45,서울특별시 동작구 126-28,010-1161-8176,영화 제작
16273,한재호,72,경기도 안양시 만안구 802-96,010-2564-4510,코딩
16274,조동수,75,경기도 용인시 수지구 978-12,010-6987-4569,패션
16275,신현철,76,경상북도 구미시 307-88,010-3524-1920,벽화 그리기
16276,김지후,21,충청북도 진천군 627-77,010-4090-9756,봉사활동
16277,조서진,35,서울특별시 노원구 725-57,010-8544-2846,낚시
16278,장기석,40,부산광역시 강서구 127-23,010-6552-3505,캔들 만들기
16279,오병호,23,전라남도 순천시 250-35,010-9052-1137,자원봉사
16280,강성호,77,강원도 속초시 705-70,010-6040-4737,디지털 사진 전시
16281,안혜숙,57,서울특별시 성동구 301-61,010-1567-5284,보드게임
16282,신경수,61,대전광역시 서구 584-48,010-1375-1068,디지털 콘텐츠 제작
16283,최지율,28,경상남도 진주시 942-59,010-6480-9698,요리
16284,정지우,25,경기도 고양시 일산동구 991-89,010-1255-5422,스키
16285,조지민,54,부산광역시 중구 122-55,010-3351-6179,뜨개질
16286,권광호,28,서울특별시 강남구 825-29,010-5586-4940,시뮬레이션 게임
16287,이하진,46,충청북도 청주시 377-77,010-4194-2006,스트리밍
16288,정지후,66,경상북도 김천시 614-10,010-7516-3926,요리
16289,조윤서,69,서울특별시 도봉구 683-78,010-8566-9764,집콕 놀이
16290,한다빈,20,서울특별시 서대문구 708-47,010-7800-6321,뜨개질
16291,송말자,78,세종특별자치시 한솔동 91-1,010-4355-5569,모바일 게임 개발
16292,장은우,68,대구광역시 중구 710-46,010-8118-6777,펜팔
16293,조말옥,76,경기도 수원시 팔달구 710-45,010-2225-2400,패션
16294,강말순,79,경상남도 통영시 27-13,010-6459-4427,사진촬영
16295,전민서,60,경상남도 창녕군 172-90,010-9474-1786,애니메이션 제작
16296,강숙자,70,서울특별시 중구 493-4,010-3510-9411,DIY
16297,홍재호,68,광주광역시 동구 860-47,010-1065-3305,디지털 아트
16298,오정호,67,대구광역시 남구 401-89,010-8497-9083,펜팔
16299,홍주영,43,부산광역시 부산진구 542-28,010-7883-4596,플라워 아트
16300,홍윤호,29,경기도 안산시 상록구 494-60,010-4444-9509,운동
16301,임하은,36,서울특별시 광진구 326-62,010-3218-4295,집콕 놀이
16302,송미영,74,부산광역시 사상구 293-7,010-5345-6456,미술관 관람
16303,정하은,21,인천광역시 부평구 467-31,010-2483-4164,배드민턴
16304,정경자,66,서울특별시 서대문구 828-95,010-5747-4626,골프
16305,최유하,55,강원도 홍천군 872-42,010-1909-4128,요리
16306,전병호,75,대구광역시 달성군 810-3,010-3168-7952,로봇 공학
16307,이세호,77,경상남도 김해시 987-4,010-4379-5751,미술관 관람
16308,조지민,43,경상북도 구미시 879-5,010-8192-1516,스트리트 댄스
16309,전서연,59,부산광역시 수영구 417-76,010-6288-2931,펜팔
16310,서상호,47,제주시 연동 290-43,010-7324-8580,도예
16311,한성민,68,서울특별시 마포구 237-75,010-9202-3083,웹툰 그리기
16312,황정희,59,광주광역시 남구 51-0,010-8038-9839,카페 투어
16313,윤동수,45,경기도 안양시 동안구 890-16,010-7987-2326,웹서핑
16314,전민수,52,서울특별시 동대문구 711-75,010-5175-5488,캔들 만들기
16315,한영호,26,대구광역시 중구 728-68,010-2790-4873,봉사활동
16316,송서준,73,서울특별시 광진구 593-30,010-9260-3110,DIY
16317,최복희,51,서울특별시 중랑구 696-31,010-7526-9004,마인드맵 만들기
16318,임춘식,69,광주광역시 서구 155-41,010-1887-8666,드로잉
16319,강말순,42,경기도 수원시 장안구 568-72,010-1333-5712,디지털 사진 전시
16320,오은채,50,부산광역시 연제구 344-42,010-2730-5339,벽화 그리기
16321,권현서,58,경기도 성남시 분당구 500-0,010-6816-1060,생활 해킹
16322,박미영,30,대전광역시 유성구 528-15,010-6748-7826,요가
16323,임세아,63,제주시 연동 298-81,010-1408-5732,미술관 관람
16324,윤지한,78,울산광역시 동구 599-7,010-8192-5395,스키
16325,황서연,52,서울특별시 종로구 471-95,010-9009-3880,벽화 그리기
16326,장시헌,69,광주광역시 북구 984-18,010-2778-7698,수영
16327,전서아,72,강원도 강릉시 518-49,010-6129-2511,헬스
16328,홍정우,57,서울특별시 강남구 942-22,010-8649-4306,퍼즐 맞추기
16329,서지호,79,전라북도 전주시 94-83,010-4131-8770,디지털 사진 전시
16330,안순희,25,서울특별시 은평구 71-29,010-3905-4359,캔들 만들기
16331,오상호,38,경기도 고양시 덕양구 176-28,010-8342-2648,낚시
16332,최철수,58,경기도 수원시 팔달구 453-23,010-3807-8276,패션
16333,박하율,62,경상남도 양산시 91-80,010-8989-5733,유튜브 보기
16334,오주영,50,서울특별시 동대문구 608-62,010-2155-1903,헬로윈 파티 준비
16335,오호철,49,부천시 상동 489-34,010-5005-7403,봉사활동
16336,한광호,44,충청남도 천안시 735-22,010-3208-2885,보드게임
16337,홍주원,51,경상남도 양산시 962-86,010-8738-5017,스트리밍
16338,황민준,50,제주시 연동 757-58,010-4013-9004,유튜브 보기
16339,강순영,64,강원도 양양군 399-32,010-2648-5512,유튜브 보기
16340,최로운,31,경기도 화성시 158-97,010-9169-8795,드로잉
16341,권시우,22,용인시 수지구 풍덕천동 686-55,010-5169-6407,디지털 아트
16342,서경자,30,인천광역시 동구 465-18,010-2457-4137,코딩
16343,이동수,49,부산광역시 남구 887-50,010-8396-8575,사진편집
16344,권승호,37,인천광역시 서구 174-48,010-2144-4713,스트리트 댄스
16345,윤창수,38,충청남도 천안시 486-11,010-3453-3192,수채화 그리기
16346,한로운,52,제주시 노형동 344-45,010-1665-7012,캠핑
16347,박만수,20,경기도 시흥시 86-42,010-4774-6827,유튜브 보기
16348,임준서,45,제주시 이도이동 710-48,010-8871-6949,VR 게임
16349,정하은,53,경기도 의정부시 407-52,010-1383-5824,모바일 촬영
16350,장선자,40,울산광역시 울주군 985-27,010-6455-5668,캘리그라피
16351,송기영,55,경상남도 거제시 493-97,010-9407-2526,요가
16352,서서준,24,부산광역시 강서구 869-11,010-6286-1558,미술관 관람
16353,황로운,48,전라북도 군산시 221-90,010-6913-7248,모바일 게임 개발
16354,권시우,48,울산광역시 중구 353-26,010-5972-6260,웹서핑
16355,강재영,50,서울특별시 강서구 43-13,010-4105-5925,마인드맵 만들기
16356,전소율,46,서울특별시 강서구 362-93,010-1202-3375,로봇 공학
16357,서현철,60,인천광역시 계양구 368-47,010-1765-2723,보드게임
16358,박혜숙,52,울산광역시 북구 266-94,010-5855-4359,로봇 공학
16359,신수아,72,서울특별시 마포구 921-33,010-9176-7756,수채화 그리기
16360,박영자,51,부산광역시 수영구 699-48,010-9876-8129,수채화 그리기
16361,이건우,58,서울특별시 금천구 495-27,010-4478-1599,보드게임
16362,정하은,25,강원도 동해시 602-85,010-3400-5181,자전거 타기
16363,정재훈,74,경상남도 양산시 88-70,010-4829-2195,웹서핑
16364,정현서,47,인천광역시 부평구 567-82,010-9316-6439,사진편집
16365,임서준,30,서울특별시 노원구 82-47,010-7622-6336,영화 제작
16366,정호철,42,충청남도 천안시 651-2,010-4693-5574,헬스
16367,오예린,29,광주광역시 광산구 993-24,010-8256-5466,책 클럽
16368,조재호,79,경기도 고양시 일산동구 9-76,010-2367-2674,책 클럽
16369,한수아,38,성남시 분당구 정자동 297-1,010-9233-2121,사진촬영
16370,김도윤,73,서울특별시 영등포구 630-21,010-3643-9790,요리
16371,박상민,70,충청북도 청주시 859-72,010-2758-3730,사진촬영
16372,강주원,58,경기도 오산시 240-76,010-7429-6487,수영
16373,오하윤,77,전라북도 전주시 208-42,010-8258-3252,뜨개질
16374,한은숙,47,경기도 의정부시 807-50,010-3200-8481,디지털 일러스트
16375,한서아,37,광주광역시 동구 997-4,010-2779-6446,콜라주 아트
16376,최형민,26,부산광역시 영도구 516-83,010-8703-1358,요리
16377,장재영,46,경기도 파주시 664-83,010-7547-4859,비즈 공예
16378,오성자,38,부천시 원미구 중동 227-65,010-9959-1496,필라테스
16379,이다은,35,경상남도 사천시 537-39,010-1536-4977,헬로윈 파티 준비
16380,최철수,30,서울특별시 종로구 301-57,010-3879-6597,콜라주 아트
16381,윤복희,28,강원도 홍천군 988-67,010-5874-1742,유튜브 보기
16382,신시윤,46,경상북도 안동시 103-50,010-2396-1523,패션
16383,김하진,61,경상남도 사천시 57-0,010-3415-2496,코딩
16384,조다온,27,서울특별시 종로구 913-65,010-1705-8446,웹서핑
16385,홍윤호,37,부산광역시 영도구 180-34,010-7033-5294,자원봉사
16386,윤서연,38,성남시 분당구 정자동 260-38,010-9538-3392,요가
16387,박성자,32,경상남도 김해시 56-92,010-6653-5410,독서
16388,박유하,69,전라북도 전주시 737-79,010-3211-3181,드로잉
16389,한하연,62,부산광역시 금정구 789-30,010-3749-8658,미술관 관람
16390,강수빈,52,강원도 태백시 488-36,010-3306-8379,웹툰 그리기
16391,황다온,63,서울특별시 종로구 993-60,010-9504-2278,도예
16392,강은우,65,부산광역시 영도구 769-83,010-6384-6334,애니메이션 제작
16393,안순자,26,부산광역시 수영구 553-76,010-2530-3482,일기 쓰기
16394,이영일,43,인천광역시 계양구 604-37,010-1654-2960,시뮬레이션 게임
16395,안정희,78,경기도 의정부시 17-68,010-7387-5774,게임
16396,송지후,45,대구광역시 중구 355-52,010-6034-2302,생활 해킹
16397,권영일,50,충청북도 충주시 941-48,010-3333-1650,골프
16398,서서연,56,제주시 신제주 70-28,010-3582-3022,로봇 공학
16399,김지한,72,광주광역시 남구 97-68,010-3439-5249,DIY
16400,황로운,60,강원도 속초시 336-86,010-8976-8999,캠핑
16401,조성호,47,전라북도 전주시 521-78,010-5260-1968,집콕 놀이
16402,전정자,68,경기도 군포시 969-62,010-7066-6014,스포츠 카드 수집
16403,최종순,78,울산광역시 중구 912-22,010-6003-5406,디지털 일러스트
16404,신예린,70,서울특별시 송파구 626-72,010-7692-3393,코딩
16405,정서연,66,서울특별시 금천구 482-54,010-2458-1712,명상
16406,권병호,28,광주광역시 북구 193-29,010-5608-7476,마인드맵 만들기
16407,권하은,46,서울특별시 성동구 388-29,010-1750-6918,애니메이션 제작
16408,송유진,34,서울특별시 성북구 247-39,010-9682-3685,펜팔
16409,홍상호,54,경기도 안산시 상록구 232-96,010-1535-2958,골프
16410,최서아,62,인천광역시 동구 429-82,010-2824-8667,웹서핑
16411,안현진,22,경기도 평택시 833-20,010-8587-5282,패션
16412,윤건우,26,강원도 양양군 646-77,010-8853-3237,책 클럽
16413,안주원,25,경기도 성남시 수정구 994-1,010-8479-1437,코딩
16414,전명자,58,강원도 삼척시 216-58,010-5852-9294,플로리스트
16415,정재훈,26,강원도 삼척시 185-69,010-9453-6135,디지털 콘텐츠 제작
16416,한만수,51,서울특별시 서초구 325-9,010-5435-6082,캠핑
16417,한지후,68,서울특별시 강북구 737-31,010-6264-1055,보드게임
16418,오주아,39,경기도 안양시 만안구 846-42,010-2861-9397,독서
16419,윤채원,45,인천광역시 남동구 91-16,010-5205-1998,필라테스
16420,황광호,50,서울특별시 성동구 991-52,010-1131-2646,애니메이션 제작
16421,조유하,24,울산광역시 동구 348-49,010-4744-7917,사진촬영
16422,강영호,69,부산광역시 영도구 389-24,010-9323-5214,수채화 그리기
16423,오재훈,58,서울특별시 송파구 565-0,010-4793-1231,요리
16424,정명숙,26,경기도 광주시 83-87,010-7220-5826,웹툰 그리기
16425,이병호,49,경기도 안양시 만안구 186-56,010-2159-5921,여행
16426,신지율,35,광주광역시 남구 206-95,010-4227-9742,패션
16427,정채원,42,경기도 용인시 처인구 325-26,010-7462-2231,모바일 촬영
16428,안찬우,71,인천광역시 연수구 861-61,010-4569-8233,드로잉
16429,강정우,56,서울특별시 동대문구 740-44,010-4706-3649,명상
16430,홍주영,61,대전광역시 대덕구 236-30,010-5184-4591,수채화 그리기
16431,조기영,60,서울특별시 송파구 139-80,010-7240-7345,피크닉
16432,김연희,62,경상남도 양산시 325-38,010-5179-4013,플라워 아트
16433,최하진,65,부산광역시 해운대구 909-34,010-1434-3973,독서
16434,최영일,70,전라남도 광양시 836-90,010-3874-7555,헬스
16435,한하진,25,경상북도 포항시 526-73,010-7319-4387,펜팔
16436,조승호,66,세종특별자치시 도담동 344-27,010-6759-7609,카페 투어
16437,임춘희,34,서울특별시 동작구 436-79,010-3507-7772,로봇 공학
16438,전옥희,26,부산광역시 강서구 27-23,010-6707-9241,벽화 그리기
16439,송순영,77,서울특별시 광진구 107-67,010-6734-2377,벽화 그리기
16440,서민서,46,부산광역시 기장군 57-1,010-1281-3592,스포츠 카드 수집
16441,윤춘자,27,경기도 광명시 815-32,010-8664-7939,디지털 콘텐츠 제작
16442,김호철,72,서울특별시 성북구 544-75,010-3843-9125,스포츠 카드 수집
16443,최종순,58,강원도 태백시 549-38,010-5544-6478,카페 투어
16444,박지한,23,경상남도 양산시 757-40,010-3440-8885,골프
16445,김윤호,74,부산광역시 해운대구 409-47,010-3582-8022,수채화 그리기
16446,강하율,26,서울특별시 서초구 958-78,010-4401-3838,배드민턴
16447,조정호,43,충청북도 충주시 231-47,010-7107-2578,미술관 관람
16448,권숙자,45,강원도 태백시 477-11,010-3850-8228,캠핑
16449,임광호,36,인천광역시 남동구 281-11,010-3214-5507,일기 쓰기
16450,윤순자,65,부산광역시 사상구 840-62,010-3476-4324,VR 게임
16451,박종수,36,충청북도 충주시 131-75,010-5016-3574,책 클럽
16452,정경수,78,경상북도 구미시 511-8,010-8114-1432,영화감상
16453,홍태현,25,세종특별자치시 조치원읍 884-77,010-4672-5700,뜨개질
16454,장정순,46,광주광역시 북구 637-21,010-3761-7648,플로리스트
16455,권서아,24,세종특별자치시 한솔동 897-64,010-5978-9534,보드게임
16456,윤태수,42,제주시 연동 293-76,010-5433-1493,명상
16457,홍승호,40,경기도 성남시 분당구 935-6,010-4221-4845,요가
16458,한하은,69,서울특별시 동작구 864-8,010-1263-4215,퍼즐 맞추기
16459,오수빈,75,서울특별시 금천구 398-48,010-8142-5264,헬스
16460,송연희,29,부산광역시 사하구 459-44,010-5074-5664,자원봉사
16461,장시윤,51,경상북도 구미시 373-64,010-4854-3350,일기 쓰기
16462,전우진,29,용인시 수지구 풍덕천동 646-79,010-1361-3648,스트리트 댄스
16463,안세아,49,인천광역시 서구 883-26,010-7139-3505,캠핑
16464,조연희,77,부산광역시 강서구 115-77,010-8585-8620,비즈 공예
16465,서찬우,78,전라남도 나주시는 959-4,010-9050-6906,등산
16466,장하진,37,인천광역시 서구 418-48,010-6779-8933,명상
16467,오태수,23,인천광역시 미추홀구 893-19,010-1052-7833,뜨개질
16468,이광호,27,서울특별시 노원구 345-91,010-9669-2063,요가
16469,최찬우,69,강원도 홍천군 620-78,010-1972-4615,자원봉사
16470,황소율,73,경기도 안양시 만안구 436-90,010-4487-1688,게임 방송
16471,최은채,40,부산광역시 사하구 24-4,010-2178-5903,스크래치 프로그램 만들기
16472,강철수,36,경상북도 경주시 563-18,010-3628-5422,등산
16473,정희정,79,대전광역시 동구 272-95,010-1630-5136,스키
16474,정주아,48,경상남도 창녕군 93-58,010-2489-6648,스키
16475,한현우,51,세종특별자치시 도담동 883-46,010-4198-5150,일기 쓰기
16476,안영희,57,강원도 속초시 364-84,010-5064-3925,수채화 그리기
16477,한하람,64,강원도 강릉시 440-72,010-2863-1113,피크닉
16478,안하율,20,부산광역시 동래구 892-29,010-6425-6035,유튜브 보기
16479,황남수,79,전라남도 나주시는 572-18,010-7214-4193,여행
16480,권성호,68,경기도 성남시 수정구 70-94,010-4024-4395,보드게임
16481,강민서,43,부산광역시 사하구 219-18,010-9635-1978,자원봉사
16482,김하율,66,울산광역시 동구 490-58,010-7040-3628,뜨개질
16483,최상호,34,부산광역시 동래구 380-60,010-7519-8268,캔들 만들기
16484,권태윤,23,경기도 광주시 13-51,010-2393-1732,사진편집
16485,한정희,77,울산광역시 남구 261-63,010-5284-4247,스크래치 프로그램 만들기
16486,오예준,61,경상남도 거제시 821-75,010-5285-5719,테니스
16487,임재영,34,울산광역시 울주군 273-13,010-1251-9196,운동
16488,안진숙,78,부산광역시 동래구 582-29,010-3229-7136,코딩
16489,박은숙,20,부산광역시 연제구 966-94,010-9789-1997,요가
16490,권태수,73,서울특별시 양천구 561-54,010-8561-9476,캘리그라피
16491,황다은,49,부산광역시 동래구 249-36,010-2924-6577,집콕 놀이
16492,송나윤,28,강원도 평창군 641-45,010-3011-7395,봉사활동
16493,서정희,39,광주광역시 광산구 760-12,010-7023-7505,영화 제작
16494,황춘식,28,서울특별시 금천구 124-35,010-5481-3586,모바일 촬영
16495,홍정숙,61,세종특별자치시 조치원읍 521-12,010-6409-9409,퍼즐 맞추기
16496,전주아,30,대구광역시 중구 366-11,010-6729-2173,스크래치 프로그램 만들기
16497,임숙자,77,인천광역시 중구 794-47,010-3622-5653,등산
16498,한정호,59,강원도 강릉시 229-14,010-5916-1541,벽화 그리기
16499,전다은,59,경상남도 밀양시 433-44,010-4719-6680,디지털 일러스트
16500,강순희,31,부산광역시 북구 506-24,010-3846-6820,테니스
16501,조혜숙,56,서울특별시 도봉구 810-87,010-8253-5235,수채화 그리기
16502,이만수,49,강원도 태백시 874-72,010-2981-7218,봉사활동
16503,안수아,75,세종특별자치시 아름동 834-72,010-6323-6270,배우기
16504,서지후,27,서울특별시 강남구 509-97,010-7476-4735,게임
16505,황지원,60,서울특별시 영등포구 677-12,010-4112-6238,음악감상
16506,강하연,21,경상남도 창원시 115-78,010-8122-7650,헬로윈 파티 준비
16507,서현진,24,서울특별시 영등포구 460-92,010-3518-5425,스트리밍
16508,장다빈,39,경기도 군포시 726-62,010-8461-6573,펜팔
16509,윤세호,76,서울특별시 은평구 120-18,010-1834-8830,DIY
16510,강하율,38,강원도 원주시 301-6,010-3276-8252,캔들 만들기
16511,송태현,72,서울특별시 중구 411-16,010-2945-5508,드로잉
16512,강영자,20,경상남도 통영시 924-47,010-4188-2311,영화 제작
16513,장말순,64,부산광역시 기장군 986-23,010-9800-9147,피크닉
16514,안윤서,27,강원도 속초시 571-26,010-2097-9942,보드게임
16515,강명자,71,경기도 고양시 덕양구 869-53,010-2017-2359,요가
16516,김하진,79,대구광역시 달서구 934-95,010-2511-9411,DIY
16517,임서준,47,세종특별자치시 한솔동 965-26,010-4396-9997,모바일 게임 개발
16518,오소율,52,서울특별시 중랑구 458-21,010-3991-2726,봉사활동
16519,전기석,48,서울특별시 도봉구 600-53,010-6134-2224,생활 해킹
16520,오지후,36,경상북도 경주시 53-83,010-2978-5841,캔들 만들기
16521,강건우,24,인천광역시 계양구 673-8,010-2845-3547,사진편집
16522,정하연,34,서울특별시 은평구 403-51,010-5275-6261,비즈 공예
16523,강소율,35,부산광역시 사상구 514-85,010-9176-5416,미술관 관람
16524,홍다온,66,세종특별자치시 조치원읍 229-18,010-3927-4290,스크래치 프로그램 만들기
16525,윤성자,28,강원도 속초시 845-61,010-1526-5833,웹서핑
16526,황춘식,78,전라북도 익산시 414-35,010-2346-6285,패션
16527,최지율,29,인천광역시 남동구 867-97,010-4274-1666,VR 게임
16528,권유진,68,세종특별자치시 도담동 663-0,010-5307-6006,영화 제작
16529,조숙자,42,서울특별시 중랑구 162-44,010-5877-5991,DIY
16530,홍지율,65,충청북도 진천군 905-95,010-3702-5715,영화감상
16531,홍은숙,74,인천광역시 미추홀구 187-34,010-8946-1945,스크래치 프로그램 만들기
16532,홍주원,61,경기도 광명시 430-93,010-2955-8470,자원봉사
16533,김정자,69,부산광역시 동래구 409-8,010-1118-3054,음악감상
16534,서진숙,50,경상북도 안동시 520-92,010-4653-3559,웹서핑
16535,홍은채,37,전라북도 군산시 461-55,010-8897-7184,스트리트 댄스
16536,조복희,36,대전광역시 대덕구 962-8,010-2344-3075,사진촬영
16537,홍지민,28,서울특별시 금천구 537-29,010-4704-3589,배드민턴
16538,임광호,20,전라남도 나주시는 783-19,010-8917-8955,로봇 공학
16539,홍소율,65,대전광역시 중구 730-24,010-5807-4207,보드게임
16540,오서진,57,광주광역시 북구 627-28,010-6216-4110,보드게임
16541,송말옥,60,대전광역시 대덕구 104-90,010-9375-8796,애니메이션 제작
16542,황상호,62,제주시 신제주 992-93,010-5276-3185,보드게임
16543,신춘자,38,경상남도 사천시 774-20,010-3954-1212,스포츠 카드 수집
16544,조주영,65,경상남도 밀양시 192-12,010-2039-1616,테니스
16545,장하은,23,서울특별시 마포구 46-18,010-6891-8352,영화 제작
16546,조채원,52,대구광역시 남구 183-92,010-6774-4770,뜨개질
16547,전말순,53,경상북도 포항시 56-40,010-9991-4831,패션
16548,권민서,42,제주시 이도이동 641-66,010-4324-9091,스트리트 댄스
16549,이희정,73,충청남도 논산시 513-55,010-1656-2663,웹서핑
16550,윤호철,68,대전광역시 유성구 589-74,010-1783-8755,배드민턴
16551,송진호,49,울산광역시 울주군 413-40,010-1865-6250,보드게임
16552,윤정희,55,울산광역시 북구 136-35,010-9744-6074,자원봉사
16553,홍민서,75,경상북도 안동시 270-54,010-2895-6709,보드게임
16554,윤정자,41,인천광역시 연수구 21-46,010-9139-1713,게임 방송
16555,권다온,78,전라북도 전주시 56-90,010-1209-4647,헬스
16556,임만수,74,경기도 용인시 처인구 568-27,010-3603-9581,로봇 공학
16557,홍은숙,78,강원도 평창군 799-59,010-1043-6328,낚시
16558,홍영호,30,서울특별시 서초구 191-10,010-6563-4951,게임
16559,안종순,43,부산광역시 영도구 762-82,010-8589-1347,마인드맵 만들기
16560,강시우,31,경기도 평택시 119-70,010-3712-9601,캘리그라피
16561,서하연,52,경상남도 양산시 633-96,010-3991-1511,여행
16562,신지원,51,대구광역시 남구 410-43,010-6977-9126,웹툰 그리기
16563,조주원,79,대전광역시 유성구 824-68,010-9533-2187,모바일 촬영
16564,조재영,42,대구광역시 남구 641-78,010-9507-1207,게임 방송
16565,한태수,66,제주시 노형동 839-19,010-3631-3305,영화감상
16566,임순자,55,강원도 속초시 77-60,010-5775-9390,콜라주 아트
16567,임현철,59,강원도 동해시 251-77,010-3187-6741,도예
16568,황형민,77,충청남도 천안시 314-73,010-8841-2898,디지털 아트
16569,정태윤,69,서울특별시 영등포구 782-20,010-9517-1116,자원봉사
16570,홍만수,49,부산광역시 서구 390-96,010-6476-1028,테니스
16571,임유진,35,제주시 아라동 766-82,010-6314-8481,유튜브 보기
16572,신상민,35,세종특별자치시 조치원읍 173-54,010-8152-6182,게임
16573,한수아,74,경기도 용인시 처인구 275-73,010-6663-9837,캔들 만들기
16574,황말순,52,대구광역시 북구 902-61,010-5015-5788,캔들 만들기
16575,임진숙,46,대구광역시 북구 116-56,010-6153-6688,책 클럽
16576,오다온,28,충청북도 청주시 944-92,010-7664-4702,등산
16577,장연희,64,인천광역시 계양구 80-15,010-6846-7279,드로잉
16578,이서준,53,인천광역시 동구 752-21,010-5089-5023,모바일 촬영
16579,이지민,75,인천광역시 연수구 218-98,010-1561-4821,웹툰 그리기
16580,박종순,62,경상북도 김천시 821-94,010-5465-4534,수영
16581,송춘희,26,대구광역시 남구 241-16,010-6848-2157,피크닉
16582,조정숙,21,충청북도 진천군 779-37,010-7997-7919,플로리스트
16583,서순영,58,울산광역시 동구 471-74,010-9244-5602,게임 방송
16584,신나윤,56,울산광역시 중구 985-42,010-7517-1049,디지털 사진 전시
16585,전미영,35,경기도 용인시 수지구 400-67,010-3353-7356,벽화 그리기
16586,임성호,62,경기도 용인시 수지구 771-25,010-3082-5617,스크래치 프로그램 만들기
16587,이말옥,78,대구광역시 북구 961-44,010-7440-6374,미술관 관람
16588,안말옥,69,서울특별시 중구 130-44,010-3977-8796,코딩
16589,황재호,53,경기도 성남시 분당구 615-24,010-6015-5716,여행
16590,이춘자,65,서울특별시 은평구 650-64,010-3475-9283,등산
16591,임유하,55,울산광역시 동구 870-19,010-2627-5916,패션
16592,임지원,59,부산광역시 수영구 568-7,010-7263-7724,게임 방송
16593,전태수,25,대구광역시 남구 608-29,010-6892-2463,음악감상
16594,박서진,52,부천시 상동 32-34,010-3933-7159,보드게임
16595,송동수,23,광주광역시 광산구 38-26,010-8152-2278,웹서핑
16596,장경수,52,대전광역시 동구 593-66,010-6559-4821,디지털 사진 전시
16597,조시헌,21,전라북도 군산시 355-68,010-1457-3884,VR 게임
16598,전건우,57,서울특별시 성북구 773-70,010-1050-4488,디지털 아트
16599,박종수,73,경기도 용인시 처인구 174-16,010-7969-2499,수영
16600,전재훈,69,광주광역시 북구 284-80,010-4574-9412,배드민턴
16601,윤재영,30,제주시 이도이동 563-74,010-7575-2101,비즈 공예
16602,오은채,56,강원도 원주시 355-61,010-4981-3972,게임 방송
16603,윤춘희,30,경기도 성남시 수정구 68-8,010-2927-2542,필라테스
16604,송태현,45,경상남도 양산시 199-15,010-7174-6966,영화감상
16605,강유하,72,충청남도 논산시 341-23,010-6240-3047,디지털 일러스트
16606,전우진,50,경상북도 김천시 292-60,010-5055-2498,뜨개질
16607,강진숙,68,서울특별시 노원구 912-98,010-9015-4016,수영
16608,이도윤,41,충청북도 청주시 582-50,010-1079-5177,시뮬레이션 게임
16609,오지호,27,부산광역시 사하구 401-49,010-1047-7201,테니스
16610,전서진,46,경상남도 밀양시 29-9,010-4176-6485,자전거 타기
16611,임재호,67,광주광역시 광산구 63-5,010-6718-2936,책 클럽
16612,강정우,41,제주시 신제주 889-24,010-4645-4562,수채화 그리기
16613,이예린,54,경기도 고양시 덕양구 913-41,010-5285-4199,패션
16614,안순영,66,경기도 수원시 팔달구 120-95,010-5240-6585,사진편집
16615,송순희,58,울산광역시 중구 957-3,010-2560-7841,낚시
16616,안주영,41,인천광역시 연수구 683-19,010-4219-7968,스트리밍
16617,최광호,67,경상남도 진주시 528-98,010-6157-3248,배드민턴
16618,조철수,37,용인시 수지구 풍덕천동 736-5,010-9312-5932,영화 제작
16619,정윤호,42,제주시 아라동 741-33,010-7460-7315,콜라주 아트
16620,황명자,25,경기도 시흥시 509-52,010-3688-4064,봉사활동
16621,안기석,53,경기도 고양시 일산동구 514-44,010-2552-4926,사진편집
16622,전건우,23,인천광역시 중구 515-98,010-9627-8767,생활 해킹
16623,장나윤,25,서울특별시 강동구 682-5,010-2755-6534,사진편집
16624,정명훈,29,대전광역시 유성구 174-50,010-9208-1825,봉사활동
16625,서유하,44,전라남도 여수시 509-85,010-6420-2981,드로잉
16626,안시윤,54,울산광역시 울주군 981-82,010-2650-1070,봉사활동
16627,황옥희,29,대전광역시 유성구 147-80,010-8418-7867,사진촬영
16628,황지우,62,대구광역시 동구 63-55,010-5941-1706,콜라주 아트
16629,임소율,68,서울특별시 도봉구 231-77,010-5858-2263,플로리스트
16630,송태윤,32,경기도 화성시 362-1,010-5992-6349,독서
16631,박유진,46,서울특별시 강남구 826-88,010-6348-6948,사진편집
16632,최재호,61,부산광역시 북구 911-74,010-6543-1041,미술관 관람
16633,오서아,67,강원도 속초시 661-7,010-2886-5246,패션
16634,신영수,25,경기도 안양시 만안구 21-1,010-1505-1300,스트리트 댄스
16635,정채은,29,부산광역시 동구 760-37,010-1941-5230,캘리그라피
16636,홍말옥,72,서울특별시 마포구 861-98,010-6264-1774,등산
16637,오말순,32,대전광역시 대덕구 434-62,010-4484-4259,스포츠 카드 수집
16638,서하람,55,대구광역시 서구 144-28,010-8226-1318,명상
16639,안시우,67,부천시 원미구 중동 468-68,010-7268-2437,명상
16640,윤주아,30,부산광역시 남구 627-11,010-3532-3329,캘리그라피
16641,박주원,52,부산광역시 북구 744-77,010-5560-4813,웹서핑
16642,권재호,42,경기도 수원시 장안구 487-87,010-4756-1118,사진편집
16643,최예린,54,제주시 아라동 121-31,010-9167-6632,책 클럽
16644,박하은,54,부산광역시 영도구 984-5,010-2352-7601,필라테스
16645,이태수,34,충청남도 공주시 118-37,010-7877-8709,캔들 만들기
16646,정희정,29,경상남도 김해시 625-19,010-4090-8913,일기 쓰기
16647,한말옥,26,인천광역시 연수구 682-20,010-7892-6614,헬로윈 파티 준비
16648,이정우,37,강원도 강릉시 433-39,010-1465-5710,플라워 아트
16649,김숙자,43,대구광역시 중구 747-23,010-2617-3729,플라워 아트
16650,황시우,33,부산광역시 중구 321-39,010-6228-2955,스트리트 댄스
16651,전승호,42,서울특별시 영등포구 134-42,010-1502-3432,드로잉
16652,황정우,57,부산광역시 강서구 626-43,010-4992-5111,뜨개질
16653,정명자,74,인천광역시 부평구 340-83,010-3064-1926,보드게임
16654,오복자,48,서울특별시 강동구 632-86,010-5835-6148,모바일 촬영
16655,윤서아,40,제주시 신제주 112-82,010-2598-3520,영화 제작
16656,박하진,40,강원도 춘천시 221-4,010-2956-5799,책 클럽
16657,신춘식,38,경기도 수원시 팔달구 184-37,010-3631-8786,여행
16658,전지후,55,제주시 이도이동 199-39,010-8023-6986,자전거 타기
16659,오태수,54,울산광역시 중구 93-5,010-1819-7681,디지털 일러스트
16660,황준호,57,제주시 신제주 950-51,010-8335-9548,웹서핑
16661,김재호,73,전라북도 군산시 967-37,010-2931-6578,캘리그라피
16662,서말순,64,세종특별자치시 도담동 920-13,010-5007-3260,플라워 아트
16663,송시윤,22,부산광역시 사하구 630-66,010-4380-5735,드로잉
16664,전지한,75,부산광역시 금정구 564-60,010-1676-2122,스트리밍
16665,정재호,67,부산광역시 기장군 81-53,010-5442-6072,드로잉
16666,조서연,47,인천광역시 남동구 58-33,010-7936-6164,헬스
16667,전남수,25,서울특별시 송파구 993-3,010-9756-6930,DIY
16668,장영희,72,제주시 오라동 644-3,010-1184-2519,집콕 놀이
16669,홍말옥,48,경상북도 포항시 911-91,010-2833-2576,생활 해킹
16670,임말옥,70,광주광역시 북구 768-83,010-9329-2270,배드민턴
16671,박영희,60,서울특별시 동대문구 708-33,010-2431-4886,미술관 관람
16672,안성호,37,서울특별시 종로구 729-53,010-6896-8663,수영
16673,홍희정,35,인천광역시 미추홀구 669-80,010-3199-8397,생활 해킹
16674,윤미영,46,대전광역시 서구 728-24,010-6205-4055,미술관 관람
16675,전우진,35,경기도 수원시 장안구 547-50,010-8179-3910,디지털 콘텐츠 제작
16676,황하율,38,제주시 노형동 971-0,010-5923-4905,자전거 타기
16677,권병호,64,충청남도 공주시 668-83,010-2905-7574,웹툰 그리기
16678,송성호,36,서울특별시 용산구 39-63,010-8929-5321,책 클럽
16679,조예린,57,강원도 동해시 877-66,010-4113-3337,보드게임
16680,최희정,64,부천시 원미구 중동 964-37,010-7496-9370,음악감상
16681,황종순,54,대구광역시 달성군 973-37,010-4103-5262,영화감상
16682,윤명훈,24,부산광역시 동래구 258-14,010-8279-1461,보드게임
16683,조하은,35,경상남도 창원시 699-53,010-1437-6532,코딩
16684,최정순,37,부산광역시 사상구 128-17,010-2922-8731,자원봉사
16685,전찬우,64,대구광역시 중구 563-76,010-3789-7188,카페 투어
16686,최숙자,20,부산광역시 서구 772-93,010-3419-5193,캘리그라피
16687,오예은,68,부산광역시 동구 900-42,010-9035-8890,로봇 공학
16688,안호철,21,경상남도 진주시 320-28,010-5146-6758,사진편집
16689,박창수,41,경상남도 진주시 105-70,010-2333-6950,음악감상
16690,서세호,20,세종특별자치시 도담동 544-85,010-2374-3747,펜팔
16691,송다온,58,광주광역시 북구 45-66,010-3716-9528,보드게임
16692,오영자,51,충청남도 아산시 684-69,010-7196-8637,생활 해킹
16693,장경자,54,부천시 원미구 중동 691-14,010-5068-7236,콜라주 아트
16694,신태윤,41,경상남도 사천시 654-54,010-2616-8301,필라테스
16695,한정자,46,인천광역시 부평구 832-62,010-8449-1973,피크닉
16696,강춘자,77,강원도 춘천시 937-1,010-9134-3741,보드게임
16697,한지후,36,김해시 장유동 850-71,010-2379-5219,펜팔
16698,윤유진,44,서울특별시 노원구 859-13,010-1354-6659,영화 제작
16699,홍창수,57,울산광역시 남구 939-36,010-7718-8105,일기 쓰기
16700,김시헌,79,부산광역시 부산진구 155-31,010-1006-2407,자전거 타기
16701,신경수,58,부산광역시 동구 355-78,010-1329-6768,명상
16702,임예은,68,전라남도 목포시 798-36,010-6667-9634,헬로윈 파티 준비
16703,박준서,78,인천광역시 계양구 785-4,010-3513-8692,요가
16704,신은채,41,부산광역시 수영구 660-21,010-5738-6433,집콕 놀이
16705,조지율,76,전라북도 익산시 961-55,010-7230-4351,스트리트 댄스
16706,서민준,34,서울특별시 용산구 77-16,010-7251-1003,웹툰 그리기
16707,김하윤,67,경기도 고양시 일산동구 523-27,010-1739-1849,드로잉
16708,김로운,44,광주광역시 북구 840-78,010-6469-5028,영화감상
16709,최준호,77,강원도 양양군 3-30,010-4946-7724,영화 제작
16710,정민준,20,제주시 오라동 625-65,010-2037-7783,웹툰 그리기
16711,오정우,32,울산광역시 북구 4-34,010-4583-9283,뜨개질
16712,최종순,31,서울특별시 강북구 533-7,010-2319-1494,웹서핑
16713,윤주아,46,광주광역시 북구 549-59,010-4893-9433,스포츠 카드 수집
16714,조하연,64,서울특별시 노원구 803-51,010-4106-3795,수영
16715,최영자,41,서울특별시 영등포구 227-45,010-6314-8968,비즈 공예
16716,신영희,30,서울특별시 강남구 382-83,010-8357-7082,콜라주 아트
16717,박지우,67,전라남도 광양시 879-26,010-2801-2615,수채화 그리기
16718,이정호,70,강원도 속초시 434-67,010-5667-7462,배우기
16719,안진숙,26,서울특별시 동작구 213-22,010-2971-4588,운동
16720,권연희,39,전라북도 전주시 8-44,010-6274-6797,모바일 게임 개발
16721,임성민,54,제주시 신제주 970-0,010-4015-1201,봉사활동
16722,전주영,49,서울특별시 성북구 808-40,010-6605-9530,디지털 아트
16723,서재훈,64,충청남도 논산시 596-30,010-4413-2457,일기 쓰기
16724,안서아,67,부산광역시 금정구 16-35,010-9293-4860,벽화 그리기
16725,서정순,70,광주광역시 광산구 354-41,010-4566-9686,모바일 게임 개발
16726,최철수,34,서울특별시 도봉구 490-56,010-2467-6041,영화감상
16727,오하람,50,대구광역시 수성구 502-39,010-2193-5397,집콕 놀이
16728,서명자,67,경기도 광주시 47-21,010-7164-6203,여행
16729,권준서,45,서울특별시 성북구 823-40,010-4122-1983,운동
16730,오서진,78,대전광역시 중구 344-29,010-9655-6450,드로잉
16731,정건우,66,경기도 고양시 덕양구 601-61,010-1040-1995,필라테스
16732,한지원,35,인천광역시 부평구 727-98,010-4344-5480,배우기
16733,권재훈,33,인천광역시 부평구 371-66,010-7611-3946,디지털 사진 전시
16734,장준호,49,울산광역시 울주군 996-71,010-8514-1715,시뮬레이션 게임
16735,한민서,50,부산광역시 동구 879-44,010-8313-1645,패션
16736,조은채,51,경상남도 밀양시 520-14,010-9554-4040,콜라주 아트
16737,신복자,23,경기도 안양시 만안구 32-28,010-7364-2197,독서
16738,이하윤,50,제주시 연동 782-1,010-2741-5912,헬스
16739,최철수,65,부산광역시 동래구 654-26,010-2702-6769,게임 방송
16740,홍현우,44,인천광역시 중구 304-21,010-8414-5425,퍼즐 맞추기
16741,송지민,65,서울특별시 서초구 985-97,010-5942-4821,골프
16742,최성호,29,부산광역시 중구 973-52,010-1272-2995,집콕 놀이
16743,오지한,62,충청북도 청주시 542-54,010-8221-4955,음악감상
16744,장소율,45,경상남도 사천시 118-3,010-6030-6609,모바일 게임 개발
16745,신명훈,62,대구광역시 달서구 40-31,010-5949-1712,보드게임
16746,박순영,38,충청남도 공주시 539-8,010-6163-2013,시뮬레이션 게임
16747,송상호,31,부산광역시 중구 927-91,010-6285-7403,도예
16748,임하은,55,서울특별시 구로구 685-65,010-4417-9622,배우기
16749,신시우,36,전라남도 여수시 206-12,010-2539-8920,캠핑
16750,황태현,52,서울특별시 은평구 239-41,010-4602-6541,스트리밍
16751,조미영,70,서울특별시 서초구 238-7,010-4870-2255,로봇 공학
16752,황만수,66,울산광역시 울주군 147-33,010-7836-2462,뜨개질
16753,김민준,41,경상남도 양산시 504-57,010-4611-3619,드로잉
16754,최복자,70,경기도 파주시 900-53,010-1741-2687,게임 방송
16755,박하람,32,울산광역시 울주군 365-60,010-9085-6131,등산
16756,송미영,41,서울특별시 노원구 820-82,010-7705-2705,드로잉
16757,조영자,73,경기도 수원시 팔달구 929-30,010-2015-3040,퍼즐 맞추기
16758,신병호,24,부산광역시 중구 681-34,010-7783-2608,운동
16759,권도윤,25,경기도 오산시 337-6,010-6279-9743,유튜브 보기
16760,최윤서,51,서울특별시 서대문구 34-1,010-8782-4261,일기 쓰기
16761,오정순,34,서울특별시 노원구 480-62,010-4005-7244,캘리그라피
16762,이지원,42,서울특별시 영등포구 956-5,010-8622-2144,음악감상
16763,송재훈,56,전라남도 나주시는 199-5,010-5885-4152,생활 해킹
16764,황로운,63,부산광역시 동구 419-31,010-1896-2145,일기 쓰기
16765,임병호,33,서울특별시 금천구 794-69,010-7382-4117,마인드맵 만들기
16766,박정호,77,제주시 신제주 246-66,010-2180-5377,펜팔
16767,오영호,67,부산광역시 중구 391-63,010-3424-1235,헬스
16768,임예준,21,울산광역시 북구 133-89,010-3537-2637,시뮬레이션 게임
16769,송영희,41,충청남도 천안시 914-41,010-8297-1805,스크래치 프로그램 만들기
16770,강철수,42,경기도 수원시 장안구 22-46,010-1645-6534,일기 쓰기
16771,이종수,42,부산광역시 해운대구 970-8,010-8565-1607,여행
16772,조하람,75,광주광역시 남구 602-17,010-5726-2848,봉사활동
16773,강서아,41,충청북도 진천군 106-82,010-2903-7730,패션
16774,황다은,70,강원도 태백시 802-29,010-4921-2446,영화감상
16775,황다빈,64,울산광역시 울주군 603-13,010-3436-7017,명상
16776,안옥희,43,경상남도 양산시 424-35,010-4726-4459,뜨개질
16777,서태수,58,전라북도 군산시 838-15,010-7750-6156,보드게임
16778,서혜숙,42,울산광역시 울주군 571-72,010-5026-3042,비즈 공예
16779,홍성민,34,강원도 동해시 837-68,010-2445-6045,비즈 공예
16780,김다온,76,부산광역시 서구 60-87,010-4839-3173,독서
16781,한하은,33,울산광역시 남구 288-82,010-4739-9248,시뮬레이션 게임
16782,김하진,60,경기도 안양시 동안구 534-28,010-1521-3500,피크닉
16783,장정호,63,울산광역시 동구 193-28,010-6683-7922,골프
16784,장은숙,42,경기도 안양시 동안구 520-33,010-5721-2744,여행
16785,윤순희,75,전라남도 여수시 253-98,010-2810-4403,스키
16786,임세아,58,서울특별시 중구 62-13,010-6694-9209,골프
16787,송현진,63,경기도 용인시 처인구 393-14,010-4317-9222,등산
16788,황시헌,26,광주광역시 광산구 302-57,010-3056-9188,패션
16789,한말자,23,대전광역시 중구 222-57,010-3073-3682,캔들 만들기
16790,임예린,55,서울특별시 광진구 807-87,010-4758-2617,디지털 아트
16791,안하람,32,제주시 노형동 858-18,010-9625-6371,자원봉사
16792,장소율,67,경기도 시흥시 966-84,010-3397-8345,벽화 그리기
16793,권희정,44,서울특별시 은평구 524-59,010-1349-6769,수영
16794,강시우,31,인천광역시 남동구 864-96,010-9392-4526,비즈 공예
16795,강서아,70,충청남도 논산시 186-86,010-5747-4209,미술관 관람
16796,전예준,36,강원도 삼척시 212-61,010-4134-5873,모바일 촬영
16797,박옥희,50,서울특별시 광진구 879-71,010-6180-2098,퍼즐 맞추기
16798,서상민,55,김해시 장유동 155-78,010-2946-7435,모바일 촬영
16799,신예준,42,경상북도 구미시 748-12,010-6693-4574,VR 게임
16800,조말옥,73,경기도 고양시 일산동구 47-70,010-9038-9358,스트리밍
16801,김하연,24,부산광역시 동래구 72-60,010-9173-1703,자원봉사
16802,윤윤호,33,부천시 상동 694-56,010-3281-1566,애니메이션 제작
16803,김시우,49,대구광역시 서구 329-28,010-7232-3842,뜨개질
16804,장지한,75,제주시 이도이동 498-63,010-5686-4881,게임
16805,안영일,51,강원도 태백시 475-49,010-3667-1123,사진촬영
16806,정태윤,69,경기도 안양시 동안구 551-87,010-8311-8951,필라테스
16807,임하윤,54,대구광역시 남구 122-34,010-3427-2062,코딩
16808,김남수,63,부산광역시 수영구 682-76,010-5893-8468,도예
16809,안종순,31,대구광역시 달성군 959-93,010-8456-9477,게임
16810,서하진,51,강원도 동해시 330-71,010-2161-7450,VR 게임
16811,임은우,73,대구광역시 동구 818-41,010-1763-1878,디지털 사진 전시
16812,한예린,54,충청북도 청주시 449-91,010-1366-6625,마인드맵 만들기
16813,신춘자,76,광주광역시 동구 697-60,010-6504-1780,배우기
16814,김수아,63,대구광역시 달서구 591-32,010-4456-2971,자전거 타기
16815,홍승호,42,경기도 안양시 만안구 316-62,010-4619-5854,사진편집
16816,안채은,64,서울특별시 종로구 641-46,010-1744-4619,웹툰 그리기
16817,조민준,26,광주광역시 동구 389-0,010-7213-5338,DIY
16818,윤윤호,43,부산광역시 연제구 252-39,010-1191-6265,콜라주 아트
16819,박명훈,65,대구광역시 중구 950-46,010-3100-1483,캔들 만들기
16820,한수아,53,충청남도 아산시 386-10,010-9283-5461,골프
16821,윤순자,64,서울특별시 종로구 653-78,010-2299-7036,시뮬레이션 게임
16822,강서연,27,강원도 춘천시 970-3,010-1782-5245,스키
16823,장기석,63,부천시 원미구 중동 812-77,010-4711-4106,마인드맵 만들기
16824,한옥희,31,울산광역시 동구 438-72,010-1808-4641,등산
16825,권주원,69,경상남도 양산시 484-78,010-2155-6911,자원봉사
16826,김말자,55,경상남도 양산시 364-96,010-1221-9716,독서
16827,오숙자,69,제주시 노형동 35-24,010-4066-2573,자원봉사
16828,서복자,36,경기도 안산시 단원구 215-32,010-4608-7506,집콕 놀이
16829,한말자,28,충청북도 진천군 710-29,010-4908-2673,배드민턴
16830,김재영,44,전라북도 익산시 60-50,010-9060-9801,캠핑
16831,홍주영,39,경상북도 김천시 803-94,010-7457-5004,집콕 놀이
16832,안현진,63,제주시 노형동 534-33,010-5105-8485,웹툰 그리기
16833,권영자,45,경기도 수원시 팔달구 387-74,010-3583-3005,일기 쓰기
16834,정서연,20,부산광역시 금정구 25-69,010-8858-9648,집콕 놀이
16835,서종순,47,경기도 성남시 분당구 608-43,010-9782-2498,책 클럽
16836,서만수,51,경기도 화성시 682-70,010-1886-5476,보드게임
16837,최하연,61,서울특별시 동대문구 632-35,010-5676-7335,웹툰 그리기
16838,최민서,72,부산광역시 연제구 186-5,010-7739-6512,스트리밍
16839,박다온,31,대구광역시 달성군 854-97,010-4419-9609,DIY
16840,전영호,71,부산광역시 중구 47-56,010-1718-2044,스트리트 댄스
16841,송은우,43,광주광역시 서구 647-74,010-6443-4202,벽화 그리기
16842,전경자,23,충청남도 공주시 573-61,010-1614-6215,스크래치 프로그램 만들기
16843,권하람,21,서울특별시 관악구 359-78,010-4846-1271,캔들 만들기
16844,전철수,40,경기도 화성시 324-25,010-4822-1465,요가
16845,최복자,51,부천시 상동 426-38,010-1004-3671,시뮬레이션 게임
16846,최서진,77,서울특별시 용산구 808-36,010-7639-4843,헬스
16847,최기석,58,경기도 파주시 272-37,010-4213-8170,스트리트 댄스
16848,장창수,71,광주광역시 남구 147-26,010-9418-5975,웹서핑
16849,박은우,23,부산광역시 해운대구 311-62,010-2170-3632,모바일 게임 개발
16850,권지한,75,용인시 수지구 풍덕천동 560-87,010-7922-1358,사진편집
16851,장진호,77,부산광역시 기장군 530-14,010-9531-3976,봉사활동
16852,조상민,30,부산광역시 수영구 923-6,010-8632-4740,필라테스
16853,안다온,32,서울특별시 영등포구 78-14,010-3244-1189,자원봉사
16854,정기석,32,강원도 삼척시 599-46,010-1056-8156,마인드맵 만들기
16855,안윤서,65,서울특별시 종로구 770-32,010-3739-6163,웹서핑
16856,권예린,21,경상북도 경주시 764-25,010-4583-6547,스트리밍
16857,황예린,42,서울특별시 도봉구 115-84,010-6173-6910,플라워 아트
16858,서재훈,60,부산광역시 기장군 273-32,010-8021-3545,디지털 콘텐츠 제작
16859,오미영,52,충청남도 천안시 245-33,010-4387-9733,테니스
16860,임진호,42,광주광역시 남구 661-96,010-4416-9411,음악감상
16861,최철수,75,김해시 장유동 194-73,010-3766-8361,디지털 일러스트
16862,김다빈,32,경기도 안양시 동안구 819-11,010-4274-3877,모바일 게임 개발
16863,최찬우,37,부산광역시 서구 34-60,010-1148-8263,수채화 그리기
16864,전정자,34,전라남도 나주시는 396-18,010-6947-7584,헬스
16865,서영수,21,부산광역시 강서구 571-94,010-9105-8710,스키
16866,임은채,67,대전광역시 대덕구 763-56,010-4168-1987,스포츠 카드 수집
16867,홍명숙,28,서울특별시 성동구 117-5,010-9400-3143,배드민턴
16868,신복자,60,경상남도 거제시 169-54,010-4460-1113,코딩
16869,조순영,61,서울특별시 종로구 542-50,010-8201-3279,콜라주 아트
16870,한유진,36,대전광역시 서구 597-43,010-9469-6454,플라워 아트
16871,박영수,56,강원도 속초시 585-26,010-6891-6874,웹서핑
16872,한현서,30,경기도 광주시 996-68,010-8310-4811,디지털 사진 전시
16873,정영수,43,충청남도 천안시 966-84,010-9303-5285,마인드맵 만들기
16874,최현우,24,경기도 고양시 일산동구 583-38,010-2859-7718,플로리스트
16875,황다빈,22,대전광역시 중구 169-42,010-5247-9831,피크닉
16876,신찬우,22,전라북도 군산시 482-43,010-3343-3781,웹툰 그리기
16877,오상민,56,대구광역시 중구 97-81,010-7006-8576,마인드맵 만들기
16878,임복희,25,인천광역시 중구 907-11,010-8110-6796,배우기
16879,김동수,44,인천광역시 미추홀구 752-22,010-6258-1990,웹툰 그리기
16880,홍하은,75,인천광역시 부평구 995-93,010-3182-9989,캘리그라피
16881,한은채,47,광주광역시 동구 842-4,010-5715-8077,요가
16882,김하연,51,경기도 광주시 599-47,010-2085-3241,운동
16883,임춘식,76,강원도 강릉시 248-61,010-8417-9312,DIY
16884,이태윤,42,경기도 의정부시 694-15,010-3129-6609,요리
16885,한순영,75,인천광역시 남동구 570-61,010-9902-1503,사진촬영
16886,홍영호,54,경기도 수원시 장안구 448-72,010-3212-6804,디지털 사진 전시
16887,전말자,46,서울특별시 성동구 129-80,010-7002-6223,사진편집
16888,정승호,51,서울특별시 종로구 989-62,010-4147-1377,캠핑
16889,임예은,75,서울특별시 서초구 795-68,010-1837-7894,영화 제작
16890,최도윤,79,경기도 용인시 수지구 734-62,010-8752-2181,코딩
16891,김명자,32,대전광역시 서구 739-23,010-8966-5184,보드게임
16892,김성자,51,부산광역시 동래구 909-17,010-3197-6092,보드게임
16893,홍종수,35,제주시 이도이동 661-5,010-4090-3956,디지털 사진 전시
16894,권민서,67,서울특별시 양천구 218-70,010-5379-3317,집콕 놀이
16895,오도윤,40,경기도 안산시 상록구 143-3,010-8685-4782,자전거 타기
16896,장철수,66,인천광역시 동구 154-20,010-5467-9369,DIY
16897,조정우,63,대구광역시 중구 560-52,010-1763-6401,DIY
16898,전정희,66,제주시 이도이동 587-25,010-6426-5735,보드게임
16899,오명훈,79,세종특별자치시 도담동 982-59,010-7677-6658,명상
16900,전정희,24,대전광역시 대덕구 897-41,010-4090-4176,스트리밍
16901,장시우,21,서울특별시 강남구 992-77,010-9113-3532,애니메이션 제작
16902,오영일,41,대구광역시 북구 401-47,010-4573-3131,테니스
16903,조순자,24,울산광역시 남구 126-86,010-2652-1466,플로리스트
16904,황성자,53,충청남도 공주시 938-59,010-2711-7073,집콕 놀이
16905,안다빈,63,충청북도 충주시 409-76,010-1076-6492,콜라주 아트
16906,조윤서,59,울산광역시 울주군 963-28,010-2182-8218,캘리그라피
16907,송유진,67,경기도 안양시 만안구 188-92,010-8853-4711,헬로윈 파티 준비
16908,한정호,45,대구광역시 남구 241-15,010-8074-5189,필라테스
16909,이상호,25,울산광역시 울주군 751-25,010-9110-2118,로봇 공학
16910,강성자,32,부산광역시 사상구 534-10,010-1340-4997,모바일 게임 개발
16911,강민서,59,경기도 안양시 만안구 72-38,010-1033-1594,집콕 놀이
16912,한은우,45,경상남도 사천시 475-27,010-2636-2747,헬스
16913,강영자,73,전라남도 나주시는 30-71,010-2630-5585,플라워 아트
16914,강서아,63,경상남도 통영시 307-41,010-5073-6698,등산
16915,홍은채,50,경기도 수원시 팔달구 850-40,010-2671-8640,봉사활동
16916,임희정,31,부산광역시 강서구 396-21,010-4878-9948,여행
16917,안은채,49,대전광역시 동구 231-86,010-5024-2376,카페 투어
16918,최명자,44,충청북도 청주시 192-17,010-2689-6672,음악감상
16919,최병호,75,경상남도 진주시 507-65,010-7519-3892,콜라주 아트
16920,오복희,65,울산광역시 남구 480-65,010-4619-8730,음악감상
16921,송경자,53,경기도 성남시 분당구 928-40,010-1562-4575,자전거 타기
16922,황하진,40,용인시 수지구 풍덕천동 418-83,010-8029-5737,스키
16923,장현철,24,대전광역시 중구 470-4,010-5394-2270,수채화 그리기
16924,조민준,25,인천광역시 남동구 841-64,010-4904-6117,디지털 아트
16925,전정호,20,서울특별시 중랑구 871-95,010-3976-5448,도예
16926,안윤서,49,서울특별시 강북구 766-24,010-3833-4105,VR 게임
16927,김남수,29,인천광역시 동구 457-64,010-1244-2458,퍼즐 맞추기
16928,전민준,43,강원도 속초시 857-97,010-6497-4535,스트리트 댄스
16929,이지민,30,대전광역시 대덕구 115-1,010-2795-3551,웹서핑
16930,안현철,77,서울특별시 은평구 494-16,010-5898-5686,디지털 콘텐츠 제작
16931,전명자,29,서울특별시 성북구 562-52,010-2382-9234,게임 방송
16932,윤민준,30,전라북도 군산시 530-68,010-4071-5113,자전거 타기
16933,황옥희,64,부산광역시 강서구 997-68,010-2350-7476,배드민턴
16934,정서아,23,서울특별시 강동구 539-47,010-3786-4151,등산
16935,박복자,56,서울특별시 종로구 107-97,010-9694-6224,골프
16936,전하람,27,부산광역시 사하구 800-39,010-1352-1887,필라테스
16937,송지한,40,경기도 고양시 일산동구 691-18,010-7786-9248,낚시
16938,한다빈,56,부산광역시 중구 848-92,010-6760-9145,펜팔
16939,권은채,24,서울특별시 중랑구 574-86,010-5497-2677,시뮬레이션 게임
16940,박재영,72,대구광역시 서구 647-14,010-3542-4209,책 클럽
16941,전옥희,68,경상북도 김천시 262-81,010-2749-6194,테니스
16942,전명훈,63,경상남도 거제시 262-71,010-6842-8174,비즈 공예
16943,안다온,36,부산광역시 사상구 370-49,010-3611-6655,테니스
16944,임유진,44,용인시 수지구 풍덕천동 596-59,010-3076-9786,콜라주 아트
16945,정진호,40,서울특별시 중랑구 746-26,010-5613-6188,유튜브 보기
16946,김서준,54,서울특별시 마포구 145-29,010-8094-1992,뜨개질
16947,정희정,50,세종특별자치시 아름동 104-89,010-9381-3194,캔들 만들기
16948,송명훈,52,충청북도 충주시 858-12,010-6526-6469,도예
16949,황미영,46,경상남도 진주시 188-31,010-5962-8873,디지털 아트
16950,장명훈,35,부산광역시 영도구 39-4,010-1361-5262,수영
16951,홍현우,56,경기도 성남시 분당구 155-74,010-8327-7940,영화 제작
16952,윤세호,49,세종특별자치시 도담동 728-71,010-3815-1582,패션
16953,한진호,46,인천광역시 남동구 346-32,010-6443-2552,모바일 촬영
16954,박춘식,23,경상북도 구미시 318-23,010-3358-2197,배드민턴
16955,장지우,57,서울특별시 노원구 810-80,010-4439-9647,도예
16956,이시헌,51,대구광역시 서구 865-19,010-5568-7654,드로잉
16957,오성자,58,광주광역시 북구 206-92,010-5192-2102,시뮬레이션 게임
16958,김다온,58,서울특별시 중랑구 698-55,010-2898-3946,낚시
16959,박하진,76,경기도 광명시 730-34,010-5026-1042,영화감상
16960,오지율,38,부산광역시 서구 281-66,010-3798-4530,낚시
16961,송정우,72,인천광역시 연수구 219-15,010-6658-9520,패션
16962,이다온,23,경상남도 진주시 11-5,010-6270-1502,책 클럽
16963,강선자,77,부산광역시 사상구 437-26,010-6154-2376,비즈 공예
16964,송철수,34,경기도 용인시 기흥구 60-80,010-4403-5900,DIY
16965,최형민,49,부산광역시 북구 393-50,010-7447-9695,웹툰 그리기
16966,오지민,41,전라남도 목포시 674-54,010-2654-3377,애니메이션 제작
16967,오춘식,71,충청남도 아산시 987-22,010-3872-1380,디지털 일러스트
16968,황철수,48,서울특별시 은평구 39-76,010-1433-1219,펜팔
16969,서종순,76,경기도 평택시 755-5,010-8137-5329,코딩
16970,장말순,43,충청북도 진천군 494-29,010-1888-5571,수채화 그리기
16971,전하율,66,경기도 광명시 918-76,010-5650-4275,캠핑
16972,김세호,55,강원도 태백시 872-28,010-3748-1889,콜라주 아트
16973,조광호,20,서울특별시 강서구 721-28,010-3185-4436,애니메이션 제작
16974,임서진,48,서울특별시 동대문구 987-18,010-9097-2313,영화 제작
16975,오주아,43,대전광역시 대덕구 811-69,010-5624-4076,캔들 만들기
16976,최말자,68,서울특별시 강북구 895-88,010-5727-8626,드로잉
16977,윤기영,26,서울특별시 동작구 691-56,010-6343-1269,패션
16978,오시윤,73,부산광역시 금정구 102-2,010-1011-9028,낚시
16979,신춘식,64,경상남도 통영시 601-53,010-6506-8213,시뮬레이션 게임
16980,윤명자,22,광주광역시 동구 832-90,010-5033-7020,뜨개질
16981,신재호,38,제주시 신제주 790-5,010-1668-5097,요리
16982,한순자,71,경기도 광명시 313-39,010-1370-4335,피크닉
16983,권유하,64,서울특별시 영등포구 541-47,010-7029-2831,집콕 놀이
16984,신종수,37,울산광역시 북구 751-79,010-5480-9660,수영
16985,장춘자,56,서울특별시 강북구 699-0,010-2330-6778,비즈 공예
16986,강재훈,56,인천광역시 동구 752-46,010-3825-2720,요가
16987,홍재호,78,대전광역시 중구 360-53,010-4047-4980,운동
16988,서지율,73,대구광역시 중구 115-70,010-6229-1703,보드게임
16989,권민준,34,서울특별시 양천구 71-10,010-3035-2150,게임 방송
16990,정현우,49,강원도 삼척시 972-26,010-1039-4103,디지털 콘텐츠 제작
16991,임말옥,65,강원도 춘천시 139-50,010-1559-5518,수영
16992,장나윤,30,강원도 속초시 121-2,010-6057-6946,사진편집
16993,안민준,52,충청남도 천안시 883-93,010-2256-9252,드로잉
16994,권준호,50,경기도 군포시 586-1,010-4815-6327,모바일 게임 개발
16995,서경자,76,경상북도 김천시 212-20,010-4042-3131,DIY
16996,서지우,49,대전광역시 서구 397-33,010-2239-8954,벽화 그리기
16997,황남수,38,제주시 노형동 246-18,010-4004-8279,디지털 사진 전시
16998,윤민수,73,전라북도 군산시 202-69,010-9919-9770,벽화 그리기
16999,박정우,70,대구광역시 수성구 653-69,010-1995-5862,캠핑
17000,신하람,33,울산광역시 북구 33-1,010-4243-7558,모바일 게임 개발
17001,김수빈,53,성남시 분당구 정자동 368-53,010-4818-3862,도예
17002,임민준,55,울산광역시 동구 80-68,010-2448-9977,수영
17003,황주원,61,전라남도 목포시 829-14,010-7657-6057,비즈 공예
17004,신하윤,62,광주광역시 동구 610-49,010-2539-6181,벽화 그리기
17005,박유진,45,서울특별시 광진구 651-20,010-3051-8444,테니스
17006,홍종순,27,경기도 군포시 532-57,010-5086-7187,보드게임
17007,윤호철,27,전라남도 여수시 787-56,010-6191-7921,캔들 만들기
17008,안종순,38,부산광역시 수영구 633-70,010-5508-9772,플라워 아트
17009,정옥희,42,경상북도 안동시 185-69,010-5715-7869,생활 해킹
17010,임정숙,53,세종특별자치시 한솔동 90-88,010-5810-2813,요리
17011,송은우,25,서울특별시 양천구 361-66,010-1647-6554,자전거 타기
17012,이수아,31,충청북도 청주시 993-65,010-1671-3746,모바일 촬영
17013,서하은,26,인천광역시 중구 414-89,010-3462-8890,벽화 그리기
17014,박형민,36,경기도 용인시 처인구 271-12,010-2597-3442,스키
17015,서하람,64,울산광역시 남구 562-65,010-2943-9187,로봇 공학
17016,이명훈,52,경기도 의정부시 892-47,010-1284-5678,유튜브 보기
17017,김로운,45,서울특별시 노원구 269-19,010-8750-9325,웹서핑
17018,송말옥,70,전라북도 전주시 567-50,010-5639-6339,디지털 일러스트
17019,윤춘희,72,제주시 신제주 943-23,010-5496-8780,시뮬레이션 게임
17020,이말옥,44,강원도 양양군 846-20,010-5775-5560,필라테스
17021,황남수,38,서울특별시 구로구 499-37,010-9399-1864,콜라주 아트
17022,황지호,59,경상남도 사천시 475-86,010-5992-4329,도예
17023,정명숙,66,서울특별시 금천구 285-92,010-4323-3030,골프
17024,임주아,67,인천광역시 계양구 403-38,010-9890-3126,운동
17025,전현우,37,경상남도 김해시 744-56,010-5709-1810,카페 투어
17026,서지우,76,경상북도 안동시 596-48,010-9693-1338,디지털 일러스트
17027,최지원,45,대전광역시 서구 318-67,010-1733-5859,골프
17028,윤종순,58,울산광역시 울주군 983-90,010-6202-7681,퍼즐 맞추기
17029,최하람,30,경상남도 밀양시 442-41,010-2989-4818,모바일 게임 개발
17030,장경수,29,인천광역시 남동구 434-75,010-1830-4474,일기 쓰기
17031,서주아,33,세종특별자치시 한솔동 611-98,010-3198-2759,봉사활동
17032,안철수,53,서울특별시 성북구 687-96,010-7301-6305,카페 투어
17033,이영희,25,서울특별시 중구 121-0,010-9731-6865,벽화 그리기
17034,장하윤,34,서울특별시 종로구 514-76,010-3974-7947,스트리트 댄스
17035,오영자,77,부산광역시 북구 547-46,010-2806-4958,수영
17036,조병호,22,부산광역시 금정구 483-83,010-7075-9565,마인드맵 만들기
17037,권채원,59,전라북도 군산시 594-79,010-6507-8858,자전거 타기
17038,서주영,42,부산광역시 사상구 444-78,010-4996-8295,영화 제작
17039,정말순,48,강원도 속초시 112-19,010-8688-5415,게임
17040,전명자,45,대구광역시 북구 797-18,010-9731-6638,패션
17041,조말순,72,부산광역시 해운대구 776-96,010-4843-9612,카페 투어
17042,정상호,20,부산광역시 부산진구 946-48,010-2057-5299,뜨개질
17043,황성호,65,제주시 이도이동 428-64,010-1115-4079,도예
17044,오주아,50,강원도 속초시 146-54,010-8489-5389,플라워 아트
17045,정현철,28,경상남도 창녕군 861-42,010-4656-8826,스포츠 카드 수집
17046,박복희,73,제주시 신제주 89-98,010-2658-8928,피크닉
17047,안다빈,71,제주시 이도이동 141-61,010-4717-5330,게임 방송
17048,윤영희,59,충청남도 아산시 618-89,010-4294-5027,독서
17049,임진숙,71,경상남도 거제시 359-87,010-9447-4153,영화감상
17050,박준호,66,경기도 고양시 덕양구 129-67,010-1127-2493,수채화 그리기
17051,한유하,63,전라남도 여수시 210-84,010-3010-7335,수영
17052,송윤호,47,전라남도 순천시 845-73,010-4871-4193,배드민턴
17053,황민서,28,부천시 상동 549-35,010-2013-4947,배우기
17054,조종순,32,대전광역시 서구 215-71,010-2692-2168,보드게임
17055,이말옥,34,강원도 삼척시 198-92,010-9124-7187,벽화 그리기
17056,조하윤,53,경기도 성남시 수정구 675-71,010-8841-5864,DIY
17057,윤은우,41,부산광역시 사상구 62-43,010-6354-2915,웹서핑
17058,이만수,46,전라남도 목포시 341-26,010-1415-4958,여행
17059,송지원,25,대구광역시 달성군 811-4,010-4324-6696,스트리트 댄스
17060,황남수,57,전라북도 익산시 982-25,010-7300-5627,플로리스트
17061,정채원,37,대구광역시 달성군 96-61,010-5666-1874,운동
17062,송예준,38,제주시 노형동 14-39,010-8907-8192,배드민턴
17063,조기석,35,서울특별시 구로구 796-11,010-5106-4854,필라테스
17064,조채원,68,강원도 원주시 432-12,010-5055-6842,사진촬영
17065,서태수,66,울산광역시 중구 230-3,010-2230-3472,캠핑
17066,신창수,46,부천시 상동 827-51,010-7123-1776,도예
17067,서기영,48,경상남도 양산시 331-17,010-9488-6153,배우기
17068,윤예린,46,경상남도 김해시 434-44,010-8292-3121,배우기
17069,홍태윤,42,경상남도 창원시 320-5,010-4082-3749,모바일 게임 개발
17070,이순자,59,인천광역시 부평구 395-61,010-3818-6227,VR 게임
17071,한옥희,20,경상남도 밀양시 825-7,010-2052-4477,책 클럽
17072,강유하,61,대전광역시 서구 97-6,010-7173-4394,비즈 공예
17073,조지후,56,경기도 광명시 441-90,010-2518-4242,봉사활동
17074,한태수,59,성남시 분당구 정자동 436-77,010-1441-8312,로봇 공학
17075,전상호,55,제주시 아라동 667-76,010-8791-7734,디지털 사진 전시
17076,한춘희,76,세종특별자치시 도담동 15-86,010-8382-1991,애니메이션 제작
17077,최현서,66,경상남도 사천시 758-90,010-8002-9218,수영
17078,윤하율,40,충청북도 진천군 70-57,010-8441-1856,도예
17079,오진호,74,제주시 연동 22-11,010-1488-8276,봉사활동
17080,송재호,57,대구광역시 남구 521-85,010-2571-8547,게임
17081,홍하은,56,충청남도 논산시 497-27,010-6381-5806,웹툰 그리기
17082,이정순,76,부산광역시 영도구 933-64,010-2507-3799,VR 게임
17083,조성민,78,전라남도 목포시 233-31,010-8222-6014,웹툰 그리기
17084,서지우,26,대구광역시 달성군 818-52,010-8492-9562,수채화 그리기
17085,임로운,38,광주광역시 동구 901-35,010-4741-6377,디지털 콘텐츠 제작
17086,권영자,44,부산광역시 사하구 926-96,010-5885-1955,모바일 촬영
17087,권태윤,31,서울특별시 강동구 329-27,010-4493-2220,헬로윈 파티 준비
17088,정예린,57,부산광역시 동구 611-54,010-8151-4399,낚시
17089,안영호,75,경상북도 김천시 920-18,010-5973-3872,헬스
17090,최현서,23,제주시 연동 246-46,010-7383-2949,게임 방송
17091,김세아,44,경상남도 창녕군 770-56,010-1551-2859,요가
17092,홍미영,75,서울특별시 도봉구 283-21,010-4782-2398,테니스
17093,장서진,47,울산광역시 동구 947-91,010-2203-5509,디지털 일러스트
17094,안소율,68,경기도 파주시 105-11,010-6102-9188,모바일 촬영
17095,장유진,57,광주광역시 남구 566-60,010-6366-9628,골프
17096,정옥희,66,전라북도 전주시 622-53,010-4346-9771,필라테스
17097,정민준,55,인천광역시 연수구 536-44,010-4345-9172,퍼즐 맞추기
17098,황현철,28,서울특별시 중랑구 777-28,010-2903-6097,명상
17099,김말옥,53,강원도 평창군 68-67,010-3040-9437,코딩
17100,정지민,31,성남시 분당구 정자동 936-52,010-7207-3529,책 클럽
17101,서지후,34,경상북도 포항시 826-63,010-8670-6231,스키
17102,장정희,76,광주광역시 광산구 981-61,010-9743-3295,보드게임
17103,신나윤,69,대구광역시 수성구 193-24,010-3243-3491,벽화 그리기
17104,최순영,27,부산광역시 남구 768-67,010-4769-9118,캠핑
17105,송명훈,50,부산광역시 해운대구 771-24,010-9284-3622,운동
17106,이채은,57,충청남도 논산시 443-7,010-5306-8850,음악감상
17107,장창수,68,서울특별시 성동구 773-31,010-9266-5007,자전거 타기
17108,권시윤,55,제주시 아라동 52-1,010-1486-5262,도예
17109,오경자,50,광주광역시 남구 353-29,010-9780-8882,콜라주 아트
17110,한시우,75,제주시 연동 644-33,010-7266-8619,스포츠 카드 수집
17111,송형민,28,세종특별자치시 도담동 377-39,010-7184-2431,필라테스
17112,박유하,30,울산광역시 울주군 319-69,010-3037-5062,VR 게임
17113,오민준,70,서울특별시 구로구 639-77,010-1728-3716,책 클럽
17114,권채은,20,울산광역시 동구 997-43,010-3345-2441,스트리트 댄스
17115,서미영,38,서울특별시 강동구 713-51,010-9099-8728,자전거 타기
17116,조태수,34,부산광역시 북구 198-81,010-2158-7763,낚시
17117,임복희,38,부천시 원미구 중동 664-43,010-5440-4632,퍼즐 맞추기
17118,권수아,63,서울특별시 관악구 468-65,010-1745-3283,요가
17119,장성호,34,광주광역시 서구 755-18,010-3052-4594,수채화 그리기
17120,황태윤,26,제주시 연동 409-0,010-7451-5492,피크닉
17121,정명자,35,강원도 양양군 231-65,010-6568-4334,캘리그라피
17122,신채은,53,부산광역시 금정구 460-57,010-3579-4244,도예
17123,조말순,21,강원도 동해시 903-51,010-6325-4875,플라워 아트
17124,서은숙,75,서울특별시 종로구 101-71,010-4743-1972,요리
17125,전민수,24,부산광역시 금정구 756-15,010-9761-7292,웹서핑
17126,안상호,38,부천시 상동 799-28,010-1406-6448,요리
17127,최진숙,78,경기도 파주시 306-42,010-3419-8951,벽화 그리기
17128,정예린,36,대구광역시 달서구 139-85,010-8245-4371,패션
17129,신미영,68,광주광역시 서구 708-27,010-7398-8573,모바일 촬영
17130,장주영,71,대구광역시 동구 244-74,010-2906-7253,일기 쓰기
17131,오정순,26,부산광역시 기장군 72-36,010-7133-4839,게임
17132,윤준서,64,대구광역시 서구 584-42,010-3379-2302,콜라주 아트
17133,전소율,35,강원도 속초시 329-94,010-8696-3382,웹서핑
17134,황다온,47,강원도 삼척시 327-27,010-7468-5372,음악감상
17135,정현우,39,대전광역시 대덕구 904-14,010-3940-1698,패션
17136,최동수,62,경상남도 창원시 574-96,010-6383-5180,로봇 공학
17137,안성자,74,인천광역시 연수구 196-94,010-6365-3506,봉사활동
17138,윤하진,72,경기도 수원시 팔달구 384-1,010-2812-4017,비즈 공예
17139,최찬우,60,서울특별시 종로구 665-54,010-5237-8928,헬로윈 파티 준비
17140,강호철,22,대전광역시 동구 434-42,010-6322-5676,캠핑
17141,정예린,50,충청북도 진천군 925-33,010-8102-4370,사진촬영
17142,임경자,59,부산광역시 사하구 164-53,010-7260-3328,수채화 그리기
17143,박현서,50,전라북도 익산시 602-16,010-3988-1901,요리
17144,안말순,30,경상북도 안동시 254-37,010-5611-7381,게임
17145,정채원,32,경기도 안산시 상록구 764-5,010-1112-1434,스키
17146,조수빈,30,경상남도 거제시 867-38,010-8794-6618,배우기
17147,홍태수,54,광주광역시 동구 174-33,010-7090-3165,봉사활동
17148,정시헌,58,경상북도 경주시 544-98,010-5238-1493,테니스
17149,장재영,58,대구광역시 서구 370-34,010-7868-2393,요가
17150,이현우,32,경기도 오산시 828-64,010-6953-6767,게임
17151,윤정자,62,경기도 시흥시 981-38,010-4378-1395,플로리스트
17152,권만수,21,제주시 아라동 394-80,010-2606-5277,등산
17153,서말순,73,서울특별시 동대문구 928-94,010-7121-5848,펜팔
17154,강기석,66,경기도 안산시 단원구 660-39,010-3876-2421,헬스
17155,정지율,61,울산광역시 북구 540-13,010-1431-3816,비즈 공예
17156,조희정,61,서울특별시 종로구 773-74,010-9287-4387,펜팔
17157,윤지우,28,충청남도 아산시 914-89,010-4170-8758,영화 제작
17158,조태수,62,경기도 화성시 114-11,010-6316-5745,로봇 공학
17159,김영일,63,서울특별시 종로구 23-2,010-2728-3162,헬스
17160,전현진,25,전라북도 익산시 385-33,010-8448-3905,애니메이션 제작
17161,장복희,48,제주시 오라동 837-76,010-6851-9403,요가
17162,황진호,77,경기도 시흥시 833-93,010-1915-9693,도예
17163,윤건우,59,전라남도 여수시 278-57,010-8152-1473,영화 제작
17164,조수빈,33,부산광역시 남구 498-55,010-3912-5014,보드게임
17165,최상민,21,충청남도 공주시 876-12,010-5953-3787,스트리트 댄스
17166,서경수,77,대전광역시 중구 877-85,010-3193-2050,디지털 일러스트
17167,서주원,75,경상남도 김해시 676-73,010-7688-3568,수채화 그리기
17168,박명숙,30,부산광역시 북구 398-44,010-9576-2323,드로잉
17169,강영호,44,울산광역시 중구 159-19,010-2201-2228,요리
17170,전현서,46,서울특별시 성동구 793-57,010-8774-1862,스트리밍
17171,황수아,41,서울특별시 동작구 886-66,010-4576-6611,VR 게임
17172,홍숙자,26,서울특별시 강북구 662-68,010-1417-1303,요가
17173,김태수,49,대구광역시 중구 973-42,010-5448-4738,음악감상
17174,박종순,44,서울특별시 금천구 108-30,010-2752-5424,사진편집
17175,한영자,44,울산광역시 동구 320-61,010-7877-5485,생활 해킹
17176,최건우,26,경기도 평택시 293-42,010-7837-2222,생활 해킹
17177,한말옥,22,경기도 용인시 수지구 75-94,010-1373-1865,스트리트 댄스
17178,전민준,57,인천광역시 중구 212-20,010-7198-1563,콜라주 아트
17179,신말옥,47,성남시 분당구 정자동 566-58,010-1211-7629,영화감상
17180,전하연,66,광주광역시 서구 937-50,010-6107-1742,수채화 그리기
17181,송태현,20,대구광역시 중구 175-54,010-8619-5148,요리
17182,최로운,29,서울특별시 구로구 312-66,010-8229-8280,디지털 일러스트
17183,권시우,75,인천광역시 계양구 732-2,010-2606-2946,디지털 사진 전시
17184,안철수,25,용인시 수지구 풍덕천동 412-29,010-5102-8411,게임 방송
17185,오재영,21,서울특별시 동대문구 375-31,010-4298-2845,캠핑
17186,안하진,72,경상북도 구미시 47-9,010-9266-5232,피크닉
17187,신세호,31,경상남도 거제시 37-60,010-2524-4067,수영
17188,황영호,42,대전광역시 중구 965-45,010-6135-5749,보드게임
17189,신현철,44,서울특별시 강동구 835-43,010-5559-2717,벽화 그리기
17190,윤상호,38,강원도 태백시 188-62,010-6992-4882,여행
17191,김찬우,75,대전광역시 대덕구 552-30,010-6014-1754,헬로윈 파티 준비
17192,이상호,42,세종특별자치시 한솔동 889-81,010-1884-3855,퍼즐 맞추기
17193,최진호,33,용인시 수지구 풍덕천동 238-39,010-4154-6509,낚시
17194,김진호,28,경기도 화성시 879-21,010-3764-8272,게임
17195,윤말옥,29,경기도 안양시 동안구 449-63,010-1585-6299,영화 제작
17196,임순자,54,광주광역시 남구 123-42,010-7991-6842,캠핑
17197,한정우,72,부산광역시 수영구 735-97,010-4064-4765,벽화 그리기
17198,신재영,77,전라북도 전주시 804-49,010-7318-7016,배우기
17199,송지우,28,서울특별시 은평구 46-41,010-8215-1504,게임 방송
17200,송영호,35,강원도 홍천군 55-21,010-8835-4043,요리
17201,홍시우,68,성남시 분당구 정자동 932-36,010-2217-9013,사진촬영
17202,이명자,52,광주광역시 북구 936-10,010-7129-1537,사진편집
17203,전지후,22,울산광역시 동구 203-85,010-8794-1712,패션
17204,정주영,77,충청북도 충주시 166-44,010-3075-3585,미술관 관람
17205,이은숙,74,강원도 홍천군 825-71,010-6131-2009,요리
17206,윤다은,77,대구광역시 달서구 79-60,010-9574-5835,로봇 공학
17207,김은채,65,울산광역시 북구 575-39,010-3082-3144,미술관 관람
17208,임도윤,37,경상남도 창원시 729-0,010-9956-9290,캘리그라피
17209,임세아,24,대구광역시 남구 202-53,010-8567-4033,책 클럽
17210,임현진,35,서울특별시 종로구 622-93,010-4949-7219,집콕 놀이
17211,안도윤,68,전라남도 광양시 662-9,010-3957-9433,수채화 그리기
17212,최태수,22,서울특별시 동대문구 387-92,010-3222-5872,DIY
17213,서은우,43,김해시 장유동 662-26,010-9348-4584,일기 쓰기
17214,서윤서,72,부산광역시 동래구 756-24,010-2957-7254,코딩
17215,황정우,51,전라북도 전주시 163-76,010-1896-1724,스트리트 댄스
17216,한만수,50,제주시 이도이동 439-34,010-4661-4998,사진촬영
17217,송옥희,36,서울특별시 금천구 553-27,010-9746-1340,퍼즐 맞추기
17218,전경자,41,울산광역시 남구 742-17,010-2093-2532,도예
17219,안광호,44,대구광역시 중구 572-11,010-5973-2787,헬스
17220,강숙자,64,대전광역시 중구 267-3,010-9246-6529,스트리트 댄스
17221,윤지후,66,경상북도 포항시 756-75,010-3121-6711,사진촬영
17222,황순영,75,서울특별시 종로구 687-73,010-7170-8448,책 클럽
17223,황정호,79,충청남도 논산시 551-66,010-3789-2153,시뮬레이션 게임
17224,권영수,49,경상남도 사천시 111-72,010-3640-8916,스트리밍
17225,이수아,22,대구광역시 남구 454-83,010-4201-5629,카페 투어
17226,오승호,22,강원도 속초시 235-31,010-5171-6255,게임 방송
17227,권영호,36,인천광역시 중구 171-81,010-2863-1747,사진촬영
17228,장성민,52,성남시 분당구 정자동 31-61,010-7575-7331,콜라주 아트
17229,오춘식,40,충청남도 천안시 2-9,010-8484-1374,스트리밍
17230,장수빈,21,성남시 분당구 정자동 405-17,010-9283-8679,영화감상
17231,홍정자,43,경기도 수원시 장안구 979-5,010-2808-6063,생활 해킹
17232,서태윤,46,충청남도 아산시 677-0,010-7808-1819,영화감상
17233,장광호,74,서울특별시 금천구 218-10,010-3747-5436,골프
17234,서시헌,22,경상북도 포항시 399-26,010-5630-9905,퍼즐 맞추기
17235,오명훈,37,대전광역시 대덕구 609-27,010-4043-2197,피크닉
17236,강채원,22,울산광역시 북구 694-46,010-9985-2025,영화감상
17237,최민서,63,충청남도 아산시 830-7,010-7989-9712,사진편집
17238,한다온,64,서울특별시 영등포구 5-27,010-5294-2280,웹툰 그리기
17239,조수빈,42,인천광역시 동구 840-62,010-7628-8765,웹서핑
17240,황말자,59,부산광역시 영도구 779-81,010-2671-3505,영화 제작
17241,한성자,70,경기도 광주시 598-11,010-1966-8850,봉사활동
17242,권선자,74,경기도 광주시 420-96,010-1327-6939,생활 해킹
17243,강은우,46,부산광역시 남구 264-58,010-4161-9201,캠핑
17244,권순자,59,경기도 용인시 기흥구 825-89,010-5813-7305,코딩
17245,송현서,26,경기도 성남시 수정구 39-40,010-1310-2359,영화 제작
17246,서순희,46,경기도 시흥시 720-78,010-9328-1608,테니스
17247,안태수,23,부산광역시 금정구 448-70,010-1666-5139,게임 방송
17248,황희정,20,제주시 아라동 972-49,010-3395-6591,테니스
17249,박재영,20,서울특별시 노원구 875-53,010-5793-3470,캘리그라피
17250,장만수,21,경상남도 창녕군 0-48,010-2588-1586,웹서핑
17251,정영자,27,서울특별시 노원구 953-77,010-8249-7216,모바일 촬영
17252,이미영,38,경기도 수원시 장안구 392-76,010-9196-3263,마인드맵 만들기
17253,이지한,75,대구광역시 동구 140-59,010-5182-6485,마인드맵 만들기
17254,오은숙,29,울산광역시 중구 604-17,010-2554-1526,생활 해킹
17255,송지원,26,대구광역시 동구 505-95,010-8820-4478,사진촬영
17256,조현진,40,서울특별시 금천구 626-9,010-1964-3464,자원봉사
17257,윤주영,63,서울특별시 광진구 651-98,010-5642-3545,캔들 만들기
17258,조영자,73,서울특별시 구로구 884-26,010-1513-9546,요리
17259,임영일,39,광주광역시 동구 457-39,010-3754-6635,스키
17260,박준호,58,강원도 동해시 915-85,010-4704-8552,플로리스트
17261,윤경자,78,서울특별시 금천구 795-73,010-5271-6940,책 클럽
17262,오말순,47,부천시 상동 104-70,010-8495-2238,골프
17263,전윤호,48,서울특별시 송파구 668-0,010-1315-6735,스트리트 댄스
17264,한주아,66,부천시 상동 927-9,010-3839-2813,독서
17265,안남수,46,울산광역시 동구 536-21,010-3648-7731,코딩
17266,윤동수,60,인천광역시 중구 96-7,010-4218-1166,낚시
17267,송우진,51,세종특별자치시 도담동 923-4,010-2885-8812,게임 방송
17268,장유하,25,부산광역시 해운대구 325-58,010-2073-9191,골프
17269,서서준,31,경상남도 양산시 764-7,010-3536-5647,모바일 게임 개발
17270,한은숙,39,경기도 성남시 분당구 140-92,010-3751-8968,음악감상
17271,조지민,22,서울특별시 성동구 211-88,010-7795-2932,스포츠 카드 수집
17272,안재훈,45,울산광역시 남구 386-21,010-4543-8236,뜨개질
17273,안복자,28,부산광역시 부산진구 743-20,010-9291-7579,헬스
17274,조예은,71,대구광역시 동구 49-3,010-6499-7946,골프
17275,서로운,33,대구광역시 달서구 593-84,010-8062-6099,비즈 공예
17276,김진숙,48,부산광역시 연제구 911-16,010-2962-7067,펜팔
17277,송철수,43,경상북도 포항시 336-59,010-7827-6167,미술관 관람
17278,최상민,70,인천광역시 계양구 89-53,010-1504-1822,로봇 공학
17279,권상민,38,서울특별시 영등포구 393-42,010-2354-8526,코딩
17280,장명자,44,부산광역시 강서구 437-82,010-2879-6956,코딩
17281,윤다은,22,대구광역시 달서구 177-8,010-4518-4259,보드게임
17282,강수빈,34,전라남도 광양시 793-20,010-3337-2602,로봇 공학
17283,전지민,49,서울특별시 양천구 611-72,010-5233-1907,스트리트 댄스
17284,김경자,53,경상남도 창원시 379-6,010-1570-2622,플로리스트
17285,정미영,28,경기도 용인시 기흥구 675-39,010-1368-2823,스포츠 카드 수집
17286,서재훈,55,경기도 광주시 453-50,010-7815-2986,미술관 관람
17287,송영일,25,강원도 평창군 323-49,010-7900-3241,명상
17288,임재훈,75,제주시 오라동 741-55,010-2568-4859,보드게임
17289,오복자,48,울산광역시 북구 221-98,010-8036-4002,사진촬영
17290,서민서,25,부산광역시 영도구 135-49,010-2982-8688,펜팔
17291,안영일,63,부산광역시 동래구 543-57,010-3739-3018,도예
17292,박옥희,32,부산광역시 강서구 798-91,010-8963-7944,DIY
17293,이경수,48,울산광역시 남구 661-88,010-6776-2992,플라워 아트
17294,조성민,32,제주시 신제주 644-75,010-2099-1918,모바일 게임 개발
17295,송시우,22,서울특별시 구로구 726-7,010-9537-1471,게임 방송
17296,황영희,48,서울특별시 서대문구 792-39,010-9201-5400,캘리그라피
17297,최시윤,37,경상남도 진주시 35-77,010-5456-1945,스트리밍
17298,강복자,77,부천시 상동 461-90,010-2888-8698,뜨개질
17299,임정순,23,경기도 용인시 수지구 189-25,010-8285-5380,비즈 공예
17300,윤연희,39,대구광역시 동구 60-73,010-5350-2787,영화감상
17301,전지우,46,경상남도 창녕군 830-2,010-2578-2046,명상
17302,오주영,51,충청남도 논산시 862-11,010-1755-4434,카페 투어
17303,안유하,70,서울특별시 강동구 808-22,010-5654-2389,운동
17304,이만수,26,울산광역시 북구 18-11,010-5898-2065,스포츠 카드 수집
17305,김말순,54,경기도 군포시 541-52,010-4476-8838,생활 해킹
17306,한시헌,74,부산광역시 동래구 476-18,010-2986-2105,스크래치 프로그램 만들기
17307,전소율,48,부산광역시 남구 102-55,010-5845-6145,책 클럽
17308,장명숙,46,서울특별시 강서구 628-55,010-6756-2245,사진편집
17309,서민준,73,부산광역시 서구 412-21,010-2586-6673,코딩
17310,전정희,62,대구광역시 동구 471-58,010-5379-2097,웹서핑
17311,신서연,70,충청북도 청주시 623-97,010-4728-4149,일기 쓰기
17312,임시윤,65,부산광역시 중구 980-4,010-2313-5847,코딩
17313,황민서,79,인천광역시 연수구 116-4,010-9915-7083,캠핑
17314,안종수,30,김해시 장유동 623-89,010-2042-9123,피크닉
17315,전나윤,45,서울특별시 마포구 201-3,010-1213-5955,플라워 아트
17316,임성자,71,세종특별자치시 조치원읍 393-40,010-4262-2272,생활 해킹
17317,최도윤,35,세종특별자치시 한솔동 77-31,010-3669-3245,게임
17318,강성호,51,전라남도 나주시는 75-16,010-5131-5724,영화 제작
17319,장민수,64,서울특별시 중구 337-8,010-3612-3955,수영
17320,권창수,68,대구광역시 달성군 286-31,010-5557-6909,스트리트 댄스
17321,정호철,29,광주광역시 남구 979-19,010-7927-5024,펜팔
17322,신하윤,48,서울특별시 양천구 415-74,010-3657-2634,유튜브 보기
17323,윤경자,23,인천광역시 서구 491-55,010-5634-6801,디지털 콘텐츠 제작
17324,김혜숙,59,경기도 의정부시 625-69,010-1479-1549,수영
17325,이지후,40,경기도 오산시 369-28,010-8487-1562,뜨개질
17326,강경자,36,경기도 용인시 수지구 101-84,010-2279-8198,수영
17327,조상민,66,전라남도 순천시 792-54,010-6602-9616,유튜브 보기
17328,이채원,30,경상남도 창원시 183-39,010-6093-5636,모바일 촬영
17329,한지원,49,부천시 상동 887-5,010-7156-3013,캔들 만들기
17330,송지후,47,경기도 수원시 팔달구 460-46,010-9287-2282,게임
17331,홍창수,62,제주시 이도이동 873-95,010-2086-1270,요리
17332,강민준,75,서울특별시 서대문구 26-96,010-8365-8045,스포츠 카드 수집
17333,안말옥,24,서울특별시 마포구 653-92,010-1989-4949,플로리스트
17334,김상호,56,부천시 상동 476-14,010-6080-1703,책 클럽
17335,강우진,61,전라남도 광양시 779-17,010-1765-8577,벽화 그리기
17336,이상민,42,대구광역시 서구 664-0,010-6922-5562,애니메이션 제작
17337,임명자,44,광주광역시 북구 322-4,010-9906-1897,디지털 사진 전시
17338,권윤호,70,서울특별시 중구 997-86,010-8660-4455,퍼즐 맞추기
17339,윤창수,75,서울특별시 마포구 662-40,010-3262-8130,일기 쓰기
17340,윤서진,72,서울특별시 강북구 83-1,010-3364-9062,사진편집
17341,서서아,64,대전광역시 서구 349-31,010-6107-1277,생활 해킹
17342,홍찬우,68,강원도 삼척시 601-85,010-8586-2729,피크닉
17343,김건우,43,울산광역시 동구 593-87,010-2973-4968,디지털 일러스트
17344,임정순,20,강원도 홍천군 276-42,010-2897-3926,디지털 일러스트
17345,박나윤,45,경기도 파주시 580-80,010-1727-2438,스키
17346,전로운,63,강원도 춘천시 914-40,010-1528-2869,스트리밍
17347,서희정,76,서울특별시 송파구 604-72,010-3116-1000,캠핑
17348,신현서,75,울산광역시 북구 724-36,010-6019-9316,뜨개질
17349,한세호,49,경기도 시흥시 283-21,010-2143-4007,벽화 그리기
17350,권민수,75,세종특별자치시 아름동 636-40,010-3948-9429,미술관 관람
17351,박성자,42,경상남도 사천시 906-95,010-8565-3986,스트리트 댄스
17352,권정희,41,울산광역시 울주군 615-19,010-4730-9406,스키
17353,전지원,23,부산광역시 동래구 369-13,010-5307-5826,수채화 그리기
17354,서소율,33,부산광역시 남구 682-11,010-2740-4511,책 클럽
17355,신수아,72,세종특별자치시 아름동 390-48,010-1966-2198,배우기
17356,조지원,66,서울특별시 광진구 466-15,010-9460-2702,보드게임
17357,장기석,56,전라남도 순천시 912-34,010-1955-5954,캔들 만들기
17358,한다온,35,서울특별시 성북구 670-31,010-4883-7119,사진촬영
17359,황민서,55,경기도 성남시 수정구 134-18,010-2893-8208,테니스
17360,신진호,62,울산광역시 울주군 534-19,010-6412-4865,플라워 아트
17361,김준서,20,김해시 장유동 491-53,010-3714-9760,테니스
17362,안말순,24,강원도 동해시 781-80,010-3414-5809,캘리그라피
17363,최호철,75,제주시 이도이동 70-19,010-7301-1161,디지털 사진 전시
17364,윤연희,61,경기도 평택시 673-39,010-9752-3101,게임 방송
17365,윤로운,37,부천시 상동 882-53,010-3008-4059,펜팔
17366,황서연,30,경기도 안양시 동안구 407-19,010-2543-2590,미술관 관람
17367,오동수,60,경기도 용인시 수지구 494-72,010-6017-1863,캠핑
17368,강로운,50,대구광역시 동구 445-2,010-4031-4206,자전거 타기
17369,윤윤서,22,경상남도 창원시 38-92,010-8950-8845,카페 투어
17370,윤하람,20,경상북도 경주시 631-82,010-4049-5677,영화 제작
17371,송서준,24,경기도 안산시 상록구 975-4,010-1544-3622,영화 제작
17372,정준호,46,강원도 삼척시 908-55,010-7033-4504,디지털 일러스트
17373,오하은,76,서울특별시 노원구 255-68,010-2206-2419,애니메이션 제작
17374,오유하,29,충청남도 아산시 340-13,010-2260-8965,DIY
17375,이명자,70,광주광역시 동구 579-11,010-5672-6104,벽화 그리기
17376,김태수,43,서울특별시 성동구 524-84,010-3455-1379,비즈 공예
17377,신옥희,38,대구광역시 서구 80-98,010-4914-3939,게임
17378,안민서,79,경상북도 구미시 217-97,010-9739-9970,벽화 그리기
17379,정정숙,42,충청북도 충주시 125-80,010-2511-5762,게임 방송
17380,황광호,77,경상남도 진주시 983-61,010-3822-6387,드로잉
17381,한선자,23,광주광역시 서구 56-69,010-6676-2332,캘리그라피
17382,권종순,20,광주광역시 서구 827-35,010-3147-3277,스포츠 카드 수집
17383,황혜숙,76,대구광역시 달서구 216-86,010-1087-5937,수영
17384,한태현,22,제주시 아라동 9-57,010-2352-6590,책 클럽
17385,권기영,32,인천광역시 미추홀구 256-60,010-2920-2442,명상
17386,권순영,59,경기도 수원시 장안구 18-1,010-7781-3784,여행
17387,오예은,22,인천광역시 부평구 348-52,010-3368-8667,콜라주 아트
17388,임성자,45,제주시 노형동 117-37,010-7891-2107,패션
17389,신지율,70,경기도 안산시 상록구 112-22,010-7566-2440,테니스
17390,송순영,68,서울특별시 은평구 674-35,010-5335-1209,마인드맵 만들기
17391,안예준,30,경상북도 구미시 640-19,010-9819-7217,스크래치 프로그램 만들기
17392,강태윤,48,제주시 신제주 208-43,010-1677-8576,배우기
17393,박도윤,68,울산광역시 중구 70-92,010-8316-8826,책 클럽
17394,황지후,21,서울특별시 마포구 435-31,010-3158-5877,스트리트 댄스
17395,장승호,51,전라남도 목포시 98-94,010-7821-5045,패션
17396,홍은숙,70,인천광역시 동구 382-23,010-4150-4619,퍼즐 맞추기
17397,신주원,57,대구광역시 북구 196-30,010-2938-3426,스키
17398,홍정희,64,서울특별시 동작구 412-32,010-4928-7400,독서
17399,박하람,71,강원도 속초시 550-34,010-3018-4544,로봇 공학
17400,서도윤,73,제주시 신제주 403-84,010-6031-9996,로봇 공학
17401,강윤호,69,경상남도 통영시 70-54,010-6422-5426,로봇 공학
17402,전광호,21,충청북도 충주시 322-17,010-2497-2323,애니메이션 제작
17403,권상호,64,대구광역시 수성구 564-6,010-2027-5806,로봇 공학
17404,안유진,40,광주광역시 북구 64-31,010-1019-8458,도예
17405,정시헌,53,충청북도 청주시 260-84,010-2835-6202,드로잉
17406,황민서,33,제주시 노형동 671-1,010-4811-2614,모바일 게임 개발
17407,권윤서,23,경상남도 창원시 682-12,010-9059-8605,플로리스트
17408,최영수,48,경기도 성남시 분당구 846-79,010-2276-2533,디지털 사진 전시
17409,홍순영,52,김해시 장유동 749-40,010-6116-6556,책 클럽
17410,권현서,43,부산광역시 서구 806-17,010-6970-5191,피크닉
17411,이철수,70,서울특별시 송파구 294-29,010-8373-4738,디지털 일러스트
17412,이상호,54,대전광역시 중구 514-94,010-7273-8179,보드게임
17413,박경수,24,강원도 속초시 385-9,010-7758-4717,스크래치 프로그램 만들기
17414,서미영,38,경기도 수원시 장안구 863-93,010-4416-4467,스키
17415,윤재훈,49,부산광역시 강서구 673-0,010-7369-6797,벽화 그리기
17416,이순영,73,강원도 홍천군 871-48,010-1542-5149,생활 해킹
17417,홍현진,77,경기도 오산시 932-60,010-7654-5022,헬스
17418,신준서,51,서울특별시 송파구 30-21,010-1221-6628,코딩
17419,박은우,24,제주시 오라동 904-74,010-1879-1048,영화 제작
17420,윤시헌,37,성남시 분당구 정자동 697-53,010-8835-1299,게임 방송
17421,서상호,28,제주시 오라동 612-78,010-2536-2027,도예
17422,윤은숙,77,서울특별시 성동구 959-0,010-3954-3019,자원봉사
17423,황명숙,46,경상남도 진주시 624-25,010-7044-4539,봉사활동
17424,강지한,70,울산광역시 동구 890-42,010-3408-1239,스트리트 댄스
17425,한은채,31,대구광역시 달성군 70-17,010-1592-6042,카페 투어
17426,전시윤,73,부산광역시 해운대구 360-72,010-7759-1422,도예
17427,안춘희,25,서울특별시 송파구 898-19,010-1708-5691,도예
17428,정광호,40,제주시 아라동 250-81,010-2048-9863,스포츠 카드 수집
17429,송찬우,40,대구광역시 서구 893-39,010-3453-6224,헬스
17430,정영수,71,경상남도 창녕군 766-39,010-3523-1996,집콕 놀이
17431,안하진,53,대전광역시 서구 967-95,010-2167-8842,펜팔
17432,장하진,35,경기도 시흥시 903-78,010-9660-3078,게임 방송
17433,최태현,47,서울특별시 광진구 420-54,010-7356-2735,코딩
17434,서예린,55,서울특별시 강북구 937-33,010-3771-5120,테니스
17435,오상호,46,서울특별시 용산구 179-6,010-5457-5873,피크닉
17436,홍유진,47,서울특별시 광진구 432-49,010-8891-9876,생활 해킹
17437,최수아,68,경기도 군포시 523-3,010-1242-2539,책 클럽
17438,조옥희,60,경상남도 김해시 504-96,010-6077-8276,벽화 그리기
17439,안희정,29,경상남도 창녕군 433-84,010-8995-7213,디지털 일러스트
17440,박은채,51,충청북도 청주시 892-34,010-1040-8003,드로잉
17441,서하은,65,부산광역시 영도구 348-7,010-4421-7143,웹툰 그리기
17442,임재영,54,인천광역시 서구 683-88,010-2407-1943,드로잉
17443,장지원,61,서울특별시 마포구 669-11,010-2087-4735,여행
17444,오말자,29,강원도 홍천군 378-19,010-7211-9293,영화 제작
17445,박상호,75,울산광역시 남구 883-41,010-3476-6394,명상
17446,전순희,45,서울특별시 구로구 886-97,010-4642-6760,퍼즐 맞추기
17447,박지호,50,광주광역시 광산구 114-1,010-4555-6256,요가
17448,정춘희,64,제주시 연동 133-50,010-4188-8755,자전거 타기
17449,한세호,47,울산광역시 남구 715-36,010-7917-1143,캘리그라피
17450,오현진,61,서울특별시 양천구 847-86,010-9852-4556,마인드맵 만들기
17451,정서연,70,강원도 삼척시 422-21,010-3716-4188,펜팔
17452,장다온,68,경상남도 양산시 54-86,010-8132-3648,디지털 콘텐츠 제작
17453,권기영,28,인천광역시 동구 484-63,010-7679-1228,낚시
17454,서현우,28,서울특별시 강남구 699-15,010-6405-7429,일기 쓰기
17455,오건우,56,경기도 광명시 628-53,010-8022-3997,드로잉
17456,이로운,78,제주시 오라동 993-98,010-8517-3543,배드민턴
17457,박예은,31,강원도 양양군 964-39,010-6856-1522,플라워 아트
17458,강예은,46,경기도 용인시 기흥구 820-13,010-6809-8093,사진편집
17459,조철수,46,인천광역시 계양구 42-87,010-1898-2713,애니메이션 제작
17460,권지율,30,충청북도 진천군 706-53,010-3476-5697,시뮬레이션 게임
17461,장채은,46,울산광역시 북구 103-70,010-2288-2974,캘리그라피
17462,최성민,72,대구광역시 북구 275-12,010-1815-9267,일기 쓰기
17463,이서진,78,경기도 수원시 팔달구 794-96,010-7425-7143,여행
17464,박우진,57,서울특별시 광진구 839-72,010-7885-8115,등산
17465,송준서,33,서울특별시 노원구 719-71,010-2231-4758,모바일 게임 개발
17466,윤희정,78,전라북도 익산시 272-14,010-7688-6205,봉사활동
17467,서정자,43,경기도 고양시 덕양구 394-58,010-6215-8328,보드게임
17468,정시우,70,경상남도 창녕군 619-39,010-1295-2774,플로리스트
17469,임춘자,75,인천광역시 계양구 26-17,010-4043-9310,생활 해킹
17470,황경수,58,서울특별시 송파구 74-30,010-1939-7270,여행
17471,황윤서,21,서울특별시 금천구 383-66,010-6298-2602,스트리밍
17472,장경수,50,전라남도 여수시 36-12,010-6657-1319,여행
17473,송은우,39,충청남도 아산시 864-26,010-7438-7677,영화감상
17474,최태수,50,경기도 광명시 173-40,010-4584-4039,드로잉
17475,조하은,22,세종특별자치시 도담동 628-17,010-3676-4642,플라워 아트
17476,전유하,23,경기도 오산시 165-31,010-7092-6857,게임 방송
17477,홍재호,78,제주시 노형동 790-43,010-3446-6099,배드민턴
17478,박민수,60,서울특별시 양천구 162-11,010-4219-8171,애니메이션 제작
17479,황종순,22,부천시 상동 994-4,010-6814-6697,봉사활동
17480,박지원,42,대구광역시 중구 648-80,010-4034-9761,생활 해킹
17481,송춘자,32,인천광역시 연수구 944-28,010-7797-8661,독서
17482,박주영,68,울산광역시 중구 928-41,010-2586-2559,배우기
17483,신다빈,38,전라남도 여수시 485-97,010-9431-2247,도예
17484,김세호,37,경상남도 창녕군 956-73,010-8470-8585,펜팔
17485,한희정,29,인천광역시 중구 620-6,010-9644-3291,피크닉
17486,정재훈,22,세종특별자치시 도담동 390-52,010-7784-8505,음악감상
17487,윤하진,56,경기도 화성시 817-66,010-6004-3111,DIY
17488,김소율,56,서울특별시 서초구 852-63,010-1845-6856,등산
17489,임시우,38,광주광역시 북구 853-98,010-7707-5568,VR 게임
17490,이춘희,74,대전광역시 유성구 601-95,010-9788-5642,웹서핑
17491,서서아,62,대구광역시 달서구 919-87,010-8505-6505,배드민턴
17492,서하연,21,세종특별자치시 조치원읍 902-89,010-1244-7817,캠핑
17493,장지원,36,용인시 수지구 풍덕천동 972-85,010-2243-9627,봉사활동
17494,한말옥,36,서울특별시 금천구 864-7,010-6101-5589,영화 제작
17495,송은채,47,부산광역시 금정구 900-23,010-6471-6063,애니메이션 제작
17496,임로운,54,부산광역시 해운대구 230-15,010-9299-2451,배우기
17497,장순영,32,대구광역시 서구 820-12,010-5510-9061,디지털 사진 전시
17498,신준호,64,제주시 노형동 844-70,010-6257-3585,디지털 일러스트
17499,조종순,26,울산광역시 남구 409-16,010-3864-3985,미술관 관람
17500,장상민,77,부산광역시 수영구 761-42,010-1426-3536,사진촬영
17501,임영자,75,부산광역시 동구 176-94,010-1686-6131,드로잉
17502,안지율,46,인천광역시 부평구 339-17,010-7245-8244,집콕 놀이
17503,홍준서,66,경상남도 진주시 109-44,010-5344-1371,유튜브 보기
17504,전윤호,31,경기도 광주시 974-42,010-5665-5456,DIY
17505,이종수,68,서울특별시 중랑구 905-44,010-5685-3717,뜨개질
17506,조정우,49,인천광역시 계양구 125-29,010-9158-5706,DIY
17507,장정자,58,전라남도 여수시 180-38,010-8805-5122,일기 쓰기
17508,한다은,34,경기도 수원시 장안구 189-37,010-6381-2367,요가
17509,서순영,52,경기도 광명시 967-61,010-6188-6768,배드민턴
17510,홍채원,49,서울특별시 양천구 680-80,010-1273-1973,VR 게임
17511,오건우,62,광주광역시 동구 399-69,010-1642-4897,피크닉
17512,신현서,32,울산광역시 동구 198-18,010-3289-3269,수영
17513,박정우,54,대전광역시 중구 788-5,010-2599-1623,디지털 일러스트
17514,김경수,38,경상남도 밀양시 55-67,010-4222-3198,뜨개질
17515,최서준,37,경상남도 통영시 708-6,010-6055-1697,웹서핑
17516,박서진,57,서울특별시 양천구 500-60,010-2778-7678,DIY
17517,정종수,27,충청남도 천안시 141-10,010-5911-5968,패션
17518,오영희,67,전라남도 여수시 452-69,010-6691-3172,골프
17519,안서진,49,전라북도 군산시 581-73,010-1724-8561,콜라주 아트
17520,홍선자,54,광주광역시 북구 129-36,010-6927-2067,플로리스트
17521,서서진,51,서울특별시 양천구 258-51,010-4121-7301,유튜브 보기
17522,안주영,71,경상남도 통영시 217-95,010-4295-3460,자전거 타기
17523,장재호,52,강원도 홍천군 950-8,010-9510-2235,콜라주 아트
17524,오만수,39,울산광역시 울주군 914-49,010-9776-6752,디지털 사진 전시
17525,정태윤,56,부천시 상동 680-18,010-7254-9641,요리
17526,강춘희,58,서울특별시 성북구 191-66,010-3110-6897,헬스
17527,황서진,40,울산광역시 북구 781-11,010-8546-4072,스포츠 카드 수집
17528,박현진,46,충청남도 공주시 615-13,010-7189-8646,펜팔
17529,조춘자,70,서울특별시 서초구 603-3,010-8107-6101,운동
17530,조수빈,59,부산광역시 동래구 499-51,010-3067-3677,수채화 그리기
17531,조하윤,77,대구광역시 수성구 648-26,010-7065-2742,웹서핑
17532,한주영,41,경기도 수원시 장안구 713-7,010-4017-6610,카페 투어
17533,장다빈,53,서울특별시 중구 5-74,010-1915-6354,영화 제작
17534,장호철,65,강원도 홍천군 386-55,010-4347-3567,일기 쓰기
17535,황영희,45,전라북도 전주시 613-50,010-5765-1281,일기 쓰기
17536,안하윤,30,울산광역시 북구 534-9,010-2063-1142,시뮬레이션 게임
17537,장명자,67,부산광역시 부산진구 909-33,010-4667-7481,웹서핑
17538,안정순,44,경기도 군포시 514-50,010-7905-7038,스트리트 댄스
17539,신주영,56,대구광역시 북구 351-60,010-3545-5383,미술관 관람
17540,박영희,76,용인시 수지구 풍덕천동 689-50,010-2389-2384,봉사활동
17541,조기영,37,세종특별자치시 도담동 505-15,010-6286-8376,웹툰 그리기
17542,조춘희,46,부산광역시 해운대구 159-40,010-3205-6230,자전거 타기
17543,박지민,54,경기도 고양시 일산동구 238-5,010-2022-2863,도예
17544,임창수,65,충청북도 충주시 87-0,010-1088-3297,펜팔
17545,조소율,35,경상남도 창원시 637-52,010-2609-4895,드로잉
17546,안태윤,33,충청남도 논산시 730-80,010-9377-1977,헬로윈 파티 준비
17547,서명훈,66,대전광역시 서구 326-38,010-5188-4323,사진편집
17548,권하연,70,부천시 상동 707-0,010-2367-4024,사진편집
17549,조순자,30,서울특별시 강서구 791-49,010-4792-4747,생활 해킹
17550,전나윤,46,대전광역시 대덕구 635-6,010-2694-5545,필라테스
17551,박춘희,48,경기도 수원시 장안구 134-31,010-2711-5956,디지털 콘텐츠 제작
17552,신하연,42,경상남도 창원시 407-85,010-8227-7974,보드게임
17553,한기영,58,제주시 아라동 924-78,010-4594-3497,스키
17554,안태수,75,대구광역시 수성구 905-27,010-4283-3884,필라테스
17555,황은우,25,서울특별시 양천구 977-31,010-1308-2454,콜라주 아트
17556,황정순,51,경상남도 밀양시 146-3,010-6734-7092,헬로윈 파티 준비
17557,장춘식,35,대구광역시 남구 627-71,010-5785-7974,책 클럽
17558,황순희,73,전라남도 순천시 830-12,010-3607-6384,낚시
17559,이유진,24,서울특별시 마포구 561-37,010-3378-1644,골프
17560,정영자,45,인천광역시 서구 463-34,010-6539-4476,수채화 그리기
17561,오진숙,21,경기도 오산시 573-90,010-1149-3686,헬로윈 파티 준비
17562,오미영,69,제주시 이도이동 206-39,010-4297-3304,패션
17563,신하윤,45,제주시 노형동 961-37,010-8429-1503,봉사활동
17564,최영호,41,강원도 태백시 859-92,010-4886-5044,생활 해킹
17565,김지우,71,서울특별시 강서구 170-65,010-1379-2371,디지털 아트
17566,한명자,47,경기도 광명시 824-28,010-3565-9703,봉사활동
17567,신혜숙,50,서울특별시 도봉구 724-65,010-2447-8554,플라워 아트
17568,조정우,21,서울특별시 중랑구 61-53,010-2548-2785,캔들 만들기
17569,전명자,28,서울특별시 서초구 335-80,010-4337-3535,음악감상
17570,강은숙,71,부산광역시 수영구 241-33,010-6720-7539,독서
17571,장예은,69,대전광역시 대덕구 601-63,010-9378-8249,웹서핑
17572,윤수아,57,부산광역시 영도구 831-93,010-6437-3066,집콕 놀이
17573,강시우,57,경기도 수원시 팔달구 917-93,010-6620-2868,패션
17574,황종수,64,인천광역시 중구 835-7,010-6847-7261,음악감상
17575,정미영,41,경기도 용인시 처인구 244-62,010-3963-3459,뜨개질
17576,장유하,21,서울특별시 서초구 543-22,010-5727-5379,영화감상
17577,김민수,45,충청남도 천안시 908-80,010-4260-5995,도예
17578,권서아,66,대구광역시 달서구 390-29,010-8092-9271,책 클럽
17579,박춘자,63,부산광역시 부산진구 602-92,010-4912-7916,디지털 사진 전시
17580,송복자,47,대구광역시 달성군 121-56,010-8790-5085,자원봉사
17581,윤옥희,38,경상남도 밀양시 742-69,010-4200-5083,게임 방송
17582,황준호,77,성남시 분당구 정자동 410-89,010-7169-5598,캠핑
17583,이시우,72,서울특별시 동대문구 917-42,010-2748-4830,디지털 아트
17584,황영희,48,경상북도 경주시 600-35,010-8370-7595,패션
17585,윤형민,63,서울특별시 강서구 30-81,010-3069-8284,여행
17586,장춘식,39,대구광역시 달서구 28-33,010-1825-9353,디지털 사진 전시
17587,서경수,36,울산광역시 북구 869-40,010-3464-4186,코딩
17588,오병호,66,서울특별시 송파구 121-26,010-6864-2335,캘리그라피
17589,임정희,26,서울특별시 강북구 39-23,010-2204-1555,애니메이션 제작
17590,한영호,24,강원도 태백시 687-56,010-1331-7265,보드게임
17591,임주영,28,인천광역시 서구 783-33,010-5486-5875,패션
17592,서정숙,72,대전광역시 동구 168-4,010-3493-3933,VR 게임
17593,한서연,44,경상남도 진주시 57-47,010-9444-2512,플로리스트
17594,전복자,60,부산광역시 동래구 856-50,010-2546-1931,뜨개질
17595,권하람,29,경기도 안양시 동안구 23-89,010-9666-7250,스트리밍
17596,강기석,77,세종특별자치시 조치원읍 309-66,010-4856-2718,등산
17597,황영자,58,부산광역시 강서구 554-52,010-2484-6237,사진편집
17598,안영호,20,경상북도 포항시 985-6,010-6490-6299,시뮬레이션 게임
17599,오성자,20,대구광역시 수성구 95-16,010-5377-5809,책 클럽
17600,이현서,78,부산광역시 금정구 429-82,010-8207-3777,로봇 공학
17601,김채원,35,인천광역시 중구 866-3,010-8093-2800,테니스
17602,신다빈,42,경기도 파주시 931-39,010-7621-2890,스크래치 프로그램 만들기
17603,김영자,53,인천광역시 계양구 409-28,010-8653-6785,명상
17604,안광호,23,울산광역시 울주군 304-2,010-3923-8175,일기 쓰기
17605,정영수,36,제주시 아라동 940-61,010-7974-6924,등산
17606,윤진호,59,서울특별시 은평구 80-81,010-2838-3946,디지털 사진 전시
17607,조숙자,52,서울특별시 마포구 776-45,010-7728-2549,웹서핑
17608,윤다은,28,대전광역시 서구 324-42,010-6967-5965,여행
17609,신서준,27,서울특별시 광진구 843-19,010-6041-4028,웹서핑
17610,한명자,61,경기도 안산시 단원구 188-96,010-1988-4633,피크닉
17611,오정희,40,강원도 태백시 223-61,010-4104-1652,요가
17612,윤현우,33,서울특별시 노원구 813-1,010-3445-7926,퍼즐 맞추기
17613,임영수,35,경기도 수원시 장안구 986-90,010-7109-9473,헬로윈 파티 준비
17614,윤명숙,22,경상북도 포항시 574-29,010-6155-7259,펜팔
17615,서나윤,74,부산광역시 기장군 794-56,010-2412-5186,게임
17616,김민서,74,강원도 삼척시 544-67,010-3675-7928,디지털 아트
17617,홍다은,50,인천광역시 계양구 168-86,010-5940-8141,스트리트 댄스
17618,홍기영,50,광주광역시 서구 673-94,010-8878-9484,생활 해킹
17619,전수아,42,전라남도 목포시 120-12,010-2885-2303,드로잉
17620,오숙자,78,부산광역시 북구 492-9,010-2222-3967,뜨개질
17621,한재호,64,서울특별시 영등포구 364-22,010-3407-2352,디지털 아트
17622,조수빈,24,경기도 파주시 589-90,010-5753-1549,집콕 놀이
17623,정현철,36,대구광역시 수성구 821-70,010-9183-2091,수영
17624,강재훈,38,세종특별자치시 도담동 844-8,010-5892-9689,게임 방송
17625,최형민,31,부산광역시 금정구 610-64,010-6552-8394,배우기
17626,정예준,77,인천광역시 서구 472-36,010-5229-1661,비즈 공예
17627,한다빈,57,부산광역시 중구 530-24,010-5432-4281,수영
17628,서은채,34,경기도 시흥시 94-9,010-2599-5345,콜라주 아트
17629,조영희,31,부천시 원미구 중동 664-86,010-5544-5817,자원봉사
17630,조은채,68,대구광역시 동구 932-39,010-9220-6100,미술관 관람
17631,전도윤,39,대전광역시 유성구 402-75,010-5721-2123,마인드맵 만들기
17632,임종순,24,광주광역시 동구 39-59,010-8056-9958,드로잉
17633,조정희,40,경기도 시흥시 816-33,010-9857-5852,음악감상
17634,황현서,48,대구광역시 동구 335-66,010-2974-3643,캠핑
17635,전현철,59,강원도 강릉시 279-31,010-1132-4134,애니메이션 제작
17636,권시우,48,충청남도 아산시 919-14,010-8329-8533,디지털 아트
17637,한영호,62,인천광역시 중구 339-53,010-4660-1496,여행
17638,안세호,74,전라북도 익산시 978-52,010-4020-2655,게임 방송
17639,안만수,70,제주시 노형동 418-98,010-8142-5158,퍼즐 맞추기
17640,김만수,55,인천광역시 부평구 508-73,010-3727-1717,테니스
17641,윤호철,68,인천광역시 미추홀구 109-24,010-1582-8986,퍼즐 맞추기
17642,홍로운,70,세종특별자치시 한솔동 606-4,010-3580-6254,보드게임
17643,홍기석,74,인천광역시 서구 100-28,010-2895-9948,피크닉
17644,오진숙,42,경상남도 김해시 779-16,010-8743-5675,운동
17645,서세아,61,전라북도 익산시 745-2,010-2865-6613,책 클럽
17646,홍영자,22,부산광역시 서구 50-21,010-6501-5785,뜨개질
17647,신다빈,21,경기도 평택시 856-70,010-9070-1413,디지털 사진 전시
17648,임희정,66,서울특별시 서초구 600-24,010-5390-1423,플로리스트
17649,황미영,43,강원도 양양군 164-37,010-5046-3670,디지털 아트
17650,윤종수,26,강원도 양양군 54-26,010-3989-5532,웹서핑
17651,강명자,54,서울특별시 중랑구 444-22,010-6417-1758,플로리스트
17652,신정호,22,경상남도 거제시 638-46,010-7174-9150,수채화 그리기
17653,윤경자,56,전라남도 나주시는 682-87,010-5891-2765,테니스
17654,전현철,33,경기도 평택시 490-94,010-2848-6732,요가
17655,권서준,75,경상남도 통영시 869-71,010-4036-2782,자원봉사
17656,신춘식,60,경기도 용인시 수지구 336-92,010-3735-5936,낚시
17657,안하연,77,강원도 평창군 610-54,010-2249-2733,카페 투어
17658,정하람,67,대구광역시 북구 395-82,010-6187-4008,디지털 콘텐츠 제작
17659,이말순,67,울산광역시 울주군 809-76,010-5256-5668,테니스
17660,송진호,67,대전광역시 유성구 371-3,010-1100-2467,헬스
17661,서윤호,41,경상남도 김해시 831-95,010-1165-4711,요가
17662,조로운,78,경기도 시흥시 648-64,010-6281-2337,펜팔
17663,권예린,72,인천광역시 부평구 548-63,010-3975-3506,스트리밍
17664,송성자,36,제주시 신제주 412-4,010-8575-3616,사진편집
17665,박복희,63,강원도 양양군 720-28,010-1923-1083,스키
17666,전서준,27,충청남도 논산시 926-45,010-5036-8221,독서
17667,권영일,68,충청북도 충주시 744-46,010-3983-1984,캔들 만들기
17668,장진호,79,서울특별시 마포구 419-85,010-2142-9030,캘리그라피
17669,이하은,79,서울특별시 중구 301-74,010-4359-4504,헬로윈 파티 준비
17670,전명숙,47,울산광역시 북구 551-86,010-8735-1777,로봇 공학
17671,권채은,56,부산광역시 기장군 978-20,010-4285-7469,요가
17672,황채원,41,경상남도 창원시 500-92,010-4087-4285,카페 투어
17673,오정자,34,서울특별시 동대문구 996-66,010-2733-3213,모바일 게임 개발
17674,최혜숙,41,전라남도 목포시 850-0,010-9963-2199,골프
17675,서승호,48,부산광역시 사상구 369-80,010-1514-7530,디지털 콘텐츠 제작
17676,권희정,72,서울특별시 금천구 540-93,010-8937-5525,펜팔
17677,전유진,60,광주광역시 광산구 63-65,010-7106-6703,독서
17678,신정숙,49,대전광역시 동구 682-42,010-1255-1384,피크닉
17679,전채원,54,제주시 오라동 617-30,010-4811-8601,플로리스트
17680,권정희,63,대구광역시 동구 54-9,010-3692-1975,테니스
17681,강말자,38,강원도 태백시 464-4,010-9748-3125,명상
17682,홍미영,33,인천광역시 계양구 307-76,010-9357-1394,등산
17683,안재훈,21,제주시 오라동 388-39,010-2316-9974,영화 제작
17684,강정숙,39,세종특별자치시 한솔동 58-48,010-1866-2803,테니스
17685,이병호,36,서울특별시 강남구 692-15,010-4750-4466,디지털 콘텐츠 제작
17686,윤현우,31,충청북도 진천군 468-30,010-9097-2101,디지털 콘텐츠 제작
17687,권지후,61,제주시 오라동 950-4,010-7638-5827,캘리그라피
17688,임지원,49,서울특별시 동대문구 611-61,010-1951-8010,독서
17689,김로운,20,부산광역시 연제구 663-55,010-1455-4818,코딩
17690,전현진,48,대구광역시 동구 694-9,010-1844-9889,캠핑
17691,송하윤,32,경기도 시흥시 611-80,010-9074-7561,스포츠 카드 수집
17692,김지후,36,서울특별시 동대문구 425-46,010-2582-3462,플라워 아트
17693,권승호,47,경상남도 창녕군 614-78,010-5557-4951,골프
17694,서지한,55,제주시 신제주 442-3,010-4010-4035,음악감상
17695,전경자,31,경기도 군포시 60-47,010-8125-4589,운동
17696,장건우,25,전라북도 전주시 198-1,010-7405-5792,책 클럽
17697,강준서,68,부산광역시 동구 536-68,010-8877-5773,스트리밍
17698,조춘자,33,경상남도 거제시 307-43,010-1647-4761,디지털 아트
17699,서진호,63,경기도 성남시 분당구 959-41,010-6781-3104,스트리밍
17700,최예은,61,서울특별시 서대문구 867-75,010-8163-3457,스트리밍
17701,서상호,51,부산광역시 남구 641-5,010-7581-4603,디지털 사진 전시
17702,임춘자,60,부산광역시 수영구 935-41,010-9832-3267,모바일 게임 개발
17703,윤지율,69,용인시 수지구 풍덕천동 292-48,010-8492-2594,웹서핑
17704,장경수,51,울산광역시 북구 829-33,010-6592-7532,집콕 놀이
17705,정재호,24,김해시 장유동 222-45,010-9325-3708,웹서핑
17706,이옥희,65,서울특별시 종로구 455-75,010-7888-9475,테니스
17707,송현우,40,강원도 평창군 594-0,010-6068-2977,영화 제작
17708,김수아,71,경상남도 사천시 339-36,010-8061-3570,캔들 만들기
17709,권재훈,24,대전광역시 대덕구 208-15,010-3842-5447,영화 제작
17710,황창수,35,전라북도 익산시 847-56,010-1737-6127,뜨개질
17711,서다빈,21,경상남도 창녕군 420-25,010-2282-2765,카페 투어
17712,강태윤,54,경기도 용인시 처인구 515-83,010-9452-2464,요리
17713,임도윤,55,인천광역시 부평구 542-73,010-9780-5811,명상
17714,박진호,36,강원도 홍천군 896-29,010-7997-9374,스키
17715,오현진,22,서울특별시 양천구 320-34,010-2711-4527,콜라주 아트
17716,안형민,39,부산광역시 동래구 580-26,010-3522-9517,피크닉
17717,오춘희,27,경상남도 양산시 521-66,010-5913-3630,요가
17718,한성민,78,제주시 오라동 526-44,010-5948-6504,패션
17719,한명자,64,경기도 용인시 처인구 510-81,010-5836-8571,영화감상
17720,홍성민,65,서울특별시 서초구 160-78,010-1698-6999,웹서핑
17721,안정우,43,인천광역시 남동구 797-24,010-2146-3055,패션
17722,전정자,66,대구광역시 동구 166-69,010-9208-4866,운동
17723,장우진,71,전라남도 광양시 307-67,010-4693-4658,웹툰 그리기
17724,강혜숙,74,제주시 아라동 863-46,010-9653-4072,필라테스
17725,한태현,47,울산광역시 동구 995-3,010-3990-8144,펜팔
17726,박진호,40,울산광역시 중구 949-61,010-3942-6473,골프
17727,서지원,59,부산광역시 중구 292-42,010-8480-2004,패션
17728,최옥희,31,서울특별시 용산구 171-88,010-2345-2436,집콕 놀이
17729,임건우,35,부천시 원미구 중동 651-53,010-2213-8857,수영
17730,장민준,59,전라북도 전주시 601-60,010-3071-5270,음악감상
17731,최명훈,41,서울특별시 광진구 106-84,010-4975-3037,운동
17732,황영수,45,서울특별시 마포구 252-55,010-5271-9365,보드게임
17733,황정희,55,대구광역시 달서구 196-91,010-1903-2955,일기 쓰기
17734,강하율,30,인천광역시 중구 799-54,010-1127-1794,필라테스
17735,오영자,34,경상북도 포항시 216-72,010-6427-1110,모바일 게임 개발
17736,전하윤,43,충청북도 충주시 952-89,010-6712-3002,영화 제작
17737,전하율,58,서울특별시 구로구 927-79,010-3405-6289,패션
17738,권경자,79,경기도 파주시 73-50,010-1460-9195,캔들 만들기
17739,송상호,23,대전광역시 중구 362-64,010-9835-9870,수영
17740,최상호,78,울산광역시 울주군 749-53,010-7994-4900,테니스
17741,안하람,65,서울특별시 강서구 76-55,010-5911-5284,사진촬영
17742,장남수,59,울산광역시 중구 638-12,010-5466-1039,봉사활동
17743,홍성호,25,제주시 노형동 625-90,010-2924-1850,낚시
17744,신선자,53,인천광역시 계양구 322-67,010-9934-2449,마인드맵 만들기
17745,오종수,42,전라북도 전주시 97-59,010-9167-3224,캘리그라피
17746,전만수,75,서울특별시 종로구 9-1,010-8582-5183,낚시
17747,이희정,22,울산광역시 남구 631-73,010-4370-1466,생활 해킹
17748,홍로운,29,부산광역시 부산진구 356-7,010-9908-8878,일기 쓰기
17749,이윤호,20,광주광역시 서구 719-77,010-4909-3170,운동
17750,권윤서,65,경기도 용인시 수지구 793-67,010-5353-7742,비즈 공예
17751,안희정,41,전라남도 순천시 619-67,010-6039-2053,카페 투어
17752,최주영,72,용인시 수지구 풍덕천동 402-67,010-8226-3208,일기 쓰기
17753,전예린,38,전라북도 군산시 267-39,010-6443-8972,미술관 관람
17754,안수빈,58,서울특별시 관악구 926-53,010-1478-7371,영화 제작
17755,오명숙,54,서울특별시 광진구 99-60,010-8866-4966,일기 쓰기
17756,박지우,68,서울특별시 서대문구 220-16,010-2930-5107,일기 쓰기
17757,조주영,20,울산광역시 울주군 781-11,010-4106-5332,게임
17758,정시헌,74,경상남도 창녕군 930-28,010-2119-5956,일기 쓰기
17759,권채원,77,경상남도 양산시 20-9,010-6075-1544,영화 제작
17760,송시헌,78,부산광역시 사하구 627-69,010-5427-3485,운동
17761,황시우,37,충청남도 천안시 675-6,010-4413-5088,캠핑
17762,윤경수,21,경기도 고양시 덕양구 60-32,010-4851-3861,벽화 그리기
17763,송지원,53,대전광역시 대덕구 987-39,010-8189-7407,시뮬레이션 게임
17764,오지원,63,경상남도 창녕군 288-4,010-3658-9444,펜팔
17765,권순영,65,충청남도 아산시 431-61,010-6270-4222,책 클럽
17766,오정우,73,경상남도 통영시 133-49,010-6940-4593,골프
17767,박주아,62,대구광역시 북구 36-29,010-6707-4752,스트리밍
17768,이경자,23,경기도 광주시 648-12,010-3314-9455,드로잉
17769,임우진,36,서울특별시 중구 80-8,010-9703-8658,스포츠 카드 수집
17770,안명자,35,부산광역시 북구 87-79,010-3135-2415,비즈 공예
17771,조수빈,67,대구광역시 달성군 883-49,010-5503-6875,여행
17772,전지율,77,전라남도 순천시 466-63,010-9856-6041,웹툰 그리기
17773,임민서,24,부산광역시 강서구 187-66,010-4219-3160,게임
17774,오미영,26,강원도 평창군 279-40,010-7004-9935,골프
17775,강복희,26,전라남도 목포시 227-15,010-4129-2727,헬스
17776,안진호,71,경기도 안산시 상록구 535-41,010-9866-4244,웹서핑
17777,김상호,23,경기도 화성시 50-94,010-9613-7443,패션
17778,박정순,78,광주광역시 광산구 157-44,010-6904-6406,영화감상
17779,김수빈,49,강원도 홍천군 942-16,010-6004-5686,펜팔
17780,오하율,21,인천광역시 남동구 862-27,010-8338-5373,비즈 공예
17781,오경수,53,대전광역시 중구 662-58,010-8792-6966,스키
17782,박희정,34,경상북도 경주시 523-17,010-2232-6175,스트리밍
17783,신예린,70,서울특별시 마포구 776-71,010-1910-7705,사진촬영
17784,안정자,63,충청북도 청주시 678-9,010-7551-3619,코딩
17785,신복자,65,강원도 홍천군 950-5,010-7680-3219,애니메이션 제작
17786,송윤서,44,강원도 양양군 820-82,010-5904-1779,독서
17787,전시윤,29,광주광역시 동구 609-86,010-8216-6038,운동
17788,신종수,30,인천광역시 계양구 550-79,010-6572-3437,등산
17789,강은숙,26,전라북도 군산시 404-17,010-6376-9057,코딩
17790,서경자,52,경기도 파주시 269-77,010-7083-8812,배드민턴
17791,송남수,57,경상남도 창녕군 448-54,010-8731-9160,게임
17792,최남수,39,경기도 성남시 수정구 993-3,010-5076-6860,카페 투어
17793,이말순,72,경기도 평택시 444-68,010-8636-3338,자전거 타기
17794,강민서,54,경상북도 안동시 58-25,010-6261-2358,사진편집
17795,정만수,36,경기도 안산시 단원구 237-66,010-8149-5615,스포츠 카드 수집
17796,김상호,76,세종특별자치시 아름동 16-11,010-3757-9445,마인드맵 만들기
17797,권예은,34,광주광역시 광산구 234-5,010-8688-5037,낚시
17798,이순희,76,울산광역시 남구 452-33,010-1094-1918,골프
17799,황주원,26,서울특별시 성북구 58-98,010-9276-6416,여행
17800,전정숙,39,대전광역시 서구 623-15,010-3723-6634,콜라주 아트
17801,전상호,50,서울특별시 서대문구 871-95,010-8162-1408,디지털 콘텐츠 제작
17802,김순자,73,제주시 연동 403-55,010-9257-2526,보드게임
17803,신지호,36,부산광역시 동구 397-29,010-3169-7199,로봇 공학
17804,황민수,76,부산광역시 남구 708-96,010-3615-3515,패션
17805,정진호,67,전라남도 순천시 685-95,010-6269-9217,영화감상
17806,권시헌,41,경상남도 김해시 117-57,010-5109-6192,테니스
17807,홍은우,25,울산광역시 울주군 637-28,010-6152-2428,미술관 관람
17808,오광호,61,경기도 화성시 741-45,010-5137-4608,영화감상
17809,서서연,79,전라북도 군산시 948-35,010-1503-6134,생활 해킹
17810,권영일,20,인천광역시 부평구 179-45,010-1339-8802,플로리스트
17811,임도윤,66,경기도 안산시 단원구 694-23,010-6430-8395,피크닉
17812,황지후,60,경기도 성남시 수정구 701-27,010-5203-8554,영화 제작
17813,한도윤,53,인천광역시 서구 153-88,010-4524-1170,책 클럽
17814,장만수,35,경기도 화성시 491-90,010-3312-5722,여행
17815,송기석,23,경상남도 거제시 99-46,010-9370-1423,카페 투어
17816,홍나윤,73,서울특별시 동작구 857-48,010-7080-6434,피크닉
17817,박서준,36,대구광역시 남구 153-41,010-5178-5026,마인드맵 만들기
17818,황종순,60,용인시 수지구 풍덕천동 617-17,010-9156-5339,DIY
17819,송수아,73,서울특별시 노원구 889-67,010-4240-6505,로봇 공학
17820,박준서,48,경상남도 사천시 441-72,010-3355-9304,등산
17821,조로운,49,경기도 성남시 분당구 521-7,010-1567-5136,수영
17822,최정순,57,서울특별시 도봉구 772-69,010-7115-6928,플로리스트
17823,임영호,54,대전광역시 서구 2-34,010-7299-6500,배우기
17824,송세아,49,충청북도 충주시 217-10,010-7875-2391,등산
17825,강하연,37,경상북도 포항시 816-10,010-7562-2135,벽화 그리기
17826,임은우,64,경기도 광명시 495-44,010-4083-8456,수영
17827,이성민,49,서울특별시 서대문구 110-23,010-7530-2907,퍼즐 맞추기
17828,송예은,54,경상남도 진주시 397-75,010-6383-4720,생활 해킹
17829,권진호,71,대구광역시 중구 517-88,010-7999-2303,집콕 놀이
17830,서승호,77,부산광역시 부산진구 397-98,010-9150-6281,퍼즐 맞추기
17831,서동수,38,인천광역시 동구 818-12,010-3565-7463,헬스
17832,임은숙,69,광주광역시 동구 304-70,010-3197-7966,비즈 공예
17833,안주아,20,서울특별시 용산구 318-24,010-8478-7947,콜라주 아트
17834,권도윤,57,부산광역시 남구 654-1,010-6522-3633,플라워 아트
17835,신광호,66,대구광역시 동구 562-69,010-7265-4595,배우기
17836,윤정순,36,경상북도 포항시 22-90,010-1552-9745,애니메이션 제작
17837,신철수,48,부산광역시 동래구 741-65,010-9165-3640,운동
17838,안진숙,61,경기도 용인시 수지구 622-64,010-4582-9905,패션
17839,서다은,50,서울특별시 강서구 898-6,010-8434-8985,수영
17840,조지율,77,대구광역시 달서구 650-78,010-6562-6981,봉사활동
17841,서유진,56,서울특별시 강남구 567-57,010-1739-9383,펜팔
17842,박희정,43,대구광역시 달성군 437-25,010-6918-1772,사진촬영
17843,서윤서,58,전라남도 순천시 755-50,010-3871-2577,음악감상
17844,황예린,65,경기도 파주시 798-63,010-5440-2805,플라워 아트
17845,임종수,68,제주시 오라동 415-19,010-2127-5670,DIY
17846,최승호,20,경기도 안양시 만안구 205-74,010-4754-9488,요리
17847,안세아,64,부산광역시 금정구 336-95,010-6131-4264,카페 투어
17848,서윤호,34,울산광역시 동구 930-82,010-5381-3603,요리
17849,황기영,75,성남시 분당구 정자동 3-94,010-7474-8514,피크닉
17850,윤경자,45,인천광역시 동구 611-45,010-3723-1939,영화감상
17851,김서준,54,부천시 상동 213-17,010-6146-1007,낚시
17852,권동수,59,서울특별시 종로구 596-37,010-2296-2011,요리
17853,윤시우,41,전라남도 순천시 215-36,010-5353-1585,여행
17854,강서진,28,부천시 상동 379-44,010-6231-2913,모바일 게임 개발
17855,조진숙,40,부산광역시 영도구 336-49,010-2649-2373,플로리스트
17856,권정자,25,부천시 상동 370-66,010-7640-9664,코딩
17857,권영자,57,경기도 안산시 단원구 280-19,010-3783-5823,배드민턴
17858,안하은,37,제주시 오라동 596-29,010-8526-5491,드로잉
17859,정선자,45,서울특별시 영등포구 284-64,010-2642-3774,게임 방송
17860,홍명숙,40,전라북도 군산시 123-5,010-8360-1453,미술관 관람
17861,강광호,78,제주시 아라동 819-52,010-7410-6126,VR 게임
17862,송영일,78,경상남도 밀양시 534-24,010-9405-4219,캘리그라피
17863,윤태현,53,경기도 용인시 수지구 675-43,010-9567-9412,디지털 일러스트
17864,조선자,27,경기도 시흥시 648-8,010-2919-2624,배드민턴
17865,안현진,27,서울특별시 양천구 859-1,010-3259-2106,생활 해킹
17866,윤진숙,62,김해시 장유동 595-74,010-4745-5711,헬로윈 파티 준비
17867,장서준,28,제주시 노형동 267-39,010-2934-2893,스키
17868,임병호,75,부산광역시 연제구 278-94,010-8723-9451,헬스
17869,이순희,25,대구광역시 남구 749-68,010-2843-9349,DIY
17870,이기석,53,제주시 아라동 194-47,010-8655-2963,코딩
17871,권미영,40,경상남도 김해시 873-76,010-4278-7519,뜨개질
17872,황연희,26,세종특별자치시 조치원읍 898-0,010-6422-2787,플라워 아트
17873,윤철수,48,울산광역시 중구 702-60,010-6907-2863,펜팔
17874,박지율,25,경기도 성남시 분당구 419-38,010-2027-7587,명상
17875,이명숙,56,서울특별시 관악구 820-49,010-4960-9297,스크래치 프로그램 만들기
17876,정시우,64,경상남도 창원시 606-97,010-3528-1342,피크닉
17877,송지후,38,경상북도 안동시 300-72,010-1923-8553,헬스
17878,홍연희,23,울산광역시 울주군 689-36,010-9454-5440,퍼즐 맞추기
17879,조명훈,36,부천시 원미구 중동 59-70,010-3696-1443,책 클럽
17880,박병호,71,세종특별자치시 한솔동 16-77,010-9486-9224,영화감상
17881,최순영,47,경기도 의정부시 255-32,010-2782-6459,캘리그라피
17882,권희정,69,대전광역시 유성구 620-94,010-7749-4410,코딩
17883,강영호,55,강원도 삼척시 79-53,010-5245-9032,여행
17884,장도윤,74,경기도 시흥시 652-25,010-4490-6997,스트리밍
17885,강성호,50,경상북도 김천시 591-35,010-8933-3460,패션
17886,황예린,22,경기도 평택시 146-32,010-9415-2934,일기 쓰기
17887,황연희,20,경기도 안양시 동안구 327-49,010-5677-8282,모바일 촬영
17888,전예린,53,서울특별시 종로구 55-11,010-1580-9941,디지털 사진 전시
17889,전말순,46,대전광역시 중구 943-4,010-3339-5169,보드게임
17890,홍복자,30,전라남도 광양시 912-49,010-7918-3208,애니메이션 제작
17891,김서준,24,부산광역시 기장군 68-41,010-1438-7317,플라워 아트
17892,임하은,39,광주광역시 광산구 8-16,010-1824-1892,플로리스트
17893,윤순자,57,제주시 오라동 107-3,010-6192-5648,캔들 만들기
17894,권성민,72,인천광역시 연수구 155-67,010-8121-7060,플라워 아트
17895,이도윤,64,경상남도 사천시 612-15,010-9762-1711,디지털 사진 전시
17896,황수빈,41,강원도 속초시 335-19,010-7466-4465,모바일 촬영
17897,송하윤,69,서울특별시 서대문구 166-52,010-9097-5303,영화 제작
17898,송지우,53,인천광역시 계양구 508-71,010-3399-2377,일기 쓰기
17899,오미영,74,경상남도 거제시 424-1,010-4961-1240,피크닉
17900,강광호,56,제주시 오라동 72-64,010-7494-3952,피크닉
17901,최말옥,28,대전광역시 동구 328-70,010-3535-8463,자원봉사
17902,이현철,52,울산광역시 동구 553-73,010-5368-1046,수채화 그리기
17903,이종수,40,서울특별시 송파구 55-11,010-9941-6381,영화 제작
17904,정말자,64,경기도 오산시 249-25,010-3620-7435,배드민턴
17905,이진호,25,부산광역시 중구 978-65,010-8037-4366,피크닉
17906,권말옥,51,충청남도 논산시 339-72,010-9400-8696,디지털 일러스트
17907,홍정우,37,부산광역시 영도구 806-71,010-6736-6394,필라테스
17908,한영일,66,인천광역시 동구 502-0,010-7259-3749,캠핑
17909,이서진,67,대구광역시 중구 284-46,010-7903-6484,자원봉사
17910,장유진,27,전라북도 전주시 500-29,010-8348-7035,헬로윈 파티 준비
17911,권정우,67,부산광역시 부산진구 62-64,010-6290-1409,테니스
17912,이예준,23,광주광역시 북구 954-49,010-8587-6679,비즈 공예
17913,홍나윤,70,부산광역시 영도구 687-42,010-3304-9685,사진촬영
17914,권은우,58,경기도 용인시 기흥구 189-26,010-2730-1920,미술관 관람
17915,김만수,21,강원도 삼척시 211-85,010-1257-6845,게임 방송
17916,송기영,49,부산광역시 동래구 565-1,010-9577-1464,코딩
17917,장하은,32,부산광역시 영도구 784-6,010-2107-5248,골프
17918,안다은,71,인천광역시 서구 859-43,010-6458-2648,스포츠 카드 수집
17919,임기영,34,서울특별시 광진구 675-28,010-1304-2427,생활 해킹
17920,전정순,51,부산광역시 사상구 191-42,010-4366-5240,수영
17921,임선자,66,경기도 파주시 343-95,010-8558-2526,요리
17922,권유하,79,서울특별시 양천구 519-13,010-7938-1759,여행
17923,오우진,65,제주시 연동 591-2,010-8741-5418,수채화 그리기
17924,김준서,33,경상남도 양산시 390-37,010-1224-9421,테니스
17925,김철수,26,부산광역시 수영구 964-24,010-8683-6447,게임
17926,임하람,43,경기도 화성시 674-76,010-5370-3387,카페 투어
17927,임도윤,34,인천광역시 연수구 438-98,010-2421-3505,캠핑
17928,권정순,57,인천광역시 남동구 568-53,010-5412-3793,독서
17929,윤선자,59,부천시 원미구 중동 926-31,010-1032-8072,게임 방송
17930,조하람,71,충청북도 청주시 0-18,010-5236-1422,드로잉
17931,오경자,77,인천광역시 미추홀구 770-13,010-7002-7017,애니메이션 제작
17932,이명자,28,울산광역시 동구 525-66,010-2547-2170,콜라주 아트
17933,황채원,67,경상남도 양산시 324-7,010-1609-1376,영화감상
17934,서연희,69,경기도 고양시 덕양구 147-98,010-8192-2857,보드게임
17935,이서준,50,인천광역시 연수구 955-27,010-3470-1852,시뮬레이션 게임
17936,송유진,24,울산광역시 남구 185-32,010-8060-1243,웹툰 그리기
17937,홍종수,25,제주시 오라동 641-15,010-2147-6572,보드게임
17938,홍지민,76,서울특별시 동대문구 732-55,010-2894-4954,필라테스
17939,서은숙,49,강원도 원주시 856-61,010-6344-5557,비즈 공예
17940,장도윤,29,서울특별시 노원구 387-54,010-4969-3138,콜라주 아트
17941,이윤서,47,대구광역시 달성군 868-8,010-6050-6792,요가
17942,전동수,51,용인시 수지구 풍덕천동 114-91,010-2340-8217,콜라주 아트
17943,신하윤,30,전라북도 전주시 968-22,010-9464-7000,자원봉사
17944,권예린,66,서울특별시 금천구 516-77,010-6805-1498,게임
17945,임정우,29,강원도 홍천군 105-38,010-6687-6440,수영
17946,김만수,45,서울특별시 종로구 385-35,010-5513-3582,보드게임
17947,윤명숙,27,대전광역시 유성구 760-24,010-5543-4557,책 클럽
17948,신춘식,49,경기도 수원시 팔달구 817-32,010-6045-2979,헬스
17949,신복자,39,대전광역시 동구 950-19,010-3507-7478,배드민턴
17950,윤기영,23,전라북도 군산시 228-73,010-3586-7038,운동
17951,서건우,25,인천광역시 남동구 113-29,010-2474-8168,캘리그라피
17952,권남수,23,경기도 파주시 629-17,010-4526-1720,스포츠 카드 수집
17953,최영희,43,경기도 파주시 439-51,010-5376-8599,카페 투어
17954,조남수,40,서울특별시 서초구 16-60,010-4620-3935,사진편집
17955,윤세아,73,경기도 평택시 410-89,010-1088-6500,수영
17956,황말순,41,제주시 오라동 533-4,010-7319-2952,드로잉
17957,송은채,51,서울특별시 강서구 808-66,010-5586-4673,운동
17958,김성자,31,서울특별시 광진구 234-78,010-2890-6577,미술관 관람
17959,이지후,32,경상남도 통영시 786-9,010-4840-7097,요가
17960,최하은,77,경상남도 진주시 81-20,010-9959-2664,카페 투어
17961,전옥희,62,광주광역시 남구 58-7,010-5088-2838,콜라주 아트
17962,정말순,49,강원도 평창군 201-77,010-1968-4975,일기 쓰기
17963,권미영,77,대구광역시 중구 866-34,010-2119-6762,영화 제작
17964,윤영수,77,강원도 양양군 81-78,010-2873-3320,집콕 놀이
17965,강진숙,64,경기도 화성시 407-89,010-1497-6750,보드게임
17966,박창수,69,경상남도 창원시 548-61,010-3872-5589,드로잉
17967,송승호,61,서울특별시 성북구 517-91,010-2474-5138,퍼즐 맞추기
17968,전지원,37,대구광역시 동구 718-58,010-3502-3284,필라테스
17969,안나윤,46,대전광역시 동구 365-75,010-7699-4744,자원봉사
17970,황복희,54,인천광역시 연수구 463-43,010-9021-7859,코딩
17971,권서진,23,경기도 군포시 339-65,010-5408-5481,등산
17972,최연희,60,제주시 오라동 887-50,010-9843-2757,여행
17973,이지율,35,경기도 군포시 780-96,010-1486-8074,디지털 일러스트
17974,송영희,60,경상남도 거제시 934-45,010-2301-9025,사진편집
17975,홍서연,77,경상남도 창원시 225-33,010-4027-5754,디지털 아트
17976,임명숙,76,부산광역시 수영구 990-4,010-7724-5192,모바일 촬영
17977,안하람,57,충청남도 논산시 936-49,010-1794-8787,여행
17978,조예린,58,충청남도 논산시 605-49,010-7835-3148,생활 해킹
17979,정경자,34,충청남도 천안시 300-71,010-1871-2520,비즈 공예
17980,홍예은,57,경기도 화성시 20-1,010-8623-3246,퍼즐 맞추기
17981,정남수,47,제주시 오라동 272-20,010-5902-8415,웹툰 그리기
17982,박성자,77,서울특별시 서대문구 285-5,010-7293-4809,카페 투어
17983,장상호,58,서울특별시 서대문구 189-41,010-5154-9794,모바일 게임 개발
17984,임춘식,23,경상북도 포항시 343-50,010-4125-1829,사진편집
17985,임말순,35,경기도 고양시 덕양구 216-43,010-8785-5745,웹서핑
17986,신남수,32,세종특별자치시 한솔동 928-67,010-1650-6169,웹서핑
17987,신현서,51,서울특별시 영등포구 704-49,010-3350-7836,캔들 만들기
17988,황기영,27,대구광역시 달성군 629-60,010-1414-1766,패션
17989,최지민,59,광주광역시 동구 274-58,010-4205-7142,카페 투어
17990,임시헌,43,울산광역시 울주군 99-89,010-1991-7261,집콕 놀이
17991,윤선자,65,대구광역시 달서구 916-10,010-2572-7487,스포츠 카드 수집
17992,조춘희,77,서울특별시 관악구 923-85,010-1003-6583,VR 게임
17993,홍말순,44,경기도 용인시 수지구 104-74,010-8969-2609,디지털 일러스트
17994,임경자,78,서울특별시 중랑구 368-44,010-5891-1643,게임
17995,장철수,57,부산광역시 강서구 900-16,010-4019-1714,웹서핑
17996,최선자,26,광주광역시 남구 710-84,010-1241-1986,헬스
17997,황형민,34,서울특별시 용산구 70-96,010-9463-2450,디지털 일러스트
17998,홍승호,28,강원도 삼척시 852-83,010-6424-4225,뜨개질
17999,권은숙,29,경기도 용인시 수지구 103-17,010-2512-9609,여행
18000,전명자,39,세종특별자치시 도담동 187-0,010-9171-3310,VR 게임
18001,정준서,46,서울특별시 서초구 848-31,010-7375-5035,스트리밍
18002,윤정숙,31,강원도 삼척시 719-28,010-6108-2008,수채화 그리기
18003,강지원,67,경상남도 진주시 847-21,010-6351-9174,유튜브 보기
18004,전광호,76,부산광역시 서구 356-88,010-7304-7687,생활 해킹
18005,박예은,53,대전광역시 동구 768-22,010-6930-9205,요가
18006,임복희,38,대구광역시 서구 290-95,010-7145-5451,음악감상
18007,서지한,43,경상남도 양산시 300-33,010-3042-6599,캠핑
18008,임만수,26,서울특별시 강동구 997-25,010-3550-8257,패션
18009,정서아,24,서울특별시 금천구 436-32,010-4707-6216,여행
18010,안복자,64,경상남도 김해시 965-33,010-3320-6009,디지털 아트
18011,한창수,66,경기도 고양시 일산동구 31-32,010-3648-4703,낚시
18012,서준호,62,서울특별시 강서구 103-98,010-2886-2961,테니스
18013,조하윤,61,부산광역시 동구 756-27,010-7818-7289,애니메이션 제작
18014,김지민,71,경상남도 창원시 992-0,010-3812-9457,헬스
18015,조유진,68,제주시 신제주 482-1,010-9569-6520,유튜브 보기
18016,안하율,57,서울특별시 은평구 630-18,010-9314-8926,패션
18017,박소율,49,경기도 파주시 684-71,010-1922-9143,명상
18018,서상민,21,전라남도 여수시 906-42,010-5301-7533,생활 해킹
18019,송진호,32,울산광역시 중구 481-17,010-6344-2704,디지털 일러스트
18020,정호철,64,경기도 수원시 팔달구 589-62,010-2587-8973,뜨개질
18021,서재영,50,경상남도 밀양시 428-95,010-5372-2944,도예
18022,홍영호,57,부산광역시 기장군 259-9,010-8882-6096,웹서핑
18023,조지후,46,대구광역시 남구 312-12,010-5961-5603,일기 쓰기
18024,송영수,31,경기도 수원시 장안구 78-80,010-9367-9732,애니메이션 제작
18025,송하연,23,울산광역시 남구 227-48,010-3132-4280,모바일 게임 개발
18026,황병호,73,부산광역시 남구 683-51,010-8116-7139,독서
18027,홍시헌,30,서울특별시 구로구 883-10,010-1348-2497,게임 방송
18028,박서아,72,경상북도 안동시 111-79,010-6266-9352,도예
18029,전철수,29,경기도 안양시 동안구 832-81,010-3371-9076,패션
18030,서기영,70,경기도 용인시 수지구 883-71,010-4528-3774,운동
18031,조하람,67,전라북도 전주시 104-62,010-2009-2329,애니메이션 제작
18032,한다빈,79,경상북도 포항시 50-10,010-1986-2826,시뮬레이션 게임
18033,정명숙,36,전라북도 군산시 412-90,010-2070-9718,디지털 콘텐츠 제작
18034,서서아,53,경기도 수원시 장안구 413-37,010-1373-3483,캘리그라피
18035,안은숙,62,경상남도 밀양시 599-66,010-1310-8492,게임 방송
18036,전주원,55,충청남도 아산시 269-77,010-4392-4302,디지털 콘텐츠 제작
18037,오복자,34,부산광역시 부산진구 609-68,010-1630-7488,낚시
18038,최종수,49,경상남도 거제시 435-33,010-7750-6049,사진편집
18039,홍경수,73,제주시 오라동 292-7,010-2598-5693,헬로윈 파티 준비
18040,황하율,52,경기도 광주시 478-97,010-9725-7869,VR 게임
18041,전은우,24,제주시 아라동 83-63,010-4721-3029,필라테스
18042,안지호,41,부산광역시 서구 512-85,010-3640-5430,게임 방송
18043,김지우,38,서울특별시 광진구 176-3,010-8227-2081,책 클럽
18044,오수빈,30,경상남도 사천시 325-23,010-8955-9724,보드게임
18045,정다은,51,경상남도 사천시 36-27,010-3152-6836,시뮬레이션 게임
18046,정순자,47,인천광역시 미추홀구 35-10,010-7343-5269,스트리밍
18047,한민수,76,충청북도 청주시 595-90,010-4734-3491,스트리트 댄스
18048,황형민,37,울산광역시 남구 716-56,010-4477-5357,테니스
18049,전영자,33,서울특별시 용산구 480-53,010-9905-8160,스키
18050,장은숙,37,제주시 연동 325-32,010-8965-9041,웹서핑
18051,윤하람,51,서울특별시 중랑구 969-30,010-9990-6698,사진촬영
18052,조현철,75,용인시 수지구 풍덕천동 655-75,010-6536-2518,헬로윈 파티 준비
18053,황말자,68,전라남도 목포시 957-47,010-5287-2669,모바일 촬영
18054,한경자,43,충청북도 충주시 631-16,010-2347-4762,게임 방송
18055,조옥희,59,광주광역시 동구 282-71,010-8374-2534,VR 게임
18056,황태현,73,부산광역시 영도구 450-91,010-5571-9048,자전거 타기
18057,서미영,45,부천시 상동 823-66,010-5943-9869,펜팔
18058,장시윤,33,서울특별시 종로구 53-62,010-9949-9583,집콕 놀이
18059,임서준,47,제주시 노형동 653-64,010-9859-6744,보드게임
18060,정주원,74,제주시 연동 701-67,010-4572-8898,DIY
18061,김유하,61,서울특별시 은평구 41-68,010-7917-8267,모바일 촬영
18062,최순희,39,광주광역시 광산구 987-16,010-4440-7035,뜨개질
18063,김윤호,27,부산광역시 사상구 935-34,010-7573-3288,음악감상
18064,임순희,52,부산광역시 사하구 294-5,010-4027-4246,게임
18065,박민준,52,경기도 수원시 장안구 804-86,010-1896-8183,배드민턴
18066,정명자,42,경상북도 김천시 581-32,010-7150-4700,운동
18067,황채은,64,경기도 안양시 만안구 638-36,010-3060-6068,애니메이션 제작
18068,한병호,72,강원도 홍천군 828-38,010-4156-7115,벽화 그리기
18069,김순영,75,서울특별시 금천구 905-91,010-4506-6266,코딩
18070,신승호,64,경상남도 양산시 546-33,010-1733-8160,애니메이션 제작
18071,박경수,70,경상남도 창원시 722-85,010-2343-2590,자전거 타기
18072,박다온,64,서울특별시 마포구 698-39,010-9080-1420,코딩
18073,조동수,51,서울특별시 동작구 981-39,010-6812-2186,스크래치 프로그램 만들기
18074,황태수,71,경기도 화성시 412-37,010-3659-2387,비즈 공예
18075,신은채,78,경상남도 김해시 786-81,010-1528-4710,영화감상
18076,임성민,31,제주시 아라동 670-84,010-6261-5968,퍼즐 맞추기
18077,박진호,78,충청북도 진천군 965-80,010-8168-1066,스키
18078,장춘희,54,경상남도 창원시 19-67,010-2125-2021,VR 게임
18079,송경수,33,경상남도 창녕군 155-39,010-4458-5314,요가
18080,조지율,45,부산광역시 연제구 348-58,010-1158-7145,게임
18081,권명훈,51,대구광역시 달서구 863-32,010-9839-4443,여행
18082,홍승호,77,전라북도 익산시 683-13,010-4689-6048,캘리그라피
18083,전철수,65,울산광역시 동구 226-20,010-7151-6258,캘리그라피
18084,최정순,56,강원도 춘천시 190-70,010-4965-3946,스트리트 댄스
18085,임재호,21,부산광역시 사하구 176-54,010-4518-5647,스트리밍
18086,이민수,70,서울특별시 도봉구 857-79,010-7138-5962,일기 쓰기
18087,윤민준,67,경기도 오산시 159-93,010-7436-2063,패션
18088,전하윤,42,경기도 안양시 만안구 669-64,010-5295-8148,시뮬레이션 게임
18089,임재호,72,경기도 안양시 동안구 106-86,010-2523-2742,플라워 아트
18090,홍재훈,35,강원도 속초시 507-78,010-6276-2966,요가
18091,황예은,53,서울특별시 영등포구 871-21,010-2943-9934,스트리밍
18092,서서연,32,강원도 삼척시 628-62,010-1863-6473,로봇 공학
18093,최숙자,22,부산광역시 기장군 265-53,010-4630-7097,보드게임
18094,조호철,22,대구광역시 수성구 37-96,010-1848-3065,헬스
18095,윤순희,20,인천광역시 남동구 237-85,010-4907-2408,미술관 관람
18096,홍영수,58,서울특별시 동작구 432-59,010-1535-3740,디지털 콘텐츠 제작
18097,임상민,50,강원도 삼척시 1-69,010-5645-1406,음악감상
18098,신다은,66,강원도 동해시 788-9,010-4896-6482,캔들 만들기
18099,조준서,20,서울특별시 성동구 831-60,010-5786-6309,캘리그라피
18100,홍상호,28,울산광역시 동구 760-96,010-4955-2935,요가
18101,권주원,58,부산광역시 동래구 681-17,010-1702-4084,낚시
18102,안선자,53,대구광역시 동구 728-55,010-2445-1851,여행
18103,오민서,59,용인시 수지구 풍덕천동 337-45,010-9412-2074,스포츠 카드 수집
18104,오준서,64,경기도 수원시 장안구 254-27,010-5144-1286,코딩
18105,조춘식,31,전라남도 순천시 660-82,010-9708-6001,배우기
18106,서호철,51,부산광역시 남구 360-56,010-9824-1190,펜팔
18107,권다빈,67,서울특별시 중구 534-59,010-4181-8959,스트리밍
18108,송하연,25,경상남도 밀양시 844-98,010-3012-9419,스트리트 댄스
18109,박소율,23,부산광역시 금정구 32-21,010-2427-6185,플로리스트
18110,최종수,48,서울특별시 송파구 881-89,010-3600-7283,영화감상
18111,장동수,64,인천광역시 남동구 15-24,010-6269-5221,사진촬영
18112,권태윤,39,부천시 원미구 중동 0-78,010-7830-6066,펜팔
18113,김혜숙,70,경상남도 밀양시 720-68,010-6741-6601,스트리트 댄스
18114,오형민,48,울산광역시 남구 809-97,010-2571-1616,집콕 놀이
18115,김준서,58,대구광역시 동구 331-16,010-5563-1831,독서
18116,이정순,28,부산광역시 부산진구 82-34,010-8656-3863,디지털 콘텐츠 제작
18117,서시헌,69,경상남도 진주시 23-29,010-2929-8940,뜨개질
18118,강상호,38,부천시 원미구 중동 102-51,010-7207-1192,VR 게임
18119,이영호,51,경기도 안산시 상록구 103-28,010-4330-4903,여행
18120,홍지원,55,경기도 성남시 수정구 889-7,010-3147-7630,사진편집
18121,황말옥,26,서울특별시 서대문구 719-93,010-2673-9924,플라워 아트
18122,김지민,59,경기도 안산시 상록구 4-31,010-6106-1225,여행
18123,권지호,47,강원도 홍천군 823-23,010-4169-6787,플라워 아트
18124,오동수,74,강원도 원주시 561-85,010-8156-7219,플로리스트
18125,전순영,48,경기도 시흥시 898-7,010-7100-9676,여행
18126,최호철,24,강원도 원주시 428-68,010-1711-8943,캠핑
18127,안호철,71,인천광역시 중구 873-17,010-8436-4537,벽화 그리기
18128,전명훈,37,부천시 원미구 중동 698-4,010-3981-4154,스포츠 카드 수집
18129,박시우,78,경상북도 안동시 195-14,010-9093-7021,캠핑
18130,송순영,31,충청남도 공주시 920-95,010-8187-5830,유튜브 보기
18131,안영희,55,부산광역시 동구 474-67,010-7007-5703,낚시
18132,이은채,25,충청남도 천안시 317-91,010-2997-6704,배우기
18133,정명숙,25,서울특별시 동대문구 587-43,010-3571-2294,게임 방송
18134,송준서,34,경상남도 밀양시 807-43,010-5512-4512,요리
18135,윤연희,27,경기도 광명시 706-11,010-1733-4015,여행
18136,송하진,35,경기도 용인시 수지구 859-95,010-4139-5291,집콕 놀이
18137,박건우,23,전라남도 나주시는 474-33,010-6585-7137,드로잉
18138,오승호,29,전라남도 순천시 176-43,010-9937-4866,명상
18139,윤영희,21,경기도 안양시 만안구 120-27,010-6693-3971,디지털 콘텐츠 제작
18140,서영호,54,인천광역시 부평구 884-95,010-8496-6174,헬스
18141,서서아,69,부산광역시 강서구 538-52,010-3319-9138,음악감상
18142,이민준,21,부산광역시 동구 82-79,010-9478-5180,사진편집
18143,안다온,77,부산광역시 해운대구 452-69,010-8022-4908,영화 제작
18144,최말자,78,대전광역시 동구 869-28,010-2892-9577,캔들 만들기
18145,윤도윤,24,광주광역시 동구 160-49,010-8377-2754,스크래치 프로그램 만들기
18146,전민수,40,제주시 노형동 52-35,010-8129-7914,디지털 아트
18147,오태현,69,경기도 의정부시 990-46,010-3371-1409,사진촬영
18148,서영자,22,전라북도 전주시 547-55,010-3171-3711,배드민턴
18149,오지원,64,전라남도 여수시 858-57,010-2216-7349,헬스
18150,장은우,46,대전광역시 대덕구 457-68,010-1545-4205,마인드맵 만들기
18151,조명자,34,서울특별시 동작구 697-73,010-5193-8692,보드게임
18152,신현철,38,세종특별자치시 도담동 191-82,010-5432-5776,콜라주 아트
18153,전건우,61,충청북도 충주시 728-86,010-4175-4487,웹서핑
18154,홍은우,33,부산광역시 부산진구 823-92,010-5567-9399,게임 방송
18155,윤서연,50,전라북도 군산시 624-9,010-9512-4640,벽화 그리기
18156,서다온,65,경기도 의정부시 895-71,010-5010-5185,일기 쓰기
18157,박정호,27,세종특별자치시 한솔동 961-65,010-3057-8853,디지털 콘텐츠 제작
18158,황은숙,53,경상북도 안동시 484-80,010-6726-1006,요리
18159,조시윤,31,전라북도 전주시 736-74,010-3375-2449,스포츠 카드 수집
18160,정혜숙,50,서울특별시 중랑구 253-33,010-6229-5322,로봇 공학
18161,홍지호,28,서울특별시 관악구 413-15,010-8232-6010,드로잉
18162,전명숙,36,대전광역시 대덕구 391-59,010-2951-5616,스키
18163,송민서,64,부천시 상동 283-81,010-8724-7587,일기 쓰기
18164,홍준서,54,부산광역시 중구 675-69,010-2731-3128,애니메이션 제작
18165,전서진,34,경기도 광주시 302-43,010-2455-9680,스트리밍
18166,박영희,68,서울특별시 성동구 540-24,010-7524-5023,펜팔
18167,전지율,59,세종특별자치시 도담동 628-52,010-6491-3823,디지털 콘텐츠 제작
18168,조지후,29,서울특별시 종로구 758-40,010-9916-8939,디지털 콘텐츠 제작
18169,이우진,75,경상북도 포항시 1-56,010-6299-9145,뜨개질
18170,김경자,68,서울특별시 중구 602-33,010-2684-5005,골프
18171,정창수,59,경기도 시흥시 667-68,010-2206-1202,드로잉
18172,전진호,48,경기도 화성시 144-12,010-9314-7930,영화감상
18173,이윤호,31,광주광역시 광산구 819-50,010-5606-8677,유튜브 보기
18174,강지민,72,부산광역시 영도구 604-25,010-9440-6027,플로리스트
18175,임희정,39,경기도 성남시 수정구 168-45,010-6061-3000,피크닉
18176,안지한,51,부산광역시 서구 482-81,010-9209-7348,플라워 아트
18177,정예준,21,서울특별시 성동구 118-81,010-2197-5982,퍼즐 맞추기
18178,한정자,43,대구광역시 달성군 485-7,010-5004-9517,플라워 아트
18179,장호철,22,경상남도 진주시 734-32,010-1359-4368,독서
18180,최유진,50,대전광역시 유성구 923-36,010-2150-6065,DIY
18181,황은채,58,강원도 삼척시 475-93,010-8444-2409,플라워 아트
18182,오현서,44,부산광역시 중구 136-48,010-1650-2777,펜팔
18183,송세아,65,부천시 원미구 중동 750-73,010-1025-4769,도예
18184,송승호,77,경기도 수원시 장안구 779-17,010-9614-9385,피크닉
18185,박서연,52,경기도 수원시 팔달구 224-92,010-5031-8927,마인드맵 만들기
18186,김채은,28,인천광역시 동구 974-61,010-9138-7473,스트리밍
18187,조승호,70,전라북도 군산시 408-10,010-2821-3604,드로잉
18188,서혜숙,48,부천시 원미구 중동 751-59,010-8529-3412,헬스
18189,이동수,63,서울특별시 강북구 698-44,010-6523-1676,플로리스트
18190,윤서준,33,성남시 분당구 정자동 650-58,010-8325-4150,DIY
18191,황서아,37,세종특별자치시 도담동 339-53,010-8733-6386,벽화 그리기
18192,임종순,21,제주시 아라동 385-0,010-9072-4755,플라워 아트
18193,황예준,72,부산광역시 해운대구 502-90,010-2502-2478,펜팔
18194,홍유하,32,경기도 수원시 장안구 737-97,010-7235-2351,드로잉
18195,김서아,60,경기도 화성시 201-25,010-4041-8768,음악감상
18196,전말자,36,서울특별시 중랑구 337-89,010-6452-5046,드로잉
18197,신경수,35,대구광역시 서구 124-55,010-4067-2530,독서
18198,임말순,35,부산광역시 영도구 3-11,010-2810-8057,요가
18199,윤다빈,31,경기도 용인시 처인구 522-89,010-6894-9993,스포츠 카드 수집
18200,최예린,59,경상북도 포항시 718-16,010-1320-1486,웹서핑
18201,강다은,79,서울특별시 도봉구 645-37,010-2458-5930,캠핑
18202,홍서준,70,경상남도 창녕군 109-96,010-9874-6680,등산
18203,장다은,42,인천광역시 연수구 328-69,010-3809-9957,모바일 촬영
18204,강춘희,34,울산광역시 동구 908-91,010-8609-1909,뜨개질
18205,김명숙,63,경기도 용인시 처인구 430-61,010-9110-5218,카페 투어
18206,전세호,46,대구광역시 남구 160-95,010-5670-1766,벽화 그리기
18207,전은우,39,대전광역시 대덕구 491-68,010-6756-4048,피크닉
18208,김다빈,45,대구광역시 동구 285-69,010-8035-4036,미술관 관람
18209,조영수,55,경상남도 통영시 954-93,010-2167-4948,자원봉사
18210,권말옥,74,충청북도 청주시 111-27,010-3884-8410,골프
18211,박하율,27,세종특별자치시 아름동 718-93,010-2950-1021,보드게임
18212,윤영호,45,세종특별자치시 한솔동 477-89,010-5543-1260,봉사활동
18213,권로운,35,광주광역시 남구 84-67,010-5739-1698,플로리스트
18214,최민서,34,경상남도 거제시 82-98,010-2680-3707,영화 제작
18215,오영자,63,경상남도 김해시 99-21,010-2545-2627,수채화 그리기
18216,박도윤,32,경상북도 안동시 184-94,010-3619-5633,캘리그라피
18217,정나윤,35,강원도 동해시 924-57,010-4152-9092,디지털 아트
18218,오다은,30,강원도 태백시 185-77,010-5188-8302,DIY
18219,한하율,58,경상남도 밀양시 937-62,010-6583-8103,수채화 그리기
18220,강복자,36,경상남도 사천시 377-2,010-8898-5378,스크래치 프로그램 만들기
18221,전정순,48,부산광역시 사상구 979-26,010-3124-6001,패션
18222,송예준,72,강원도 평창군 900-17,010-1444-5758,스트리밍
18223,권하윤,69,제주시 오라동 421-92,010-2774-9443,코딩
18224,권춘식,52,부산광역시 북구 504-14,010-1229-8485,코딩
18225,오춘희,62,부산광역시 동래구 933-81,010-9559-8881,자전거 타기
18226,정윤서,32,부산광역시 동구 423-43,010-4977-3491,자전거 타기
18227,안지호,59,전라남도 순천시 997-15,010-3469-9670,피크닉
18228,송춘자,49,경기도 수원시 장안구 728-13,010-2768-2665,디지털 아트
18229,서예은,23,부산광역시 중구 580-96,010-3720-2403,생활 해킹
18230,김재영,34,서울특별시 광진구 797-3,010-9738-4542,사진촬영
18231,안준서,34,경상북도 안동시 636-87,010-7710-6022,낚시
18232,권하람,40,강원도 강릉시 231-38,010-8825-2637,비즈 공예
18233,홍영일,34,부산광역시 동구 836-84,010-1118-2284,게임
18234,장호철,77,경상북도 경주시 489-39,010-7667-9298,애니메이션 제작
18235,조하은,73,부산광역시 기장군 674-11,010-6693-2779,디지털 아트
18236,송순영,37,인천광역시 중구 386-91,010-2301-9240,영화감상
18237,신춘식,28,충청남도 논산시 554-8,010-6489-5217,캘리그라피
18238,임하은,23,충청북도 충주시 180-47,010-3856-4757,영화감상
18239,이시윤,36,서울특별시 동작구 775-2,010-2032-6300,코딩
18240,서희정,36,제주시 이도이동 254-83,010-4556-1977,플라워 아트
18241,송정순,67,부산광역시 남구 656-35,010-2633-8902,스트리트 댄스
18242,전현우,37,경기도 수원시 장안구 653-46,010-4417-3448,플라워 아트
18243,최정우,65,부산광역시 사상구 924-48,010-4513-2599,캘리그라피
18244,정지호,53,광주광역시 남구 395-35,010-6080-4538,책 클럽
18245,전지한,51,경상남도 창녕군 725-79,010-1294-2222,테니스
18246,이형민,73,제주시 이도이동 160-7,010-5140-5820,배드민턴
18247,김서진,77,경기도 평택시 397-53,010-6729-2924,게임
18248,조광호,22,부산광역시 남구 859-57,010-5769-1751,스트리트 댄스
18249,윤하윤,78,경기도 용인시 수지구 171-49,010-5737-4949,생활 해킹
18250,장시우,73,대구광역시 중구 315-11,010-5206-9383,플라워 아트
18251,안지원,54,대전광역시 동구 201-90,010-9231-3105,뜨개질
18252,오말자,63,대구광역시 달서구 739-58,010-7076-2325,피크닉
18253,신예린,74,강원도 춘천시 300-66,010-7314-2115,보드게임
18254,홍명자,65,울산광역시 남구 532-53,010-8986-5775,디지털 사진 전시
18255,강선자,22,경상북도 경주시 750-80,010-9785-6717,자원봉사
18256,홍정우,53,세종특별자치시 조치원읍 545-48,010-3652-2919,배드민턴
18257,송주아,62,인천광역시 연수구 806-50,010-2275-9331,웹서핑
18258,임춘희,28,강원도 원주시 834-65,010-9695-7597,스크래치 프로그램 만들기
18259,오경자,20,울산광역시 북구 664-68,010-2160-3494,모바일 게임 개발
18260,임형민,44,충청북도 충주시 801-18,010-3296-4187,스포츠 카드 수집
18261,윤춘식,70,세종특별자치시 한솔동 821-55,010-1788-2292,펜팔
18262,신영일,31,충청북도 진천군 255-77,010-9108-4429,디지털 콘텐츠 제작
18263,황정호,65,강원도 원주시 40-57,010-6425-9029,모바일 게임 개발
18264,오하람,37,대전광역시 동구 515-75,010-8366-5310,헬로윈 파티 준비
18265,강하윤,78,대구광역시 수성구 30-26,010-2783-2351,퍼즐 맞추기
18266,홍유진,38,세종특별자치시 아름동 862-96,010-1110-5212,코딩
18267,임세아,37,경기도 용인시 처인구 906-66,010-8691-7292,스트리트 댄스
18268,권도윤,68,경기도 파주시 709-77,010-7927-5348,등산
18269,김하율,29,경상남도 양산시 600-79,010-3766-7097,스포츠 카드 수집
18270,최복자,67,경기도 수원시 장안구 28-21,010-4885-3225,스크래치 프로그램 만들기
18271,서시윤,67,강원도 양양군 196-59,010-9308-5629,코딩
18272,최재호,44,서울특별시 성동구 484-76,010-6652-9492,자전거 타기
18273,장희정,65,대구광역시 북구 432-81,010-6458-4514,비즈 공예
18274,강영호,48,인천광역시 남동구 962-51,010-3067-1200,자원봉사
18275,송성호,75,용인시 수지구 풍덕천동 558-10,010-5752-1574,스크래치 프로그램 만들기
18276,임호철,61,제주시 오라동 193-3,010-9800-3434,디지털 콘텐츠 제작
18277,황예준,35,강원도 동해시 61-3,010-9206-7030,수영
18278,최종수,77,서울특별시 강동구 160-46,010-2197-3196,로봇 공학
18279,윤서준,42,울산광역시 남구 331-55,010-1883-2547,보드게임
18280,조숙자,55,대구광역시 달성군 786-11,010-4311-3349,플라워 아트
18281,장미영,33,서울특별시 중랑구 729-61,010-3364-8051,디지털 아트
18282,윤주아,54,강원도 원주시 343-67,010-5262-7620,보드게임
18283,이창수,64,서울특별시 종로구 208-24,010-8301-1659,모바일 촬영
18284,권지원,51,경상남도 통영시 137-98,010-5103-2091,디지털 사진 전시
18285,윤서준,54,부산광역시 수영구 578-91,010-8383-6579,명상
18286,정희정,34,전라남도 여수시 366-50,010-9129-8400,캔들 만들기
18287,홍명자,65,세종특별자치시 조치원읍 713-52,010-1078-2463,펜팔
18288,오민서,27,제주시 연동 771-31,010-2149-3523,골프
18289,오태수,41,강원도 홍천군 45-77,010-7738-2756,디지털 아트
18290,임태윤,64,경상북도 안동시 886-63,010-9798-9405,뜨개질
18291,오순영,35,부산광역시 사상구 421-96,010-3676-2519,플라워 아트
18292,신지율,29,대구광역시 중구 433-89,010-8499-9251,게임 방송
18293,홍주아,79,용인시 수지구 풍덕천동 822-85,010-3016-3765,드로잉
18294,황시윤,60,충청남도 공주시 29-3,010-3224-3230,영화감상
18295,조민준,51,경상북도 포항시 432-56,010-9858-8598,플로리스트
18296,조호철,36,제주시 오라동 710-65,010-8807-5874,수영
18297,권예준,26,강원도 속초시 102-16,010-8173-6394,수채화 그리기
18298,김다은,73,광주광역시 서구 672-45,010-3605-4877,영화감상
18299,조소율,38,서울특별시 강서구 48-13,010-3810-3968,캠핑
18300,강수아,59,서울특별시 서초구 336-24,010-6262-3488,스트리트 댄스
18301,한미영,64,경상남도 통영시 398-41,010-6260-9555,모바일 게임 개발
18302,송순자,66,대구광역시 북구 784-38,010-3454-1882,캠핑
18303,장민준,63,인천광역시 계양구 756-97,010-2021-3138,스트리트 댄스
18304,전건우,22,경상남도 통영시 2-54,010-4362-5579,독서
18305,홍상호,45,전라남도 광양시 518-23,010-5186-8041,미술관 관람
18306,임예린,51,전라북도 군산시 814-59,010-4649-5801,퍼즐 맞추기
18307,전현우,55,제주시 노형동 848-87,010-2546-3730,스키
18308,오정우,22,경기도 군포시 709-31,010-9056-2084,유튜브 보기
18309,최춘식,61,서울특별시 관악구 978-78,010-4329-5370,펜팔
18310,권창수,74,서울특별시 성북구 599-75,010-2061-8242,캘리그라피
18311,권춘희,67,경기도 광명시 609-59,010-1796-1776,음악감상
18312,홍수아,63,경기도 용인시 수지구 669-15,010-1726-9786,펜팔
18313,전병호,48,경기도 파주시 792-2,010-4896-4142,스트리밍
18314,김하은,57,전라북도 군산시 177-88,010-3316-5092,사진편집
18315,한말옥,65,경기도 안산시 상록구 397-82,010-9736-3820,게임 방송
18316,김성자,28,서울특별시 도봉구 987-3,010-6796-4654,디지털 사진 전시
18317,윤우진,30,강원도 원주시 360-3,010-3218-3458,펜팔
18318,황명숙,33,대전광역시 중구 549-72,010-4783-7322,음악감상
18319,서서준,65,광주광역시 서구 728-88,010-6222-4329,게임 방송
18320,한하율,38,부산광역시 부산진구 767-52,010-8993-6136,테니스
18321,이서연,65,부산광역시 남구 194-70,010-5717-7971,책 클럽
18322,강만수,51,강원도 양양군 14-75,010-2045-9522,음악감상
18323,조현서,22,세종특별자치시 조치원읍 908-8,010-1982-6033,게임
18324,한윤서,45,부산광역시 북구 625-19,010-8385-5257,테니스
18325,권순희,44,부천시 상동 587-18,010-5677-1054,모바일 게임 개발
18326,강태윤,58,인천광역시 미추홀구 494-27,010-9429-3947,집콕 놀이
18327,박로운,57,충청북도 진천군 331-91,010-2775-9241,콜라주 아트
18328,송기영,35,부산광역시 강서구 687-96,010-1173-6682,웹툰 그리기
18329,김도윤,35,울산광역시 동구 559-24,010-5993-1799,사진편집
18330,오영일,50,대전광역시 중구 89-88,010-9902-2694,낚시
18331,송채은,27,대전광역시 동구 350-20,010-9235-2752,생활 해킹
18332,서경자,66,경상남도 진주시 648-14,010-2930-6515,로봇 공학
18333,홍서진,52,인천광역시 부평구 205-27,010-3125-3255,독서
18334,송은우,39,서울특별시 금천구 861-10,010-4924-3927,모바일 게임 개발
18335,신유하,61,대전광역시 동구 883-20,010-5406-9091,디지털 사진 전시
18336,임세호,77,인천광역시 미추홀구 755-87,010-1958-4760,캔들 만들기
18337,조영희,36,울산광역시 남구 175-79,010-2113-8091,로봇 공학
18338,조광호,73,경기도 안산시 단원구 509-25,010-3636-5332,웹툰 그리기
18339,서예은,69,서울특별시 노원구 651-90,010-4951-1164,음악감상
18340,조영자,26,제주시 이도이동 509-69,010-6279-6456,영화감상
18341,이순영,46,서울특별시 관악구 794-25,010-7657-4762,수영
18342,박태현,35,경기도 광주시 318-36,010-8138-2318,영화감상
18343,최재훈,28,울산광역시 울주군 766-45,010-3287-3588,코딩
18344,황민수,23,부산광역시 사상구 737-92,010-1349-2638,도예
18345,신영희,47,강원도 홍천군 575-9,010-1109-9246,독서
18346,윤복자,77,경기도 안산시 단원구 49-48,010-4986-7216,디지털 일러스트
18347,강성민,36,경기도 수원시 팔달구 229-85,010-6656-4261,도예
18348,임지우,44,경상북도 구미시 839-57,010-4818-9981,캘리그라피
18349,송정호,32,부산광역시 사상구 614-71,010-8539-4782,책 클럽
18350,박하은,79,제주시 연동 554-72,010-5597-2325,스키
18351,오명숙,46,전라남도 순천시 632-17,010-1113-7195,등산
18352,박남수,75,경기도 안산시 상록구 45-61,010-6383-6118,집콕 놀이
18353,조옥희,63,대구광역시 동구 228-56,010-5730-6449,패션
18354,서선자,74,전라남도 여수시 181-72,010-5622-4733,마인드맵 만들기
18355,임민수,62,서울특별시 송파구 598-10,010-5921-7941,수채화 그리기
18356,정서아,75,경기도 용인시 수지구 505-12,010-9506-1973,자전거 타기
18357,오하윤,68,인천광역시 중구 939-56,010-5946-9199,운동
18358,조은숙,33,대구광역시 달서구 157-85,010-4268-4833,플라워 아트
18359,권현서,26,서울특별시 성동구 484-16,010-8808-3399,코딩
18360,한우진,58,김해시 장유동 236-22,010-9415-1996,시뮬레이션 게임
18361,박수아,51,부산광역시 북구 928-48,010-9625-2300,콜라주 아트
18362,신지호,32,강원도 삼척시 205-72,010-4410-2166,웹툰 그리기
18363,서남수,65,강원도 동해시 885-54,010-3717-8203,여행
18364,이명자,50,인천광역시 서구 156-41,010-7868-6887,도예
18365,임예준,77,강원도 양양군 704-46,010-8416-3597,마인드맵 만들기
18366,정동수,44,경기도 안양시 만안구 793-28,010-5228-3888,패션
18367,황영일,45,세종특별자치시 도담동 832-79,010-9717-9449,퍼즐 맞추기
18368,윤춘식,77,강원도 양양군 816-6,010-1336-7697,테니스
18369,황지후,20,대구광역시 달서구 487-87,010-1447-6696,캔들 만들기
18370,전정자,48,서울특별시 동대문구 671-35,010-2852-8513,등산
18371,오지우,58,제주시 이도이동 449-23,010-1896-8284,로봇 공학
18372,장혜숙,56,전라북도 전주시 481-75,010-3141-3118,스포츠 카드 수집
18373,한호철,79,서울특별시 중랑구 845-29,010-9244-1461,요가
18374,안경수,65,부산광역시 연제구 682-54,010-6109-3113,테니스
18375,윤춘희,56,김해시 장유동 959-38,010-4193-2117,플라워 아트
18376,서복희,22,부산광역시 영도구 146-25,010-8516-2929,콜라주 아트
18377,이성자,46,부산광역시 수영구 121-36,010-6763-7810,낚시
18378,조수아,52,제주시 신제주 313-55,010-1166-3351,디지털 일러스트
18379,홍예린,59,강원도 삼척시 593-49,010-1287-2661,디지털 콘텐츠 제작
18380,정현진,61,서울특별시 서초구 361-62,010-5841-9479,모바일 게임 개발
18381,한소율,62,서울특별시 용산구 136-41,010-1130-2319,자원봉사
18382,안민서,64,세종특별자치시 도담동 578-84,010-4187-7143,모바일 촬영
18383,권서아,74,세종특별자치시 한솔동 493-15,010-2598-9334,자전거 타기
18384,조준서,73,광주광역시 광산구 241-67,010-6216-5509,웹서핑
18385,이남수,40,서울특별시 광진구 546-83,010-9211-6710,명상
18386,조옥희,78,서울특별시 중랑구 276-58,010-1223-6693,플라워 아트
18387,오종순,74,서울특별시 양천구 980-4,010-2507-1386,모바일 촬영
18388,전정희,31,대전광역시 대덕구 723-80,010-7959-5231,모바일 촬영
18389,윤숙자,35,강원도 강릉시 330-72,010-2526-8903,패션
18390,한철수,73,서울특별시 관악구 844-98,010-1254-4475,집콕 놀이
18391,장하율,67,인천광역시 남동구 265-27,010-2543-4903,비즈 공예
18392,이하연,75,제주시 신제주 675-51,010-2949-6834,등산
18393,한예린,47,서울특별시 동대문구 965-4,010-5671-5522,퍼즐 맞추기
18394,서종수,77,전라북도 군산시 239-69,010-1121-5510,코딩
18395,정숙자,35,서울특별시 중구 554-81,010-6489-5426,자전거 타기
18396,장정우,58,경기도 파주시 890-7,010-3251-2123,헬로윈 파티 준비
18397,한미영,55,강원도 양양군 204-75,010-5949-2485,웹툰 그리기
18398,윤상호,79,김해시 장유동 839-70,010-7737-3783,필라테스
18399,이영일,66,전라남도 나주시는 278-74,010-3698-8331,운동
18400,서하율,63,대전광역시 유성구 187-97,010-7088-3040,카페 투어
18401,윤종순,47,부산광역시 금정구 964-8,010-1148-5935,헬로윈 파티 준비
18402,강성호,34,강원도 원주시 850-12,010-4473-5471,시뮬레이션 게임
18403,임춘자,34,경기도 수원시 장안구 945-85,010-6181-2040,스포츠 카드 수집
18404,최말순,64,경상남도 김해시 439-17,010-1698-4934,도예
18405,최지원,43,대전광역시 유성구 495-51,010-6748-7461,캔들 만들기
18406,전준호,64,경상북도 경주시 183-42,010-3158-5571,보드게임
18407,한복자,36,전라남도 나주시는 175-11,010-5917-3198,디지털 일러스트
18408,윤지후,72,서울특별시 강동구 176-51,010-8187-1667,펜팔
18409,윤남수,50,경기도 안양시 동안구 695-62,010-4066-1636,스포츠 카드 수집
18410,서하연,76,경상북도 김천시 652-53,010-1946-6034,스크래치 프로그램 만들기
18411,윤상민,66,경기도 시흥시 598-87,010-1026-3012,명상
18412,한혜숙,62,대구광역시 남구 548-23,010-5386-3550,스트리트 댄스
18413,조말옥,34,인천광역시 연수구 545-26,010-3911-6111,영화 제작
18414,이은숙,43,서울특별시 구로구 942-28,010-8209-8843,도예
18415,박세아,23,서울특별시 중랑구 599-1,010-6622-8481,사진촬영
18416,윤명훈,49,경기도 광명시 515-38,010-5779-6566,로봇 공학
18417,신주영,54,제주시 오라동 768-22,010-8110-3698,헬로윈 파티 준비
18418,한영일,73,경상남도 양산시 110-72,010-9273-8467,책 클럽
18419,최진호,36,경기도 광명시 175-90,010-2628-6896,독서
18420,조정순,46,서울특별시 도봉구 656-45,010-6687-3999,웹툰 그리기
18421,장연희,45,전라남도 목포시 635-13,010-4259-7447,캠핑
18422,장성민,53,서울특별시 강동구 911-66,010-7704-8943,디지털 사진 전시
18423,권말순,20,서울특별시 송파구 466-71,010-1353-2586,배우기
18424,한주영,28,서울특별시 종로구 646-56,010-2816-6195,콜라주 아트
18425,김혜숙,35,경기도 수원시 장안구 250-32,010-4713-8441,플라워 아트
18426,권하람,55,용인시 수지구 풍덕천동 935-91,010-6914-6742,플라워 아트
18427,홍영수,22,전라북도 전주시 480-63,010-4119-5068,명상
18428,한수아,79,광주광역시 북구 810-23,010-4407-9575,게임 방송
18429,조희정,74,경기도 시흥시 634-67,010-1908-4326,자원봉사
18430,장민준,53,울산광역시 울주군 783-97,010-1322-9186,사진촬영
18431,안병호,57,광주광역시 동구 923-51,010-3422-3553,배드민턴
18432,신명숙,58,부산광역시 연제구 187-9,010-2735-9188,캘리그라피
18433,황다온,51,대전광역시 중구 943-22,010-5856-3313,디지털 사진 전시
18434,한예은,55,서울특별시 양천구 124-14,010-3562-1207,게임 방송
18435,신유하,72,광주광역시 서구 473-76,010-5549-2930,책 클럽
18436,최춘희,79,서울특별시 은평구 722-71,010-3247-7904,로봇 공학
18437,이경자,73,경기도 용인시 처인구 932-22,010-6120-5488,콜라주 아트
18438,한세호,56,경상북도 김천시 35-93,010-1669-5659,캘리그라피
18439,서하진,31,부산광역시 영도구 418-83,010-5809-6356,자전거 타기
18440,황진호,65,충청남도 천안시 630-71,010-2787-3005,콜라주 아트
18441,강경수,77,강원도 양양군 589-87,010-2442-9874,펜팔
18442,한남수,58,대전광역시 서구 874-18,010-7764-1600,디지털 일러스트
18443,오서연,38,경기도 평택시 982-10,010-3684-1386,웹툰 그리기
18444,전정숙,20,부산광역시 남구 122-58,010-3979-5265,수영
18445,한하은,74,강원도 양양군 886-13,010-6330-5932,여행
18446,조동수,77,경기도 안양시 동안구 295-7,010-2518-1975,음악감상
18447,한순자,53,경기도 용인시 수지구 666-45,010-5080-2532,운동
18448,임영일,77,인천광역시 동구 754-98,010-1824-2759,사진촬영
18449,오서준,71,제주시 오라동 744-67,010-4293-3941,여행
18450,최주아,35,대전광역시 동구 621-90,010-8476-8295,봉사활동
18451,장영수,68,경상남도 사천시 724-65,010-4349-2471,DIY
18452,김세아,66,강원도 태백시 807-39,010-1411-7773,플라워 아트
18453,신영자,63,제주시 노형동 957-94,010-1280-1543,코딩
18454,오순영,43,세종특별자치시 도담동 235-77,010-8141-7333,보드게임
18455,강명숙,68,부산광역시 해운대구 311-45,010-5641-4134,사진촬영
18456,서정숙,37,강원도 양양군 118-65,010-5055-7222,자전거 타기
18457,황수빈,68,광주광역시 광산구 584-91,010-2785-4152,일기 쓰기
18458,신말옥,71,부산광역시 해운대구 364-85,010-1023-1125,골프
18459,권영수,29,경기도 군포시 613-58,010-3118-4089,집콕 놀이
18460,최민준,75,경기도 안양시 만안구 600-13,010-5368-5963,DIY
18461,전정희,63,강원도 삼척시 353-45,010-4309-5498,음악감상
18462,이혜숙,66,충청북도 충주시 337-57,010-5358-6161,디지털 콘텐츠 제작
18463,장희정,77,충청남도 아산시 695-1,010-8681-5324,스트리트 댄스
18464,한다빈,63,서울특별시 중구 68-48,010-1493-3684,디지털 일러스트
18465,강미영,78,제주시 신제주 585-32,010-2427-7918,음악감상
18466,전우진,33,강원도 양양군 690-30,010-9305-5896,자원봉사
18467,권도윤,65,부산광역시 동래구 586-89,010-2617-5529,비즈 공예
18468,서진호,72,인천광역시 연수구 997-22,010-4395-4092,디지털 아트
18469,서형민,67,부산광역시 서구 969-44,010-2216-5543,벽화 그리기
18470,전우진,33,경상북도 안동시 580-88,010-4298-3602,집콕 놀이
18471,김태수,62,경기도 오산시 126-22,010-7317-8745,헬로윈 파티 준비
18472,조지민,58,강원도 원주시 841-46,010-9667-4149,스포츠 카드 수집
18473,박나윤,24,부산광역시 사하구 720-34,010-5763-5333,자전거 타기
18474,이민준,74,경기도 성남시 분당구 109-64,010-3645-1402,디지털 아트
18475,황정숙,79,서울특별시 동작구 109-21,010-9707-4632,스포츠 카드 수집
18476,신동수,22,경상북도 포항시 528-91,010-3231-3224,수영
18477,권예은,48,세종특별자치시 아름동 229-60,010-5435-4759,사진편집
18478,김주영,67,경상남도 창원시 807-10,010-5011-2652,패션
18479,김재호,49,경기도 안산시 상록구 633-65,010-2429-7544,시뮬레이션 게임
18480,한정희,55,서울특별시 용산구 370-37,010-6031-5777,음악감상
18481,송서준,78,강원도 태백시 147-33,010-5607-1086,모바일 촬영
18482,김정희,70,충청남도 천안시 75-18,010-8960-4520,카페 투어
18483,홍춘자,23,전라남도 나주시는 795-23,010-2606-8960,배드민턴
18484,윤춘자,74,경상남도 진주시 402-3,010-4394-3417,시뮬레이션 게임
18485,권복자,71,경기도 안양시 만안구 421-8,010-9325-6175,드로잉
18486,정재호,77,경기도 안양시 만안구 18-4,010-8588-4534,카페 투어
18487,임은우,59,울산광역시 북구 446-83,010-1364-1237,퍼즐 맞추기
18488,안순희,40,부산광역시 동구 182-65,010-3330-7581,자전거 타기
18489,윤상민,48,서울특별시 도봉구 798-66,010-2598-2409,책 클럽
18490,홍우진,21,울산광역시 북구 918-28,010-3798-2028,퍼즐 맞추기
18491,송준호,21,대구광역시 수성구 528-21,010-6871-6993,수영
18492,전숙자,29,대구광역시 달서구 65-6,010-3783-3303,피크닉
18493,강동수,60,울산광역시 북구 344-3,010-5000-2647,시뮬레이션 게임
18494,신말자,65,부산광역시 북구 134-79,010-4190-5565,명상
18495,송정호,67,경기도 수원시 팔달구 948-61,010-1594-7851,DIY
18496,한혜숙,24,부산광역시 수영구 402-78,010-1968-2826,디지털 콘텐츠 제작
18497,송민준,23,전라북도 군산시 473-67,010-1701-6958,수영
18498,윤유진,31,제주시 오라동 676-86,010-3236-2123,요가
18499,송기영,36,경상북도 구미시 666-20,010-5176-2958,헬스
18500,이윤서,64,대구광역시 동구 650-66,010-5367-5394,헬스
18501,전영일,44,부산광역시 해운대구 447-94,010-7188-3826,플로리스트
18502,서은숙,59,서울특별시 광진구 882-92,010-2436-6415,모바일 게임 개발
18503,안태수,20,경기도 용인시 처인구 555-39,010-3378-9516,DIY
18504,임희정,31,충청남도 천안시 862-92,010-4572-6452,봉사활동
18505,서말옥,44,인천광역시 서구 630-44,010-2653-8405,디지털 콘텐츠 제작
18506,오지한,72,부천시 원미구 중동 12-37,010-9268-5359,비즈 공예
18507,최춘희,72,부산광역시 남구 362-27,010-7415-5909,스크래치 프로그램 만들기
18508,황채은,32,서울특별시 광진구 936-59,010-5827-5859,자전거 타기
18509,장영호,79,인천광역시 연수구 268-1,010-2642-8377,애니메이션 제작
18510,홍말옥,59,전라남도 목포시 377-10,010-5016-4937,등산
18511,권희정,23,강원도 동해시 467-21,010-6685-8804,배우기
18512,황유진,27,대구광역시 수성구 697-98,010-6473-3756,VR 게임
18513,윤민수,50,강원도 강릉시 74-54,010-2115-5439,디지털 콘텐츠 제작
18514,한호철,72,울산광역시 북구 454-0,010-5437-9662,사진편집
18515,정말자,21,경기도 광명시 384-53,010-6510-9754,디지털 일러스트
18516,정진호,67,서울특별시 도봉구 193-86,010-5212-6628,여행
18517,김동수,38,서울특별시 금천구 576-14,010-9962-7063,명상
18518,신서아,60,부산광역시 북구 590-3,010-3804-3922,스크래치 프로그램 만들기
18519,강건우,59,대구광역시 달성군 940-75,010-3205-4439,시뮬레이션 게임
18520,송다은,67,대구광역시 서구 54-8,010-8769-5847,책 클럽
18521,안혜숙,25,서울특별시 관악구 746-60,010-6383-7242,VR 게임
18522,한하람,48,경기도 고양시 덕양구 717-33,010-1480-7458,드로잉
18523,정재훈,25,경기도 의정부시 424-3,010-5937-4597,유튜브 보기
18524,정영수,34,광주광역시 북구 140-41,010-1611-3211,스트리트 댄스
18525,김정우,50,세종특별자치시 아름동 12-7,010-3429-5622,도예
18526,황세호,72,경상북도 구미시 732-77,010-2970-7741,필라테스
18527,윤춘희,26,제주시 연동 60-22,010-5234-6198,마인드맵 만들기
18528,박성민,63,경기도 용인시 수지구 88-29,010-4770-5125,수채화 그리기
18529,홍수빈,45,경상남도 진주시 819-72,010-8966-7529,여행
18530,윤윤호,68,경기도 안양시 동안구 330-43,010-2244-2807,자전거 타기
18531,권수아,74,경기도 용인시 기흥구 917-54,010-3123-1647,퍼즐 맞추기
18532,전정숙,61,서울특별시 용산구 198-10,010-8857-7539,모바일 게임 개발
18533,송정희,31,경상남도 진주시 426-19,010-2252-2576,스트리밍
18534,황주원,37,충청북도 청주시 936-51,010-8980-7371,카페 투어
18535,권서아,46,서울특별시 성북구 191-96,010-9184-5446,게임 방송
18536,조광호,66,전라북도 군산시 673-89,010-4476-2483,스포츠 카드 수집
18537,최수빈,79,부산광역시 연제구 486-84,010-9649-2834,콜라주 아트
18538,권옥희,47,경상남도 거제시 966-19,010-1899-9568,일기 쓰기
18539,오예린,54,경기도 평택시 357-29,010-8305-2689,모바일 게임 개발
18540,황현진,47,대전광역시 유성구 243-7,010-1465-4738,웹툰 그리기
18541,정하은,51,부산광역시 북구 124-35,010-1199-8767,테니스
18542,김정숙,53,서울특별시 성동구 825-63,010-1133-5759,사진편집
18543,신수빈,30,대전광역시 유성구 955-24,010-7047-1456,운동
18544,정말옥,43,강원도 원주시 199-90,010-8685-3049,DIY
18545,홍지후,57,경기도 용인시 기흥구 448-91,010-5331-6118,헬로윈 파티 준비
18546,최태현,67,경상남도 김해시 875-11,010-9274-2883,캠핑
18547,황채은,57,대구광역시 달서구 108-43,010-4045-7326,보드게임
18548,임복희,71,부산광역시 사상구 256-49,010-3521-7932,헬스
18549,박춘식,21,강원도 동해시 2-44,010-7127-5663,뜨개질
18550,오종순,23,전라북도 군산시 203-13,010-4286-3432,마인드맵 만들기
18551,오선자,33,서울특별시 도봉구 94-55,010-5634-5050,보드게임
18552,김로운,33,경기도 용인시 처인구 878-0,010-3125-9116,스키
18553,홍복희,25,서울특별시 서대문구 907-0,010-5054-2644,보드게임
18554,서다은,30,경상남도 통영시 4-50,010-4125-5832,뜨개질
18555,한호철,66,서울특별시 양천구 725-52,010-3213-1028,마인드맵 만들기
18556,장광호,72,서울특별시 서대문구 682-69,010-2589-5903,집콕 놀이
18557,신말옥,26,강원도 평창군 192-96,010-4109-3310,음악감상
18558,신영자,65,서울특별시 영등포구 618-52,010-2746-1130,비즈 공예
18559,한복자,39,경상남도 밀양시 430-12,010-9536-9661,독서
18560,강주영,79,서울특별시 강남구 750-82,010-5594-6773,운동
18561,장말순,62,경상남도 창녕군 259-17,010-9191-7079,시뮬레이션 게임
18562,황채원,61,경상남도 김해시 228-93,010-9641-7349,등산
18563,서지율,74,충청남도 논산시 972-76,010-6298-9806,퍼즐 맞추기
18564,장나윤,53,전라남도 광양시 278-65,010-3179-4853,명상
18565,김하율,62,전라남도 순천시 996-38,010-5760-2467,영화감상
18566,최현철,72,경상남도 창원시 654-1,010-1794-9070,배우기
18567,오경자,48,충청남도 공주시 940-1,010-7486-1774,배드민턴
18568,장유하,77,강원도 삼척시 578-73,010-8517-5560,요가
18569,최지후,63,세종특별자치시 아름동 877-40,010-4269-3787,사진편집
18570,안말자,41,서울특별시 서대문구 678-23,010-2456-3765,게임 방송
18571,한혜숙,36,전라남도 목포시 527-21,010-5281-5757,게임
18572,임하연,58,경기도 안양시 만안구 467-87,010-7920-2957,영화감상
18573,최민수,40,강원도 평창군 540-39,010-6882-4652,배드민턴
18574,정정숙,63,강원도 홍천군 501-11,010-1234-3765,애니메이션 제작
18575,조주아,30,인천광역시 부평구 715-29,010-7811-6413,영화 제작
18576,안현진,21,인천광역시 남동구 459-74,010-6131-1222,운동
18577,오채은,62,부산광역시 동구 416-24,010-3214-3132,유튜브 보기
18578,신춘자,49,울산광역시 울주군 975-64,010-4889-7748,명상
18579,홍춘식,71,경상남도 사천시 608-77,010-6373-5922,캠핑
18580,강복자,45,서울특별시 영등포구 994-60,010-6522-8690,생활 해킹
18581,이영호,42,대전광역시 대덕구 696-5,010-7284-6934,캠핑
18582,박하진,32,강원도 평창군 236-60,010-6034-2025,코딩
18583,박미영,20,경기도 파주시 425-3,010-4147-1704,애니메이션 제작
18584,안준서,55,경상남도 사천시 323-7,010-2917-1628,웹툰 그리기
18585,한경수,50,광주광역시 남구 584-32,010-5202-5423,도예
18586,정진숙,21,서울특별시 광진구 349-60,010-4981-2973,스크래치 프로그램 만들기
18587,안영희,44,용인시 수지구 풍덕천동 83-18,010-6074-7958,플로리스트
18588,황채원,34,서울특별시 관악구 475-49,010-8996-4427,스키
18589,홍우진,50,경상남도 창원시 738-81,010-6918-1033,게임
18590,한순자,37,용인시 수지구 풍덕천동 400-85,010-7374-6124,책 클럽
18591,신호철,37,광주광역시 동구 489-14,010-3621-9697,스트리밍
18592,신복희,49,경기도 용인시 처인구 537-84,010-7905-9946,자원봉사
18593,이숙자,49,경기도 수원시 장안구 449-93,010-4862-2407,유튜브 보기
18594,김경자,70,부산광역시 기장군 469-67,010-1787-9485,애니메이션 제작
18595,이서연,21,인천광역시 계양구 685-73,010-3412-9723,스키
18596,황주원,32,경기도 광명시 255-58,010-8653-5729,모바일 게임 개발
18597,서도윤,40,경기도 의정부시 872-41,010-5128-6977,스키
18598,윤승호,56,서울특별시 금천구 79-56,010-7246-4295,음악감상
18599,홍지후,53,전라남도 순천시 140-5,010-9061-3900,수영
18600,김윤서,71,부산광역시 금정구 609-41,010-1223-2917,영화감상
18601,조영희,79,경기도 평택시 823-25,010-3482-2017,스트리밍
18602,서동수,72,경기도 광주시 379-0,010-7444-4093,음악감상
18603,이경수,79,강원도 속초시 937-0,010-9350-6440,스트리밍
18604,한지한,45,대구광역시 달서구 956-64,010-5512-1517,생활 해킹
18605,홍말자,38,충청남도 공주시 688-57,010-5372-9790,패션
18606,황서연,75,경기도 용인시 기흥구 474-80,010-2623-7628,VR 게임
18607,한진호,37,인천광역시 남동구 785-39,010-8531-9442,코딩
18608,서다온,32,서울특별시 은평구 590-76,010-1436-5061,피크닉
18609,한진숙,33,경기도 안산시 단원구 552-54,010-4476-4841,디지털 사진 전시
18610,강현서,74,경상남도 사천시 915-5,010-1656-5468,패션
18611,한춘식,69,인천광역시 서구 154-36,010-6755-8336,디지털 아트
18612,정상민,58,대전광역시 중구 133-97,010-8422-3095,여행
18613,오주원,50,서울특별시 종로구 288-72,010-9033-7805,스트리트 댄스
18614,윤준호,73,경기도 광명시 393-54,010-2784-6148,생활 해킹
18615,이성호,37,대구광역시 서구 81-46,010-1033-3337,캘리그라피
18616,박숙자,40,광주광역시 광산구 778-55,010-1754-3143,피크닉
18617,정수아,78,충청북도 충주시 308-31,010-3939-1507,드로잉
18618,박선자,58,서울특별시 동대문구 244-79,010-6343-1578,스트리트 댄스
18619,전경자,74,서울특별시 중구 767-39,010-4001-8604,웹툰 그리기
18620,정상호,40,강원도 삼척시 28-48,010-6192-5895,웹툰 그리기
18621,김춘식,43,인천광역시 부평구 534-45,010-7801-3685,VR 게임
18622,권나윤,76,부천시 원미구 중동 814-47,010-9445-1674,수영
18623,신하연,53,전라남도 광양시 488-52,010-3937-6921,디지털 아트
18624,오예린,52,부천시 원미구 중동 721-39,010-7022-2268,뜨개질
18625,조종순,46,대전광역시 대덕구 480-15,010-8380-6970,배우기
18626,임예린,43,경기도 안양시 만안구 680-25,010-4465-8126,요리
18627,윤윤호,59,경상북도 구미시 338-20,010-3817-5996,미술관 관람
18628,전정자,28,부산광역시 남구 419-19,010-7445-4928,요리
18629,정도윤,77,대구광역시 동구 391-91,010-5068-5787,명상
18630,송현진,65,부천시 상동 774-19,010-1208-6694,웹툰 그리기
18631,조영호,38,경기도 광주시 745-10,010-8405-5152,헬로윈 파티 준비
18632,권정숙,41,강원도 동해시 519-49,010-5120-5768,모바일 촬영
18633,안다빈,38,경기도 군포시 963-65,010-9009-8860,미술관 관람
18634,권윤서,73,서울특별시 중구 824-32,010-6255-8105,플로리스트
18635,안명숙,74,부산광역시 사상구 473-56,010-3233-6842,낚시
18636,박현진,44,광주광역시 남구 379-11,010-5874-1408,스트리트 댄스
18637,홍주원,21,강원도 평창군 760-11,010-5411-3607,운동
18638,한진호,75,강원도 홍천군 543-79,010-5411-5812,사진촬영
18639,최태현,60,경상북도 포항시 432-7,010-4012-4775,DIY
18640,홍복자,29,부천시 상동 428-78,010-2455-6796,음악감상
18641,임정희,74,전라남도 목포시 454-6,010-9741-6028,보드게임
18642,정은숙,60,경기도 수원시 팔달구 785-12,010-3232-1121,스크래치 프로그램 만들기
18643,박만수,48,서울특별시 서초구 639-96,010-9402-9440,애니메이션 제작
18644,황채은,52,부천시 상동 924-49,010-7045-1937,스트리트 댄스
18645,박정희,30,경기도 안산시 단원구 625-95,010-7038-5476,게임 방송
18646,서소율,36,경상남도 진주시 901-88,010-6543-2042,뜨개질
18647,박시우,63,경기도 용인시 기흥구 633-58,010-6068-2435,배드민턴
18648,송다은,20,경상남도 창원시 363-32,010-1011-4101,봉사활동
18649,한진호,55,경상북도 안동시 232-84,010-8289-8943,유튜브 보기
18650,신현철,65,부천시 상동 909-61,010-5933-6287,캘리그라피
18651,정채원,57,경상남도 밀양시 681-58,010-1346-2029,일기 쓰기
18652,정명훈,26,울산광역시 중구 770-44,010-1849-3787,캘리그라피
18653,정경수,22,부산광역시 영도구 88-41,010-7767-8827,요가
18654,신정순,25,대전광역시 유성구 718-89,010-2520-3757,웹툰 그리기
18655,박말순,43,강원도 춘천시 305-3,010-9955-1414,웹툰 그리기
18656,송윤서,24,경기도 성남시 분당구 503-7,010-6729-4347,콜라주 아트
18657,안진숙,57,경기도 용인시 처인구 259-16,010-2130-9808,사진촬영
18658,신말자,27,경상남도 김해시 411-66,010-4276-4825,미술관 관람
18659,홍유진,51,서울특별시 강남구 435-94,010-9810-5004,디지털 사진 전시
18660,권민수,63,경기도 의정부시 782-91,010-1501-8041,배우기
18661,장지한,73,울산광역시 울주군 317-24,010-8196-4313,디지털 아트
18662,장상민,22,경기도 안산시 단원구 433-75,010-5519-7868,영화 제작
18663,황말순,30,경상북도 김천시 543-65,010-6108-7323,플라워 아트
18664,이춘식,37,서울특별시 금천구 589-12,010-4362-4315,스트리트 댄스
18665,서하윤,54,강원도 동해시 765-18,010-8712-4076,펜팔
18666,박서진,20,경상남도 밀양시 896-40,010-5633-1224,스트리트 댄스
18667,최순희,22,경기도 안산시 상록구 846-76,010-3217-3684,벽화 그리기
18668,정명훈,72,대전광역시 중구 932-9,010-6949-4063,보드게임
18669,안순희,53,경기도 평택시 778-86,010-6041-1101,스키
18670,오정자,29,부산광역시 남구 828-5,010-2375-5804,게임 방송
18671,한정숙,70,광주광역시 동구 344-26,010-1625-4805,사진촬영
18672,강현우,67,경기도 용인시 수지구 334-24,010-3132-2109,생활 해킹
18673,오시우,73,울산광역시 중구 744-27,010-4385-4758,낚시
18674,한로운,50,강원도 동해시 995-2,010-2928-7499,모바일 촬영
18675,서혜숙,31,광주광역시 북구 181-35,010-3160-8417,명상
18676,권나윤,66,광주광역시 동구 346-12,010-1992-5610,웹서핑
18677,전재훈,53,충청남도 공주시 784-95,010-6795-3883,퍼즐 맞추기
18678,오다은,51,부산광역시 수영구 514-42,010-6520-9738,스트리밍
18679,신예은,72,대전광역시 서구 277-61,010-5587-1792,드로잉
18680,박성자,43,인천광역시 서구 719-81,010-6152-4158,마인드맵 만들기
18681,전영자,32,서울특별시 영등포구 135-9,010-1028-2669,여행
18682,황정희,42,서울특별시 마포구 290-90,010-1517-3843,도예
18683,권선자,40,강원도 평창군 747-9,010-6940-1305,DIY
18684,황채은,45,강원도 동해시 863-24,010-5416-5648,디지털 사진 전시
18685,송정호,46,경기도 파주시 531-94,010-8958-2059,영화감상
18686,최다온,74,부산광역시 사하구 498-48,010-7432-5604,헬스
18687,장하람,30,대전광역시 중구 641-83,010-1635-2414,일기 쓰기
18688,오영수,22,울산광역시 남구 405-13,010-4506-7471,펜팔
18689,전민서,58,부산광역시 동구 123-53,010-4711-5081,보드게임
18690,박창수,64,강원도 삼척시 336-22,010-1244-6309,책 클럽
18691,송지우,53,경상북도 포항시 508-70,010-9023-5200,플라워 아트
18692,오춘희,24,서울특별시 도봉구 87-28,010-2845-1955,퍼즐 맞추기
18693,안말옥,33,성남시 분당구 정자동 237-45,010-4192-5011,캠핑
18694,안정순,45,인천광역시 연수구 670-96,010-9524-8745,캘리그라피
18695,최은채,22,전라남도 광양시 140-64,010-4485-9828,보드게임
18696,한하은,30,부산광역시 북구 24-6,010-3796-7669,낚시
18697,박수아,42,강원도 동해시 521-54,010-4745-2777,수영
18698,정정순,56,울산광역시 북구 801-75,010-8441-4283,마인드맵 만들기
18699,권미영,63,경기도 평택시 194-47,010-8839-7693,수영
18700,이철수,20,경상남도 양산시 735-51,010-5226-7675,카페 투어
18701,서기영,46,강원도 삼척시 785-49,010-9972-3473,디지털 사진 전시
18702,김하진,30,충청북도 진천군 979-33,010-3867-4580,로봇 공학
18703,신기영,33,경기도 용인시 처인구 437-42,010-1456-3387,사진촬영
18704,임준서,22,광주광역시 북구 394-16,010-5180-7431,보드게임
18705,정만수,34,서울특별시 관악구 670-81,010-4232-6056,영화감상
18706,홍창수,35,세종특별자치시 조치원읍 286-21,010-4946-4731,스키
18707,김성자,32,서울특별시 영등포구 324-23,010-9749-2994,사진편집
18708,권시윤,77,세종특별자치시 아름동 299-92,010-6174-8033,음악감상
18709,조기영,38,전라남도 순천시 69-64,010-3401-7929,스트리트 댄스
18710,강현철,46,서울특별시 강북구 910-75,010-7660-8525,디지털 콘텐츠 제작
18711,서다온,48,경기도 성남시 분당구 35-22,010-8183-2519,뜨개질
18712,임순자,22,대구광역시 서구 215-9,010-6641-6419,시뮬레이션 게임
18713,황시윤,77,세종특별자치시 도담동 22-39,010-7612-5203,테니스
18714,황현진,72,경기도 화성시 852-86,010-1056-4166,요리
18715,정서준,68,서울특별시 송파구 318-26,010-9183-5816,모바일 촬영
18716,정채은,61,서울특별시 서대문구 389-84,010-9420-2852,낚시
18717,조재영,66,경기도 화성시 421-6,010-3816-5949,캠핑
18718,김경자,45,강원도 삼척시 662-45,010-4210-1472,독서
18719,박명자,39,부산광역시 영도구 226-63,010-1730-7091,모바일 촬영
18720,정민서,24,충청남도 공주시 275-37,010-6994-3144,코딩
18721,서하은,49,부산광역시 사하구 830-6,010-5402-3604,수채화 그리기
18722,최복자,60,부산광역시 영도구 856-58,010-1209-4642,뜨개질
18723,임주원,35,서울특별시 동대문구 712-17,010-5799-9353,디지털 콘텐츠 제작
18724,김하율,36,서울특별시 은평구 195-88,010-1507-4928,디지털 아트
18725,이재훈,47,경기도 오산시 965-33,010-9033-5536,VR 게임
18726,송희정,28,광주광역시 남구 27-36,010-6071-2972,유튜브 보기
18727,강만수,41,강원도 동해시 170-49,010-3638-8315,캠핑
18728,정수아,45,광주광역시 광산구 353-62,010-5199-3925,스트리밍
18729,조병호,50,부산광역시 영도구 746-73,010-6635-4659,헬로윈 파티 준비
18730,장명훈,26,서울특별시 성북구 471-26,010-4665-4753,음악감상
18731,김민수,32,부산광역시 사하구 278-50,010-2434-6909,펜팔
18732,장세호,60,경상남도 통영시 635-37,010-4735-5802,모바일 촬영
18733,박서연,76,전라남도 광양시 53-31,010-1910-9658,디지털 일러스트
18734,오연희,69,경기도 성남시 수정구 766-29,010-9671-8445,스트리밍
18735,송지후,29,경기도 군포시 652-46,010-3921-3537,헬스
18736,오영일,46,울산광역시 남구 418-15,010-4702-9874,유튜브 보기
18737,정희정,37,경기도 의정부시 306-63,010-1554-3456,배드민턴
18738,조다빈,48,경기도 용인시 수지구 518-54,010-7068-1888,보드게임
18739,강하람,63,충청남도 논산시 434-27,010-2066-1678,스키
18740,전나윤,47,광주광역시 서구 809-7,010-9815-1029,애니메이션 제작
18741,송경자,71,인천광역시 계양구 202-66,010-6014-8024,집콕 놀이
18742,윤형민,75,강원도 동해시 694-37,010-2945-8947,집콕 놀이
18743,박지민,45,부산광역시 기장군 153-58,010-8703-7729,헬스
18744,조명훈,32,경상남도 김해시 941-76,010-1103-5202,헬스
18745,박선자,58,강원도 속초시 920-33,010-5481-1722,사진촬영
18746,송경자,76,대구광역시 북구 393-2,010-9325-5049,봉사활동
18747,송명자,76,경기도 성남시 분당구 963-40,010-1653-7027,스트리밍
18748,안춘자,40,강원도 동해시 955-30,010-4933-3377,유튜브 보기
18749,홍영희,36,경기도 광명시 339-42,010-1379-4801,디지털 일러스트
18750,서춘희,39,경기도 시흥시 846-84,010-5929-1409,플라워 아트
18751,박준호,41,경상북도 김천시 12-57,010-3784-6309,비즈 공예
18752,임기석,65,경기도 의정부시 688-22,010-2992-3623,헬로윈 파티 준비
18753,조채은,26,대전광역시 대덕구 968-74,010-5237-7243,스크래치 프로그램 만들기
18754,홍성호,28,경기도 파주시 297-75,010-8667-5370,필라테스
18755,최옥희,50,경기도 수원시 팔달구 428-2,010-2051-7240,뜨개질
18756,송춘식,22,경상남도 진주시 297-43,010-3369-1047,헬로윈 파티 준비
18757,전지민,56,인천광역시 미추홀구 940-39,010-3829-1281,집콕 놀이
18758,안재훈,76,강원도 평창군 568-33,010-6976-5758,모바일 게임 개발
18759,김은채,20,강원도 강릉시 93-7,010-1464-7593,모바일 촬영
18760,안광호,44,경상남도 진주시 230-78,010-4042-5165,필라테스
18761,신선자,22,제주시 연동 983-93,010-2197-8073,음악감상
18762,전우진,47,서울특별시 강서구 162-13,010-7407-1051,영화감상
18763,윤유하,70,대구광역시 남구 486-63,010-1051-8452,보드게임
18764,전명숙,61,세종특별자치시 조치원읍 800-76,010-1590-6070,보드게임
18765,권수아,67,서울특별시 동작구 475-39,010-9462-4098,테니스
18766,박나윤,32,김해시 장유동 887-40,010-5074-7423,드로잉
18767,한다빈,43,강원도 속초시 752-74,010-2157-8431,디지털 사진 전시
18768,김지호,52,강원도 홍천군 544-41,010-6962-8997,DIY
18769,김우진,22,서울특별시 중구 948-81,010-6839-3222,웹서핑
18770,윤창수,61,인천광역시 중구 679-19,010-3199-4916,마인드맵 만들기
18771,신지호,29,전라남도 순천시 707-14,010-3879-5050,스키
18772,황건우,51,경상북도 포항시 230-78,010-4915-2720,스키
18773,임경자,23,서울특별시 관악구 336-37,010-1163-3846,모바일 촬영
18774,서하연,28,울산광역시 중구 792-57,010-4327-3875,헬로윈 파티 준비
18775,한서진,36,제주시 신제주 901-29,010-5556-2693,캠핑
18776,오지율,21,강원도 홍천군 715-9,010-3089-6580,스키
18777,권은숙,63,경기도 용인시 처인구 86-70,010-5756-6985,웹툰 그리기
18778,박다온,66,대전광역시 동구 829-28,010-5990-6228,집콕 놀이
18779,한하연,57,경기도 파주시 886-76,010-1099-3945,도예
18780,한다빈,52,서울특별시 성북구 494-76,010-2804-8029,영화 제작
18781,김미영,31,서울특별시 은평구 493-45,010-3521-1190,디지털 아트
18782,홍현철,32,대구광역시 수성구 10-57,010-8628-1718,뜨개질
18783,한말자,77,부산광역시 수영구 574-24,010-5596-5858,플라워 아트
18784,이서준,54,대구광역시 달성군 543-66,010-4532-4074,캠핑
18785,박채은,62,서울특별시 금천구 346-81,010-2927-4284,펜팔
18786,장복자,36,경기도 용인시 수지구 907-7,010-3698-2603,플로리스트
18787,한말자,41,부산광역시 동구 62-87,010-9939-4485,보드게임
18788,황민수,30,부산광역시 동래구 905-73,010-9622-8999,미술관 관람
18789,안진숙,52,성남시 분당구 정자동 827-84,010-4990-5911,명상
18790,윤유진,57,경상남도 거제시 886-11,010-6327-3103,명상
18791,신순자,78,서울특별시 송파구 392-73,010-3346-3629,스트리트 댄스
18792,한민준,22,강원도 삼척시 238-5,010-1725-6380,자전거 타기
18793,권태현,62,인천광역시 미추홀구 997-54,010-7161-1724,골프
18794,전명숙,69,경기도 오산시 654-90,010-7892-9697,스키
18795,이상민,20,광주광역시 북구 229-61,010-9610-6451,수영
18796,황현서,50,대구광역시 동구 129-92,010-8447-8237,헬스
18797,신명숙,40,부산광역시 중구 770-49,010-5531-4967,콜라주 아트
18798,김채은,77,전라북도 군산시 364-0,010-2638-4097,등산
18799,황주영,43,광주광역시 서구 329-12,010-4396-5942,보드게임
18800,송현우,39,강원도 양양군 33-77,010-7688-3882,골프
18801,오현서,30,서울특별시 강동구 521-70,010-3792-2668,필라테스
18802,임숙자,78,울산광역시 남구 283-67,010-3899-4396,등산
18803,박영희,78,경기도 고양시 덕양구 159-45,010-4899-5776,패션
18804,안시우,33,부산광역시 중구 37-45,010-2555-2825,낚시
18805,전형민,50,인천광역시 부평구 47-84,010-7441-8276,모바일 촬영
18806,황하람,67,서울특별시 광진구 458-51,010-6728-9134,헬로윈 파티 준비
18807,신다은,32,서울특별시 은평구 977-43,010-4638-5611,사진촬영
18808,한하람,42,경기도 용인시 기흥구 482-88,010-2543-8538,드로잉
18809,홍병호,32,부산광역시 영도구 198-53,010-7539-4874,퍼즐 맞추기
18810,서채은,38,경상북도 구미시 6-87,010-2833-5006,디지털 아트
18811,최혜숙,59,울산광역시 동구 908-61,010-6380-3123,봉사활동
18812,홍소율,24,용인시 수지구 풍덕천동 466-48,010-5264-7218,유튜브 보기
18813,윤민수,75,전라북도 전주시 316-31,010-1713-7662,웹툰 그리기
18814,이민준,52,서울특별시 종로구 636-36,010-6082-5495,사진촬영
18815,윤태현,58,부산광역시 기장군 119-71,010-5991-2692,자원봉사
18816,이세호,37,인천광역시 미추홀구 262-32,010-3271-8883,사진촬영
18817,이수빈,79,경상남도 통영시 400-72,010-6400-9368,음악감상
18818,조성민,75,제주시 신제주 64-23,010-1037-7165,애니메이션 제작
18819,홍철수,54,경기도 의정부시 643-36,010-3190-5254,디지털 콘텐츠 제작
18820,강영일,65,제주시 연동 462-67,010-8467-1770,디지털 아트
18821,송복자,48,강원도 태백시 513-61,010-3058-3824,자전거 타기
18822,홍성호,55,서울특별시 노원구 96-78,010-2411-3958,영화감상
18823,김정숙,28,대구광역시 달서구 377-31,010-6692-4087,플로리스트
18824,임철수,79,광주광역시 동구 279-54,010-3041-2082,콜라주 아트
18825,송말옥,50,대구광역시 남구 182-20,010-7238-6436,요리
18826,김하람,52,대전광역시 서구 656-51,010-5696-4850,독서
18827,윤다은,39,충청남도 논산시 545-19,010-2206-7649,독서
18828,전진호,59,부산광역시 북구 439-10,010-9504-8825,피크닉
18829,한성민,49,경기도 용인시 기흥구 883-11,010-6623-6946,게임
18830,이미영,69,광주광역시 서구 343-21,010-1121-2076,미술관 관람
18831,한영일,72,대전광역시 대덕구 396-90,010-9053-4637,테니스
18832,전태윤,24,부산광역시 기장군 470-60,010-8537-9984,피크닉
18833,이시윤,71,경상남도 창녕군 571-84,010-3331-4224,독서
18834,오준서,58,충청북도 청주시 167-83,010-1776-5090,코딩
18835,전순희,53,경상북도 안동시 833-80,010-3943-7296,캔들 만들기
18836,한영수,38,부산광역시 기장군 433-47,010-9127-5128,음악감상
18837,최선자,72,경상남도 거제시 934-90,010-6038-7466,헬로윈 파티 준비
18838,최말자,62,경기도 안양시 만안구 71-21,010-2106-4875,수채화 그리기
18839,홍재영,74,충청남도 아산시 704-58,010-6404-7843,DIY
18840,홍윤호,26,경기도 안양시 동안구 506-56,010-6178-6042,퍼즐 맞추기
18841,조형민,57,부산광역시 부산진구 559-3,010-1151-4923,유튜브 보기
18842,안성민,52,부산광역시 북구 889-37,010-1992-8936,생활 해킹
18843,안기영,37,부산광역시 연제구 682-14,010-3526-6424,펜팔
18844,전영일,77,세종특별자치시 조치원읍 52-78,010-2249-5415,캠핑
18845,서준서,76,충청북도 충주시 464-83,010-7259-1031,책 클럽
18846,오철수,62,경기도 용인시 처인구 736-81,010-4572-2093,플로리스트
18847,신민준,41,서울특별시 강동구 70-56,010-4817-5459,헬로윈 파티 준비
18848,조진호,37,경상남도 사천시 795-38,010-2560-7184,수채화 그리기
18849,서나윤,58,광주광역시 광산구 189-11,010-2567-9487,음악감상
18850,권재영,67,전라남도 목포시 665-28,010-3237-2985,애니메이션 제작
18851,전명훈,45,경기도 용인시 수지구 428-4,010-2476-3261,드로잉
18852,이현서,45,부산광역시 남구 728-24,010-3951-7479,디지털 일러스트
18853,오다온,22,울산광역시 울주군 910-39,010-5875-7388,스트리트 댄스
18854,안하윤,37,경기도 용인시 처인구 238-27,010-5326-5371,스트리밍
18855,한지우,42,대전광역시 서구 979-9,010-9240-1328,운동
18856,임희정,32,경상남도 김해시 584-97,010-9012-5695,자전거 타기
18857,이하윤,58,경기도 용인시 수지구 152-73,010-9588-3153,DIY
18858,서경자,50,서울특별시 노원구 797-18,010-2282-1847,애니메이션 제작
18859,장주영,38,대구광역시 북구 95-2,010-1272-5799,스포츠 카드 수집
18860,오지원,33,경상북도 구미시 78-70,010-2275-2256,VR 게임
18861,강세아,52,전라남도 순천시 987-48,010-6609-2451,플라워 아트
18862,이호철,20,서울특별시 도봉구 697-8,010-5324-9224,등산
18863,이건우,63,서울특별시 성북구 995-88,010-5872-4245,시뮬레이션 게임
18864,한재영,42,성남시 분당구 정자동 367-89,010-5556-3047,생활 해킹
18865,황민준,54,광주광역시 서구 71-2,010-7594-3212,애니메이션 제작
18866,신영자,30,충청남도 아산시 892-91,010-2861-5398,캠핑
18867,박예준,59,경상남도 김해시 600-75,010-5002-5824,캘리그라피
18868,안도윤,53,인천광역시 부평구 544-41,010-5797-5549,헬로윈 파티 준비
18869,장지호,25,전라남도 순천시 227-5,010-4444-6536,집콕 놀이
18870,장진호,34,충청북도 청주시 933-48,010-4623-5739,마인드맵 만들기
18871,안주원,45,경기도 안양시 만안구 824-73,010-9798-5982,뜨개질
18872,송말자,69,울산광역시 남구 182-16,010-6793-9742,웹툰 그리기
18873,송지율,22,부산광역시 중구 498-66,010-1593-7718,웹툰 그리기
18874,한기영,32,경상북도 김천시 777-67,010-1721-1906,플라워 아트
18875,이명숙,39,인천광역시 중구 680-51,010-4977-5256,마인드맵 만들기
18876,장종수,53,경상남도 밀양시 360-11,010-7848-3155,로봇 공학
18877,정주원,46,세종특별자치시 도담동 420-58,010-6295-1545,디지털 콘텐츠 제작
18878,오윤서,48,서울특별시 송파구 444-35,010-2346-8888,요리
18879,김희정,50,서울특별시 중구 282-79,010-6177-4965,디지털 아트
18880,김하율,74,경상북도 김천시 814-63,010-5215-1259,집콕 놀이
18881,윤예준,48,서울특별시 중랑구 200-87,010-6254-2520,미술관 관람
18882,최호철,50,부산광역시 금정구 538-57,010-2506-2935,책 클럽
18883,최선자,71,인천광역시 남동구 498-45,010-7342-2297,등산
18884,신숙자,73,충청남도 공주시 196-50,010-5130-8542,웹툰 그리기
18885,박형민,68,서울특별시 강남구 359-53,010-1879-2245,모바일 촬영
18886,홍현철,52,인천광역시 동구 279-32,010-8830-8647,도예
18887,오창수,59,부천시 원미구 중동 959-82,010-4676-9103,등산
18888,황서진,24,경상남도 거제시 109-68,010-9289-3859,마인드맵 만들기
18889,최정숙,30,서울특별시 양천구 550-20,010-9355-8170,수영
18890,최춘식,62,세종특별자치시 도담동 636-51,010-4236-6431,도예
18891,전춘자,46,전라남도 여수시 964-79,010-3487-2196,음악감상
18892,정종수,39,경상북도 포항시 914-19,010-6583-6020,게임
18893,황서진,55,부산광역시 강서구 672-51,010-5121-5402,캠핑
18894,윤경수,74,경상북도 경주시 623-42,010-9479-1660,펜팔
18895,이정우,43,울산광역시 중구 191-30,010-9391-1421,독서
18896,한나윤,33,충청남도 공주시 559-24,010-5794-1495,보드게임
18897,서서아,64,서울특별시 영등포구 421-21,010-7395-3302,피크닉
18898,홍순자,63,서울특별시 강북구 549-44,010-6772-6360,퍼즐 맞추기
18899,조재훈,67,광주광역시 남구 351-83,010-3173-1194,자원봉사
18900,서정순,30,강원도 동해시 23-87,010-1815-5768,웹서핑
18901,송종순,29,서울특별시 도봉구 972-53,010-8050-5109,피크닉
18902,박은우,58,부산광역시 동래구 475-5,010-1709-2925,독서
18903,홍수빈,79,충청북도 진천군 511-42,010-2557-6475,배우기
18904,조서진,64,충청남도 아산시 224-25,010-2420-2804,퍼즐 맞추기
18905,박정자,23,부산광역시 금정구 970-10,010-5383-9265,캠핑
18906,최광호,53,부산광역시 동구 288-8,010-2165-3211,퍼즐 맞추기
18907,조지율,23,광주광역시 서구 402-90,010-8510-4339,코딩
18908,정정숙,51,부산광역시 남구 624-97,010-2620-4648,봉사활동
18909,이다빈,41,김해시 장유동 891-88,010-2253-5262,마인드맵 만들기
18910,홍명숙,72,서울특별시 관악구 618-26,010-9460-8279,헬로윈 파티 준비
18911,홍순영,36,경기도 수원시 장안구 233-88,010-8735-9484,스포츠 카드 수집
18912,한주아,21,인천광역시 동구 920-44,010-8445-7674,스크래치 프로그램 만들기
18913,김지율,23,경기도 안산시 상록구 343-12,010-1572-9469,영화 제작
18914,임종순,29,서울특별시 양천구 831-86,010-8404-5222,헬로윈 파티 준비
18915,한시헌,20,경기도 고양시 일산동구 958-13,010-7740-7931,퍼즐 맞추기
18916,송정자,34,경상남도 양산시 878-65,010-3445-3975,로봇 공학
18917,김시헌,48,서울특별시 양천구 223-14,010-2576-4537,자원봉사
18918,전나윤,56,전라남도 목포시 308-57,010-3724-4578,스트리트 댄스
18919,오선자,36,경상북도 안동시 702-74,010-5016-1396,VR 게임
18920,최도윤,63,경상남도 창원시 531-53,010-4517-7198,디지털 일러스트
18921,임건우,27,경상남도 거제시 242-88,010-2595-3673,자원봉사
18922,홍태윤,59,대구광역시 중구 853-42,010-5956-6451,집콕 놀이
18923,윤기영,50,울산광역시 동구 868-13,010-9564-1752,낚시
18924,권영자,57,충청남도 천안시 545-16,010-1565-6668,웹툰 그리기
18925,황정숙,36,제주시 오라동 162-87,010-8695-6919,모바일 게임 개발
18926,송종순,34,광주광역시 서구 443-96,010-4857-9832,드로잉
18927,박영일,29,부천시 원미구 중동 471-87,010-8863-1285,뜨개질
18928,이하은,69,경기도 시흥시 809-82,010-2386-9201,일기 쓰기
18929,안동수,35,서울특별시 강남구 40-63,010-8536-1055,게임 방송
18930,임진호,35,전라남도 순천시 948-32,010-2779-8423,골프
18931,강주영,62,광주광역시 동구 3-53,010-1264-4013,영화감상
18932,오진숙,62,제주시 노형동 44-58,010-4972-2137,도예
18933,홍진숙,68,세종특별자치시 한솔동 250-29,010-6775-6314,모바일 촬영
18934,이재호,24,경기도 화성시 447-41,010-8765-9890,도예
18935,임세아,56,충청북도 충주시 161-57,010-3673-5539,필라테스
18936,윤동수,22,경상북도 안동시 278-6,010-9252-8542,미술관 관람
18937,조태윤,77,경상남도 양산시 956-23,010-4187-4924,스크래치 프로그램 만들기
18938,조만수,28,용인시 수지구 풍덕천동 763-15,010-2819-7787,자전거 타기
18939,신주영,66,대구광역시 달성군 571-40,010-4149-9474,집콕 놀이
18940,최성호,76,부산광역시 동래구 402-1,010-9973-8325,콜라주 아트
18941,이서연,77,경기도 광명시 409-71,010-2237-9205,책 클럽
18942,이유하,39,대전광역시 동구 46-64,010-1633-4227,드로잉
18943,최말자,39,경기도 고양시 덕양구 823-80,010-9644-3679,패션
18944,김주영,69,강원도 평창군 635-78,010-3153-7911,퍼즐 맞추기
18945,임하윤,53,경상남도 밀양시 552-15,010-7009-8916,뜨개질
18946,한시우,32,강원도 양양군 421-20,010-5378-6767,보드게임
18947,박나윤,23,인천광역시 계양구 539-53,010-2029-3042,디지털 일러스트
18948,권현서,22,용인시 수지구 풍덕천동 115-94,010-5038-9394,콜라주 아트
18949,윤유하,60,강원도 원주시 88-3,010-5837-5073,봉사활동
18950,홍서진,77,광주광역시 서구 943-45,010-2312-8747,영화 제작
18951,강정순,40,경상남도 김해시 614-55,010-8533-3816,디지털 일러스트
18952,신승호,46,성남시 분당구 정자동 258-6,010-5202-8552,뜨개질
18953,송영일,79,대구광역시 달성군 720-30,010-2884-7196,유튜브 보기
18954,강현우,22,서울특별시 광진구 654-22,010-6267-9698,사진편집
18955,정창수,27,대구광역시 달성군 742-62,010-3462-8619,자전거 타기
18956,서현서,72,부산광역시 동래구 91-25,010-7364-4120,DIY
18957,임성호,57,인천광역시 부평구 698-92,010-1931-4161,운동
18958,박준서,34,세종특별자치시 한솔동 205-24,010-7468-2909,플라워 아트
18959,안연희,64,서울특별시 성동구 154-79,010-6107-9813,등산
18960,장윤호,59,서울특별시 금천구 402-40,010-8468-9019,마인드맵 만들기
18961,장하연,33,경기도 오산시 180-72,010-8031-7150,패션
18962,오남수,54,강원도 양양군 829-77,010-6507-5675,유튜브 보기
18963,서다빈,23,경기도 고양시 덕양구 501-32,010-7954-5434,스포츠 카드 수집
18964,오태윤,23,인천광역시 미추홀구 710-36,010-3604-2536,배드민턴
18965,임예준,34,전라남도 여수시 159-1,010-7141-2015,헬로윈 파티 준비
18966,송호철,54,부산광역시 사하구 130-94,010-5462-2578,음악감상
18967,최시우,45,서울특별시 동작구 994-62,010-5465-3476,사진편집
18968,강순자,75,부산광역시 금정구 109-37,010-4408-8019,낚시
18969,김정숙,42,경상남도 거제시 257-16,010-1419-4177,게임
18970,전미영,21,대구광역시 수성구 873-85,010-8301-6747,집콕 놀이
18971,신정우,51,광주광역시 남구 339-11,010-9717-4468,명상
18972,이만수,74,부산광역시 중구 177-91,010-6859-7290,여행
18973,안성호,78,강원도 태백시 532-81,010-4343-2365,스크래치 프로그램 만들기
18974,황미영,61,강원도 삼척시 434-45,010-5627-5644,골프
18975,정시우,57,경기도 고양시 일산동구 782-96,010-9616-7679,콜라주 아트
18976,권준서,66,서울특별시 강동구 9-26,010-7403-4897,미술관 관람
18977,전철수,57,강원도 춘천시 589-51,010-4574-8334,미술관 관람
18978,윤하은,35,전라북도 익산시 707-98,010-7462-4593,일기 쓰기
18979,김지민,53,서울특별시 서대문구 596-12,010-3442-1822,VR 게임
18980,김유진,64,경기도 안양시 동안구 968-74,010-7439-3712,스트리밍
18981,한복희,47,경기도 파주시 970-74,010-2366-9005,디지털 콘텐츠 제작
18982,김호철,51,강원도 동해시 124-28,010-6329-4299,필라테스
18983,안성호,20,서울특별시 성동구 930-40,010-2987-5434,DIY
18984,홍희정,76,대구광역시 남구 217-32,010-3311-7442,영화 제작
18985,황경수,63,서울특별시 서초구 702-15,010-3478-5396,명상
18986,박다은,75,경기도 안양시 동안구 372-49,010-3345-2837,코딩
18987,송하은,41,서울특별시 서초구 947-85,010-5246-6798,모바일 게임 개발
18988,서예은,39,부산광역시 중구 796-25,010-2740-6592,비즈 공예
18989,전말순,40,경기도 평택시 752-75,010-7261-4257,플라워 아트
18990,황복희,28,경상남도 양산시 678-61,010-7286-7619,등산
18991,권순영,21,대구광역시 달성군 378-73,010-7193-4750,일기 쓰기
18992,황춘식,58,제주시 이도이동 349-35,010-1336-5254,마인드맵 만들기
18993,윤미영,73,경기도 광명시 111-11,010-6346-2085,벽화 그리기
18994,박예은,42,서울특별시 성북구 852-39,010-3396-3845,웹툰 그리기
18995,정기석,63,인천광역시 부평구 413-62,010-5027-9919,헬스
18996,안윤호,28,서울특별시 은평구 250-12,010-8360-4446,VR 게임
18997,안준호,43,전라북도 군산시 224-7,010-5267-6276,디지털 사진 전시
18998,한재영,45,울산광역시 중구 325-88,010-5906-8028,수채화 그리기
18999,박선자,70,광주광역시 서구 457-49,010-5206-8360,드로잉
19000,권영호,76,광주광역시 광산구 810-57,010-9472-9514,등산
19001,이기영,75,인천광역시 미추홀구 504-23,010-3945-6854,헬스
19002,정예은,28,부천시 원미구 중동 612-50,010-4577-2843,책 클럽
19003,이하진,71,울산광역시 북구 79-6,010-5751-6978,테니스
19004,이명자,36,경상남도 창원시 556-52,010-1543-2943,뜨개질
19005,송윤서,36,부산광역시 부산진구 41-63,010-1339-1007,게임
19006,최명숙,73,부천시 상동 618-52,010-7400-3769,드로잉
19007,권성호,47,서울특별시 동대문구 662-26,010-4618-5771,게임 방송
19008,황형민,53,제주시 이도이동 213-98,010-5956-4312,디지털 일러스트
19009,송숙자,46,서울특별시 성동구 239-96,010-9953-8083,스트리트 댄스
19010,장기영,45,경기도 안양시 동안구 416-98,010-3574-6669,헬스
19011,임병호,53,제주시 연동 711-31,010-3386-4775,플로리스트
19012,권진호,64,강원도 동해시 831-51,010-9952-2975,사진편집
19013,강재훈,40,경기도 안양시 만안구 508-51,010-5931-1917,명상
19014,최승호,30,강원도 강릉시 117-17,010-8089-3097,디지털 사진 전시
19015,서채원,52,충청북도 청주시 310-92,010-3465-1250,디지털 아트
19016,김명자,25,서울특별시 강동구 665-3,010-2508-3602,드로잉
19017,이지한,32,경기도 안산시 단원구 128-37,010-1081-8049,헬로윈 파티 준비
19018,조민준,58,대전광역시 대덕구 462-22,010-9486-7939,헬로윈 파티 준비
19019,권연희,59,강원도 양양군 672-35,010-4852-5832,뜨개질
19020,박기영,46,부산광역시 기장군 33-98,010-7462-5436,영화 제작
19021,임순자,60,서울특별시 강남구 18-17,010-3949-5607,자원봉사
19022,전태수,53,인천광역시 부평구 763-33,010-6792-9945,모바일 촬영
19023,권명훈,36,경기도 파주시 308-79,010-1217-9695,벽화 그리기
19024,신진호,70,광주광역시 남구 385-62,010-5983-5658,등산
19025,이진숙,58,광주광역시 북구 531-68,010-4160-6778,생활 해킹
19026,김진숙,69,경기도 광주시 807-11,010-7077-8069,펜팔
19027,한나윤,50,경기도 안산시 단원구 531-85,010-5748-2479,플로리스트
19028,임예은,62,서울특별시 관악구 413-84,010-3967-1409,자전거 타기
19029,한은채,51,경기도 용인시 수지구 997-60,010-4873-5737,디지털 콘텐츠 제작
19030,장정숙,57,세종특별자치시 도담동 962-29,010-5775-1000,등산
19031,이경수,26,전라남도 광양시 423-52,010-6959-5351,집콕 놀이
19032,이명숙,72,경기도 고양시 덕양구 400-65,010-4421-9989,디지털 아트
19033,정세아,33,서울특별시 강남구 550-95,010-4076-8909,펜팔
19034,이숙자,33,서울특별시 금천구 298-70,010-6504-1466,운동
19035,조재훈,77,충청남도 아산시 390-27,010-2426-9434,자원봉사
19036,안순영,54,부천시 상동 873-69,010-6600-4284,애니메이션 제작
19037,안만수,52,강원도 원주시 544-34,010-6521-6899,웹서핑
19038,최말순,40,대구광역시 달서구 958-46,010-4721-8866,디지털 사진 전시
19039,조기영,52,부산광역시 기장군 240-4,010-7107-2939,수영
19040,정상호,33,서울특별시 동대문구 148-74,010-4267-6283,웹툰 그리기
19041,정하진,58,경기도 용인시 처인구 512-47,010-3051-2107,벽화 그리기
19042,전하진,79,충청북도 충주시 996-30,010-2523-9530,스트리트 댄스
19043,박민준,48,울산광역시 중구 688-49,010-4910-1950,패션
19044,안하진,35,전라남도 여수시 415-78,010-1424-1296,애니메이션 제작
19045,강준호,57,울산광역시 중구 163-33,010-5131-3129,요리
19046,오현진,49,경기도 시흥시 911-12,010-1566-2566,집콕 놀이
19047,홍준호,46,서울특별시 중랑구 435-24,010-2311-4424,배우기
19048,한윤호,41,전라북도 익산시 182-44,010-3386-2753,영화감상
19049,이기영,44,경기도 고양시 덕양구 963-12,010-4150-3051,시뮬레이션 게임
19050,송하진,66,경상북도 포항시 705-70,010-3569-4717,카페 투어
19051,홍영호,42,부산광역시 사상구 326-60,010-8927-8041,모바일 촬영
19052,윤윤서,41,서울특별시 은평구 295-42,010-3144-6068,일기 쓰기
19053,박예은,41,강원도 태백시 616-70,010-5859-5043,생활 해킹
19054,안지율,61,광주광역시 동구 280-45,010-8738-9128,자원봉사
19055,박은채,56,서울특별시 성동구 335-57,010-2068-8480,운동
19056,최은우,24,인천광역시 남동구 574-77,010-3256-5968,영화감상
19057,윤지한,46,서울특별시 중구 564-50,010-2368-8734,코딩
19058,최선자,44,대전광역시 중구 606-18,010-1000-1658,명상
19059,한승호,43,경기도 고양시 덕양구 475-39,010-8717-1967,수영
19060,황종수,43,인천광역시 계양구 676-64,010-3930-2874,자원봉사
19061,임광호,59,강원도 속초시 58-44,010-3207-6702,디지털 일러스트
19062,황상민,26,대구광역시 서구 494-6,010-4950-2279,사진편집
19063,황성자,50,서울특별시 중랑구 386-56,010-6117-5375,스트리밍
19064,안지후,27,전라남도 목포시 420-19,010-2157-3387,피크닉
19065,홍기석,67,인천광역시 연수구 275-12,010-9108-4948,플라워 아트
19066,정윤호,71,광주광역시 광산구 776-45,010-4522-4881,요리
19067,장태현,43,서울특별시 구로구 98-75,010-6791-8582,모바일 촬영
19068,임말자,53,서울특별시 강남구 786-45,010-6151-4145,코딩
19069,송소율,44,서울특별시 강북구 872-81,010-4785-2241,집콕 놀이
19070,권하윤,59,세종특별자치시 한솔동 138-79,010-2790-2688,비즈 공예
19071,조수빈,38,경상남도 김해시 719-15,010-2866-1791,모바일 게임 개발
19072,신춘희,38,서울특별시 관악구 437-88,010-7952-5388,스크래치 프로그램 만들기
19073,강태윤,72,제주시 신제주 642-25,010-2524-4237,요리
19074,오진호,58,충청북도 충주시 223-35,010-4165-1961,플로리스트
19075,박준서,73,서울특별시 마포구 560-2,010-1470-3170,스크래치 프로그램 만들기
19076,윤건우,72,서울특별시 관악구 559-22,010-7783-6852,카페 투어
19077,박진호,21,서울특별시 서초구 425-87,010-7705-2000,일기 쓰기
19078,최건우,29,경기도 고양시 덕양구 625-95,010-8009-4386,게임 방송
19079,이말자,73,경상남도 통영시 16-89,010-5127-9581,펜팔
19080,이기석,25,서울특별시 중구 670-44,010-4160-1832,자전거 타기
19081,최시헌,29,서울특별시 서초구 602-76,010-4051-1417,여행
19082,김채은,48,세종특별자치시 조치원읍 210-60,010-4899-8291,명상
19083,윤남수,25,서울특별시 양천구 149-11,010-6223-4594,드로잉
19084,오병호,57,인천광역시 남동구 4-58,010-3412-4200,웹서핑
19085,전지한,79,부산광역시 동래구 91-60,010-4920-5437,디지털 아트
19086,조명훈,67,대구광역시 남구 176-89,010-2076-4735,웹서핑
19087,윤지한,22,대구광역시 북구 273-14,010-6658-3098,애니메이션 제작
19088,안성호,54,대구광역시 달서구 900-94,010-5539-2134,패션
19089,안하율,28,세종특별자치시 도담동 958-89,010-5316-6345,집콕 놀이
19090,송준호,28,경상남도 창원시 87-23,010-3267-4029,낚시
19091,안다은,47,부산광역시 수영구 687-56,010-8709-2017,VR 게임
19092,권하율,38,경기도 용인시 기흥구 843-70,010-8063-6050,영화감상
19093,임채원,49,대구광역시 서구 800-12,010-7653-6746,모바일 촬영
19094,안소율,44,대구광역시 수성구 100-95,010-7511-9209,자원봉사
19095,홍현철,61,대구광역시 달성군 868-91,010-3024-7986,퍼즐 맞추기
19096,전은우,77,광주광역시 남구 337-35,010-9283-5100,펜팔
19097,장시윤,68,제주시 신제주 381-71,010-8553-7628,보드게임
19098,장다빈,39,부산광역시 영도구 414-8,010-8263-5064,플라워 아트
19099,정희정,62,경상남도 사천시 650-45,010-4069-5478,비즈 공예
19100,이숙자,32,용인시 수지구 풍덕천동 876-87,010-4090-6190,로봇 공학
19101,조서진,37,경기도 용인시 처인구 685-68,010-6628-8040,DIY
19102,안수아,72,용인시 수지구 풍덕천동 169-85,010-7078-9779,웹툰 그리기
19103,이정희,69,대전광역시 동구 126-87,010-5704-3704,웹툰 그리기
19104,임다은,41,충청남도 논산시 628-35,010-4787-2186,자전거 타기
19105,김진호,76,김해시 장유동 93-68,010-4173-6427,집콕 놀이
19106,임호철,27,세종특별자치시 한솔동 996-93,010-9548-6314,스크래치 프로그램 만들기
19107,정상민,41,경상남도 통영시 980-22,010-1393-9644,패션
19108,홍지율,59,서울특별시 강북구 829-53,010-2733-5185,요가
19109,황나윤,64,전라남도 목포시 608-55,010-5914-1092,사진편집
19110,이윤호,38,전라남도 나주시는 697-36,010-3938-2260,코딩
19111,권만수,59,경상남도 밀양시 985-95,010-6302-8968,모바일 게임 개발
19112,한서아,40,경상남도 진주시 563-50,010-5046-1917,웹툰 그리기
19113,임하율,65,서울특별시 송파구 260-90,010-3905-4516,사진편집
19114,임예린,64,부산광역시 서구 6-92,010-2596-6188,수채화 그리기
19115,오태현,29,세종특별자치시 한솔동 200-30,010-2901-6434,게임
19116,임윤서,33,제주시 오라동 304-61,010-4970-8216,명상
19117,서순영,34,전라남도 여수시 212-80,010-3194-7396,일기 쓰기
19118,강정우,57,인천광역시 미추홀구 324-41,010-6261-1287,책 클럽
19119,장정우,69,서울특별시 동대문구 362-3,010-4618-4700,등산
19120,이예린,23,강원도 강릉시 276-87,010-4841-2558,명상
19121,김정숙,72,인천광역시 연수구 885-36,010-8563-6355,디지털 일러스트
19122,김하진,70,경기도 용인시 수지구 212-21,010-7567-3773,카페 투어
19123,최도윤,61,제주시 아라동 836-66,010-6373-1268,수채화 그리기
19124,조영호,60,충청남도 공주시 39-30,010-2496-9279,스포츠 카드 수집
19125,이정희,63,전라북도 전주시 257-90,010-3659-3718,스키
19126,이희정,26,서울특별시 성동구 681-56,010-8114-2854,시뮬레이션 게임
19127,권준서,76,강원도 강릉시 616-36,010-4815-9664,디지털 콘텐츠 제작
19128,송다은,43,대구광역시 서구 743-88,010-8092-3736,웹툰 그리기
19129,홍춘희,66,성남시 분당구 정자동 0-93,010-7603-7028,카페 투어
19130,홍재훈,21,전라북도 익산시 707-24,010-3638-3094,운동
19131,황남수,41,서울특별시 동대문구 523-29,010-3357-8720,로봇 공학
19132,황종순,63,경상북도 안동시 255-15,010-2164-1148,일기 쓰기
19133,윤옥희,60,서울특별시 동대문구 862-24,010-9608-1274,디지털 사진 전시
19134,장지한,28,제주시 아라동 782-80,010-2795-7474,요가
19135,한주아,46,경기도 오산시 115-0,010-7381-7677,집콕 놀이
19136,서태현,57,충청남도 논산시 395-65,010-5781-7149,낚시
19137,송춘희,38,부산광역시 중구 346-43,010-6548-6443,골프
19138,권세아,77,충청북도 충주시 544-20,010-4303-7652,배드민턴
19139,황연희,48,대구광역시 북구 629-38,010-3415-1282,테니스
19140,정주아,25,서울특별시 영등포구 514-57,010-6059-1673,운동
19141,윤병호,62,제주시 이도이동 649-51,010-5391-6467,DIY
19142,안주영,36,서울특별시 양천구 295-83,010-6072-5684,디지털 콘텐츠 제작
19143,박병호,21,서울특별시 성북구 304-91,010-4487-9066,콜라주 아트
19144,임수아,39,서울특별시 송파구 14-68,010-3885-6146,배드민턴
19145,임종순,78,서울특별시 구로구 578-36,010-1281-6604,모바일 게임 개발
19146,장동수,42,경기도 수원시 팔달구 850-98,010-5668-4041,테니스
19147,오명훈,53,대구광역시 수성구 369-58,010-7761-1817,캠핑
19148,이종순,54,부산광역시 북구 867-75,010-8833-5261,요가
19149,서도윤,74,경기도 평택시 373-3,010-8506-9265,드로잉
19150,송숙자,69,경상북도 김천시 919-61,010-2487-9400,자전거 타기
19151,황만수,42,경상남도 창녕군 469-24,010-6445-5902,운동
19152,조다은,40,강원도 태백시 536-91,010-5561-1086,미술관 관람
19153,윤경수,38,서울특별시 중랑구 145-64,010-4653-8395,테니스
19154,한승호,25,부산광역시 사하구 668-42,010-9476-1123,헬로윈 파티 준비
19155,장주영,22,서울특별시 강남구 614-2,010-4300-4512,요리
19156,장현진,47,전라북도 군산시 315-81,010-2133-1203,스트리밍
19157,안현우,43,서울특별시 성동구 874-79,010-8041-2898,영화 제작
19158,서서진,45,서울특별시 성북구 268-30,010-5614-9604,유튜브 보기
19159,서채원,22,부천시 원미구 중동 1-14,010-9955-3119,헬로윈 파티 준비
19160,송기영,44,강원도 양양군 357-17,010-5506-2887,캘리그라피
19161,전옥희,68,서울특별시 노원구 684-19,010-8434-4814,사진편집
19162,정지우,57,울산광역시 남구 473-93,010-2216-8459,독서
19163,박말자,28,강원도 홍천군 215-18,010-6695-4222,스키
19164,안예준,79,강원도 속초시 553-54,010-3890-4649,디지털 사진 전시
19165,윤건우,71,충청북도 진천군 314-52,010-9886-4885,콜라주 아트
19166,장영자,38,서울특별시 성북구 840-67,010-3115-7598,테니스
19167,장태현,49,경상남도 밀양시 761-72,010-2520-9639,뜨개질
19168,오서준,78,부천시 상동 338-95,010-1565-3270,마인드맵 만들기
19169,조정자,26,경기도 광주시 115-32,010-2651-3246,집콕 놀이
19170,정상민,63,서울특별시 송파구 413-59,010-6183-3375,일기 쓰기
19171,안시우,65,경기도 성남시 수정구 215-77,010-5681-3382,보드게임
19172,서영자,45,충청남도 공주시 826-26,010-9088-6754,웹서핑
19173,임지우,39,경상남도 진주시 911-57,010-4600-3925,디지털 사진 전시
19174,김호철,62,대구광역시 수성구 908-74,010-7637-4643,수채화 그리기
19175,서시헌,66,제주시 노형동 953-75,010-5120-4282,수채화 그리기
19176,조명훈,53,광주광역시 광산구 301-63,010-3748-3798,스크래치 프로그램 만들기
19177,최서연,39,대구광역시 동구 823-15,010-9425-4521,사진촬영
19178,조태윤,30,충청남도 아산시 624-47,010-7011-6193,게임 방송
19179,홍기영,50,인천광역시 계양구 565-35,010-7778-1312,애니메이션 제작
19180,신정순,79,경기도 용인시 처인구 89-30,010-5561-4845,VR 게임
19181,강예은,63,강원도 태백시 196-65,010-2817-3892,등산
19182,장만수,68,대전광역시 유성구 885-93,010-4984-5409,요리
19183,강광호,24,전라북도 익산시 681-25,010-7050-8481,수채화 그리기
19184,송은우,63,인천광역시 부평구 41-97,010-1867-6552,일기 쓰기
19185,강병호,66,경기도 광주시 157-72,010-5042-5683,스트리밍
19186,임소율,51,경기도 안양시 동안구 69-51,010-3922-7950,스트리밍
19187,황채원,21,경기도 안산시 상록구 339-82,010-1955-1014,시뮬레이션 게임
19188,송민준,50,서울특별시 동대문구 849-72,010-4956-1828,배우기
19189,신숙자,43,대구광역시 북구 930-48,010-9912-6606,게임 방송
19190,윤승호,41,강원도 삼척시 12-48,010-3069-6110,헬스
19191,이춘자,44,부산광역시 중구 218-96,010-7091-8921,스트리밍
19192,최은채,49,강원도 삼척시 420-15,010-1444-3826,집콕 놀이
19193,윤민준,61,광주광역시 광산구 813-13,010-7670-1304,독서
19194,황은숙,39,제주시 아라동 656-54,010-2686-6288,모바일 게임 개발
19195,신현서,61,부천시 상동 850-95,010-4690-3439,디지털 콘텐츠 제작
19196,장은숙,75,경기도 성남시 수정구 528-41,010-1638-7854,게임 방송
19197,전찬우,60,강원도 평창군 768-32,010-5455-2858,게임
19198,최유하,24,광주광역시 광산구 527-33,010-9255-7534,필라테스
19199,황하은,37,광주광역시 북구 968-78,010-8697-8213,시뮬레이션 게임
19200,박현진,53,경상남도 거제시 579-96,010-3468-7219,스포츠 카드 수집
19201,안지한,64,울산광역시 남구 733-43,010-3696-7380,자전거 타기
19202,강정자,28,경기도 성남시 분당구 280-93,010-5292-1829,명상
19203,최명자,24,부산광역시 기장군 67-62,010-5743-7016,요가
19204,강성민,71,경상남도 사천시 907-59,010-1692-2470,배우기
19205,전복자,55,경상북도 안동시 986-31,010-7069-6540,VR 게임
19206,이기석,58,서울특별시 성동구 153-29,010-5359-4913,디지털 일러스트
19207,송현서,47,충청남도 논산시 543-91,010-8897-4648,디지털 콘텐츠 제작
19208,황복희,62,광주광역시 북구 432-59,010-2099-4904,자원봉사
19209,임말자,72,경기도 용인시 기흥구 688-52,010-5107-5995,헬로윈 파티 준비
19210,안복희,48,울산광역시 북구 734-43,010-2105-8093,보드게임
19211,최옥희,28,경기도 광주시 927-91,010-4801-5030,로봇 공학
19212,한유하,56,대구광역시 북구 889-68,010-5490-3545,웹툰 그리기
19213,홍나윤,61,부산광역시 영도구 323-79,010-2685-3093,디지털 일러스트
19214,조다빈,38,부산광역시 북구 869-66,010-2649-8442,낚시
19215,오기석,32,서울특별시 종로구 515-96,010-9978-2140,여행
19216,서세아,67,전라북도 전주시 879-58,010-3552-4235,골프
19217,김주아,36,제주시 신제주 771-76,010-5938-2321,독서
19218,서종수,42,부산광역시 연제구 751-45,010-5720-5303,음악감상
19219,정춘자,63,경상북도 포항시 156-32,010-4674-4885,골프
19220,신순영,42,전라남도 광양시 144-59,010-4263-5996,콜라주 아트
19221,임서아,61,강원도 속초시 925-41,010-5982-5897,DIY
19222,서주영,74,경기도 수원시 장안구 992-22,010-8877-3506,웹서핑
19223,송도윤,70,충청남도 천안시 289-2,010-8968-4637,VR 게임
19224,황소율,32,부산광역시 영도구 501-37,010-2450-2271,카페 투어
19225,송다온,59,서울특별시 강남구 792-61,010-7919-8403,스크래치 프로그램 만들기
19226,김민준,46,제주시 연동 527-74,010-5622-2349,콜라주 아트
19227,윤하연,57,서울특별시 양천구 979-48,010-1430-9908,유튜브 보기
19228,권남수,63,전라남도 순천시 864-25,010-1783-3756,뜨개질
19229,홍태윤,66,서울특별시 동대문구 986-9,010-5137-1376,DIY
19230,전은우,60,경기도 수원시 팔달구 752-48,010-5399-3155,디지털 사진 전시
19231,한만수,39,인천광역시 중구 265-35,010-7817-7951,모바일 게임 개발
19232,김시윤,76,제주시 신제주 566-1,010-1048-5653,수영
19233,오복자,44,서울특별시 관악구 162-7,010-3117-1740,독서
19234,최경자,49,강원도 춘천시 345-38,010-8390-4995,VR 게임
19235,장영자,79,부산광역시 남구 740-13,010-3792-1798,비즈 공예
19236,안건우,52,광주광역시 북구 421-70,010-5055-8691,로봇 공학
19237,장춘식,26,강원도 홍천군 484-2,010-2695-4583,캠핑
19238,오정희,42,울산광역시 울주군 172-52,010-2703-1061,벽화 그리기
19239,송재훈,71,서울특별시 양천구 108-32,010-2075-4196,디지털 사진 전시
19240,최다온,38,강원도 평창군 935-40,010-8099-5642,책 클럽
19241,송현서,25,강원도 평창군 288-94,010-2006-8410,요가
19242,조재영,63,강원도 속초시 912-22,010-9549-4596,스트리밍
19243,전기석,66,제주시 오라동 816-65,010-9086-8395,캔들 만들기
19244,윤찬우,33,대전광역시 유성구 114-42,010-1341-8074,사진촬영
19245,전시헌,56,서울특별시 관악구 426-31,010-9200-4188,요가
19246,전주아,79,인천광역시 서구 643-94,010-5186-2653,일기 쓰기
19247,장종순,37,세종특별자치시 조치원읍 311-83,010-5724-6279,캠핑
19248,윤정숙,37,부산광역시 영도구 660-84,010-2567-6630,배우기
19249,한연희,24,서울특별시 송파구 261-16,010-1229-4302,마인드맵 만들기
19250,전시우,68,김해시 장유동 180-60,010-5272-4566,테니스
19251,홍서준,44,인천광역시 연수구 631-69,010-7504-1781,게임
19252,전동수,41,부산광역시 영도구 823-6,010-6662-1378,미술관 관람
19253,전연희,51,경상남도 통영시 187-70,010-9564-5029,테니스
19254,임유진,72,광주광역시 광산구 613-48,010-3567-7488,자원봉사
19255,황현철,35,서울특별시 강서구 860-92,010-8817-1460,수영
19256,서소율,24,성남시 분당구 정자동 491-95,010-5533-5695,게임 방송
19257,이하윤,53,서울특별시 양천구 448-71,010-9469-1367,게임
19258,최재호,64,서울특별시 성북구 76-60,010-2648-1121,수영
19259,권민준,79,경상남도 김해시 175-55,010-6876-1940,디지털 일러스트
19260,박예린,23,경상북도 구미시 769-59,010-6013-4481,생활 해킹
19261,강성민,65,서울특별시 중랑구 149-5,010-4126-6897,음악감상
19262,최소율,71,울산광역시 북구 549-69,010-3699-6124,미술관 관람
19263,윤현우,22,부천시 상동 801-6,010-1504-1333,피크닉
19264,박경수,66,충청남도 천안시 76-98,010-5956-4140,독서
19265,임성호,26,전라북도 군산시 586-69,010-6793-1344,스키
19266,이서준,38,경기도 안산시 단원구 134-45,010-1053-2732,시뮬레이션 게임
19267,강로운,55,경상남도 거제시 216-46,010-9125-5426,스포츠 카드 수집
19268,한상민,26,서울특별시 강동구 156-78,010-5442-4659,스키
19269,권영희,77,부천시 원미구 중동 246-69,010-1204-6597,디지털 사진 전시
19270,권경자,47,전라남도 광양시 27-32,010-9869-4144,디지털 콘텐츠 제작
19271,정세아,59,제주시 연동 105-34,010-2862-9351,스트리트 댄스
19272,홍유진,50,부산광역시 강서구 666-51,010-4067-4243,자전거 타기
19273,박하은,26,경기도 군포시 564-11,010-1785-3429,영화 제작
19274,김예린,68,부천시 상동 613-54,010-4832-7967,스트리트 댄스
19275,박하은,69,울산광역시 울주군 419-79,010-3296-2144,스포츠 카드 수집
19276,강채원,71,부산광역시 중구 932-10,010-9537-9670,배우기
19277,홍승호,52,부산광역시 기장군 0-75,010-6585-2233,음악감상
19278,송주영,26,충청북도 청주시 704-74,010-8498-9215,등산
19279,이말자,28,울산광역시 동구 434-71,010-3809-4458,집콕 놀이
19280,강윤호,52,서울특별시 중구 122-48,010-1864-2683,코딩
19281,윤은우,42,서울특별시 용산구 722-53,010-2324-5434,플로리스트
19282,임윤호,54,부천시 원미구 중동 740-61,010-9632-9370,펜팔
19283,황경자,51,대구광역시 북구 959-9,010-3061-6135,수채화 그리기
19284,정지원,66,대구광역시 북구 641-89,010-8999-1941,펜팔
19285,김은숙,68,대구광역시 달서구 64-24,010-3035-2064,뜨개질
19286,장지율,50,서울특별시 서초구 802-7,010-9011-6777,카페 투어
19287,이세호,32,부산광역시 강서구 404-83,010-6663-1045,골프
19288,한선자,70,경상남도 창녕군 407-65,010-7860-7018,스트리트 댄스
19289,박영수,59,전라남도 순천시 37-72,010-9592-4876,웹서핑
19290,서영희,23,전라북도 군산시 225-48,010-1350-4653,디지털 콘텐츠 제작
19291,정지원,53,경상남도 창원시 238-90,010-6628-7159,시뮬레이션 게임
19292,한정자,20,경상남도 밀양시 376-10,010-8097-6687,스트리트 댄스
19293,황유하,48,부산광역시 남구 262-10,010-9141-3075,사진편집
19294,최은채,29,대구광역시 달성군 678-35,010-4346-7898,자전거 타기
19295,김미영,31,충청남도 천안시 756-1,010-6477-4768,사진촬영
19296,오성민,24,강원도 춘천시 4-42,010-4837-2001,도예
19297,홍수아,70,경기도 용인시 처인구 216-8,010-8587-7630,도예
19298,오종순,43,서울특별시 은평구 695-97,010-9281-4838,디지털 아트
19299,오정자,63,서울특별시 동작구 300-75,010-8518-1372,플라워 아트
19300,송은채,32,경기도 고양시 일산동구 826-15,010-3125-8141,여행
19301,안채원,58,경기도 안산시 단원구 932-4,010-8389-4095,플로리스트
19302,황숙자,73,울산광역시 남구 311-42,010-7793-1778,코딩
19303,한성호,66,경상남도 거제시 220-84,010-5329-5464,스키
19304,권정자,29,경기도 화성시 4-95,010-7787-3083,게임 방송
19305,임춘자,55,서울특별시 구로구 684-91,010-6326-7677,봉사활동
19306,송성자,71,제주시 노형동 21-47,010-2026-6110,시뮬레이션 게임
19307,이준서,64,경상남도 창원시 148-63,010-2967-5787,필라테스
19308,최태수,73,경기도 수원시 장안구 441-42,010-1886-3943,보드게임
19309,황기석,58,경상남도 밀양시 962-38,010-7895-1555,모바일 게임 개발
19310,장현진,28,성남시 분당구 정자동 673-88,010-5531-8563,집콕 놀이
19311,장종수,21,경기도 수원시 장안구 872-93,010-5081-9934,등산
19312,정영자,64,서울특별시 서대문구 922-79,010-5251-5321,웹서핑
19313,홍다온,59,전라북도 전주시 279-71,010-6773-7180,스포츠 카드 수집
19314,김수빈,51,대전광역시 중구 547-53,010-1441-6148,모바일 촬영
19315,권태윤,40,강원도 동해시 357-62,010-6443-8994,게임 방송
19316,오명자,49,대전광역시 서구 474-94,010-8508-7327,일기 쓰기
19317,송명숙,76,전라북도 전주시 333-59,010-6601-8267,드로잉
19318,서수아,45,서울특별시 중랑구 811-65,010-3744-9117,게임
19319,신건우,56,광주광역시 광산구 216-32,010-1017-5208,스포츠 카드 수집
19320,오경자,64,경기도 안산시 상록구 992-79,010-9296-5841,독서
19321,안예준,29,경기도 용인시 기흥구 38-16,010-3240-4426,비즈 공예
19322,황지후,68,경기도 고양시 일산동구 418-13,010-3590-2168,카페 투어
19323,박영일,31,전라남도 순천시 192-32,010-1158-9270,헬로윈 파티 준비
19324,오예린,45,경기도 안양시 동안구 941-50,010-3578-2396,책 클럽
19325,홍창수,73,전라남도 순천시 760-87,010-1037-3376,애니메이션 제작
19326,권병호,26,김해시 장유동 25-71,010-2733-7421,스포츠 카드 수집
19327,강지한,41,서울특별시 마포구 933-78,010-2641-4591,DIY
19328,서광호,40,대구광역시 북구 774-39,010-2501-7770,영화 제작
19329,홍정희,53,경상북도 김천시 287-14,010-3277-7319,디지털 아트
19330,조시헌,68,서울특별시 관악구 805-17,010-1889-3217,모바일 게임 개발
19331,임시헌,33,인천광역시 계양구 423-13,010-1082-4418,필라테스
19332,조시우,31,경상남도 김해시 272-18,010-5222-2041,생활 해킹
19333,오다온,62,서울특별시 중구 234-53,010-1643-3629,운동
19334,장성민,72,경상북도 구미시 541-41,010-4682-3833,DIY
19335,강은채,30,대구광역시 달서구 160-14,010-8501-7583,모바일 게임 개발
19336,한상호,35,서울특별시 동대문구 54-33,010-1203-4754,영화감상
19337,안기영,64,대구광역시 수성구 640-48,010-9420-1826,마인드맵 만들기
19338,김하진,44,경기도 안양시 동안구 640-41,010-1627-7568,캘리그라피
19339,안다온,76,경상북도 안동시 839-37,010-1812-3919,콜라주 아트
19340,홍명숙,67,전라북도 전주시 261-19,010-5973-9564,펜팔
19341,신춘희,72,성남시 분당구 정자동 59-20,010-4252-7451,게임 방송
19342,한춘자,22,대전광역시 대덕구 898-4,010-8891-2686,유튜브 보기
19343,오다은,63,부산광역시 해운대구 244-34,010-3107-9122,사진촬영
19344,박윤서,77,전라남도 순천시 51-67,010-3769-7152,시뮬레이션 게임
19345,박연희,29,부산광역시 동래구 280-76,010-9113-1358,수채화 그리기
19346,홍영희,33,서울특별시 성북구 636-68,010-6994-1275,책 클럽
19347,전민수,56,대전광역시 서구 269-40,010-5847-6414,요가
19348,전주영,55,경기도 고양시 일산동구 324-14,010-7428-4935,VR 게임
19349,황태현,23,경기도 성남시 수정구 995-6,010-8840-5638,유튜브 보기
19350,송현철,53,인천광역시 부평구 222-72,010-8344-2739,보드게임
19351,장종수,52,충청남도 공주시 418-44,010-8720-6229,여행
19352,조예준,45,울산광역시 동구 914-28,010-4095-1282,VR 게임
19353,윤만수,43,세종특별자치시 도담동 353-77,010-2886-8632,디지털 사진 전시
19354,신하람,58,경상북도 구미시 22-60,010-9889-2835,웹툰 그리기
19355,정세호,26,경상남도 밀양시 687-50,010-4416-5983,마인드맵 만들기
19356,장은숙,27,강원도 원주시 851-65,010-1312-3466,음악감상
19357,한영호,59,성남시 분당구 정자동 300-73,010-4968-1694,테니스
19358,김준호,73,울산광역시 동구 796-83,010-3524-4660,스트리트 댄스
19359,이찬우,37,충청남도 공주시 959-44,010-2996-2066,플로리스트
19360,조명숙,33,경기도 용인시 처인구 336-61,010-9683-9665,독서
19361,윤기석,61,강원도 평창군 860-5,010-3158-9555,캘리그라피
19362,윤춘자,36,제주시 이도이동 565-54,010-9350-3950,플로리스트
19363,이도윤,37,부산광역시 사하구 440-64,010-9105-3430,배우기
19364,송철수,53,서울특별시 중구 857-36,010-2631-4559,디지털 사진 전시
19365,전수아,58,경상북도 경주시 863-30,010-8421-1183,사진편집
19366,박광호,23,충청북도 진천군 757-72,010-9714-6440,배우기
19367,강현진,64,부산광역시 부산진구 459-3,010-5961-3917,캠핑
19368,안서진,53,경기도 안양시 만안구 646-87,010-2420-5600,요가
19369,권유하,45,서울특별시 은평구 648-17,010-1147-4436,마인드맵 만들기
19370,전상민,27,경기도 성남시 수정구 503-10,010-6715-8062,스키
19371,전말순,20,대전광역시 동구 556-21,010-8415-3441,시뮬레이션 게임
19372,박시윤,62,서울특별시 구로구 736-27,010-2925-1340,패션
19373,강은숙,56,서울특별시 서대문구 60-94,010-6607-8185,디지털 일러스트
19374,최동수,73,울산광역시 동구 852-70,010-3763-6835,게임 방송
19375,서은숙,23,부산광역시 동구 187-20,010-1480-5903,보드게임
19376,오복희,28,대전광역시 동구 615-61,010-9849-9304,콜라주 아트
19377,임종순,38,울산광역시 북구 895-93,010-9865-2902,테니스
19378,전명자,30,부산광역시 부산진구 371-80,010-4405-6304,모바일 촬영
19379,김준호,71,부산광역시 연제구 561-48,010-1116-7764,수채화 그리기
19380,이철수,43,대전광역시 서구 716-51,010-9080-4533,코딩
19381,이수빈,65,광주광역시 동구 78-65,010-3390-3449,웹툰 그리기
19382,전기석,22,경상북도 안동시 934-63,010-8353-3204,음악감상
19383,조지호,23,대구광역시 동구 954-71,010-3332-3013,골프
19384,서준호,53,대구광역시 동구 365-64,010-9747-5607,운동
19385,정도윤,57,경기도 용인시 기흥구 512-49,010-3912-3535,영화감상
19386,장정호,43,강원도 삼척시 132-33,010-4656-4389,음악감상
19387,조태수,38,강원도 동해시 597-10,010-4157-1861,패션
19388,윤동수,69,서울특별시 종로구 811-47,010-2236-2352,모바일 게임 개발
19389,권종수,22,경기도 용인시 처인구 761-75,010-2221-1198,게임 방송
19390,전순자,39,제주시 오라동 730-68,010-3351-8912,음악감상
19391,이성민,62,경기도 군포시 485-48,010-1029-1153,스트리트 댄스
19392,이상호,67,서울특별시 노원구 364-35,010-7047-1884,디지털 아트
19393,오도윤,35,경기도 광주시 420-19,010-9206-4833,뜨개질
19394,신하율,36,강원도 춘천시 997-98,010-1720-6757,운동
19395,홍재호,68,서울특별시 광진구 232-35,010-6748-3815,펜팔
19396,박윤서,21,대전광역시 중구 870-27,010-5327-2263,패션
19397,임기영,20,전라남도 여수시 760-23,010-3314-2012,골프
19398,전종수,31,충청남도 아산시 124-59,010-2799-9285,벽화 그리기
19399,서연희,62,경기도 고양시 덕양구 477-75,010-7782-9137,등산
19400,황현철,42,경기도 시흥시 535-38,010-5237-2877,여행
19401,서유진,30,경기도 고양시 덕양구 748-52,010-8499-5723,보드게임
19402,이병호,23,서울특별시 강북구 765-63,010-8185-3415,생활 해킹
19403,신동수,49,경기도 안양시 동안구 784-29,010-9535-4035,배드민턴
19404,윤민서,53,제주시 이도이동 738-64,010-1950-4841,캠핑
19405,안성호,72,강원도 홍천군 560-1,010-3280-3829,뜨개질
19406,최시윤,76,광주광역시 동구 530-22,010-6531-4512,보드게임
19407,임지민,68,부산광역시 북구 766-25,010-4119-1779,요리
19408,정도윤,76,부산광역시 동래구 855-68,010-8388-2281,코딩
19409,최복희,60,대구광역시 달서구 327-74,010-1459-1637,독서
19410,송태수,31,경기도 화성시 440-93,010-9672-9122,카페 투어
19411,최현진,53,서울특별시 도봉구 130-86,010-9496-8722,드로잉
19412,이철수,61,인천광역시 계양구 505-20,010-6327-2953,여행
19413,장민수,78,부산광역시 기장군 29-13,010-9493-2939,사진촬영
19414,신기석,48,부산광역시 기장군 778-55,010-1820-6560,배드민턴
19415,전현우,78,서울특별시 강남구 398-14,010-3740-2927,영화감상
19416,신옥희,37,성남시 분당구 정자동 862-96,010-7900-3598,게임
19417,강창수,36,서울특별시 양천구 72-48,010-5152-5455,자원봉사
19418,조성자,41,광주광역시 서구 766-8,010-7648-6511,코딩
19419,최하연,78,경상남도 창원시 621-77,010-4843-9005,게임 방송
19420,안기석,67,부산광역시 강서구 854-0,010-3292-8806,명상
19421,이윤호,58,인천광역시 계양구 54-72,010-3612-2791,유튜브 보기
19422,한하연,61,강원도 강릉시 285-1,010-2350-1656,디지털 콘텐츠 제작
19423,신예은,42,대구광역시 달성군 391-91,010-6020-5973,자원봉사
19424,서희정,39,경기도 광명시 56-50,010-2418-5845,낚시
19425,송지한,60,대구광역시 동구 77-15,010-4613-1003,골프
19426,최기영,76,경상북도 구미시 55-71,010-1711-4997,요가
19427,권민준,26,전라남도 목포시 706-25,010-6115-6990,뜨개질
19428,오지후,59,서울특별시 노원구 527-59,010-1295-4785,디지털 일러스트
19429,임지민,66,경상북도 경주시 686-92,010-5212-9110,보드게임
19430,권하율,49,대전광역시 중구 333-14,010-3354-1545,여행
19431,조종순,72,충청남도 아산시 196-6,010-6363-5307,집콕 놀이
19432,오영호,74,세종특별자치시 도담동 600-27,010-2919-5593,플라워 아트
19433,김형민,59,용인시 수지구 풍덕천동 210-33,010-4684-8182,수채화 그리기
19434,전준서,70,광주광역시 광산구 309-42,010-3894-6164,봉사활동
19435,오지원,26,경상북도 구미시 237-77,010-3573-6460,VR 게임
19436,홍연희,40,경기도 광명시 863-40,010-5032-7538,영화 제작
19437,조혜숙,34,성남시 분당구 정자동 779-56,010-8887-5118,게임 방송
19438,전정숙,34,경상북도 안동시 256-80,010-1082-4013,뜨개질
19439,윤영희,67,인천광역시 동구 473-72,010-7665-9256,드로잉
19440,김우진,65,서울특별시 은평구 130-59,010-2441-8875,비즈 공예
19441,장서아,73,광주광역시 북구 993-89,010-6081-7971,봉사활동
19442,신영희,56,김해시 장유동 654-47,010-1453-8562,벽화 그리기
19443,이은숙,40,부산광역시 기장군 690-59,010-8411-3515,여행
19444,박명숙,54,대구광역시 북구 664-40,010-2809-7163,사진촬영
19445,권정숙,58,서울특별시 서초구 327-92,010-6452-8853,모바일 촬영
19446,이명자,66,강원도 홍천군 107-53,010-2529-4110,요리
19447,이지율,57,김해시 장유동 946-18,010-6785-7036,영화 제작
19448,최영일,72,서울특별시 강동구 48-98,010-1592-4721,디지털 아트
19449,전정우,66,서울특별시 동작구 7-16,010-4956-4904,음악감상
19450,임영호,29,충청남도 아산시 870-93,010-5212-8289,스크래치 프로그램 만들기
19451,김남수,27,강원도 태백시 285-14,010-7811-5297,드로잉
19452,김서연,41,광주광역시 북구 540-33,010-5043-9947,필라테스
19453,한세아,23,부산광역시 북구 110-16,010-3093-5115,VR 게임
19454,권순희,37,경기도 고양시 일산동구 43-42,010-4161-3237,디지털 사진 전시
19455,박서진,34,서울특별시 양천구 977-16,010-7738-5342,운동
19456,장소율,40,경기도 용인시 처인구 735-53,010-8850-4642,웹툰 그리기
19457,오병호,27,강원도 춘천시 366-77,010-3019-4567,캔들 만들기
19458,강하윤,68,경기도 오산시 411-30,010-1851-6206,모바일 촬영
19459,안태수,46,울산광역시 남구 790-33,010-7181-5754,웹툰 그리기
19460,임예은,32,경기도 성남시 분당구 764-9,010-9133-8125,로봇 공학
19461,송남수,39,강원도 강릉시 631-68,010-7834-1971,DIY
19462,정성민,54,부산광역시 해운대구 201-33,010-7298-6187,테니스
19463,김말순,53,대전광역시 서구 227-13,010-4825-7419,헬로윈 파티 준비
19464,전윤서,50,용인시 수지구 풍덕천동 648-54,010-4353-5668,카페 투어
19465,신명자,49,충청남도 천안시 322-58,010-8126-3270,스트리밍
19466,권다빈,22,경기도 수원시 장안구 141-28,010-6514-5180,테니스
19467,임명자,53,세종특별자치시 한솔동 848-74,010-9568-4252,운동
19468,임춘희,56,대전광역시 서구 630-69,010-9468-5199,낚시
19469,김정숙,68,인천광역시 동구 360-49,010-3180-1830,집콕 놀이
19470,안하진,58,인천광역시 서구 76-49,010-2506-8891,드로잉
19471,송선자,76,전라남도 여수시 22-30,010-6549-2462,애니메이션 제작
19472,장미영,20,강원도 삼척시 126-57,010-9992-7791,스키
19473,송말순,47,대구광역시 중구 346-31,010-1129-1432,자원봉사
19474,장현진,73,경기도 광명시 753-15,010-9218-6095,캠핑
19475,장지호,35,대구광역시 동구 388-59,010-8158-5444,음악감상
19476,오하율,28,서울특별시 구로구 697-46,010-5782-8659,스트리밍
19477,박현철,73,충청북도 청주시 672-23,010-2403-5671,자전거 타기
19478,박지민,70,경상북도 구미시 798-45,010-3999-5486,플로리스트
19479,황기석,23,광주광역시 서구 219-75,010-3170-1794,피크닉
19480,안경수,46,제주시 연동 890-96,010-4865-3887,스트리트 댄스
19481,권정희,72,서울특별시 노원구 725-11,010-2590-3978,등산
19482,강형민,59,경기도 화성시 113-38,010-9346-2450,캠핑
19483,조찬우,32,경상북도 김천시 137-78,010-1572-2464,사진촬영
19484,황지호,52,부산광역시 영도구 150-70,010-1518-3729,시뮬레이션 게임
19485,임진숙,26,서울특별시 강북구 685-27,010-2912-1312,플로리스트
19486,김주원,67,강원도 평창군 716-40,010-4391-8718,시뮬레이션 게임
19487,임말자,40,울산광역시 북구 773-18,010-5279-6234,헬스
19488,권은채,26,강원도 속초시 651-50,010-1026-5357,스트리트 댄스
19489,이현서,39,대구광역시 서구 449-8,010-6048-3382,보드게임
19490,서명숙,44,충청북도 충주시 867-65,010-2323-9026,유튜브 보기
19491,황연희,20,세종특별자치시 아름동 43-56,010-6795-4379,생활 해킹
19492,김병호,75,인천광역시 계양구 50-62,010-7452-7579,배우기
19493,임유진,58,경기도 안양시 동안구 208-56,010-9267-2828,스크래치 프로그램 만들기
19494,한찬우,77,서울특별시 동대문구 468-95,010-2521-2204,영화감상
19495,최복자,26,서울특별시 서대문구 202-63,010-9848-2930,여행
19496,강형민,69,서울특별시 중구 8-75,010-5659-6774,스트리밍
19497,오예은,58,경상남도 김해시 202-50,010-4697-3027,게임 방송
19498,황은숙,68,광주광역시 남구 191-31,010-6837-3512,디지털 콘텐츠 제작
19499,홍재호,67,세종특별자치시 도담동 584-25,010-4201-6796,미술관 관람
19500,한은채,59,부산광역시 중구 685-76,010-7865-1192,디지털 일러스트
19501,전정희,40,인천광역시 남동구 176-35,010-1207-5243,카페 투어
19502,조정희,65,부산광역시 북구 761-15,010-7465-8258,비즈 공예
19503,신영자,38,경기도 용인시 수지구 152-16,010-5228-3220,자전거 타기
19504,황기석,52,광주광역시 광산구 454-53,010-6721-1715,자전거 타기
19505,이세아,32,경상북도 경주시 456-13,010-6685-5203,여행
19506,홍상민,22,경기도 성남시 분당구 599-6,010-4559-9066,캘리그라피
19507,조도윤,76,대구광역시 서구 390-82,010-3673-2591,비즈 공예
19508,이은우,34,전라남도 나주시는 630-76,010-9511-3306,디지털 일러스트
19509,송동수,55,강원도 태백시 790-93,010-9849-8377,헬스
19510,이정호,42,충청남도 아산시 856-0,010-9024-4041,디지털 일러스트
19511,장서아,64,경기도 시흥시 61-28,010-9784-9123,보드게임
19512,신형민,55,강원도 원주시 480-80,010-2382-1992,스키
19513,장지한,63,경기도 평택시 54-18,010-6533-4124,낚시
19514,권하율,79,대구광역시 수성구 486-17,010-4404-5595,플라워 아트
19515,권재영,50,대구광역시 달서구 951-26,010-7510-8242,보드게임
19516,안호철,27,제주시 오라동 893-40,010-1903-7935,코딩
19517,최예은,37,서울특별시 구로구 363-4,010-9685-6031,캠핑
19518,강우진,41,강원도 강릉시 938-25,010-7921-1956,모바일 촬영
19519,홍다은,60,경기도 성남시 분당구 529-33,010-5226-9323,독서
19520,신승호,50,서울특별시 동작구 576-10,010-1319-6285,모바일 촬영
19521,이영수,46,서울특별시 노원구 710-32,010-4005-9120,여행
19522,권경자,76,인천광역시 계양구 749-3,010-5200-5039,유튜브 보기
19523,정연희,26,세종특별자치시 조치원읍 442-82,010-3748-4289,플로리스트
19524,최영호,37,경기도 용인시 기흥구 569-13,010-2937-6043,헬로윈 파티 준비
19525,박성민,49,서울특별시 용산구 655-30,010-6897-4649,봉사활동
19526,박성민,25,경기도 성남시 수정구 0-64,010-7413-5611,보드게임
19527,정철수,55,제주시 아라동 780-69,010-5367-3223,집콕 놀이
19528,홍상호,59,강원도 원주시 133-14,010-3813-3800,자전거 타기
19529,최태현,68,경기도 군포시 993-53,010-1021-7309,피크닉
19530,최병호,35,부산광역시 기장군 916-96,010-6543-3615,집콕 놀이
19531,조성호,42,제주시 연동 228-36,010-2096-1483,웹서핑
19532,조지후,24,강원도 춘천시 799-0,010-2912-6485,카페 투어
19533,한우진,21,경기도 수원시 팔달구 318-47,010-1848-9606,플라워 아트
19534,신춘희,79,경기도 평택시 211-53,010-5288-1945,디지털 콘텐츠 제작
19535,송지율,77,강원도 속초시 229-89,010-3414-9050,생활 해킹
19536,한주아,57,강원도 속초시 251-88,010-7701-5784,드로잉
19537,안윤서,63,제주시 노형동 21-72,010-1276-3285,패션
19538,강채원,22,전라남도 순천시 578-60,010-8494-2995,골프
19539,서명숙,27,전라남도 여수시 89-18,010-4067-2115,명상
19540,윤다온,61,광주광역시 남구 17-82,010-3571-1030,배드민턴
19541,신경수,33,대전광역시 동구 232-63,010-7128-2691,영화감상
19542,장민수,75,제주시 오라동 10-75,010-3362-5687,모바일 게임 개발
19543,김연희,66,서울특별시 서대문구 146-61,010-7842-9335,콜라주 아트
19544,김선자,32,경기도 광주시 836-96,010-5272-9148,게임
19545,장채은,49,인천광역시 남동구 848-39,010-4248-2215,책 클럽
19546,황유진,61,울산광역시 남구 510-47,010-3624-3499,도예
19547,박남수,49,제주시 연동 928-7,010-4651-1216,벽화 그리기
19548,안복희,62,경기도 고양시 덕양구 302-83,010-5621-2949,미술관 관람
19549,최예은,49,경기도 안산시 상록구 750-10,010-8093-5352,도예
19550,황로운,37,대구광역시 북구 470-10,010-5831-1295,자원봉사
19551,홍세아,33,서울특별시 종로구 624-50,010-9420-3208,사진촬영
19552,강순영,43,충청남도 천안시 209-55,010-1339-9170,배우기
19553,신정우,35,강원도 동해시 959-98,010-4712-4413,디지털 일러스트
19554,송유진,55,충청남도 아산시 305-2,010-6834-9701,음악감상
19555,윤말자,30,전라남도 순천시 595-4,010-2705-3613,애니메이션 제작
19556,전서준,36,부산광역시 중구 240-69,010-9822-5014,디지털 사진 전시
19557,홍현서,67,경기도 용인시 수지구 637-36,010-2475-3905,수채화 그리기
19558,최서진,33,서울특별시 강서구 986-89,010-7872-9681,뜨개질
19559,이시헌,47,울산광역시 동구 46-92,010-9110-5075,헬스
19560,강종순,60,경기도 수원시 팔달구 405-45,010-3560-7312,봉사활동
19561,서춘희,37,서울특별시 동작구 260-32,010-4635-4932,스트리밍
19562,송경자,33,제주시 아라동 900-8,010-4127-1586,시뮬레이션 게임
19563,황서진,46,대구광역시 서구 394-7,010-6444-3786,DIY
19564,오정우,56,광주광역시 북구 867-82,010-2304-7574,자전거 타기
19565,서상민,59,부산광역시 중구 508-88,010-5119-1135,플로리스트
19566,장나윤,48,인천광역시 미추홀구 445-18,010-9343-4881,로봇 공학
19567,한명숙,70,부산광역시 부산진구 443-62,010-7610-8632,스키
19568,임우진,64,대구광역시 달서구 177-71,010-6235-5119,보드게임
19569,강명자,79,경상남도 양산시 364-69,010-4718-5335,뜨개질
19570,한영수,54,경기도 용인시 기흥구 404-58,010-9318-8809,집콕 놀이
19571,임복자,21,서울특별시 광진구 703-53,010-6324-3952,등산
19572,전채원,75,서울특별시 강남구 531-23,010-5618-3896,낚시
19573,신명자,53,서울특별시 구로구 775-67,010-7871-8069,생활 해킹
19574,김명자,73,부산광역시 수영구 111-14,010-9742-2591,디지털 사진 전시
19575,윤순자,62,서울특별시 서대문구 969-9,010-9817-3437,드로잉
19576,조상민,48,강원도 홍천군 301-56,010-1054-2914,테니스
19577,장경자,44,강원도 원주시 986-2,010-1417-7403,디지털 일러스트
19578,홍춘식,52,대구광역시 중구 29-73,010-4831-8347,웹툰 그리기
19579,오지우,44,울산광역시 북구 691-70,010-9960-3513,플로리스트
19580,강명훈,78,부천시 원미구 중동 834-50,010-1641-4451,일기 쓰기
19581,권옥희,54,부산광역시 동래구 679-84,010-5182-6163,디지털 사진 전시
19582,전주원,29,경기도 용인시 수지구 395-95,010-4241-4174,수영
19583,서현철,28,제주시 아라동 861-0,010-2028-3650,캔들 만들기
19584,서예은,41,대전광역시 동구 175-72,010-5781-6972,뜨개질
19585,안숙자,25,부산광역시 강서구 233-75,010-2138-2172,캔들 만들기
19586,황태윤,78,대구광역시 남구 911-56,010-7305-1877,웹툰 그리기
19587,정세아,56,강원도 태백시 732-6,010-4506-4094,수채화 그리기
19588,윤세아,78,경기도 군포시 100-43,010-4882-2050,일기 쓰기
19589,서윤서,56,서울특별시 강북구 441-95,010-5353-1270,사진촬영
19590,서민서,26,서울특별시 중구 145-3,010-5528-2245,로봇 공학
19591,정동수,30,강원도 동해시 508-40,010-4527-7957,낚시
19592,황태윤,21,충청남도 공주시 528-6,010-1499-1096,코딩
19593,강지호,55,서울특별시 은평구 196-73,010-7825-5991,펜팔
19594,장말순,56,부산광역시 해운대구 847-77,010-2511-8393,시뮬레이션 게임
19595,장하람,22,경기도 수원시 팔달구 317-33,010-3685-3255,비즈 공예
19596,서종수,29,경기도 화성시 311-79,010-9049-3627,마인드맵 만들기
19597,이영호,58,인천광역시 부평구 91-32,010-7797-8085,플라워 아트
19598,황재호,60,부산광역시 남구 812-52,010-1198-4178,유튜브 보기
19599,장숙자,45,경기도 평택시 809-89,010-4112-5575,애니메이션 제작
19600,황미영,48,경상북도 김천시 19-64,010-8019-3750,퍼즐 맞추기
19601,안도윤,70,경상남도 사천시 34-81,010-8202-5590,모바일 촬영
19602,임정순,38,대구광역시 달성군 116-8,010-5518-8309,디지털 아트
19603,정예은,50,경상북도 김천시 77-70,010-6838-3351,독서
19604,이정순,43,경기도 안산시 단원구 176-67,010-2317-1729,사진편집
19605,송다빈,36,경기도 용인시 기흥구 218-11,010-8846-5702,골프
19606,조서진,39,김해시 장유동 737-37,010-2932-2714,스크래치 프로그램 만들기
19607,서하연,75,부산광역시 사상구 53-51,010-2205-9900,애니메이션 제작
19608,윤숙자,72,서울특별시 종로구 739-25,010-6944-6068,낚시
19609,전주아,54,인천광역시 연수구 372-55,010-4631-8800,게임 방송
19610,임채은,57,경상남도 통영시 211-81,010-7736-5426,벽화 그리기
19611,황춘희,71,제주시 아라동 491-64,010-4512-3037,DIY
19612,홍세호,26,대전광역시 동구 274-98,010-3777-5490,골프
19613,강서연,41,인천광역시 계양구 807-38,010-1529-7319,카페 투어
19614,조시윤,23,경상남도 창원시 522-65,010-4471-7217,헬스
19615,이창수,69,제주시 연동 468-62,010-4939-7872,여행
19616,조서진,29,충청북도 청주시 621-7,010-3342-5099,스키
19617,최경자,78,부산광역시 기장군 991-56,010-2003-4966,디지털 일러스트
19618,전말자,33,경상북도 김천시 867-95,010-9973-8070,코딩
19619,전시우,29,세종특별자치시 조치원읍 309-67,010-1094-9253,플로리스트
19620,윤진숙,79,경기도 안양시 동안구 111-58,010-1973-2313,피크닉
19621,송선자,24,전라남도 목포시 979-97,010-3643-5990,카페 투어
19622,최유하,68,경기도 고양시 일산동구 715-20,010-6213-5624,배우기
19623,이말자,25,부산광역시 중구 498-67,010-4928-5037,모바일 촬영
19624,조기영,77,강원도 양양군 332-93,010-5230-7686,디지털 사진 전시
19625,권영희,32,울산광역시 북구 215-87,010-3792-3775,일기 쓰기
19626,권예준,65,인천광역시 미추홀구 189-57,010-3965-9947,플로리스트
19627,조춘식,75,경상남도 창원시 62-11,010-8061-6684,피크닉
19628,최상민,58,부산광역시 사하구 473-53,010-6003-5340,디지털 일러스트
19629,정소율,70,부산광역시 서구 834-24,010-4560-5682,마인드맵 만들기
19630,정태윤,26,부산광역시 남구 984-80,010-4460-7810,로봇 공학
19631,최미영,57,부천시 상동 168-76,010-7937-6182,웹서핑
19632,조서아,29,서울특별시 강남구 288-94,010-3446-5231,영화감상
19633,한예은,39,부산광역시 강서구 601-14,010-2442-5949,사진편집
19634,임하율,46,서울특별시 동대문구 74-57,010-7167-9702,펜팔
19635,장말자,49,인천광역시 중구 277-54,010-1407-5639,애니메이션 제작
19636,신춘희,78,경상북도 포항시 478-93,010-5179-9255,배드민턴
19637,박도윤,35,강원도 속초시 389-69,010-6118-4055,스트리밍
19638,서정자,30,전라북도 군산시 593-57,010-3668-3503,디지털 일러스트
19639,정유진,71,경상북도 구미시 341-17,010-5293-5591,일기 쓰기
19640,최예린,31,충청북도 진천군 148-28,010-3622-3065,운동
19641,한성자,61,경기도 광명시 736-70,010-5234-4566,게임 방송
19642,이철수,52,경기도 시흥시 351-85,010-2405-5737,로봇 공학
19643,오춘자,43,경기도 시흥시 801-30,010-4785-3541,유튜브 보기
19644,박영호,34,인천광역시 서구 328-97,010-3159-9944,DIY
19645,신채은,72,대전광역시 서구 217-54,010-7846-2182,피크닉
19646,홍명숙,39,경기도 파주시 588-86,010-8112-9914,등산
19647,윤복자,43,서울특별시 동대문구 895-64,010-7601-7490,디지털 사진 전시
19648,송건우,54,강원도 삼척시 821-59,010-4109-5943,캔들 만들기
19649,신서아,45,경기도 안산시 단원구 120-52,010-7708-5020,패션
19650,김정숙,48,경상남도 거제시 600-81,010-7853-9193,스포츠 카드 수집
19651,최하윤,33,부산광역시 북구 7-71,010-7589-2456,집콕 놀이
19652,임형민,77,경기도 안산시 단원구 167-48,010-1264-3793,드로잉
19653,황하은,23,경기도 광명시 194-7,010-7130-1978,집콕 놀이
19654,황예준,55,경기도 안산시 상록구 864-47,010-9569-7162,VR 게임
19655,강재호,68,인천광역시 중구 178-71,010-8041-7643,수채화 그리기
19656,정춘희,41,제주시 이도이동 572-65,010-5210-8764,미술관 관람
19657,황지원,70,서울특별시 서대문구 761-5,010-6489-9621,헬스
19658,강정숙,28,울산광역시 동구 281-30,010-1114-7033,봉사활동
19659,전상민,53,대구광역시 남구 712-31,010-2289-9712,독서
19660,이호철,44,서울특별시 종로구 427-77,010-8031-7242,로봇 공학
19661,조숙자,79,김해시 장유동 935-83,010-4153-8652,콜라주 아트
19662,서서진,59,울산광역시 중구 557-15,010-7707-4940,비즈 공예
19663,오지민,75,강원도 삼척시 983-70,010-7429-4685,영화감상
19664,한채은,28,경기도 안양시 만안구 220-43,010-6835-1792,디지털 사진 전시
19665,한명숙,30,경기도 성남시 분당구 267-88,010-6061-1891,플라워 아트
19666,조시헌,30,서울특별시 강동구 567-86,010-2457-5837,코딩
19667,오승호,43,충청북도 충주시 598-79,010-6471-8921,명상
19668,강복희,78,경기도 광명시 289-88,010-9492-4500,플라워 아트
19669,황수빈,48,세종특별자치시 도담동 137-92,010-3349-3560,보드게임
19670,윤현진,47,충청남도 논산시 907-66,010-9189-5967,수영
19671,황세호,26,서울특별시 강북구 807-78,010-7625-3531,드로잉
19672,조현진,49,서울특별시 서초구 840-51,010-2161-1650,헬스
19673,박예준,60,부천시 상동 31-36,010-7018-9516,스크래치 프로그램 만들기
19674,오태수,73,제주시 오라동 68-38,010-4556-8848,모바일 촬영
19675,오지호,72,서울특별시 용산구 521-8,010-5435-4784,일기 쓰기
19676,김철수,31,전라남도 목포시 231-23,010-8155-2294,콜라주 아트
19677,황하윤,29,서울특별시 금천구 414-86,010-3910-3078,도예
19678,장명훈,43,경기도 고양시 일산동구 449-13,010-5493-7702,집콕 놀이
19679,한희정,26,제주시 신제주 821-80,010-3717-8352,요가
19680,조명훈,24,경기도 파주시 175-94,010-2866-3112,스크래치 프로그램 만들기
19681,박하람,34,서울특별시 관악구 927-98,010-7403-6836,낚시
19682,윤혜숙,34,성남시 분당구 정자동 58-12,010-2314-6798,책 클럽
19683,이미영,43,서울특별시 성북구 330-93,010-5752-2313,스트리트 댄스
19684,황시우,34,부산광역시 북구 479-55,010-2162-3084,카페 투어
19685,송예린,21,서울특별시 노원구 246-55,010-6892-9418,음악감상
19686,서정숙,39,부산광역시 영도구 682-64,010-7202-9994,필라테스
19687,조예린,74,경기도 군포시 730-3,010-2227-8568,디지털 콘텐츠 제작
19688,전윤서,32,부산광역시 영도구 729-34,010-6126-6760,골프
19689,송경자,24,전라남도 순천시 300-79,010-6314-3286,웹서핑
19690,정영자,73,김해시 장유동 207-15,010-6469-3074,드로잉
19691,최복자,67,강원도 태백시 782-80,010-8428-6524,콜라주 아트
19692,조혜숙,69,경상북도 김천시 167-34,010-4076-4995,스트리트 댄스
19693,장나윤,73,울산광역시 동구 412-0,010-2385-5692,여행
19694,정은채,59,경기도 성남시 분당구 853-47,010-6249-5590,보드게임
19695,황성호,58,경기도 시흥시 746-70,010-7420-7708,게임
19696,황하율,32,강원도 평창군 176-52,010-2434-3883,모바일 촬영
19697,전준호,67,대구광역시 달서구 851-52,010-7667-3015,사진편집
19698,장명훈,57,서울특별시 관악구 608-8,010-2699-6970,웹서핑
19699,윤경수,28,제주시 이도이동 557-23,010-1879-3379,코딩
19700,윤하율,74,경기도 광주시 986-51,010-2625-3318,운동
19701,장유진,65,세종특별자치시 한솔동 139-1,010-8572-5617,배드민턴
19702,장하은,40,충청북도 청주시 34-43,010-5473-6369,스키
19703,이재호,45,대구광역시 수성구 48-58,010-2002-3978,벽화 그리기
19704,김영수,46,부산광역시 북구 461-42,010-4792-7941,영화 제작
19705,안숙자,51,강원도 동해시 236-68,010-4991-1820,모바일 촬영
19706,황태수,76,인천광역시 서구 504-23,010-2958-9806,DIY
19707,오다온,61,경기도 화성시 375-32,010-1223-1142,DIY
19708,임지후,60,서울특별시 서초구 338-63,010-3748-2317,보드게임
19709,강서연,39,경기도 평택시 531-60,010-4095-2072,스트리트 댄스
19710,서순자,33,제주시 신제주 692-79,010-2678-8584,디지털 아트
19711,한상호,60,경상남도 진주시 349-31,010-6015-8163,등산
19712,임철수,39,서울특별시 강동구 805-35,010-6093-9126,독서
19713,황지율,29,서울특별시 도봉구 950-53,010-4922-1342,스크래치 프로그램 만들기
19714,전은우,49,대전광역시 서구 516-19,010-2381-1844,영화 제작
19715,조영수,55,대전광역시 유성구 410-6,010-9519-4048,게임
19716,조다은,77,제주시 이도이동 587-31,010-4459-1840,퍼즐 맞추기
19717,김만수,74,울산광역시 울주군 523-51,010-1610-1230,디지털 아트
19718,강성민,23,강원도 양양군 585-47,010-9690-6049,운동
19719,안예은,28,충청북도 충주시 563-54,010-2029-7227,배드민턴
19720,서하연,70,부천시 상동 5-76,010-7058-4324,VR 게임
19721,정하연,74,서울특별시 서초구 123-85,010-2885-3117,테니스
19722,정선자,79,성남시 분당구 정자동 172-63,010-8128-3439,스트리트 댄스
19723,장철수,77,인천광역시 남동구 607-45,010-5476-1383,스트리트 댄스
19724,장예준,79,강원도 삼척시 214-13,010-2858-5792,콜라주 아트
19725,강연희,40,경기도 화성시 311-36,010-2662-3770,여행
19726,한하율,58,인천광역시 연수구 921-59,010-7903-6737,스키
19727,장남수,35,경기도 안산시 단원구 572-18,010-1532-5876,필라테스
19728,장지율,37,서울특별시 마포구 241-26,010-1652-4167,애니메이션 제작
19729,조선자,78,서울특별시 성동구 4-72,010-1852-8578,웹서핑
19730,서찬우,53,대구광역시 중구 335-72,010-9559-1531,캘리그라피
19731,서현서,27,대전광역시 동구 98-53,010-9350-2207,캘리그라피
19732,조건우,51,인천광역시 서구 672-87,010-6489-4703,음악감상
19733,권지우,29,서울특별시 마포구 296-85,010-5347-5433,플라워 아트
19734,이영자,57,부산광역시 남구 448-50,010-6462-1998,디지털 콘텐츠 제작
19735,한미영,36,경기도 시흥시 683-25,010-6016-1579,펜팔
19736,김하윤,55,경기도 고양시 일산동구 377-2,010-6748-3811,영화감상
19737,윤복희,34,대전광역시 중구 157-4,010-3377-3996,VR 게임
19738,조지민,60,경상북도 구미시 531-62,010-5571-6995,사진편집
19739,홍말자,63,부천시 상동 313-37,010-1085-7464,패션
19740,장채원,41,울산광역시 북구 535-14,010-3698-3923,배우기
19741,서미영,53,경상남도 창원시 928-73,010-6611-3036,피크닉
19742,최윤서,31,서울특별시 동작구 428-9,010-6699-6814,요가
19743,황세아,30,전라남도 순천시 407-82,010-1248-6626,로봇 공학
19744,장복자,28,강원도 평창군 959-62,010-2431-3257,스트리트 댄스
19745,전로운,46,경기도 파주시 950-93,010-7544-8356,코딩
19746,정주아,51,대전광역시 대덕구 576-67,010-4891-6932,플로리스트
19747,오은숙,54,경기도 안양시 만안구 3-79,010-2697-4659,봉사활동
19748,김태윤,23,전라남도 나주시는 755-37,010-3956-9319,웹툰 그리기
19749,홍윤호,34,경상남도 진주시 641-72,010-7260-4605,낚시
19750,임세호,68,충청남도 아산시 114-46,010-4111-1206,여행
19751,이우진,25,부산광역시 사상구 113-70,010-7552-2500,카페 투어
19752,이순자,63,강원도 삼척시 533-27,010-3319-7551,명상
19753,이남수,64,서울특별시 강남구 747-20,010-5033-2345,헬로윈 파티 준비
19754,한은채,28,제주시 노형동 308-63,010-1841-2063,패션
19755,김정순,48,대구광역시 북구 750-6,010-5305-9329,자전거 타기
19756,임은채,74,인천광역시 중구 612-17,010-1946-3194,스트리밍
19757,권정순,48,경기도 고양시 일산동구 900-26,010-6994-1822,생활 해킹
19758,안재훈,48,울산광역시 남구 332-12,010-9221-3148,애니메이션 제작
19759,전예은,34,전라남도 광양시 399-6,010-2416-5436,코딩
19760,정민준,75,경기도 수원시 팔달구 829-24,010-6360-1987,여행
19761,윤영수,39,전라북도 익산시 197-40,010-7889-5652,수채화 그리기
19762,정혜숙,40,용인시 수지구 풍덕천동 410-62,010-5355-8291,로봇 공학
19763,정철수,52,대전광역시 유성구 588-41,010-1781-9981,생활 해킹
19764,윤채은,23,경상남도 통영시 571-12,010-5540-6942,캘리그라피
19765,서주영,75,경기도 수원시 팔달구 734-12,010-5371-2418,코딩
19766,장시헌,32,경상북도 포항시 157-34,010-8373-3398,디지털 일러스트
19767,송주아,58,경기도 성남시 수정구 759-91,010-8051-8447,카페 투어
19768,황세아,23,서울특별시 강동구 679-95,010-4115-4116,명상
19769,장복희,73,부산광역시 동구 221-98,010-9848-1221,요가
19770,임미영,31,서울특별시 관악구 340-11,010-4939-9744,비즈 공예
19771,강철수,73,경기도 용인시 처인구 109-55,010-7596-2981,마인드맵 만들기
19772,임주아,47,강원도 춘천시 828-80,010-8077-3553,캠핑
19773,정나윤,69,울산광역시 북구 184-96,010-2497-2505,캔들 만들기
19774,이지원,67,강원도 평창군 688-5,010-9396-3440,카페 투어
19775,정민수,39,울산광역시 중구 945-47,010-4192-6837,스포츠 카드 수집
19776,최민서,22,부산광역시 남구 814-19,010-1911-9994,캠핑
19777,신병호,66,울산광역시 울주군 510-22,010-7300-2740,골프
19778,윤정순,61,제주시 이도이동 363-58,010-8575-1301,낚시
19779,한형민,28,전라남도 목포시 289-80,010-1967-2924,벽화 그리기
19780,윤지후,51,경기도 고양시 덕양구 973-43,010-6532-9608,디지털 아트
19781,강민수,37,서울특별시 강북구 38-70,010-4955-5936,DIY
19782,조채원,38,울산광역시 동구 533-4,010-1586-4210,자원봉사
19783,임진호,58,김해시 장유동 434-35,010-4460-4964,캠핑
19784,홍서진,32,울산광역시 북구 366-77,010-5843-4753,골프
19785,장만수,73,충청북도 충주시 914-2,010-1269-5785,독서
19786,전승호,26,경기도 광명시 471-37,010-3946-6363,영화 제작
19787,신종순,60,제주시 아라동 599-42,010-6964-7947,디지털 일러스트
19788,송지한,33,인천광역시 남동구 335-57,010-3915-1591,등산
19789,장로운,21,강원도 양양군 474-74,010-1220-2287,헬스
19790,조지민,48,서울특별시 관악구 981-54,010-1258-5383,자전거 타기
19791,임수빈,30,부산광역시 사하구 993-71,010-8974-6333,보드게임
19792,윤하연,43,대전광역시 동구 674-68,010-6358-5209,보드게임
19793,임현서,63,경기도 수원시 팔달구 128-65,010-9264-1197,낚시
19794,정진호,59,서울특별시 중랑구 820-94,010-5224-2960,보드게임
19795,전순영,76,경기도 안산시 상록구 221-53,010-8708-6747,패션
19796,전하율,73,부산광역시 영도구 836-50,010-3315-4386,모바일 게임 개발
19797,전세호,77,경기도 안양시 만안구 5-17,010-4866-2714,캠핑
19798,홍다은,36,전라남도 여수시 286-26,010-5158-3440,모바일 게임 개발
19799,윤명훈,35,대구광역시 중구 348-22,010-3977-7317,요리
19800,박지민,27,경기도 오산시 987-47,010-7216-9857,독서
19801,박형민,67,대전광역시 동구 82-32,010-5293-5023,배우기
19802,오순희,35,전라북도 익산시 652-54,010-5190-6253,패션
19803,임동수,76,광주광역시 북구 562-10,010-4741-4701,모바일 촬영
19804,권말옥,33,서울특별시 도봉구 552-78,010-3270-7784,필라테스
19805,황우진,74,경상남도 양산시 907-70,010-5856-6289,웹툰 그리기
19806,최소율,58,경기도 안양시 만안구 234-58,010-1040-9535,자원봉사
19807,한경자,64,울산광역시 동구 743-89,010-9414-5589,캔들 만들기
19808,조춘식,38,부산광역시 사상구 666-3,010-4333-3271,자원봉사
19809,안춘희,39,경상북도 구미시 243-58,010-8672-5552,모바일 게임 개발
19810,전승호,71,서울특별시 중랑구 525-26,010-5048-2136,영화감상
19811,오만수,21,광주광역시 북구 74-72,010-4721-1234,등산
19812,김윤서,65,제주시 신제주 555-28,010-5075-9859,스크래치 프로그램 만들기
19813,신다은,52,대구광역시 북구 975-65,010-4637-4120,퍼즐 맞추기
19814,황창수,57,김해시 장유동 435-40,010-5898-1756,수영
19815,윤미영,59,인천광역시 남동구 613-87,010-4600-1586,DIY
19816,강정희,32,경상남도 거제시 884-80,010-1265-8921,VR 게임
19817,홍성민,72,인천광역시 중구 990-69,010-4091-7910,유튜브 보기
19818,장승호,78,강원도 홍천군 443-39,010-2433-2627,독서
19819,조지원,68,충청북도 청주시 763-28,010-9605-2900,보드게임
19820,장재영,52,대구광역시 북구 874-51,010-9189-7209,코딩
19821,조준서,40,서울특별시 노원구 954-59,010-3243-2111,게임 방송
19822,장태현,24,서울특별시 서초구 894-19,010-6272-7028,봉사활동
19823,조은숙,51,세종특별자치시 도담동 545-97,010-3134-8670,유튜브 보기
19824,한재훈,32,대전광역시 유성구 638-39,010-7070-7840,독서
19825,권지우,68,충청남도 논산시 519-81,010-7682-7293,보드게임
19826,정수빈,61,부산광역시 금정구 279-21,010-4958-8891,일기 쓰기
19827,신민서,59,충청북도 충주시 15-47,010-8306-6403,게임 방송
19828,신형민,69,세종특별자치시 조치원읍 945-37,010-8357-1525,배우기
19829,안만수,54,서울특별시 용산구 682-7,010-3730-1202,피크닉
19830,장다빈,56,대구광역시 북구 89-41,010-3272-8949,스포츠 카드 수집
19831,임말순,21,세종특별자치시 도담동 345-23,010-2229-9925,로봇 공학
19832,김서연,57,강원도 평창군 443-39,010-8528-3552,패션
19833,임복자,71,제주시 오라동 821-7,010-6814-2513,음악감상
19834,윤하람,33,서울특별시 중구 709-18,010-5875-5362,디지털 아트
19835,서주아,24,제주시 아라동 97-27,010-2911-4408,스트리밍
19836,서유하,55,인천광역시 미추홀구 564-33,010-4436-1255,자원봉사
19837,서윤서,52,서울특별시 서대문구 330-10,010-4930-5698,마인드맵 만들기
19838,최순영,31,서울특별시 도봉구 549-42,010-2409-1891,캔들 만들기
19839,조영수,72,광주광역시 광산구 603-17,010-9971-3065,요리
19840,오형민,75,전라북도 익산시 738-75,010-1354-5474,수영
19841,박유하,78,서울특별시 송파구 782-49,010-4819-1894,사진촬영
19842,조윤호,36,울산광역시 남구 840-41,010-9741-6189,로봇 공학
19843,윤지민,43,대전광역시 유성구 387-17,010-8454-3758,캘리그라피
19844,안승호,42,경기도 수원시 장안구 141-83,010-5089-3591,웹서핑
19845,송명자,37,용인시 수지구 풍덕천동 943-53,010-6548-1554,디지털 콘텐츠 제작
19846,이지민,73,부산광역시 해운대구 535-65,010-3105-2101,디지털 사진 전시
19847,임형민,79,대구광역시 서구 958-9,010-1453-9030,드로잉
19848,윤형민,51,서울특별시 중구 193-51,010-2678-5569,수영
19849,안승호,22,경상북도 안동시 568-87,010-8210-5776,피크닉
19850,김건우,40,충청남도 공주시 329-59,010-5878-4246,비즈 공예
19851,신태수,57,부산광역시 중구 82-38,010-8555-7396,음악감상
19852,이예준,35,강원도 동해시 453-29,010-1969-1102,스트리밍
19853,안창수,39,경상북도 포항시 884-30,010-2569-2436,드로잉
19854,최창수,78,부천시 상동 16-20,010-4325-5921,모바일 촬영
19855,조서연,31,제주시 신제주 470-18,010-6385-8783,유튜브 보기
19856,이서연,35,서울특별시 동대문구 507-75,010-6921-6640,웹툰 그리기
19857,황재훈,59,부산광역시 연제구 120-45,010-5064-5139,콜라주 아트
19858,김말순,52,경상북도 안동시 424-30,010-5469-7075,필라테스
19859,강지민,24,경기도 성남시 수정구 613-86,010-5160-9156,낚시
19860,임하윤,20,강원도 태백시 298-17,010-9058-7910,헬스
19861,오기석,78,울산광역시 남구 169-63,010-1849-4570,플로리스트
19862,한민수,25,제주시 이도이동 746-80,010-1141-9076,집콕 놀이
19863,김현철,65,서울특별시 강북구 272-52,010-9725-7631,스트리트 댄스
19864,한연희,39,강원도 양양군 512-12,010-9693-1403,낚시
19865,송은채,54,강원도 양양군 940-46,010-4732-6460,보드게임
19866,임종수,68,서울특별시 강남구 683-58,010-9131-8853,코딩
19867,오영자,20,강원도 평창군 564-28,010-3603-3967,사진촬영
19868,권채은,37,성남시 분당구 정자동 46-75,010-3351-3205,벽화 그리기
19869,홍수빈,63,경기도 수원시 장안구 909-0,010-5254-2013,카페 투어
19870,박명훈,64,경상남도 진주시 445-17,010-1781-5163,모바일 촬영
19871,조명훈,65,경기도 광명시 352-80,010-2479-1449,등산
19872,임종순,29,부산광역시 강서구 180-56,010-5325-3201,자원봉사
19873,오서준,36,서울특별시 서초구 188-60,010-6421-2526,등산
19874,서정희,42,경기도 광명시 806-5,010-9743-5691,유튜브 보기
19875,서형민,37,광주광역시 광산구 886-70,010-1070-7439,테니스
19876,이다온,48,경상북도 포항시 293-9,010-4855-9926,골프
19877,임정순,34,대전광역시 동구 655-97,010-6294-7377,시뮬레이션 게임
19878,정옥희,61,서울특별시 중구 274-70,010-3301-8757,디지털 사진 전시
19879,송현서,58,부산광역시 서구 405-27,010-8914-4889,패션
19880,박영수,70,제주시 오라동 322-59,010-8572-4888,펜팔
19881,박채원,24,서울특별시 중랑구 462-41,010-2786-4095,도예
19882,최광호,76,서울특별시 강동구 363-23,010-9979-5325,여행
19883,장춘희,42,제주시 신제주 416-39,010-7550-8723,수채화 그리기
19884,김정숙,55,경기도 평택시 616-29,010-3534-4696,영화감상
19885,한재영,36,충청남도 공주시 434-9,010-5301-7215,사진촬영
19886,이시우,51,성남시 분당구 정자동 219-60,010-6682-9926,DIY
19887,박다빈,63,대구광역시 남구 806-11,010-5935-6400,웹서핑
19888,최예린,42,대구광역시 수성구 791-77,010-4494-4353,디지털 콘텐츠 제작
19889,강상민,21,제주시 오라동 702-34,010-1008-8056,게임 방송
19890,안하율,66,경상남도 사천시 618-40,010-4485-1681,스트리트 댄스
19891,신진숙,76,울산광역시 북구 483-26,010-6493-7991,등산
19892,강상민,61,충청남도 공주시 822-43,010-1354-7925,영화 제작
19893,한예준,61,부산광역시 금정구 890-38,010-2785-6401,웹서핑
19894,임정호,67,부산광역시 강서구 958-27,010-3923-6230,뜨개질
19895,윤기영,58,인천광역시 남동구 476-9,010-4177-3492,피크닉
19896,황지율,69,전라북도 군산시 389-68,010-6046-7592,VR 게임
19897,오시헌,29,충청북도 충주시 171-94,010-8280-1985,낚시
19898,전수빈,66,인천광역시 중구 466-66,010-9982-3849,캘리그라피
19899,한말옥,69,경상남도 통영시 636-28,010-1257-6321,웹툰 그리기
19900,강소율,28,부산광역시 강서구 707-51,010-3263-1940,유튜브 보기
19901,이종수,51,서울특별시 강북구 328-96,010-5196-2554,모바일 게임 개발
19902,조순희,27,강원도 삼척시 454-25,010-5709-3959,보드게임
19903,강영수,67,경상남도 창녕군 442-86,010-9040-3782,모바일 촬영
19904,권예린,48,강원도 양양군 67-24,010-1062-3806,영화 제작
19905,황숙자,27,세종특별자치시 아름동 946-80,010-4534-2098,봉사활동
19906,윤현우,67,경상남도 창원시 850-56,010-3030-5210,독서
19907,오동수,65,서울특별시 관악구 452-88,010-5882-7069,수영
19908,황미영,30,서울특별시 중구 702-8,010-6964-5511,배드민턴
19909,송시우,21,부산광역시 금정구 649-39,010-1317-1460,콜라주 아트
19910,임은우,62,제주시 신제주 418-33,010-6015-5027,헬로윈 파티 준비
19911,정남수,57,대구광역시 남구 709-18,010-7744-5450,배드민턴
19912,한다은,68,경기도 화성시 426-36,010-5362-5750,VR 게임
19913,조선자,46,강원도 태백시 116-32,010-9963-1163,여행
19914,최서아,73,경기도 고양시 덕양구 499-90,010-6550-5839,집콕 놀이
19915,정정희,68,부산광역시 북구 651-0,010-3968-2410,스키
19916,권시헌,51,대전광역시 중구 34-0,010-4172-5942,웹서핑
19917,신건우,45,광주광역시 남구 798-87,010-4607-6599,영화 제작
19918,박희정,78,경기도 오산시 99-23,010-1111-9932,책 클럽
19919,안하진,22,강원도 동해시 421-97,010-7319-1410,골프
19920,조상호,31,서울특별시 은평구 128-2,010-1766-2099,생활 해킹
19921,송현서,20,경기도 성남시 분당구 864-44,010-9403-1716,미술관 관람
19922,김현우,52,전라남도 목포시 349-7,010-9925-9212,유튜브 보기
19923,강건우,74,서울특별시 은평구 319-16,010-6706-9203,낚시
19924,홍하은,56,강원도 태백시 171-77,010-3494-5786,운동
19925,강지민,71,경상남도 양산시 697-54,010-6856-8857,뜨개질
19926,조채원,33,서울특별시 서초구 755-51,010-4819-3842,플라워 아트
19927,송정호,58,서울특별시 강남구 927-45,010-6091-3259,테니스
19928,신주원,53,제주시 노형동 391-68,010-1387-2753,도예
19929,권건우,32,강원도 삼척시 665-19,010-4976-3094,헬로윈 파티 준비
19930,김지민,57,서울특별시 서대문구 875-71,010-6036-3180,캠핑
19931,정진숙,74,경기도 용인시 수지구 413-44,010-1952-1423,봉사활동
19932,정정순,39,강원도 동해시 380-12,010-7805-5595,요가
19933,장성민,56,서울특별시 동작구 292-31,010-4260-4072,시뮬레이션 게임
19934,박우진,53,광주광역시 북구 236-92,010-4409-7681,배드민턴
19935,윤하윤,31,세종특별자치시 조치원읍 752-80,010-4553-9335,명상
19936,한연희,57,경상북도 안동시 793-17,010-7006-9783,벽화 그리기
19937,홍서준,21,경상북도 김천시 168-19,010-1270-1072,벽화 그리기
19938,권선자,64,부산광역시 강서구 520-67,010-5626-8027,캔들 만들기
19939,오시우,68,광주광역시 광산구 588-21,010-7074-4985,배우기
19940,강태수,37,경기도 의정부시 582-1,010-6785-7363,운동
19941,한다은,44,세종특별자치시 한솔동 489-83,010-3120-8946,DIY
19942,권건우,49,경상남도 통영시 257-13,010-5279-2240,뜨개질
19943,박시헌,24,부산광역시 사하구 457-4,010-7422-9161,헬로윈 파티 준비
19944,김기영,45,전라북도 전주시 985-72,010-5929-6548,캔들 만들기
19945,한소율,28,경상남도 김해시 196-93,010-4565-6163,운동
19946,임하연,48,대구광역시 달성군 219-52,010-7297-5173,봉사활동
19947,오하윤,55,전라북도 군산시 701-80,010-1054-2368,DIY
19948,오주영,71,강원도 춘천시 702-97,010-1020-6160,골프
19949,최말옥,28,충청북도 충주시 596-33,010-1255-9710,웹서핑
19950,박복자,33,서울특별시 강서구 579-79,010-3347-3619,카페 투어
19951,오다온,77,강원도 속초시 3-53,010-8794-7932,드로잉
19952,오영호,38,전라북도 군산시 478-66,010-5944-8822,마인드맵 만들기
19953,서복자,62,대구광역시 수성구 629-0,010-9746-3911,요가
19954,김은채,70,경기도 의정부시 229-21,010-2758-5653,생활 해킹
19955,장순희,47,강원도 원주시 838-9,010-9303-2168,보드게임
19956,조혜숙,22,충청북도 진천군 717-91,010-8501-4309,명상
19957,박순희,24,부산광역시 해운대구 866-7,010-6520-3528,디지털 콘텐츠 제작
19958,권정희,45,울산광역시 남구 90-5,010-1229-6369,운동
19959,이성민,21,울산광역시 중구 23-56,010-4920-7077,수채화 그리기
19960,김주원,57,경기도 안산시 단원구 758-33,010-6140-6964,미술관 관람
19961,강채은,79,서울특별시 노원구 2-10,010-1254-8380,뜨개질
19962,정상호,59,김해시 장유동 858-30,010-2557-5014,수채화 그리기
19963,한채은,40,전라북도 군산시 820-86,010-2872-7303,일기 쓰기
19964,송숙자,27,부산광역시 남구 24-20,010-1849-5442,보드게임
19965,한순희,50,충청남도 공주시 136-2,010-4478-6825,자전거 타기
19966,홍말옥,38,경기도 성남시 분당구 577-32,010-3136-5519,모바일 게임 개발
19967,신수아,49,서울특별시 성북구 585-59,010-6704-2772,피크닉
19968,윤서진,75,전라남도 순천시 288-31,010-1828-8382,요가
19969,박서진,24,경기도 광주시 188-8,010-6117-1802,배드민턴
19970,송세아,45,강원도 강릉시 94-46,010-7747-5990,게임 방송
19971,전종순,73,경기도 의정부시 426-17,010-3005-5298,자전거 타기
19972,신영희,51,경기도 용인시 수지구 673-14,010-9765-4096,골프
19973,최복희,69,경기도 성남시 분당구 163-17,010-6342-5180,생활 해킹
19974,신연희,31,경기도 용인시 수지구 8-56,010-7629-4443,패션
19975,윤민서,26,경기도 용인시 수지구 55-56,010-9453-2399,웹툰 그리기
19976,홍희정,78,충청남도 아산시 404-16,010-8543-3352,게임 방송
19977,김지원,47,경기도 평택시 592-72,010-3400-3864,DIY
19978,강소율,57,경기도 안산시 단원구 730-38,010-5274-2814,모바일 촬영
19979,강성자,54,김해시 장유동 104-42,010-4003-9518,미술관 관람
19980,오서준,31,대구광역시 달서구 740-88,010-4525-2038,VR 게임
19981,최예준,55,경기도 시흥시 873-80,010-1077-4706,유튜브 보기
19982,송건우,38,경기도 광명시 707-82,010-8168-1922,스키
19983,황정숙,43,부산광역시 해운대구 666-96,010-3176-7479,스크래치 프로그램 만들기
19984,황광호,21,강원도 강릉시 927-50,010-9628-8075,시뮬레이션 게임
19985,이시헌,37,서울특별시 동대문구 844-41,010-4820-7321,게임 방송
19986,장세호,40,부산광역시 동구 196-5,010-4376-6324,수채화 그리기
19987,신윤호,42,경상남도 거제시 185-50,010-1731-8270,코딩
19988,홍서아,73,서울특별시 마포구 167-68,010-1480-8142,수채화 그리기
19989,박미영,68,전라남도 광양시 299-64,010-8296-6047,배드민턴
19990,김혜숙,37,광주광역시 광산구 241-26,010-3057-7754,캔들 만들기
19991,정형민,68,부산광역시 영도구 982-85,010-7755-2320,모바일 촬영
19992,임성호,76,서울특별시 중구 60-42,010-6426-7059,미술관 관람
19993,장말옥,31,울산광역시 울주군 187-75,010-9528-3554,캘리그라피
19994,윤병호,74,울산광역시 울주군 81-39,010-4160-9465,여행
19995,안명훈,42,대구광역시 북구 7-64,010-5682-4539,골프
19996,임상호,54,경기도 광명시 718-45,010-4113-4281,일기 쓰기
19997,황경자,25,인천광역시 부평구 614-84,010-6482-8107,책 클럽
19998,강지원,34,충청북도 청주시 186-40,010-7420-3153,수채화 그리기
19999,신지후,72,서울특별시 강북구 666-64,010-4670-9989,책 클럽
20000,한경수,54,부산광역시 동구 995-24,010-3592-5066,배드민턴
